2026-01-17 11:01:23,632 | [MODIS_CHL] AQUA_MODIS.20120206.L3m.DAY.CHL.chlor_a.4km.nc is OPEN_ERROR: [Errno -101] NetCDF: HDF error: 'K:\\remote sensin. Will try to re-download.
2026-01-17 12:29:57,453 | [MODIS_PAR] AQUA_MODIS.20040623.L3m.DAY.PAR.par.4km.nc is OPEN_ERROR: [Errno -101] NetCDF: HDF error: 'K:\\remote sensin. Will try to re-download.
2026-01-17 12:29:58,299 | [MODIS_PAR] AQUA_MODIS.20040627.L3m.DAY.PAR.par.4km.nc is OPEN_ERROR: [Errno -101] NetCDF: HDF error: 'K:\\remote sensin. Will try to re-download.
2026-01-17 12:30:21,606 | [MODIS_PAR] AQUA_MODIS.20040919.L3m.DAY.PAR.par.4km.nc is OPEN_ERROR: [Errno -101] NetCDF: HDF error: 'K:\\remote sensin. Will try to re-download.
2026-01-17 12:34:20,724 | [MODIS_PAR] AQUA_MODIS.20070208.L3m.DAY.PAR.par.4km.nc is OPEN_ERROR: [Errno -101] NetCDF: HDF error: 'K:\\remote sensin. Will try to re-download.
2026-01-17 12:35:06,070 | [MODIS_PAR] AQUA_MODIS.20070724.L3m.DAY.PAR.par.4km.nc is OPEN_ERROR: [Errno -101] NetCDF: HDF error: 'K:\\remote sensin. Will try to re-download.
2026-01-17 12:36:56,039 | [MODIS_PAR] AQUA_MODIS.20080829.L3m.DAY.PAR.par.4km.nc is OPEN_ERROR: [Errno -101] NetCDF: HDF error: 'K:\\remote sensin. Will try to re-download.
2026-01-17 12:37:04,182 | [MODIS_PAR] AQUA_MODIS.20080924.L3m.DAY.PAR.par.4km.nc is OPEN_ERROR: [Errno -101] NetCDF: HDF error: 'K:\\remote sensin. Will try to re-download.
2026-01-17 12:39:02,862 | [MODIS_PAR] AQUA_MODIS.20091129.L3m.DAY.PAR.par.4km.nc is OPEN_ERROR: [Errno -101] NetCDF: HDF error: 'K:\\remote sensin. Will try to re-download.
2026-01-17 12:42:03,290 | [MODIS_PAR] AQUA_MODIS.20110922.L3m.DAY.PAR.par.4km.nc is OPEN_ERROR: [Errno -101] NetCDF: HDF error: 'K:\\remote sensin. Will try to re-download.
2026-01-17 12:46:45,884 | [MODIS_PAR] AQUA_MODIS.20140727.L3m.DAY.PAR.par.4km.nc is OPEN_ERROR: [Errno -101] NetCDF: HDF error: 'K:\\remote sensin. Will try to re-download.
2026-01-17 12:49:12,927 | [MODIS_PAR] AQUA_MODIS.20151227.L3m.DAY.PAR.par.4km.nc is OPEN_ERROR: [Errno -101] NetCDF: HDF error: 'K:\\remote sensin. Will try to re-download.
2026-01-17 12:50:16,625 | [MODIS_PAR] AQUA_MODIS.20161206.L3m.DAY.PAR.par.4km.nc is OPEN_ERROR: [Errno -101] NetCDF: HDF error: 'K:\\remote sensin. Will try to re-download.
2026-01-17 12:53:11,944 | [MODIS_PAR] AQUA_MODIS.20180907.L3m.DAY.PAR.par.4km.nc is OPEN_ERROR: [Errno -101] NetCDF: HDF error: 'K:\\remote sensin. Will try to re-download.
2026-01-17 15:07:42,940 | [CRW_SST] coraltemp_v3.1_19940316.nc is OPEN_ERROR: [Errno -101] NetCDF: HDF error: 'K:\\remote sensin. Will try to re-download.
2026-01-17 15:30:13,338 | [CRW_SST] coraltemp_v3.1_20030318.nc is OPEN_ERROR: [Errno -51] NetCDF: Unknown file format: 'K:\\remo. Will try to re-download.
2026-01-17 15:30:13,350 | [CRW_SST] coraltemp_v3.1_20030319.nc is OPEN_ERROR: [Errno -51] NetCDF: Unknown file format: 'K:\\remo. Will try to re-download.
2026-01-17 15:30:13,364 | [CRW_SST] coraltemp_v3.1_20030320.nc is OPEN_ERROR: [Errno -51] NetCDF: Unknown file format: 'K:\\remo. Will try to re-download.
2026-01-17 15:30:13,382 | [CRW_SST] coraltemp_v3.1_20030321.nc is OPEN_ERROR: [Errno -51] NetCDF: Unknown file format: 'K:\\remo. Will try to re-download.
2026-01-17 15:30:13,401 | [CRW_SST] coraltemp_v3.1_20030322.nc is OPEN_ERROR: [Errno -51] NetCDF: Unknown file format: 'K:\\remo. Will try to re-download.
2026-01-17 15:30:13,415 | [CRW_SST] coraltemp_v3.1_20030323.nc is OPEN_ERROR: [Errno -51] NetCDF: Unknown file format: 'K:\\remo. Will try to re-download.
2026-01-17 15:30:13,433 | [CRW_SST] coraltemp_v3.1_20030324.nc is OPEN_ERROR: [Errno -51] NetCDF: Unknown file format: 'K:\\remo. Will try to re-download.
2026-01-17 15:30:13,447 | [CRW_SST] coraltemp_v3.1_20030325.nc is OPEN_ERROR: [Errno -51] NetCDF: Unknown file format: 'K:\\remo. Will try to re-download.
2026-01-17 15:30:13,459 | [CRW_SST] coraltemp_v3.1_20030326.nc is OPEN_ERROR: [Errno -51] NetCDF: Unknown file format: 'K:\\remo. Will try to re-download.
2026-01-17 15:30:13,472 | [CRW_SST] coraltemp_v3.1_20030327.nc is OPEN_ERROR: [Errno -51] NetCDF: Unknown file format: 'K:\\remo. Will try to re-download.
2026-01-17 15:30:13,484 | [CRW_SST] coraltemp_v3.1_20030328.nc is OPEN_ERROR: [Errno -51] NetCDF: Unknown file format: 'K:\\remo. Will try to re-download.
2026-01-17 15:30:13,491 | [CRW_SST] coraltemp_v3.1_20030329.nc is OPEN_ERROR: [Errno -51] NetCDF: Unknown file format: 'K:\\remo. Will try to re-download.
2026-01-17 15:30:13,508 | [CRW_SST] coraltemp_v3.1_20030330.nc is OPEN_ERROR: [Errno -51] NetCDF: Unknown file format: 'K:\\remo. Will try to re-download.
2026-01-17 15:30:13,521 | [CRW_SST] coraltemp_v3.1_20030331.nc is OPEN_ERROR: [Errno -51] NetCDF: Unknown file format: 'K:\\remo. Will try to re-download.
2026-01-17 15:30:13,534 | [CRW_SST] coraltemp_v3.1_20030401.nc is OPEN_ERROR: [Errno -51] NetCDF: Unknown file format: 'K:\\remo. Will try to re-download.
2026-01-17 15:30:13,547 | [CRW_SST] coraltemp_v3.1_20030402.nc is OPEN_ERROR: [Errno -51] NetCDF: Unknown file format: 'K:\\remo. Will try to re-download.
2026-01-17 15:30:13,564 | [CRW_SST] coraltemp_v3.1_20030403.nc is OPEN_ERROR: [Errno -51] NetCDF: Unknown file format: 'K:\\remo. Will try to re-download.
2026-01-17 15:30:13,584 | [CRW_SST] coraltemp_v3.1_20030404.nc is OPEN_ERROR: [Errno -51] NetCDF: Unknown file format: 'K:\\remo. Will try to re-download.
2026-01-17 15:30:13,597 | [CRW_SST] coraltemp_v3.1_20030405.nc is OPEN_ERROR: [Errno -51] NetCDF: Unknown file format: 'K:\\remo. Will try to re-download.
2026-01-17 15:30:13,610 | [CRW_SST] coraltemp_v3.1_20030406.nc is OPEN_ERROR: [Errno -51] NetCDF: Unknown file format: 'K:\\remo. Will try to re-download.
2026-01-17 15:30:13,625 | [CRW_SST] coraltemp_v3.1_20030407.nc is OPEN_ERROR: [Errno -51] NetCDF: Unknown file format: 'K:\\remo. Will try to re-download.
2026-01-17 15:30:13,639 | [CRW_SST] coraltemp_v3.1_20030408.nc is OPEN_ERROR: [Errno -51] NetCDF: Unknown file format: 'K:\\remo. Will try to re-download.
2026-01-17 15:30:13,653 | [CRW_SST] coraltemp_v3.1_20030409.nc is OPEN_ERROR: [Errno -51] NetCDF: Unknown file format: 'K:\\remo. Will try to re-download.
2026-01-17 15:30:13,667 | [CRW_SST] coraltemp_v3.1_20030410.nc is OPEN_ERROR: [Errno -51] NetCDF: Unknown file format: 'K:\\remo. Will try to re-download.
2026-01-17 15:30:13,683 | [CRW_SST] coraltemp_v3.1_20030412.nc is OPEN_ERROR: [Errno -51] NetCDF: Unknown file format: 'K:\\remo. Will try to re-download.
2026-01-17 15:30:13,695 | [CRW_SST] coraltemp_v3.1_20030413.nc is OPEN_ERROR: [Errno -51] NetCDF: Unknown file format: 'K:\\remo. Will try to re-download.
2026-01-17 15:30:13,708 | [CRW_SST] coraltemp_v3.1_20030414.nc is OPEN_ERROR: [Errno -51] NetCDF: Unknown file format: 'K:\\remo. Will try to re-download.
2026-01-17 15:30:13,721 | [CRW_SST] coraltemp_v3.1_20030415.nc is OPEN_ERROR: [Errno -51] NetCDF: Unknown file format: 'K:\\remo. Will try to re-download.
2026-01-17 15:30:13,735 | [CRW_SST] coraltemp_v3.1_20030416.nc is OPEN_ERROR: [Errno -51] NetCDF: Unknown file format: 'K:\\remo. Will try to re-download.
2026-01-17 15:30:13,750 | [CRW_SST] coraltemp_v3.1_20030417.nc is OPEN_ERROR: [Errno -51] NetCDF: Unknown file format: 'K:\\remo. Will try to re-download.
2026-01-17 15:30:13,760 | [CRW_SST] coraltemp_v3.1_20030418.nc is OPEN_ERROR: [Errno -51] NetCDF: Unknown file format: 'K:\\remo. Will try to re-download.
2026-01-17 15:30:13,772 | [CRW_SST] coraltemp_v3.1_20030419.nc is OPEN_ERROR: [Errno -51] NetCDF: Unknown file format: 'K:\\remo. Will try to re-download.
2026-01-17 15:30:13,784 | [CRW_SST] coraltemp_v3.1_20030420.nc is OPEN_ERROR: [Errno -51] NetCDF: Unknown file format: 'K:\\remo. Will try to re-download.
2026-01-17 15:30:13,797 | [CRW_SST] coraltemp_v3.1_20030421.nc is OPEN_ERROR: [Errno -51] NetCDF: Unknown file format: 'K:\\remo. Will try to re-download.
2026-01-17 15:30:13,810 | [CRW_SST] coraltemp_v3.1_20030422.nc is OPEN_ERROR: [Errno -51] NetCDF: Unknown file format: 'K:\\remo. Will try to re-download.
2026-01-17 15:30:13,824 | [CRW_SST] coraltemp_v3.1_20030423.nc is OPEN_ERROR: [Errno -51] NetCDF: Unknown file format: 'K:\\remo. Will try to re-download.
2026-01-17 15:30:13,838 | [CRW_SST] coraltemp_v3.1_20030424.nc is OPEN_ERROR: [Errno -51] NetCDF: Unknown file format: 'K:\\remo. Will try to re-download.
2026-01-17 15:30:13,853 | [CRW_SST] coraltemp_v3.1_20030425.nc is OPEN_ERROR: [Errno -51] NetCDF: Unknown file format: 'K:\\remo. Will try to re-download.
2026-01-17 15:30:13,868 | [CRW_SST] coraltemp_v3.1_20030426.nc is OPEN_ERROR: [Errno -51] NetCDF: Unknown file format: 'K:\\remo. Will try to re-download.
2026-01-17 15:30:13,882 | [CRW_SST] coraltemp_v3.1_20030427.nc is OPEN_ERROR: [Errno -51] NetCDF: Unknown file format: 'K:\\remo. Will try to re-download.
2026-01-17 15:30:13,895 | [CRW_SST] coraltemp_v3.1_20030428.nc is OPEN_ERROR: [Errno -51] NetCDF: Unknown file format: 'K:\\remo. Will try to re-download.
2026-01-17 15:30:13,907 | [CRW_SST] coraltemp_v3.1_20030429.nc is OPEN_ERROR: [Errno -51] NetCDF: Unknown file format: 'K:\\remo. Will try to re-download.
2026-01-17 15:30:13,922 | [CRW_SST] coraltemp_v3.1_20030430.nc is OPEN_ERROR: [Errno -51] NetCDF: Unknown file format: 'K:\\remo. Will try to re-download.
2026-01-17 15:30:13,937 | [CRW_SST] coraltemp_v3.1_20030501.nc is OPEN_ERROR: [Errno -51] NetCDF: Unknown file format: 'K:\\remo. Will try to re-download.
2026-01-17 15:30:13,951 | [CRW_SST] coraltemp_v3.1_20030502.nc is OPEN_ERROR: [Errno -51] NetCDF: Unknown file format: 'K:\\remo. Will try to re-download.
2026-01-17 15:30:13,967 | [CRW_SST] coraltemp_v3.1_20030503.nc is OPEN_ERROR: [Errno -51] NetCDF: Unknown file format: 'K:\\remo. Will try to re-download.
2026-01-17 15:30:13,989 | [CRW_SST] coraltemp_v3.1_20030504.nc is OPEN_ERROR: [Errno -51] NetCDF: Unknown file format: 'K:\\remo. Will try to re-download.
2026-01-17 15:30:14,020 | [CRW_SST] coraltemp_v3.1_20030505.nc is OPEN_ERROR: [Errno -51] NetCDF: Unknown file format: 'K:\\remo. Will try to re-download.
2026-01-17 15:30:14,044 | [CRW_SST] coraltemp_v3.1_20030506.nc is OPEN_ERROR: [Errno -51] NetCDF: Unknown file format: 'K:\\remo. Will try to re-download.
2026-01-17 15:30:14,075 | [CRW_SST] coraltemp_v3.1_20030507.nc is OPEN_ERROR: [Errno -51] NetCDF: Unknown file format: 'K:\\remo. Will try to re-download.
2026-01-17 15:30:14,093 | [CRW_SST] coraltemp_v3.1_20030508.nc is OPEN_ERROR: [Errno -51] NetCDF: Unknown file format: 'K:\\remo. Will try to re-download.
2026-01-17 15:30:14,113 | [CRW_SST] coraltemp_v3.1_20030509.nc is OPEN_ERROR: [Errno -51] NetCDF: Unknown file format: 'K:\\remo. Will try to re-download.
2026-01-17 15:30:14,128 | [CRW_SST] coraltemp_v3.1_20030510.nc is OPEN_ERROR: [Errno -51] NetCDF: Unknown file format: 'K:\\remo. Will try to re-download.
2026-01-17 15:30:14,144 | [CRW_SST] coraltemp_v3.1_20030512.nc is OPEN_ERROR: [Errno -51] NetCDF: Unknown file format: 'K:\\remo. Will try to re-download.
2026-01-17 15:30:14,158 | [CRW_SST] coraltemp_v3.1_20030513.nc is OPEN_ERROR: [Errno -51] NetCDF: Unknown file format: 'K:\\remo. Will try to re-download.
2026-01-17 15:30:14,172 | [CRW_SST] coraltemp_v3.1_20030514.nc is OPEN_ERROR: [Errno -51] NetCDF: Unknown file format: 'K:\\remo. Will try to re-download.
2026-01-17 15:30:14,184 | [CRW_SST] coraltemp_v3.1_20030515.nc is OPEN_ERROR: [Errno -51] NetCDF: Unknown file format: 'K:\\remo. Will try to re-download.
2026-01-17 15:30:14,200 | [CRW_SST] coraltemp_v3.1_20030516.nc is OPEN_ERROR: [Errno -51] NetCDF: Unknown file format: 'K:\\remo. Will try to re-download.
2026-01-17 15:30:14,214 | [CRW_SST] coraltemp_v3.1_20030517.nc is OPEN_ERROR: [Errno -51] NetCDF: Unknown file format: 'K:\\remo. Will try to re-download.
2026-01-17 15:30:14,230 | [CRW_SST] coraltemp_v3.1_20030518.nc is OPEN_ERROR: [Errno -51] NetCDF: Unknown file format: 'K:\\remo. Will try to re-download.
2026-01-17 15:30:14,247 | [CRW_SST] coraltemp_v3.1_20030519.nc is OPEN_ERROR: [Errno -51] NetCDF: Unknown file format: 'K:\\remo. Will try to re-download.
2026-01-17 15:30:14,267 | [CRW_SST] coraltemp_v3.1_20030520.nc is OPEN_ERROR: [Errno -51] NetCDF: Unknown file format: 'K:\\remo. Will try to re-download.
2026-01-17 15:30:14,284 | [CRW_SST] coraltemp_v3.1_20030521.nc is OPEN_ERROR: [Errno -51] NetCDF: Unknown file format: 'K:\\remo. Will try to re-download.
2026-01-17 15:30:14,301 | [CRW_SST] coraltemp_v3.1_20030522.nc is OPEN_ERROR: [Errno -51] NetCDF: Unknown file format: 'K:\\remo. Will try to re-download.
2026-01-17 15:30:14,320 | [CRW_SST] coraltemp_v3.1_20030523.nc is OPEN_ERROR: [Errno -51] NetCDF: Unknown file format: 'K:\\remo. Will try to re-download.
2026-01-17 15:30:14,338 | [CRW_SST] coraltemp_v3.1_20030524.nc is OPEN_ERROR: [Errno -51] NetCDF: Unknown file format: 'K:\\remo. Will try to re-download.
2026-01-17 15:30:14,356 | [CRW_SST] coraltemp_v3.1_20030525.nc is OPEN_ERROR: [Errno -51] NetCDF: Unknown file format: 'K:\\remo. Will try to re-download.
2026-01-17 15:30:14,383 | [CRW_SST] coraltemp_v3.1_20030526.nc is MISSING. Will try to re-download.
2026-01-17 15:30:14,385 | [CRW_SST] coraltemp_v3.1_20030527.nc is MISSING. Will try to re-download.
2026-01-17 15:30:14,388 | [CRW_SST] coraltemp_v3.1_20030528.nc is MISSING. Will try to re-download.
2026-01-17 15:30:14,389 | [CRW_SST] coraltemp_v3.1_20030529.nc is MISSING. Will try to re-download.
2026-01-17 15:30:14,413 | [CRW_SST] coraltemp_v3.1_20030530.nc is MISSING. Will try to re-download.
2026-01-17 15:30:14,413 | [CRW_SST] coraltemp_v3.1_20030531.nc is MISSING. Will try to re-download.
2026-01-17 15:30:14,419 | [CRW_SST] coraltemp_v3.1_20030601.nc is MISSING. Will try to re-download.
2026-01-17 15:30:14,419 | [CRW_SST] coraltemp_v3.1_20030602.nc is MISSING. Will try to re-download.
2026-01-17 15:30:14,420 | [CRW_SST] coraltemp_v3.1_20030603.nc is MISSING. Will try to re-download.
2026-01-17 15:30:14,421 | [CRW_SST] coraltemp_v3.1_20030604.nc is MISSING. Will try to re-download.
2026-01-17 15:30:14,422 | [CRW_SST] coraltemp_v3.1_20030605.nc is MISSING. Will try to re-download.
2026-01-17 15:30:14,422 | [CRW_SST] coraltemp_v3.1_20030606.nc is MISSING. Will try to re-download.
2026-01-17 15:30:14,422 | [CRW_SST] coraltemp_v3.1_20030607.nc is MISSING. Will try to re-download.
2026-01-17 15:30:14,425 | [CRW_SST] coraltemp_v3.1_20030608.nc is MISSING. Will try to re-download.
2026-01-17 15:30:14,427 | [CRW_SST] coraltemp_v3.1_20030609.nc is MISSING. Will try to re-download.
2026-01-17 15:30:14,427 | [CRW_SST] coraltemp_v3.1_20030610.nc is MISSING. Will try to re-download.
2026-01-17 15:30:14,429 | [CRW_SST] coraltemp_v3.1_20030612.nc is MISSING. Will try to re-download.
2026-01-17 15:30:14,429 | [CRW_SST] coraltemp_v3.1_20030613.nc is MISSING. Will try to re-download.
2026-01-17 15:30:14,429 | [CRW_SST] coraltemp_v3.1_20030614.nc is MISSING. Will try to re-download.
2026-01-17 15:30:14,431 | [CRW_SST] coraltemp_v3.1_20030615.nc is MISSING. Will try to re-download.
2026-01-17 15:30:14,432 | [CRW_SST] coraltemp_v3.1_20030616.nc is MISSING. Will try to re-download.
2026-01-17 15:30:14,432 | [CRW_SST] coraltemp_v3.1_20030617.nc is MISSING. Will try to re-download.
2026-01-17 15:30:14,432 | [CRW_SST] coraltemp_v3.1_20030618.nc is MISSING. Will try to re-download.
2026-01-17 15:30:14,434 | [CRW_SST] coraltemp_v3.1_20030619.nc is MISSING. Will try to re-download.
2026-01-17 15:30:14,435 | [CRW_SST] coraltemp_v3.1_20030620.nc is MISSING. Will try to re-download.
2026-01-17 15:30:14,436 | [CRW_SST] coraltemp_v3.1_20030621.nc is MISSING. Will try to re-download.
2026-01-17 15:30:14,437 | [CRW_SST] coraltemp_v3.1_20030622.nc is MISSING. Will try to re-download.
2026-01-17 15:30:14,437 | [CRW_SST] coraltemp_v3.1_20030623.nc is MISSING. Will try to re-download.
2026-01-17 15:30:14,438 | [CRW_SST] coraltemp_v3.1_20030624.nc is MISSING. Will try to re-download.
2026-01-17 15:30:14,438 | [CRW_SST] coraltemp_v3.1_20030625.nc is MISSING. Will try to re-download.
2026-01-17 15:30:14,439 | [CRW_SST] coraltemp_v3.1_20030626.nc is MISSING. Will try to re-download.
2026-01-17 15:30:14,451 | [CRW_SST] coraltemp_v3.1_20030627.nc is MISSING. Will try to re-download.
2026-01-17 15:30:14,454 | [CRW_SST] coraltemp_v3.1_20030628.nc is MISSING. Will try to re-download.
2026-01-17 15:30:14,459 | [CRW_SST] coraltemp_v3.1_20030629.nc is MISSING. Will try to re-download.
2026-01-17 15:30:14,460 | [CRW_SST] coraltemp_v3.1_20030630.nc is MISSING. Will try to re-download.
2026-01-17 15:30:14,460 | [CRW_SST] coraltemp_v3.1_20030701.nc is MISSING. Will try to re-download.
2026-01-17 15:30:14,463 | [CRW_SST] coraltemp_v3.1_20030702.nc is MISSING. Will try to re-download.
2026-01-17 15:30:14,464 | [CRW_SST] coraltemp_v3.1_20030703.nc is MISSING. Will try to re-download.
2026-01-17 15:30:14,464 | [CRW_SST] coraltemp_v3.1_20030704.nc is MISSING. Will try to re-download.
2026-01-17 15:30:14,465 | [CRW_SST] coraltemp_v3.1_20030705.nc is MISSING. Will try to re-download.
2026-01-17 15:30:14,465 | [CRW_SST] coraltemp_v3.1_20030706.nc is MISSING. Will try to re-download.
2026-01-17 15:30:14,465 | [CRW_SST] coraltemp_v3.1_20030707.nc is MISSING. Will try to re-download.
2026-01-17 15:30:14,465 | [CRW_SST] coraltemp_v3.1_20030708.nc is MISSING. Will try to re-download.
2026-01-17 15:30:14,468 | [CRW_SST] coraltemp_v3.1_20030709.nc is MISSING. Will try to re-download.
2026-01-17 15:30:14,468 | [CRW_SST] coraltemp_v3.1_20030710.nc is MISSING. Will try to re-download.
2026-01-17 15:30:14,470 | [CRW_SST] coraltemp_v3.1_20030712.nc is MISSING. Will try to re-download.
2026-01-17 15:30:14,470 | [CRW_SST] coraltemp_v3.1_20030713.nc is MISSING. Will try to re-download.
2026-01-17 15:30:14,472 | [CRW_SST] coraltemp_v3.1_20030714.nc is MISSING. Will try to re-download.
2026-01-17 15:30:14,478 | [CRW_SST] coraltemp_v3.1_20030715.nc is MISSING. Will try to re-download.
2026-01-17 15:30:14,479 | [CRW_SST] coraltemp_v3.1_20030716.nc is MISSING. Will try to re-download.
2026-01-17 15:30:14,482 | [CRW_SST] coraltemp_v3.1_20030717.nc is MISSING. Will try to re-download.
2026-01-17 15:30:14,483 | [CRW_SST] coraltemp_v3.1_20030718.nc is MISSING. Will try to re-download.
2026-01-17 15:30:14,485 | [CRW_SST] coraltemp_v3.1_20030719.nc is MISSING. Will try to re-download.
2026-01-17 15:30:14,494 | [CRW_SST] coraltemp_v3.1_20030720.nc is MISSING. Will try to re-download.
2026-01-17 15:30:14,496 | [CRW_SST] coraltemp_v3.1_20030721.nc is MISSING. Will try to re-download.
2026-01-17 15:30:14,497 | [CRW_SST] coraltemp_v3.1_20030722.nc is MISSING. Will try to re-download.
2026-01-17 15:30:14,498 | [CRW_SST] coraltemp_v3.1_20030723.nc is MISSING. Will try to re-download.
2026-01-17 15:30:14,498 | [CRW_SST] coraltemp_v3.1_20030724.nc is MISSING. Will try to re-download.
2026-01-17 15:30:14,500 | [CRW_SST] coraltemp_v3.1_20030725.nc is MISSING. Will try to re-download.
2026-01-17 15:30:14,501 | [CRW_SST] coraltemp_v3.1_20030726.nc is MISSING. Will try to re-download.
2026-01-17 15:30:14,503 | [CRW_SST] coraltemp_v3.1_20030727.nc is MISSING. Will try to re-download.
2026-01-17 15:30:14,505 | [CRW_SST] coraltemp_v3.1_20030728.nc is MISSING. Will try to re-download.
2026-01-17 15:30:14,505 | [CRW_SST] coraltemp_v3.1_20030729.nc is MISSING. Will try to re-download.
2026-01-17 15:30:14,506 | [CRW_SST] coraltemp_v3.1_20030730.nc is MISSING. Will try to re-download.
2026-01-17 15:30:14,507 | [CRW_SST] coraltemp_v3.1_20030731.nc is MISSING. Will try to re-download.
2026-01-17 15:30:14,512 | [CRW_SST] coraltemp_v3.1_20030801.nc is MISSING. Will try to re-download.
2026-01-17 15:30:14,515 | [CRW_SST] coraltemp_v3.1_20030802.nc is MISSING. Will try to re-download.
2026-01-17 15:30:14,515 | [CRW_SST] coraltemp_v3.1_20030803.nc is MISSING. Will try to re-download.
2026-01-17 15:30:14,517 | [CRW_SST] coraltemp_v3.1_20030804.nc is MISSING. Will try to re-download.
2026-01-17 15:30:14,518 | [CRW_SST] coraltemp_v3.1_20030805.nc is MISSING. Will try to re-download.
2026-01-17 15:30:14,518 | [CRW_SST] coraltemp_v3.1_20030806.nc is MISSING. Will try to re-download.
2026-01-17 15:30:14,518 | [CRW_SST] coraltemp_v3.1_20030807.nc is MISSING. Will try to re-download.
2026-01-17 15:30:14,519 | [CRW_SST] coraltemp_v3.1_20030808.nc is MISSING. Will try to re-download.
2026-01-17 15:30:14,520 | [CRW_SST] coraltemp_v3.1_20030809.nc is MISSING. Will try to re-download.
2026-01-17 15:30:14,521 | [CRW_SST] coraltemp_v3.1_20030810.nc is MISSING. Will try to re-download.
2026-01-17 15:30:14,521 | [CRW_SST] coraltemp_v3.1_20030812.nc is MISSING. Will try to re-download.
2026-01-17 15:30:14,521 | [CRW_SST] coraltemp_v3.1_20030813.nc is MISSING. Will try to re-download.
2026-01-17 15:30:14,521 | [CRW_SST] coraltemp_v3.1_20030814.nc is MISSING. Will try to re-download.
2026-01-17 15:30:14,527 | [CRW_SST] coraltemp_v3.1_20030815.nc is MISSING. Will try to re-download.
2026-01-17 15:30:14,529 | [CRW_SST] coraltemp_v3.1_20030816.nc is MISSING. Will try to re-download.
2026-01-17 15:30:14,529 | [CRW_SST] coraltemp_v3.1_20030817.nc is MISSING. Will try to re-download.
2026-01-17 15:30:14,529 | [CRW_SST] coraltemp_v3.1_20030818.nc is MISSING. Will try to re-download.
2026-01-17 15:30:14,531 | [CRW_SST] coraltemp_v3.1_20030819.nc is MISSING. Will try to re-download.
2026-01-17 15:30:14,532 | [CRW_SST] coraltemp_v3.1_20030820.nc is MISSING. Will try to re-download.
2026-01-17 15:30:14,532 | [CRW_SST] coraltemp_v3.1_20030821.nc is MISSING. Will try to re-download.
2026-01-17 15:30:14,533 | [CRW_SST] coraltemp_v3.1_20030822.nc is MISSING. Will try to re-download.
2026-01-17 15:30:14,534 | [CRW_SST] coraltemp_v3.1_20030823.nc is MISSING. Will try to re-download.
2026-01-17 15:30:14,534 | [CRW_SST] coraltemp_v3.1_20030824.nc is MISSING. Will try to re-download.
2026-01-17 15:30:14,534 | [CRW_SST] coraltemp_v3.1_20030825.nc is MISSING. Will try to re-download.
2026-01-17 15:30:14,535 | [CRW_SST] coraltemp_v3.1_20030826.nc is MISSING. Will try to re-download.
2026-01-17 15:30:14,536 | [CRW_SST] coraltemp_v3.1_20030827.nc is MISSING. Will try to re-download.
2026-01-17 15:30:14,536 | [CRW_SST] coraltemp_v3.1_20030828.nc is MISSING. Will try to re-download.
2026-01-17 15:30:14,537 | [CRW_SST] coraltemp_v3.1_20030829.nc is MISSING. Will try to re-download.
2026-01-17 15:30:14,539 | [CRW_SST] coraltemp_v3.1_20030830.nc is MISSING. Will try to re-download.
2026-01-17 15:30:14,539 | [CRW_SST] coraltemp_v3.1_20030831.nc is MISSING. Will try to re-download.
2026-01-17 15:30:14,543 | [CRW_SST] coraltemp_v3.1_20030901.nc is MISSING. Will try to re-download.
2026-01-17 15:30:14,545 | [CRW_SST] coraltemp_v3.1_20030902.nc is MISSING. Will try to re-download.
2026-01-17 15:30:14,547 | [CRW_SST] coraltemp_v3.1_20030903.nc is MISSING. Will try to re-download.
2026-01-17 15:30:14,548 | [CRW_SST] coraltemp_v3.1_20030904.nc is MISSING. Will try to re-download.
2026-01-17 15:30:14,548 | [CRW_SST] coraltemp_v3.1_20030905.nc is MISSING. Will try to re-download.
2026-01-17 15:30:14,553 | [CRW_SST] coraltemp_v3.1_20030906.nc is MISSING. Will try to re-download.
2026-01-17 15:30:14,555 | [CRW_SST] coraltemp_v3.1_20030907.nc is MISSING. Will try to re-download.
2026-01-17 15:30:14,555 | [CRW_SST] coraltemp_v3.1_20030908.nc is MISSING. Will try to re-download.
2026-01-17 15:30:14,556 | [CRW_SST] coraltemp_v3.1_20030909.nc is MISSING. Will try to re-download.
2026-01-17 15:30:14,560 | [CRW_SST] coraltemp_v3.1_20030910.nc is MISSING. Will try to re-download.
2026-01-17 15:30:14,565 | [CRW_SST] coraltemp_v3.1_20030912.nc is MISSING. Will try to re-download.
2026-01-17 15:30:14,567 | [CRW_SST] coraltemp_v3.1_20030913.nc is MISSING. Will try to re-download.
2026-01-17 15:30:14,568 | [CRW_SST] coraltemp_v3.1_20030914.nc is MISSING. Will try to re-download.
2026-01-17 15:30:14,568 | [CRW_SST] coraltemp_v3.1_20030915.nc is MISSING. Will try to re-download.
2026-01-17 15:30:14,569 | [CRW_SST] coraltemp_v3.1_20030916.nc is MISSING. Will try to re-download.
2026-01-17 15:30:14,571 | [CRW_SST] coraltemp_v3.1_20030917.nc is MISSING. Will try to re-download.
2026-01-17 15:30:14,571 | [CRW_SST] coraltemp_v3.1_20030918.nc is MISSING. Will try to re-download.
2026-01-17 15:30:14,571 | [CRW_SST] coraltemp_v3.1_20030919.nc is MISSING. Will try to re-download.
2026-01-17 15:30:14,578 | [CRW_SST] coraltemp_v3.1_20030920.nc is MISSING. Will try to re-download.
2026-01-17 15:30:14,578 | [CRW_SST] coraltemp_v3.1_20030921.nc is MISSING. Will try to re-download.
2026-01-17 15:30:14,587 | [CRW_SST] coraltemp_v3.1_20030922.nc is MISSING. Will try to re-download.
2026-01-17 15:30:14,589 | [CRW_SST] coraltemp_v3.1_20030923.nc is MISSING. Will try to re-download.
2026-01-17 15:30:14,600 | [CRW_SST] coraltemp_v3.1_20030924.nc is MISSING. Will try to re-download.
2026-01-17 15:30:14,601 | [CRW_SST] coraltemp_v3.1_20030925.nc is MISSING. Will try to re-download.
2026-01-17 15:30:14,602 | [CRW_SST] coraltemp_v3.1_20030926.nc is MISSING. Will try to re-download.
2026-01-17 15:30:14,604 | [CRW_SST] coraltemp_v3.1_20030927.nc is MISSING. Will try to re-download.
2026-01-17 15:30:14,604 | [CRW_SST] coraltemp_v3.1_20030928.nc is MISSING. Will try to re-download.
2026-01-17 15:30:14,605 | [CRW_SST] coraltemp_v3.1_20030929.nc is MISSING. Will try to re-download.
2026-01-17 15:30:14,610 | [CRW_SST] coraltemp_v3.1_20030930.nc is MISSING. Will try to re-download.
2026-01-17 15:30:14,612 | [CRW_SST] coraltemp_v3.1_20031001.nc is MISSING. Will try to re-download.
2026-01-17 15:30:14,612 | [CRW_SST] coraltemp_v3.1_20031002.nc is MISSING. Will try to re-download.
2026-01-17 15:30:14,613 | [CRW_SST] coraltemp_v3.1_20031003.nc is MISSING. Will try to re-download.
2026-01-17 15:30:14,613 | [CRW_SST] coraltemp_v3.1_20031004.nc is MISSING. Will try to re-download.
2026-01-17 15:30:14,614 | [CRW_SST] coraltemp_v3.1_20031005.nc is MISSING. Will try to re-download.
2026-01-17 15:30:14,614 | [CRW_SST] coraltemp_v3.1_20031006.nc is MISSING. Will try to re-download.
2026-01-17 15:30:14,616 | [CRW_SST] coraltemp_v3.1_20031007.nc is MISSING. Will try to re-download.
2026-01-17 15:30:14,618 | [CRW_SST] coraltemp_v3.1_20031008.nc is MISSING. Will try to re-download.
2026-01-17 15:30:14,618 | [CRW_SST] coraltemp_v3.1_20031009.nc is MISSING. Will try to re-download.
2026-01-17 15:30:14,619 | [CRW_SST] coraltemp_v3.1_20031010.nc is MISSING. Will try to re-download.
2026-01-17 15:30:14,621 | [CRW_SST] coraltemp_v3.1_20031012.nc is MISSING. Will try to re-download.
2026-01-17 15:30:14,622 | [CRW_SST] coraltemp_v3.1_20031013.nc is MISSING. Will try to re-download.
2026-01-17 15:30:14,622 | [CRW_SST] coraltemp_v3.1_20031014.nc is MISSING. Will try to re-download.
2026-01-17 15:30:14,623 | [CRW_SST] coraltemp_v3.1_20031015.nc is MISSING. Will try to re-download.
2026-01-17 15:30:14,624 | [CRW_SST] coraltemp_v3.1_20031016.nc is MISSING. Will try to re-download.
2026-01-17 15:30:14,627 | [CRW_SST] coraltemp_v3.1_20031017.nc is MISSING. Will try to re-download.
2026-01-17 15:30:14,628 | [CRW_SST] coraltemp_v3.1_20031018.nc is MISSING. Will try to re-download.
2026-01-17 15:30:14,628 | [CRW_SST] coraltemp_v3.1_20031019.nc is MISSING. Will try to re-download.
2026-01-17 15:30:14,628 | [CRW_SST] coraltemp_v3.1_20031020.nc is MISSING. Will try to re-download.
2026-01-17 15:30:14,628 | [CRW_SST] coraltemp_v3.1_20031021.nc is MISSING. Will try to re-download.
2026-01-17 15:30:14,628 | [CRW_SST] coraltemp_v3.1_20031022.nc is MISSING. Will try to re-download.
2026-01-17 15:30:14,628 | [CRW_SST] coraltemp_v3.1_20031023.nc is MISSING. Will try to re-download.
2026-01-17 15:30:14,631 | [CRW_SST] coraltemp_v3.1_20031024.nc is MISSING. Will try to re-download.
2026-01-17 15:30:14,631 | [CRW_SST] coraltemp_v3.1_20031025.nc is MISSING. Will try to re-download.
2026-01-17 15:30:14,632 | [CRW_SST] coraltemp_v3.1_20031026.nc is MISSING. Will try to re-download.
2026-01-17 15:30:14,632 | [CRW_SST] coraltemp_v3.1_20031027.nc is MISSING. Will try to re-download.
2026-01-17 15:30:14,632 | [CRW_SST] coraltemp_v3.1_20031028.nc is MISSING. Will try to re-download.
2026-01-17 15:30:14,634 | [CRW_SST] coraltemp_v3.1_20031029.nc is MISSING. Will try to re-download.
2026-01-17 15:30:14,634 | [CRW_SST] coraltemp_v3.1_20031030.nc is MISSING. Will try to re-download.
2026-01-17 15:30:14,634 | [CRW_SST] coraltemp_v3.1_20031031.nc is MISSING. Will try to re-download.
2026-01-17 15:30:14,634 | [CRW_SST] coraltemp_v3.1_20031201.nc is MISSING. Will try to re-download.
2026-01-17 15:30:14,634 | [CRW_SST] coraltemp_v3.1_20031202.nc is MISSING. Will try to re-download.
2026-01-17 15:30:14,634 | [CRW_SST] coraltemp_v3.1_20031203.nc is MISSING. Will try to re-download.
2026-01-17 15:30:14,634 | [CRW_SST] coraltemp_v3.1_20031204.nc is MISSING. Will try to re-download.
2026-01-17 15:30:14,634 | [CRW_SST] coraltemp_v3.1_20031205.nc is MISSING. Will try to re-download.
2026-01-17 15:30:14,636 | [CRW_SST] coraltemp_v3.1_20031206.nc is MISSING. Will try to re-download.
2026-01-17 15:30:14,636 | [CRW_SST] coraltemp_v3.1_20031207.nc is MISSING. Will try to re-download.
2026-01-17 15:30:14,637 | [CRW_SST] coraltemp_v3.1_20031208.nc is MISSING. Will try to re-download.
2026-01-17 15:30:14,637 | [CRW_SST] coraltemp_v3.1_20031209.nc is MISSING. Will try to re-download.
2026-01-17 15:30:14,638 | [CRW_SST] coraltemp_v3.1_20031210.nc is MISSING. Will try to re-download.
2026-01-17 15:30:14,639 | [CRW_SST] coraltemp_v3.1_20031212.nc is MISSING. Will try to re-download.
2026-01-17 15:30:14,639 | [CRW_SST] coraltemp_v3.1_20031213.nc is MISSING. Will try to re-download.
2026-01-17 15:30:14,641 | [CRW_SST] coraltemp_v3.1_20031214.nc is MISSING. Will try to re-download.
2026-01-17 15:30:14,642 | [CRW_SST] coraltemp_v3.1_20031215.nc is MISSING. Will try to re-download.
2026-01-17 15:30:14,643 | [CRW_SST] coraltemp_v3.1_20031216.nc is MISSING. Will try to re-download.
2026-01-17 15:30:14,643 | [CRW_SST] coraltemp_v3.1_20031217.nc is MISSING. Will try to re-download.
2026-01-17 15:30:14,643 | [CRW_SST] coraltemp_v3.1_20031218.nc is MISSING. Will try to re-download.
2026-01-17 15:30:14,643 | [CRW_SST] coraltemp_v3.1_20031219.nc is MISSING. Will try to re-download.
2026-01-17 15:30:14,643 | [CRW_SST] coraltemp_v3.1_20031220.nc is MISSING. Will try to re-download.
2026-01-17 15:30:14,643 | [CRW_SST] coraltemp_v3.1_20031221.nc is MISSING. Will try to re-download.
2026-01-17 15:30:14,643 | [CRW_SST] coraltemp_v3.1_20031222.nc is MISSING. Will try to re-download.
2026-01-17 15:30:14,643 | [CRW_SST] coraltemp_v3.1_20031223.nc is MISSING. Will try to re-download.
2026-01-17 15:30:14,643 | [CRW_SST] coraltemp_v3.1_20031224.nc is MISSING. Will try to re-download.
2026-01-17 15:30:14,647 | [CRW_SST] coraltemp_v3.1_20031225.nc is MISSING. Will try to re-download.
2026-01-17 15:30:14,647 | [CRW_SST] coraltemp_v3.1_20031226.nc is MISSING. Will try to re-download.
2026-01-17 15:30:14,647 | [CRW_SST] coraltemp_v3.1_20031227.nc is MISSING. Will try to re-download.
2026-01-17 15:30:14,650 | [CRW_SST] coraltemp_v3.1_20031228.nc is MISSING. Will try to re-download.
2026-01-17 15:30:14,650 | [CRW_SST] coraltemp_v3.1_20031229.nc is MISSING. Will try to re-download.
2026-01-17 15:30:14,650 | [CRW_SST] coraltemp_v3.1_20031230.nc is MISSING. Will try to re-download.
2026-01-17 15:30:14,650 | [CRW_SST] coraltemp_v3.1_20031231.nc is MISSING. Will try to re-download.
2026-01-17 15:30:14,650 | [CRW_SST] coraltemp_v3.1_20040101.nc is MISSING. Will try to re-download.
2026-01-17 15:30:14,650 | [CRW_SST] coraltemp_v3.1_20040102.nc is MISSING. Will try to re-download.
2026-01-17 15:30:14,650 | [CRW_SST] coraltemp_v3.1_20040103.nc is MISSING. Will try to re-download.
2026-01-17 15:30:14,650 | [CRW_SST] coraltemp_v3.1_20040104.nc is MISSING. Will try to re-download.
2026-01-17 15:30:14,653 | [CRW_SST] coraltemp_v3.1_20040105.nc is MISSING. Will try to re-download.
2026-01-17 15:30:14,655 | [CRW_SST] coraltemp_v3.1_20040106.nc is MISSING. Will try to re-download.
2026-01-17 15:30:14,656 | [CRW_SST] coraltemp_v3.1_20040107.nc is MISSING. Will try to re-download.
2026-01-17 15:30:14,656 | [CRW_SST] coraltemp_v3.1_20040108.nc is MISSING. Will try to re-download.
2026-01-17 15:30:14,656 | [CRW_SST] coraltemp_v3.1_20040109.nc is MISSING. Will try to re-download.
2026-01-17 15:30:14,659 | [CRW_SST] coraltemp_v3.1_20040120.nc is MISSING. Will try to re-download.
2026-01-17 15:30:14,660 | [CRW_SST] coraltemp_v3.1_20040121.nc is MISSING. Will try to re-download.
2026-01-17 15:30:14,661 | [CRW_SST] coraltemp_v3.1_20040122.nc is MISSING. Will try to re-download.
2026-01-17 15:30:14,661 | [CRW_SST] coraltemp_v3.1_20040123.nc is MISSING. Will try to re-download.
2026-01-17 15:30:14,661 | [CRW_SST] coraltemp_v3.1_20040124.nc is MISSING. Will try to re-download.
2026-01-17 15:30:14,662 | [CRW_SST] coraltemp_v3.1_20040125.nc is MISSING. Will try to re-download.
2026-01-17 15:30:14,663 | [CRW_SST] coraltemp_v3.1_20040126.nc is MISSING. Will try to re-download.
2026-01-17 15:30:14,663 | [CRW_SST] coraltemp_v3.1_20040127.nc is MISSING. Will try to re-download.
2026-01-17 15:30:14,665 | [CRW_SST] coraltemp_v3.1_20040128.nc is MISSING. Will try to re-download.
2026-01-17 15:30:14,665 | [CRW_SST] coraltemp_v3.1_20040129.nc is MISSING. Will try to re-download.
2026-01-17 15:30:14,666 | [CRW_SST] coraltemp_v3.1_20040130.nc is MISSING. Will try to re-download.
2026-01-17 15:30:14,667 | [CRW_SST] coraltemp_v3.1_20040131.nc is MISSING. Will try to re-download.
2026-01-17 15:30:14,667 | [CRW_SST] coraltemp_v3.1_20040201.nc is MISSING. Will try to re-download.
2026-01-17 15:30:14,667 | [CRW_SST] coraltemp_v3.1_20040202.nc is MISSING. Will try to re-download.
2026-01-17 15:30:14,669 | [CRW_SST] coraltemp_v3.1_20040203.nc is MISSING. Will try to re-download.
2026-01-17 15:30:14,669 | [CRW_SST] coraltemp_v3.1_20040204.nc is MISSING. Will try to re-download.
2026-01-17 15:30:14,669 | [CRW_SST] coraltemp_v3.1_20040205.nc is MISSING. Will try to re-download.
2026-01-17 15:30:14,671 | [CRW_SST] coraltemp_v3.1_20040206.nc is MISSING. Will try to re-download.
2026-01-17 15:30:14,672 | [CRW_SST] coraltemp_v3.1_20040207.nc is MISSING. Will try to re-download.
2026-01-17 15:30:14,672 | [CRW_SST] coraltemp_v3.1_20040208.nc is MISSING. Will try to re-download.
2026-01-17 15:30:14,675 | [CRW_SST] coraltemp_v3.1_20040209.nc is MISSING. Will try to re-download.
2026-01-17 15:30:14,676 | [CRW_SST] coraltemp_v3.1_20040210.nc is MISSING. Will try to re-download.
2026-01-17 15:30:14,678 | [CRW_SST] coraltemp_v3.1_20040212.nc is MISSING. Will try to re-download.
2026-01-17 15:30:14,679 | [CRW_SST] coraltemp_v3.1_20040213.nc is MISSING. Will try to re-download.
2026-01-17 15:30:14,679 | [CRW_SST] coraltemp_v3.1_20040214.nc is MISSING. Will try to re-download.
2026-01-17 15:30:14,680 | [CRW_SST] coraltemp_v3.1_20040215.nc is MISSING. Will try to re-download.
2026-01-17 15:30:14,680 | [CRW_SST] coraltemp_v3.1_20040216.nc is MISSING. Will try to re-download.
2026-01-17 15:30:14,681 | [CRW_SST] coraltemp_v3.1_20040217.nc is MISSING. Will try to re-download.
2026-01-17 15:30:14,682 | [CRW_SST] coraltemp_v3.1_20040218.nc is MISSING. Will try to re-download.
2026-01-17 15:30:14,682 | [CRW_SST] coraltemp_v3.1_20040219.nc is MISSING. Will try to re-download.
2026-01-17 15:30:14,682 | [CRW_SST] coraltemp_v3.1_20040220.nc is MISSING. Will try to re-download.
2026-01-17 15:30:14,682 | [CRW_SST] coraltemp_v3.1_20040221.nc is MISSING. Will try to re-download.
2026-01-17 15:30:14,682 | [CRW_SST] coraltemp_v3.1_20040222.nc is MISSING. Will try to re-download.
2026-01-17 15:30:14,684 | [CRW_SST] coraltemp_v3.1_20040223.nc is MISSING. Will try to re-download.
2026-01-17 15:30:14,684 | [CRW_SST] coraltemp_v3.1_20040224.nc is MISSING. Will try to re-download.
2026-01-17 15:30:14,684 | [CRW_SST] coraltemp_v3.1_20040225.nc is MISSING. Will try to re-download.
2026-01-17 15:30:14,684 | [CRW_SST] coraltemp_v3.1_20040226.nc is MISSING. Will try to re-download.
2026-01-17 15:30:14,686 | [CRW_SST] coraltemp_v3.1_20040227.nc is MISSING. Will try to re-download.
2026-01-17 15:30:14,686 | [CRW_SST] coraltemp_v3.1_20040228.nc is MISSING. Will try to re-download.
2026-01-17 15:30:14,686 | [CRW_SST] coraltemp_v3.1_20040229.nc is MISSING. Will try to re-download.
2026-01-17 15:30:14,687 | [CRW_SST] coraltemp_v3.1_20040301.nc is MISSING. Will try to re-download.
2026-01-17 15:30:14,688 | [CRW_SST] coraltemp_v3.1_20040302.nc is MISSING. Will try to re-download.
2026-01-17 15:30:14,689 | [CRW_SST] coraltemp_v3.1_20040303.nc is MISSING. Will try to re-download.
2026-01-17 15:30:14,689 | [CRW_SST] coraltemp_v3.1_20040304.nc is MISSING. Will try to re-download.
2026-01-17 15:30:14,692 | [CRW_SST] coraltemp_v3.1_20040305.nc is MISSING. Will try to re-download.
2026-01-17 15:30:14,692 | [CRW_SST] coraltemp_v3.1_20040306.nc is MISSING. Will try to re-download.
2026-01-17 15:30:14,694 | [CRW_SST] coraltemp_v3.1_20040307.nc is MISSING. Will try to re-download.
2026-01-17 15:30:14,694 | [CRW_SST] coraltemp_v3.1_20040308.nc is MISSING. Will try to re-download.
2026-01-17 15:30:14,694 | [CRW_SST] coraltemp_v3.1_20040309.nc is MISSING. Will try to re-download.
2026-01-17 15:30:14,694 | [CRW_SST] coraltemp_v3.1_20040310.nc is MISSING. Will try to re-download.
2026-01-17 15:30:14,696 | [CRW_SST] coraltemp_v3.1_20040312.nc is MISSING. Will try to re-download.
2026-01-17 15:30:14,696 | [CRW_SST] coraltemp_v3.1_20040313.nc is MISSING. Will try to re-download.
2026-01-17 15:30:14,697 | [CRW_SST] coraltemp_v3.1_20040314.nc is MISSING. Will try to re-download.
2026-01-17 15:30:14,697 | [CRW_SST] coraltemp_v3.1_20040315.nc is MISSING. Will try to re-download.
2026-01-17 15:30:14,697 | [CRW_SST] coraltemp_v3.1_20040316.nc is MISSING. Will try to re-download.
2026-01-17 15:30:14,699 | [CRW_SST] coraltemp_v3.1_20040317.nc is MISSING. Will try to re-download.
2026-01-17 15:30:14,699 | [CRW_SST] coraltemp_v3.1_20040318.nc is MISSING. Will try to re-download.
2026-01-17 15:30:14,699 | [CRW_SST] coraltemp_v3.1_20040319.nc is MISSING. Will try to re-download.
2026-01-17 15:30:14,700 | [CRW_SST] coraltemp_v3.1_20040320.nc is MISSING. Will try to re-download.
2026-01-17 15:30:14,700 | [CRW_SST] coraltemp_v3.1_20040321.nc is MISSING. Will try to re-download.
2026-01-17 15:30:14,702 | [CRW_SST] coraltemp_v3.1_20040322.nc is MISSING. Will try to re-download.
2026-01-17 15:30:14,703 | [CRW_SST] coraltemp_v3.1_20040323.nc is MISSING. Will try to re-download.
2026-01-17 15:30:14,703 | [CRW_SST] coraltemp_v3.1_20040324.nc is MISSING. Will try to re-download.
2026-01-17 15:30:14,703 | [CRW_SST] coraltemp_v3.1_20040325.nc is MISSING. Will try to re-download.
2026-01-17 15:30:14,705 | [CRW_SST] coraltemp_v3.1_20040326.nc is MISSING. Will try to re-download.
2026-01-17 15:30:14,705 | [CRW_SST] coraltemp_v3.1_20040327.nc is MISSING. Will try to re-download.
2026-01-17 15:30:14,705 | [CRW_SST] coraltemp_v3.1_20040328.nc is MISSING. Will try to re-download.
2026-01-17 15:30:14,705 | [CRW_SST] coraltemp_v3.1_20040329.nc is MISSING. Will try to re-download.
2026-01-17 15:30:14,705 | [CRW_SST] coraltemp_v3.1_20040330.nc is MISSING. Will try to re-download.
2026-01-17 15:30:14,705 | [CRW_SST] coraltemp_v3.1_20040331.nc is MISSING. Will try to re-download.
2026-01-17 15:30:14,712 | [CRW_SST] coraltemp_v3.1_20040401.nc is MISSING. Will try to re-download.
2026-01-17 15:30:14,713 | [CRW_SST] coraltemp_v3.1_20040402.nc is MISSING. Will try to re-download.
2026-01-17 15:30:14,713 | [CRW_SST] coraltemp_v3.1_20040403.nc is MISSING. Will try to re-download.
2026-01-17 15:30:14,714 | [CRW_SST] coraltemp_v3.1_20040404.nc is MISSING. Will try to re-download.
2026-01-17 15:30:14,714 | [CRW_SST] coraltemp_v3.1_20040405.nc is MISSING. Will try to re-download.
2026-01-17 15:30:14,714 | [CRW_SST] coraltemp_v3.1_20040406.nc is MISSING. Will try to re-download.
2026-01-17 15:30:14,715 | [CRW_SST] coraltemp_v3.1_20040407.nc is MISSING. Will try to re-download.
2026-01-17 15:30:14,715 | [CRW_SST] coraltemp_v3.1_20040408.nc is MISSING. Will try to re-download.
2026-01-17 15:30:14,715 | [CRW_SST] coraltemp_v3.1_20040409.nc is MISSING. Will try to re-download.
2026-01-17 15:30:14,715 | [CRW_SST] coraltemp_v3.1_20040410.nc is MISSING. Will try to re-download.
2026-01-17 15:30:14,715 | [CRW_SST] coraltemp_v3.1_20040412.nc is MISSING. Will try to re-download.
2026-01-17 15:30:14,718 | [CRW_SST] coraltemp_v3.1_20040413.nc is MISSING. Will try to re-download.
2026-01-17 15:30:14,718 | [CRW_SST] coraltemp_v3.1_20040414.nc is MISSING. Will try to re-download.
2026-01-17 15:30:14,719 | [CRW_SST] coraltemp_v3.1_20040415.nc is MISSING. Will try to re-download.
2026-01-17 15:30:14,719 | [CRW_SST] coraltemp_v3.1_20040416.nc is MISSING. Will try to re-download.
2026-01-17 15:30:14,719 | [CRW_SST] coraltemp_v3.1_20040417.nc is MISSING. Will try to re-download.
2026-01-17 15:30:14,721 | [CRW_SST] coraltemp_v3.1_20040418.nc is MISSING. Will try to re-download.
2026-01-17 15:30:14,721 | [CRW_SST] coraltemp_v3.1_20040419.nc is MISSING. Will try to re-download.
2026-01-17 15:30:14,722 | [CRW_SST] coraltemp_v3.1_20040420.nc is MISSING. Will try to re-download.
2026-01-17 15:30:14,723 | [CRW_SST] coraltemp_v3.1_20040421.nc is MISSING. Will try to re-download.
2026-01-17 15:30:14,723 | [CRW_SST] coraltemp_v3.1_20040422.nc is MISSING. Will try to re-download.
2026-01-17 15:30:14,725 | [CRW_SST] coraltemp_v3.1_20040423.nc is MISSING. Will try to re-download.
2026-01-17 15:30:14,729 | [CRW_SST] coraltemp_v3.1_20040424.nc is MISSING. Will try to re-download.
2026-01-17 15:30:14,732 | [CRW_SST] coraltemp_v3.1_20040425.nc is MISSING. Will try to re-download.
2026-01-17 15:30:14,732 | [CRW_SST] coraltemp_v3.1_20040426.nc is MISSING. Will try to re-download.
2026-01-17 15:30:14,734 | [CRW_SST] coraltemp_v3.1_20040427.nc is MISSING. Will try to re-download.
2026-01-17 15:30:14,735 | [CRW_SST] coraltemp_v3.1_20040428.nc is MISSING. Will try to re-download.
2026-01-17 15:30:14,735 | [CRW_SST] coraltemp_v3.1_20040429.nc is MISSING. Will try to re-download.
2026-01-17 15:30:14,735 | [CRW_SST] coraltemp_v3.1_20040430.nc is MISSING. Will try to re-download.
2026-01-17 15:30:14,736 | [CRW_SST] coraltemp_v3.1_20040501.nc is MISSING. Will try to re-download.
2026-01-17 15:30:14,737 | [CRW_SST] coraltemp_v3.1_20040502.nc is MISSING. Will try to re-download.
2026-01-17 15:30:14,737 | [CRW_SST] coraltemp_v3.1_20040503.nc is MISSING. Will try to re-download.
2026-01-17 15:30:14,737 | [CRW_SST] coraltemp_v3.1_20040504.nc is MISSING. Will try to re-download.
2026-01-17 15:30:14,739 | [CRW_SST] coraltemp_v3.1_20040505.nc is MISSING. Will try to re-download.
2026-01-17 15:30:14,742 | [CRW_SST] coraltemp_v3.1_20040506.nc is MISSING. Will try to re-download.
2026-01-17 15:30:14,742 | [CRW_SST] coraltemp_v3.1_20040507.nc is MISSING. Will try to re-download.
2026-01-17 15:30:14,742 | [CRW_SST] coraltemp_v3.1_20040508.nc is MISSING. Will try to re-download.
2026-01-17 15:30:14,744 | [CRW_SST] coraltemp_v3.1_20040509.nc is MISSING. Will try to re-download.
2026-01-17 15:30:14,744 | [CRW_SST] coraltemp_v3.1_20040510.nc is MISSING. Will try to re-download.
2026-01-17 15:30:14,744 | [CRW_SST] coraltemp_v3.1_20040512.nc is MISSING. Will try to re-download.
2026-01-17 15:30:14,744 | [CRW_SST] coraltemp_v3.1_20040513.nc is MISSING. Will try to re-download.
2026-01-17 15:30:14,747 | [CRW_SST] coraltemp_v3.1_20040514.nc is MISSING. Will try to re-download.
2026-01-17 15:30:14,748 | [CRW_SST] coraltemp_v3.1_20040515.nc is MISSING. Will try to re-download.
2026-01-17 15:30:14,749 | [CRW_SST] coraltemp_v3.1_20040516.nc is MISSING. Will try to re-download.
2026-01-17 15:30:14,749 | [CRW_SST] coraltemp_v3.1_20040517.nc is MISSING. Will try to re-download.
2026-01-17 15:30:14,750 | [CRW_SST] coraltemp_v3.1_20040518.nc is MISSING. Will try to re-download.
2026-01-17 15:30:14,750 | [CRW_SST] coraltemp_v3.1_20040519.nc is MISSING. Will try to re-download.
2026-01-17 15:30:14,750 | [CRW_SST] coraltemp_v3.1_20040520.nc is MISSING. Will try to re-download.
2026-01-17 15:30:14,752 | [CRW_SST] coraltemp_v3.1_20040521.nc is MISSING. Will try to re-download.
2026-01-17 15:30:14,753 | [CRW_SST] coraltemp_v3.1_20040522.nc is MISSING. Will try to re-download.
2026-01-17 15:30:14,754 | [CRW_SST] coraltemp_v3.1_20040523.nc is MISSING. Will try to re-download.
2026-01-17 15:30:14,754 | [CRW_SST] coraltemp_v3.1_20040524.nc is MISSING. Will try to re-download.
2026-01-17 15:30:14,754 | [CRW_SST] coraltemp_v3.1_20040525.nc is MISSING. Will try to re-download.
2026-01-17 15:30:14,754 | [CRW_SST] coraltemp_v3.1_20040526.nc is MISSING. Will try to re-download.
2026-01-17 15:30:14,754 | [CRW_SST] coraltemp_v3.1_20040527.nc is MISSING. Will try to re-download.
2026-01-17 15:30:14,759 | [CRW_SST] coraltemp_v3.1_20040528.nc is MISSING. Will try to re-download.
2026-01-17 15:30:14,760 | [CRW_SST] coraltemp_v3.1_20040529.nc is MISSING. Will try to re-download.
2026-01-17 15:30:14,762 | [CRW_SST] coraltemp_v3.1_20040530.nc is MISSING. Will try to re-download.
2026-01-17 15:30:14,762 | [CRW_SST] coraltemp_v3.1_20040531.nc is MISSING. Will try to re-download.
2026-01-17 15:30:14,762 | [CRW_SST] coraltemp_v3.1_20040601.nc is MISSING. Will try to re-download.
2026-01-17 15:30:14,763 | [CRW_SST] coraltemp_v3.1_20040602.nc is MISSING. Will try to re-download.
2026-01-17 15:30:14,763 | [CRW_SST] coraltemp_v3.1_20040603.nc is MISSING. Will try to re-download.
2026-01-17 15:30:14,764 | [CRW_SST] coraltemp_v3.1_20040604.nc is MISSING. Will try to re-download.
2026-01-17 15:30:14,764 | [CRW_SST] coraltemp_v3.1_20040605.nc is MISSING. Will try to re-download.
2026-01-17 15:30:14,764 | [CRW_SST] coraltemp_v3.1_20040606.nc is MISSING. Will try to re-download.
2026-01-17 15:30:14,764 | [CRW_SST] coraltemp_v3.1_20040607.nc is MISSING. Will try to re-download.
2026-01-17 15:30:14,768 | [CRW_SST] coraltemp_v3.1_20040608.nc is MISSING. Will try to re-download.
2026-01-17 15:30:14,768 | [CRW_SST] coraltemp_v3.1_20040609.nc is MISSING. Will try to re-download.
2026-01-17 15:30:14,768 | [CRW_SST] coraltemp_v3.1_20040610.nc is MISSING. Will try to re-download.
2026-01-17 15:30:14,769 | [CRW_SST] coraltemp_v3.1_20040612.nc is MISSING. Will try to re-download.
2026-01-17 15:30:14,770 | [CRW_SST] coraltemp_v3.1_20040613.nc is MISSING. Will try to re-download.
2026-01-17 15:30:14,770 | [CRW_SST] coraltemp_v3.1_20040614.nc is MISSING. Will try to re-download.
2026-01-17 15:30:14,770 | [CRW_SST] coraltemp_v3.1_20040615.nc is MISSING. Will try to re-download.
2026-01-17 15:30:14,770 | [CRW_SST] coraltemp_v3.1_20040616.nc is MISSING. Will try to re-download.
2026-01-17 15:30:14,770 | [CRW_SST] coraltemp_v3.1_20040617.nc is MISSING. Will try to re-download.
2026-01-17 15:30:14,775 | [CRW_SST] coraltemp_v3.1_20040618.nc is MISSING. Will try to re-download.
2026-01-17 15:30:14,775 | [CRW_SST] coraltemp_v3.1_20040619.nc is MISSING. Will try to re-download.
2026-01-17 15:30:14,777 | [CRW_SST] coraltemp_v3.1_20040620.nc is MISSING. Will try to re-download.
2026-01-17 15:30:14,777 | [CRW_SST] coraltemp_v3.1_20040621.nc is MISSING. Will try to re-download.
2026-01-17 15:30:14,777 | [CRW_SST] coraltemp_v3.1_20040622.nc is MISSING. Will try to re-download.
2026-01-17 15:30:14,777 | [CRW_SST] coraltemp_v3.1_20040623.nc is MISSING. Will try to re-download.
2026-01-17 15:30:14,781 | [CRW_SST] coraltemp_v3.1_20040624.nc is MISSING. Will try to re-download.
2026-01-17 15:30:14,781 | [CRW_SST] coraltemp_v3.1_20040625.nc is MISSING. Will try to re-download.
2026-01-17 15:30:14,782 | [CRW_SST] coraltemp_v3.1_20040626.nc is MISSING. Will try to re-download.
2026-01-17 15:30:14,782 | [CRW_SST] coraltemp_v3.1_20040627.nc is MISSING. Will try to re-download.
2026-01-17 15:30:14,783 | [CRW_SST] coraltemp_v3.1_20040628.nc is MISSING. Will try to re-download.
2026-01-17 15:30:14,784 | [CRW_SST] coraltemp_v3.1_20040629.nc is MISSING. Will try to re-download.
2026-01-17 15:30:14,784 | [CRW_SST] coraltemp_v3.1_20040630.nc is MISSING. Will try to re-download.
2026-01-17 15:30:14,784 | [CRW_SST] coraltemp_v3.1_20040701.nc is MISSING. Will try to re-download.
2026-01-17 15:30:14,784 | [CRW_SST] coraltemp_v3.1_20040702.nc is MISSING. Will try to re-download.
2026-01-17 15:30:14,787 | [CRW_SST] coraltemp_v3.1_20040703.nc is MISSING. Will try to re-download.
2026-01-17 15:30:14,787 | [CRW_SST] coraltemp_v3.1_20040704.nc is MISSING. Will try to re-download.
2026-01-17 15:30:14,787 | [CRW_SST] coraltemp_v3.1_20040705.nc is MISSING. Will try to re-download.
2026-01-17 15:30:14,787 | [CRW_SST] coraltemp_v3.1_20040706.nc is MISSING. Will try to re-download.
2026-01-17 15:30:14,787 | [CRW_SST] coraltemp_v3.1_20040707.nc is MISSING. Will try to re-download.
2026-01-17 15:30:14,789 | [CRW_SST] coraltemp_v3.1_20040708.nc is MISSING. Will try to re-download.
2026-01-17 15:30:14,789 | [CRW_SST] coraltemp_v3.1_20040709.nc is MISSING. Will try to re-download.
2026-01-17 15:30:14,789 | [CRW_SST] coraltemp_v3.1_20040710.nc is MISSING. Will try to re-download.
2026-01-17 15:30:14,791 | [CRW_SST] coraltemp_v3.1_20040712.nc is MISSING. Will try to re-download.
2026-01-17 15:30:14,791 | [CRW_SST] coraltemp_v3.1_20040713.nc is MISSING. Will try to re-download.
2026-01-17 15:30:14,791 | [CRW_SST] coraltemp_v3.1_20040714.nc is MISSING. Will try to re-download.
2026-01-17 15:30:14,793 | [CRW_SST] coraltemp_v3.1_20040715.nc is MISSING. Will try to re-download.
2026-01-17 15:30:14,793 | [CRW_SST] coraltemp_v3.1_20040716.nc is MISSING. Will try to re-download.
2026-01-17 15:30:14,793 | [CRW_SST] coraltemp_v3.1_20040717.nc is MISSING. Will try to re-download.
2026-01-17 15:30:14,793 | [CRW_SST] coraltemp_v3.1_20040718.nc is MISSING. Will try to re-download.
2026-01-17 15:30:14,793 | [CRW_SST] coraltemp_v3.1_20040719.nc is MISSING. Will try to re-download.
2026-01-17 15:30:14,793 | [CRW_SST] coraltemp_v3.1_20040720.nc is MISSING. Will try to re-download.
2026-01-17 15:30:14,793 | [CRW_SST] coraltemp_v3.1_20040721.nc is MISSING. Will try to re-download.
2026-01-17 15:30:14,797 | [CRW_SST] coraltemp_v3.1_20040722.nc is MISSING. Will try to re-download.
2026-01-17 15:30:14,797 | [CRW_SST] coraltemp_v3.1_20040723.nc is MISSING. Will try to re-download.
2026-01-17 15:30:14,800 | [CRW_SST] coraltemp_v3.1_20040724.nc is MISSING. Will try to re-download.
2026-01-17 15:30:14,800 | [CRW_SST] coraltemp_v3.1_20040725.nc is MISSING. Will try to re-download.
2026-01-17 15:30:14,800 | [CRW_SST] coraltemp_v3.1_20040726.nc is MISSING. Will try to re-download.
2026-01-17 15:30:14,800 | [CRW_SST] coraltemp_v3.1_20040727.nc is MISSING. Will try to re-download.
2026-01-17 15:30:14,800 | [CRW_SST] coraltemp_v3.1_20040728.nc is MISSING. Will try to re-download.
2026-01-17 15:30:14,803 | [CRW_SST] coraltemp_v3.1_20040729.nc is MISSING. Will try to re-download.
2026-01-17 15:30:14,803 | [CRW_SST] coraltemp_v3.1_20040730.nc is MISSING. Will try to re-download.
2026-01-17 15:30:14,805 | [CRW_SST] coraltemp_v3.1_20040731.nc is MISSING. Will try to re-download.
2026-01-17 15:30:14,805 | [CRW_SST] coraltemp_v3.1_20040801.nc is MISSING. Will try to re-download.
2026-01-17 15:30:14,805 | [CRW_SST] coraltemp_v3.1_20040802.nc is MISSING. Will try to re-download.
2026-01-17 15:30:14,809 | [CRW_SST] coraltemp_v3.1_20040803.nc is MISSING. Will try to re-download.
2026-01-17 15:30:14,810 | [CRW_SST] coraltemp_v3.1_20040804.nc is MISSING. Will try to re-download.
2026-01-17 15:30:14,810 | [CRW_SST] coraltemp_v3.1_20040805.nc is MISSING. Will try to re-download.
2026-01-17 15:30:14,812 | [CRW_SST] coraltemp_v3.1_20040806.nc is MISSING. Will try to re-download.
2026-01-17 15:30:14,812 | [CRW_SST] coraltemp_v3.1_20040807.nc is MISSING. Will try to re-download.
2026-01-17 15:30:14,813 | [CRW_SST] coraltemp_v3.1_20040808.nc is MISSING. Will try to re-download.
2026-01-17 15:30:14,814 | [CRW_SST] coraltemp_v3.1_20040809.nc is MISSING. Will try to re-download.
2026-01-17 15:30:14,814 | [CRW_SST] coraltemp_v3.1_20040810.nc is MISSING. Will try to re-download.
2026-01-17 15:30:14,814 | [CRW_SST] coraltemp_v3.1_20040812.nc is MISSING. Will try to re-download.
2026-01-17 15:30:14,816 | [CRW_SST] coraltemp_v3.1_20040813.nc is MISSING. Will try to re-download.
2026-01-17 15:30:14,816 | [CRW_SST] coraltemp_v3.1_20040814.nc is MISSING. Will try to re-download.
2026-01-17 15:30:14,816 | [CRW_SST] coraltemp_v3.1_20040815.nc is MISSING. Will try to re-download.
2026-01-17 15:30:14,818 | [CRW_SST] coraltemp_v3.1_20040816.nc is MISSING. Will try to re-download.
2026-01-17 15:30:14,818 | [CRW_SST] coraltemp_v3.1_20040817.nc is MISSING. Will try to re-download.
2026-01-17 15:30:14,819 | [CRW_SST] coraltemp_v3.1_20040818.nc is MISSING. Will try to re-download.
2026-01-17 15:30:14,819 | [CRW_SST] coraltemp_v3.1_20040819.nc is MISSING. Will try to re-download.
2026-01-17 15:30:14,819 | [CRW_SST] coraltemp_v3.1_20040820.nc is MISSING. Will try to re-download.
2026-01-17 15:30:14,819 | [CRW_SST] coraltemp_v3.1_20040821.nc is MISSING. Will try to re-download.
2026-01-17 15:30:14,819 | [CRW_SST] coraltemp_v3.1_20040822.nc is MISSING. Will try to re-download.
2026-01-17 15:30:14,819 | [CRW_SST] coraltemp_v3.1_20040823.nc is MISSING. Will try to re-download.
2026-01-17 15:30:14,819 | [CRW_SST] coraltemp_v3.1_20040824.nc is MISSING. Will try to re-download.
2026-01-17 15:30:14,819 | [CRW_SST] coraltemp_v3.1_20040825.nc is MISSING. Will try to re-download.
2026-01-17 15:30:14,825 | [CRW_SST] coraltemp_v3.1_20040826.nc is MISSING. Will try to re-download.
2026-01-17 15:30:14,825 | [CRW_SST] coraltemp_v3.1_20040827.nc is MISSING. Will try to re-download.
2026-01-17 15:30:14,826 | [CRW_SST] coraltemp_v3.1_20040828.nc is MISSING. Will try to re-download.
2026-01-17 15:30:14,827 | [CRW_SST] coraltemp_v3.1_20040829.nc is MISSING. Will try to re-download.
2026-01-17 15:30:14,827 | [CRW_SST] coraltemp_v3.1_20040830.nc is MISSING. Will try to re-download.
2026-01-17 15:30:14,828 | [CRW_SST] coraltemp_v3.1_20040831.nc is MISSING. Will try to re-download.
2026-01-17 15:30:14,828 | [CRW_SST] coraltemp_v3.1_20040901.nc is MISSING. Will try to re-download.
2026-01-17 15:30:14,829 | [CRW_SST] coraltemp_v3.1_20040902.nc is MISSING. Will try to re-download.
2026-01-17 15:30:14,829 | [CRW_SST] coraltemp_v3.1_20040903.nc is MISSING. Will try to re-download.
2026-01-17 15:30:14,829 | [CRW_SST] coraltemp_v3.1_20040904.nc is MISSING. Will try to re-download.
2026-01-17 15:30:14,829 | [CRW_SST] coraltemp_v3.1_20040905.nc is MISSING. Will try to re-download.
2026-01-17 15:30:14,831 | [CRW_SST] coraltemp_v3.1_20040906.nc is MISSING. Will try to re-download.
2026-01-17 15:30:14,832 | [CRW_SST] coraltemp_v3.1_20040907.nc is MISSING. Will try to re-download.
2026-01-17 15:30:14,832 | [CRW_SST] coraltemp_v3.1_20040908.nc is MISSING. Will try to re-download.
2026-01-17 15:30:14,833 | [CRW_SST] coraltemp_v3.1_20040909.nc is MISSING. Will try to re-download.
2026-01-17 15:30:14,834 | [CRW_SST] coraltemp_v3.1_20040910.nc is MISSING. Will try to re-download.
2026-01-17 15:30:14,834 | [CRW_SST] coraltemp_v3.1_20040912.nc is MISSING. Will try to re-download.
2026-01-17 15:30:14,834 | [CRW_SST] coraltemp_v3.1_20040913.nc is MISSING. Will try to re-download.
2026-01-17 15:30:14,834 | [CRW_SST] coraltemp_v3.1_20040914.nc is MISSING. Will try to re-download.
2026-01-17 15:30:14,836 | [CRW_SST] coraltemp_v3.1_20040915.nc is MISSING. Will try to re-download.
2026-01-17 15:30:14,837 | [CRW_SST] coraltemp_v3.1_20040916.nc is MISSING. Will try to re-download.
2026-01-17 15:30:14,837 | [CRW_SST] coraltemp_v3.1_20040917.nc is MISSING. Will try to re-download.
2026-01-17 15:30:14,838 | [CRW_SST] coraltemp_v3.1_20040918.nc is MISSING. Will try to re-download.
2026-01-17 15:30:14,839 | [CRW_SST] coraltemp_v3.1_20040919.nc is MISSING. Will try to re-download.
2026-01-17 15:30:14,839 | [CRW_SST] coraltemp_v3.1_20040920.nc is MISSING. Will try to re-download.
2026-01-17 15:30:14,839 | [CRW_SST] coraltemp_v3.1_20040921.nc is MISSING. Will try to re-download.
2026-01-17 15:30:14,843 | [CRW_SST] coraltemp_v3.1_20040922.nc is MISSING. Will try to re-download.
2026-01-17 15:30:14,843 | [CRW_SST] coraltemp_v3.1_20040923.nc is MISSING. Will try to re-download.
2026-01-17 15:30:14,843 | [CRW_SST] coraltemp_v3.1_20040924.nc is MISSING. Will try to re-download.
2026-01-17 15:30:14,843 | [CRW_SST] coraltemp_v3.1_20040925.nc is MISSING. Will try to re-download.
2026-01-17 15:30:14,845 | [CRW_SST] coraltemp_v3.1_20040926.nc is MISSING. Will try to re-download.
2026-01-17 15:30:14,845 | [CRW_SST] coraltemp_v3.1_20040927.nc is MISSING. Will try to re-download.
2026-01-17 15:30:14,845 | [CRW_SST] coraltemp_v3.1_20040928.nc is MISSING. Will try to re-download.
2026-01-17 15:30:14,845 | [CRW_SST] coraltemp_v3.1_20040929.nc is MISSING. Will try to re-download.
2026-01-17 15:30:14,845 | [CRW_SST] coraltemp_v3.1_20040930.nc is MISSING. Will try to re-download.
2026-01-17 15:30:14,847 | [CRW_SST] coraltemp_v3.1_20041001.nc is MISSING. Will try to re-download.
2026-01-17 15:30:14,847 | [CRW_SST] coraltemp_v3.1_20041002.nc is MISSING. Will try to re-download.
2026-01-17 15:30:14,847 | [CRW_SST] coraltemp_v3.1_20041003.nc is MISSING. Will try to re-download.
2026-01-17 15:30:14,850 | [CRW_SST] coraltemp_v3.1_20041004.nc is MISSING. Will try to re-download.
2026-01-17 15:30:14,850 | [CRW_SST] coraltemp_v3.1_20041005.nc is MISSING. Will try to re-download.
2026-01-17 15:30:14,851 | [CRW_SST] coraltemp_v3.1_20041006.nc is MISSING. Will try to re-download.
2026-01-17 15:30:14,855 | [CRW_SST] coraltemp_v3.1_20041007.nc is MISSING. Will try to re-download.
2026-01-17 15:30:14,855 | [CRW_SST] coraltemp_v3.1_20041008.nc is MISSING. Will try to re-download.
2026-01-17 15:30:14,855 | [CRW_SST] coraltemp_v3.1_20041009.nc is MISSING. Will try to re-download.
2026-01-17 15:30:14,859 | [CRW_SST] coraltemp_v3.1_20041010.nc is MISSING. Will try to re-download.
2026-01-17 15:30:14,859 | [CRW_SST] coraltemp_v3.1_20041012.nc is MISSING. Will try to re-download.
2026-01-17 15:30:14,859 | [CRW_SST] coraltemp_v3.1_20041013.nc is MISSING. Will try to re-download.
2026-01-17 15:30:14,861 | [CRW_SST] coraltemp_v3.1_20041014.nc is MISSING. Will try to re-download.
2026-01-17 15:30:14,862 | [CRW_SST] coraltemp_v3.1_20041015.nc is MISSING. Will try to re-download.
2026-01-17 15:30:14,863 | [CRW_SST] coraltemp_v3.1_20041016.nc is MISSING. Will try to re-download.
2026-01-17 15:30:14,864 | [CRW_SST] coraltemp_v3.1_20041017.nc is MISSING. Will try to re-download.
2026-01-17 15:30:14,864 | [CRW_SST] coraltemp_v3.1_20041018.nc is MISSING. Will try to re-download.
2026-01-17 15:30:14,864 | [CRW_SST] coraltemp_v3.1_20041019.nc is MISSING. Will try to re-download.
2026-01-17 15:30:14,866 | [CRW_SST] coraltemp_v3.1_20041020.nc is MISSING. Will try to re-download.
2026-01-17 15:30:14,866 | [CRW_SST] coraltemp_v3.1_20041021.nc is MISSING. Will try to re-download.
2026-01-17 15:30:14,866 | [CRW_SST] coraltemp_v3.1_20041022.nc is MISSING. Will try to re-download.
2026-01-17 15:30:14,867 | [CRW_SST] coraltemp_v3.1_20041023.nc is MISSING. Will try to re-download.
2026-01-17 15:30:14,867 | [CRW_SST] coraltemp_v3.1_20041024.nc is MISSING. Will try to re-download.
2026-01-17 15:30:14,867 | [CRW_SST] coraltemp_v3.1_20041025.nc is MISSING. Will try to re-download.
2026-01-17 15:30:14,869 | [CRW_SST] coraltemp_v3.1_20041026.nc is MISSING. Will try to re-download.
2026-01-17 15:30:14,869 | [CRW_SST] coraltemp_v3.1_20041027.nc is MISSING. Will try to re-download.
2026-01-17 15:30:14,869 | [CRW_SST] coraltemp_v3.1_20041028.nc is MISSING. Will try to re-download.
2026-01-17 15:30:14,869 | [CRW_SST] coraltemp_v3.1_20041029.nc is MISSING. Will try to re-download.
2026-01-17 15:30:14,869 | [CRW_SST] coraltemp_v3.1_20041030.nc is MISSING. Will try to re-download.
2026-01-17 15:30:14,869 | [CRW_SST] coraltemp_v3.1_20041031.nc is MISSING. Will try to re-download.
2026-01-17 15:30:14,869 | [CRW_SST] coraltemp_v3.1_20041201.nc is MISSING. Will try to re-download.
2026-01-17 15:30:14,869 | [CRW_SST] coraltemp_v3.1_20041202.nc is MISSING. Will try to re-download.
2026-01-17 15:30:14,869 | [CRW_SST] coraltemp_v3.1_20041203.nc is MISSING. Will try to re-download.
2026-01-17 15:30:14,875 | [CRW_SST] coraltemp_v3.1_20041204.nc is MISSING. Will try to re-download.
2026-01-17 15:30:14,876 | [CRW_SST] coraltemp_v3.1_20041205.nc is MISSING. Will try to re-download.
2026-01-17 15:30:14,876 | [CRW_SST] coraltemp_v3.1_20041206.nc is MISSING. Will try to re-download.
2026-01-17 15:30:14,877 | [CRW_SST] coraltemp_v3.1_20041207.nc is MISSING. Will try to re-download.
2026-01-17 15:30:14,877 | [CRW_SST] coraltemp_v3.1_20041208.nc is MISSING. Will try to re-download.
2026-01-17 15:30:14,877 | [CRW_SST] coraltemp_v3.1_20041209.nc is MISSING. Will try to re-download.
2026-01-17 15:30:14,877 | [CRW_SST] coraltemp_v3.1_20041210.nc is MISSING. Will try to re-download.
2026-01-17 15:30:14,877 | [CRW_SST] coraltemp_v3.1_20041212.nc is MISSING. Will try to re-download.
2026-01-17 15:30:14,877 | [CRW_SST] coraltemp_v3.1_20041213.nc is MISSING. Will try to re-download.
2026-01-17 15:30:14,882 | [CRW_SST] coraltemp_v3.1_20041214.nc is MISSING. Will try to re-download.
2026-01-17 15:30:14,882 | [CRW_SST] coraltemp_v3.1_20041215.nc is MISSING. Will try to re-download.
2026-01-17 15:30:14,882 | [CRW_SST] coraltemp_v3.1_20041216.nc is MISSING. Will try to re-download.
2026-01-17 15:30:14,882 | [CRW_SST] coraltemp_v3.1_20041217.nc is MISSING. Will try to re-download.
2026-01-17 15:30:14,884 | [CRW_SST] coraltemp_v3.1_20041218.nc is MISSING. Will try to re-download.
2026-01-17 15:30:14,884 | [CRW_SST] coraltemp_v3.1_20041219.nc is MISSING. Will try to re-download.
2026-01-17 15:30:14,884 | [CRW_SST] coraltemp_v3.1_20041220.nc is MISSING. Will try to re-download.
2026-01-17 15:30:14,884 | [CRW_SST] coraltemp_v3.1_20041221.nc is MISSING. Will try to re-download.
2026-01-17 15:30:14,884 | [CRW_SST] coraltemp_v3.1_20041222.nc is MISSING. Will try to re-download.
2026-01-17 15:30:14,886 | [CRW_SST] coraltemp_v3.1_20041223.nc is MISSING. Will try to re-download.
2026-01-17 15:30:14,887 | [CRW_SST] coraltemp_v3.1_20041224.nc is MISSING. Will try to re-download.
2026-01-17 15:30:14,888 | [CRW_SST] coraltemp_v3.1_20041225.nc is MISSING. Will try to re-download.
2026-01-17 15:30:14,889 | [CRW_SST] coraltemp_v3.1_20041226.nc is MISSING. Will try to re-download.
2026-01-17 15:30:14,889 | [CRW_SST] coraltemp_v3.1_20041227.nc is MISSING. Will try to re-download.
2026-01-17 15:30:14,894 | [CRW_SST] coraltemp_v3.1_20041228.nc is MISSING. Will try to re-download.
2026-01-17 15:30:14,894 | [CRW_SST] coraltemp_v3.1_20041229.nc is MISSING. Will try to re-download.
2026-01-17 15:30:14,894 | [CRW_SST] coraltemp_v3.1_20041230.nc is MISSING. Will try to re-download.
2026-01-17 15:30:14,896 | [CRW_SST] coraltemp_v3.1_20041231.nc is MISSING. Will try to re-download.
2026-01-17 15:30:14,897 | [CRW_SST] coraltemp_v3.1_20050101.nc is MISSING. Will try to re-download.
2026-01-17 15:30:14,897 | [CRW_SST] coraltemp_v3.1_20050102.nc is MISSING. Will try to re-download.
2026-01-17 15:30:14,897 | [CRW_SST] coraltemp_v3.1_20050103.nc is MISSING. Will try to re-download.
2026-01-17 15:30:14,897 | [CRW_SST] coraltemp_v3.1_20050104.nc is MISSING. Will try to re-download.
2026-01-17 15:30:14,899 | [CRW_SST] coraltemp_v3.1_20050105.nc is MISSING. Will try to re-download.
2026-01-17 15:30:14,900 | [CRW_SST] coraltemp_v3.1_20050106.nc is MISSING. Will try to re-download.
2026-01-17 15:30:14,900 | [CRW_SST] coraltemp_v3.1_20050107.nc is MISSING. Will try to re-download.
2026-01-17 15:30:14,900 | [CRW_SST] coraltemp_v3.1_20050108.nc is MISSING. Will try to re-download.
2026-01-17 15:30:14,900 | [CRW_SST] coraltemp_v3.1_20050109.nc is MISSING. Will try to re-download.
2026-01-17 15:30:14,903 | [CRW_SST] coraltemp_v3.1_20050120.nc is MISSING. Will try to re-download.
2026-01-17 15:30:14,903 | [CRW_SST] coraltemp_v3.1_20050121.nc is MISSING. Will try to re-download.
2026-01-17 15:30:14,903 | [CRW_SST] coraltemp_v3.1_20050122.nc is MISSING. Will try to re-download.
2026-01-17 15:30:14,903 | [CRW_SST] coraltemp_v3.1_20050123.nc is MISSING. Will try to re-download.
2026-01-17 15:30:14,903 | [CRW_SST] coraltemp_v3.1_20050124.nc is MISSING. Will try to re-download.
2026-01-17 15:30:14,903 | [CRW_SST] coraltemp_v3.1_20050125.nc is MISSING. Will try to re-download.
2026-01-17 15:30:14,903 | [CRW_SST] coraltemp_v3.1_20050126.nc is MISSING. Will try to re-download.
2026-01-17 15:30:14,905 | [CRW_SST] coraltemp_v3.1_20050127.nc is MISSING. Will try to re-download.
2026-01-17 15:30:14,905 | [CRW_SST] coraltemp_v3.1_20050128.nc is MISSING. Will try to re-download.
2026-01-17 15:30:14,905 | [CRW_SST] coraltemp_v3.1_20050129.nc is MISSING. Will try to re-download.
2026-01-17 15:30:14,907 | [CRW_SST] coraltemp_v3.1_20050130.nc is MISSING. Will try to re-download.
2026-01-17 15:30:14,909 | [CRW_SST] coraltemp_v3.1_20050131.nc is MISSING. Will try to re-download.
2026-01-17 15:30:14,910 | [CRW_SST] coraltemp_v3.1_20050201.nc is MISSING. Will try to re-download.
2026-01-17 15:30:14,910 | [CRW_SST] coraltemp_v3.1_20050202.nc is MISSING. Will try to re-download.
2026-01-17 15:30:14,912 | [CRW_SST] coraltemp_v3.1_20050203.nc is MISSING. Will try to re-download.
2026-01-17 15:30:14,912 | [CRW_SST] coraltemp_v3.1_20050204.nc is MISSING. Will try to re-download.
2026-01-17 15:30:14,913 | [CRW_SST] coraltemp_v3.1_20050205.nc is MISSING. Will try to re-download.
2026-01-17 15:30:14,913 | [CRW_SST] coraltemp_v3.1_20050206.nc is MISSING. Will try to re-download.
2026-01-17 15:30:14,913 | [CRW_SST] coraltemp_v3.1_20050207.nc is MISSING. Will try to re-download.
2026-01-17 15:30:14,913 | [CRW_SST] coraltemp_v3.1_20050208.nc is MISSING. Will try to re-download.
2026-01-17 15:30:14,914 | [CRW_SST] coraltemp_v3.1_20050209.nc is MISSING. Will try to re-download.
2026-01-17 15:30:14,914 | [CRW_SST] coraltemp_v3.1_20050210.nc is MISSING. Will try to re-download.
2026-01-17 15:30:14,914 | [CRW_SST] coraltemp_v3.1_20050212.nc is MISSING. Will try to re-download.
2026-01-17 15:30:14,914 | [CRW_SST] coraltemp_v3.1_20050213.nc is MISSING. Will try to re-download.
2026-01-17 15:30:14,917 | [CRW_SST] coraltemp_v3.1_20050214.nc is MISSING. Will try to re-download.
2026-01-17 15:30:14,917 | [CRW_SST] coraltemp_v3.1_20050215.nc is MISSING. Will try to re-download.
2026-01-17 15:30:14,919 | [CRW_SST] coraltemp_v3.1_20050216.nc is MISSING. Will try to re-download.
2026-01-17 15:30:14,919 | [CRW_SST] coraltemp_v3.1_20050217.nc is MISSING. Will try to re-download.
2026-01-17 15:30:14,919 | [CRW_SST] coraltemp_v3.1_20050218.nc is MISSING. Will try to re-download.
2026-01-17 15:30:14,919 | [CRW_SST] coraltemp_v3.1_20050219.nc is MISSING. Will try to re-download.
2026-01-17 15:30:14,919 | [CRW_SST] coraltemp_v3.1_20050220.nc is MISSING. Will try to re-download.
2026-01-17 15:30:14,919 | [CRW_SST] coraltemp_v3.1_20050221.nc is MISSING. Will try to re-download.
2026-01-17 15:30:14,919 | [CRW_SST] coraltemp_v3.1_20050222.nc is MISSING. Will try to re-download.
2026-01-17 15:30:14,919 | [CRW_SST] coraltemp_v3.1_20050223.nc is MISSING. Will try to re-download.
2026-01-17 15:30:14,919 | [CRW_SST] coraltemp_v3.1_20050224.nc is MISSING. Will try to re-download.
2026-01-17 15:30:14,919 | [CRW_SST] coraltemp_v3.1_20050225.nc is MISSING. Will try to re-download.
2026-01-17 15:30:14,919 | [CRW_SST] coraltemp_v3.1_20050226.nc is MISSING. Will try to re-download.
2026-01-17 15:30:14,925 | [CRW_SST] coraltemp_v3.1_20050227.nc is MISSING. Will try to re-download.
2026-01-17 15:30:14,925 | [CRW_SST] coraltemp_v3.1_20050228.nc is MISSING. Will try to re-download.
2026-01-17 15:30:14,927 | [CRW_SST] coraltemp_v3.1_20050301.nc is MISSING. Will try to re-download.
2026-01-17 15:30:14,927 | [CRW_SST] coraltemp_v3.1_20050302.nc is MISSING. Will try to re-download.
2026-01-17 15:30:14,929 | [CRW_SST] coraltemp_v3.1_20050303.nc is MISSING. Will try to re-download.
2026-01-17 15:30:14,929 | [CRW_SST] coraltemp_v3.1_20050304.nc is MISSING. Will try to re-download.
2026-01-17 15:30:14,931 | [CRW_SST] coraltemp_v3.1_20050305.nc is MISSING. Will try to re-download.
2026-01-17 15:30:14,935 | [CRW_SST] coraltemp_v3.1_20050306.nc is MISSING. Will try to re-download.
2026-01-17 15:30:14,938 | [CRW_SST] coraltemp_v3.1_20050307.nc is MISSING. Will try to re-download.
2026-01-17 15:30:14,945 | [CRW_SST] coraltemp_v3.1_20050308.nc is MISSING. Will try to re-download.
2026-01-17 15:30:14,947 | [CRW_SST] coraltemp_v3.1_20050309.nc is MISSING. Will try to re-download.
2026-01-17 15:30:14,954 | [CRW_SST] coraltemp_v3.1_20050310.nc is MISSING. Will try to re-download.
2026-01-17 15:30:14,959 | [CRW_SST] coraltemp_v3.1_20050312.nc is MISSING. Will try to re-download.
2026-01-17 15:30:14,963 | [CRW_SST] coraltemp_v3.1_20050313.nc is MISSING. Will try to re-download.
2026-01-17 15:30:14,966 | [CRW_SST] coraltemp_v3.1_20050314.nc is MISSING. Will try to re-download.
2026-01-17 15:30:14,970 | [CRW_SST] coraltemp_v3.1_20050315.nc is MISSING. Will try to re-download.
2026-01-17 15:30:14,977 | [CRW_SST] coraltemp_v3.1_20050316.nc is MISSING. Will try to re-download.
2026-01-17 15:30:14,981 | [CRW_SST] coraltemp_v3.1_20050317.nc is MISSING. Will try to re-download.
2026-01-17 15:30:14,983 | [CRW_SST] coraltemp_v3.1_20050318.nc is MISSING. Will try to re-download.
2026-01-17 15:30:14,985 | [CRW_SST] coraltemp_v3.1_20050319.nc is MISSING. Will try to re-download.
2026-01-17 15:30:14,989 | [CRW_SST] coraltemp_v3.1_20050320.nc is MISSING. Will try to re-download.
2026-01-17 15:30:14,993 | [CRW_SST] coraltemp_v3.1_20050321.nc is MISSING. Will try to re-download.
2026-01-17 15:30:14,997 | [CRW_SST] coraltemp_v3.1_20050322.nc is MISSING. Will try to re-download.
2026-01-17 15:30:15,000 | [CRW_SST] coraltemp_v3.1_20050323.nc is MISSING. Will try to re-download.
2026-01-17 15:30:15,010 | [CRW_SST] coraltemp_v3.1_20050324.nc is MISSING. Will try to re-download.
2026-01-17 15:30:15,015 | [CRW_SST] coraltemp_v3.1_20050325.nc is MISSING. Will try to re-download.
2026-01-17 15:30:15,018 | [CRW_SST] coraltemp_v3.1_20050326.nc is MISSING. Will try to re-download.
2026-01-17 15:30:15,022 | [CRW_SST] coraltemp_v3.1_20050327.nc is MISSING. Will try to re-download.
2026-01-17 15:30:15,031 | [CRW_SST] coraltemp_v3.1_20050328.nc is MISSING. Will try to re-download.
2026-01-17 15:30:15,036 | [CRW_SST] coraltemp_v3.1_20050329.nc is MISSING. Will try to re-download.
2026-01-17 15:30:15,044 | [CRW_SST] coraltemp_v3.1_20050330.nc is MISSING. Will try to re-download.
2026-01-17 15:30:15,049 | [CRW_SST] coraltemp_v3.1_20050331.nc is MISSING. Will try to re-download.
2026-01-17 15:30:15,056 | [CRW_SST] coraltemp_v3.1_20050401.nc is MISSING. Will try to re-download.
2026-01-17 15:30:15,096 | [CRW_SST] coraltemp_v3.1_20050402.nc is MISSING. Will try to re-download.
2026-01-17 15:30:15,097 | [CRW_SST] coraltemp_v3.1_20050403.nc is MISSING. Will try to re-download.
2026-01-17 15:30:15,100 | [CRW_SST] coraltemp_v3.1_20050404.nc is MISSING. Will try to re-download.
2026-01-17 15:30:15,102 | [CRW_SST] coraltemp_v3.1_20050405.nc is MISSING. Will try to re-download.
2026-01-17 15:30:15,103 | [CRW_SST] coraltemp_v3.1_20050406.nc is MISSING. Will try to re-download.
2026-01-17 15:30:15,103 | [CRW_SST] coraltemp_v3.1_20050407.nc is MISSING. Will try to re-download.
2026-01-17 15:30:15,105 | [CRW_SST] coraltemp_v3.1_20050408.nc is MISSING. Will try to re-download.
2026-01-17 15:30:15,105 | [CRW_SST] coraltemp_v3.1_20050409.nc is MISSING. Will try to re-download.
2026-01-17 15:30:15,106 | [CRW_SST] coraltemp_v3.1_20050410.nc is MISSING. Will try to re-download.
2026-01-17 15:30:15,106 | [CRW_SST] coraltemp_v3.1_20050412.nc is MISSING. Will try to re-download.
2026-01-17 15:30:15,110 | [CRW_SST] coraltemp_v3.1_20050413.nc is MISSING. Will try to re-download.
2026-01-17 15:30:15,112 | [CRW_SST] coraltemp_v3.1_20050414.nc is MISSING. Will try to re-download.
2026-01-17 15:30:15,112 | [CRW_SST] coraltemp_v3.1_20050415.nc is MISSING. Will try to re-download.
2026-01-17 15:30:15,113 | [CRW_SST] coraltemp_v3.1_20050416.nc is MISSING. Will try to re-download.
2026-01-17 15:30:15,114 | [CRW_SST] coraltemp_v3.1_20050417.nc is MISSING. Will try to re-download.
2026-01-17 15:30:15,115 | [CRW_SST] coraltemp_v3.1_20050418.nc is MISSING. Will try to re-download.
2026-01-17 15:30:15,115 | [CRW_SST] coraltemp_v3.1_20050419.nc is MISSING. Will try to re-download.
2026-01-17 15:30:15,117 | [CRW_SST] coraltemp_v3.1_20050420.nc is MISSING. Will try to re-download.
2026-01-17 15:30:15,119 | [CRW_SST] coraltemp_v3.1_20050421.nc is MISSING. Will try to re-download.
2026-01-17 15:30:15,119 | [CRW_SST] coraltemp_v3.1_20050422.nc is MISSING. Will try to re-download.
2026-01-17 15:30:15,119 | [CRW_SST] coraltemp_v3.1_20050423.nc is MISSING. Will try to re-download.
2026-01-17 15:30:15,122 | [CRW_SST] coraltemp_v3.1_20050424.nc is MISSING. Will try to re-download.
2026-01-17 15:30:15,122 | [CRW_SST] coraltemp_v3.1_20050425.nc is MISSING. Will try to re-download.
2026-01-17 15:30:15,123 | [CRW_SST] coraltemp_v3.1_20050426.nc is MISSING. Will try to re-download.
2026-01-17 15:30:15,123 | [CRW_SST] coraltemp_v3.1_20050427.nc is MISSING. Will try to re-download.
2026-01-17 15:30:15,127 | [CRW_SST] coraltemp_v3.1_20050428.nc is MISSING. Will try to re-download.
2026-01-17 15:30:15,128 | [CRW_SST] coraltemp_v3.1_20050429.nc is MISSING. Will try to re-download.
2026-01-17 15:30:15,128 | [CRW_SST] coraltemp_v3.1_20050430.nc is MISSING. Will try to re-download.
2026-01-17 15:30:15,131 | [CRW_SST] coraltemp_v3.1_20050501.nc is MISSING. Will try to re-download.
2026-01-17 15:30:15,137 | [CRW_SST] coraltemp_v3.1_20050502.nc is MISSING. Will try to re-download.
2026-01-17 15:30:15,145 | [CRW_SST] coraltemp_v3.1_20050503.nc is MISSING. Will try to re-download.
2026-01-17 15:30:15,149 | [CRW_SST] coraltemp_v3.1_20050504.nc is MISSING. Will try to re-download.
2026-01-17 15:30:15,153 | [CRW_SST] coraltemp_v3.1_20050505.nc is MISSING. Will try to re-download.
2026-01-17 15:30:15,154 | [CRW_SST] coraltemp_v3.1_20050506.nc is MISSING. Will try to re-download.
2026-01-17 15:30:15,161 | [CRW_SST] coraltemp_v3.1_20050507.nc is MISSING. Will try to re-download.
2026-01-17 15:30:15,161 | [CRW_SST] coraltemp_v3.1_20050508.nc is MISSING. Will try to re-download.
2026-01-17 15:30:15,163 | [CRW_SST] coraltemp_v3.1_20050509.nc is MISSING. Will try to re-download.
2026-01-17 15:30:15,163 | [CRW_SST] coraltemp_v3.1_20050510.nc is MISSING. Will try to re-download.
2026-01-17 15:30:15,163 | [CRW_SST] coraltemp_v3.1_20050512.nc is MISSING. Will try to re-download.
2026-01-17 15:30:15,167 | [CRW_SST] coraltemp_v3.1_20050513.nc is MISSING. Will try to re-download.
2026-01-17 15:30:15,167 | [CRW_SST] coraltemp_v3.1_20050514.nc is MISSING. Will try to re-download.
2026-01-17 15:30:15,169 | [CRW_SST] coraltemp_v3.1_20050515.nc is MISSING. Will try to re-download.
2026-01-17 15:30:15,169 | [CRW_SST] coraltemp_v3.1_20050516.nc is MISSING. Will try to re-download.
2026-01-17 15:30:15,169 | [CRW_SST] coraltemp_v3.1_20050517.nc is MISSING. Will try to re-download.
2026-01-17 15:30:15,169 | [CRW_SST] coraltemp_v3.1_20050518.nc is MISSING. Will try to re-download.
2026-01-17 15:30:15,171 | [CRW_SST] coraltemp_v3.1_20050519.nc is MISSING. Will try to re-download.
2026-01-17 15:30:15,171 | [CRW_SST] coraltemp_v3.1_20050520.nc is MISSING. Will try to re-download.
2026-01-17 15:30:15,171 | [CRW_SST] coraltemp_v3.1_20050521.nc is MISSING. Will try to re-download.
2026-01-17 15:30:15,173 | [CRW_SST] coraltemp_v3.1_20050522.nc is MISSING. Will try to re-download.
2026-01-17 15:30:15,176 | [CRW_SST] coraltemp_v3.1_20050523.nc is MISSING. Will try to re-download.
2026-01-17 15:30:15,179 | [CRW_SST] coraltemp_v3.1_20050524.nc is MISSING. Will try to re-download.
2026-01-17 15:30:15,179 | [CRW_SST] coraltemp_v3.1_20050525.nc is MISSING. Will try to re-download.
2026-01-17 15:30:15,181 | [CRW_SST] coraltemp_v3.1_20050526.nc is MISSING. Will try to re-download.
2026-01-17 15:30:15,182 | [CRW_SST] coraltemp_v3.1_20050527.nc is MISSING. Will try to re-download.
2026-01-17 15:30:15,182 | [CRW_SST] coraltemp_v3.1_20050528.nc is MISSING. Will try to re-download.
2026-01-17 15:30:15,183 | [CRW_SST] coraltemp_v3.1_20050529.nc is MISSING. Will try to re-download.
2026-01-17 15:30:15,184 | [CRW_SST] coraltemp_v3.1_20050530.nc is MISSING. Will try to re-download.
2026-01-17 15:30:15,184 | [CRW_SST] coraltemp_v3.1_20050531.nc is MISSING. Will try to re-download.
2026-01-17 15:30:15,184 | [CRW_SST] coraltemp_v3.1_20050601.nc is MISSING. Will try to re-download.
2026-01-17 15:30:15,184 | [CRW_SST] coraltemp_v3.1_20050602.nc is MISSING. Will try to re-download.
2026-01-17 15:30:15,186 | [CRW_SST] coraltemp_v3.1_20050603.nc is MISSING. Will try to re-download.
2026-01-17 15:30:15,186 | [CRW_SST] coraltemp_v3.1_20050604.nc is MISSING. Will try to re-download.
2026-01-17 15:30:15,186 | [CRW_SST] coraltemp_v3.1_20050605.nc is MISSING. Will try to re-download.
2026-01-17 15:30:15,188 | [CRW_SST] coraltemp_v3.1_20050606.nc is MISSING. Will try to re-download.
2026-01-17 15:30:15,188 | [CRW_SST] coraltemp_v3.1_20050607.nc is MISSING. Will try to re-download.
2026-01-17 15:30:15,189 | [CRW_SST] coraltemp_v3.1_20050608.nc is MISSING. Will try to re-download.
2026-01-17 15:30:15,189 | [CRW_SST] coraltemp_v3.1_20050609.nc is MISSING. Will try to re-download.
2026-01-17 15:30:15,195 | [CRW_SST] coraltemp_v3.1_20050610.nc is MISSING. Will try to re-download.
2026-01-17 15:30:15,195 | [CRW_SST] coraltemp_v3.1_20050612.nc is MISSING. Will try to re-download.
2026-01-17 15:30:15,196 | [CRW_SST] coraltemp_v3.1_20050613.nc is MISSING. Will try to re-download.
2026-01-17 15:30:15,197 | [CRW_SST] coraltemp_v3.1_20050614.nc is MISSING. Will try to re-download.
2026-01-17 15:30:15,197 | [CRW_SST] coraltemp_v3.1_20050615.nc is MISSING. Will try to re-download.
2026-01-17 15:30:15,197 | [CRW_SST] coraltemp_v3.1_20050616.nc is MISSING. Will try to re-download.
2026-01-17 15:30:15,197 | [CRW_SST] coraltemp_v3.1_20050617.nc is MISSING. Will try to re-download.
2026-01-17 15:30:15,199 | [CRW_SST] coraltemp_v3.1_20050618.nc is MISSING. Will try to re-download.
2026-01-17 15:30:15,200 | [CRW_SST] coraltemp_v3.1_20050619.nc is MISSING. Will try to re-download.
2026-01-17 15:30:15,200 | [CRW_SST] coraltemp_v3.1_20050620.nc is MISSING. Will try to re-download.
2026-01-17 15:30:15,202 | [CRW_SST] coraltemp_v3.1_20050621.nc is MISSING. Will try to re-download.
2026-01-17 15:30:15,203 | [CRW_SST] coraltemp_v3.1_20050622.nc is MISSING. Will try to re-download.
2026-01-17 15:30:15,203 | [CRW_SST] coraltemp_v3.1_20050623.nc is MISSING. Will try to re-download.
2026-01-17 15:30:15,203 | [CRW_SST] coraltemp_v3.1_20050624.nc is MISSING. Will try to re-download.
2026-01-17 15:30:15,203 | [CRW_SST] coraltemp_v3.1_20050625.nc is MISSING. Will try to re-download.
2026-01-17 15:30:15,205 | [CRW_SST] coraltemp_v3.1_20050626.nc is MISSING. Will try to re-download.
2026-01-17 15:30:15,205 | [CRW_SST] coraltemp_v3.1_20050627.nc is MISSING. Will try to re-download.
2026-01-17 15:30:15,205 | [CRW_SST] coraltemp_v3.1_20050628.nc is MISSING. Will try to re-download.
2026-01-17 15:30:15,210 | [CRW_SST] coraltemp_v3.1_20050629.nc is MISSING. Will try to re-download.
2026-01-17 15:30:15,210 | [CRW_SST] coraltemp_v3.1_20050630.nc is MISSING. Will try to re-download.
2026-01-17 15:30:15,212 | [CRW_SST] coraltemp_v3.1_20050701.nc is MISSING. Will try to re-download.
2026-01-17 15:30:15,213 | [CRW_SST] coraltemp_v3.1_20050702.nc is MISSING. Will try to re-download.
2026-01-17 15:30:15,213 | [CRW_SST] coraltemp_v3.1_20050703.nc is MISSING. Will try to re-download.
2026-01-17 15:30:15,213 | [CRW_SST] coraltemp_v3.1_20050704.nc is MISSING. Will try to re-download.
2026-01-17 15:30:15,215 | [CRW_SST] coraltemp_v3.1_20050705.nc is MISSING. Will try to re-download.
2026-01-17 15:30:15,215 | [CRW_SST] coraltemp_v3.1_20050706.nc is MISSING. Will try to re-download.
2026-01-17 15:30:15,215 | [CRW_SST] coraltemp_v3.1_20050707.nc is MISSING. Will try to re-download.
2026-01-17 15:30:15,218 | [CRW_SST] coraltemp_v3.1_20050708.nc is MISSING. Will try to re-download.
2026-01-17 15:30:15,218 | [CRW_SST] coraltemp_v3.1_20050709.nc is MISSING. Will try to re-download.
2026-01-17 15:30:15,219 | [CRW_SST] coraltemp_v3.1_20050710.nc is MISSING. Will try to re-download.
2026-01-17 15:30:15,219 | [CRW_SST] coraltemp_v3.1_20050712.nc is MISSING. Will try to re-download.
2026-01-17 15:30:15,221 | [CRW_SST] coraltemp_v3.1_20050713.nc is MISSING. Will try to re-download.
2026-01-17 15:30:15,221 | [CRW_SST] coraltemp_v3.1_20050714.nc is MISSING. Will try to re-download.
2026-01-17 15:30:15,221 | [CRW_SST] coraltemp_v3.1_20050715.nc is MISSING. Will try to re-download.
2026-01-17 15:30:15,223 | [CRW_SST] coraltemp_v3.1_20050716.nc is MISSING. Will try to re-download.
2026-01-17 15:30:15,229 | [CRW_SST] coraltemp_v3.1_20050717.nc is MISSING. Will try to re-download.
2026-01-17 15:30:15,233 | [CRW_SST] coraltemp_v3.1_20050718.nc is MISSING. Will try to re-download.
2026-01-17 15:30:15,233 | [CRW_SST] coraltemp_v3.1_20050719.nc is MISSING. Will try to re-download.
2026-01-17 15:30:15,235 | [CRW_SST] coraltemp_v3.1_20050720.nc is MISSING. Will try to re-download.
2026-01-17 15:30:15,235 | [CRW_SST] coraltemp_v3.1_20050721.nc is MISSING. Will try to re-download.
2026-01-17 15:30:15,238 | [CRW_SST] coraltemp_v3.1_20050722.nc is MISSING. Will try to re-download.
2026-01-17 15:30:15,241 | [CRW_SST] coraltemp_v3.1_20050723.nc is MISSING. Will try to re-download.
2026-01-17 15:30:15,244 | [CRW_SST] coraltemp_v3.1_20050724.nc is MISSING. Will try to re-download.
2026-01-17 15:30:15,244 | [CRW_SST] coraltemp_v3.1_20050725.nc is MISSING. Will try to re-download.
2026-01-17 15:30:15,246 | [CRW_SST] coraltemp_v3.1_20050726.nc is MISSING. Will try to re-download.
2026-01-17 15:30:15,248 | [CRW_SST] coraltemp_v3.1_20050727.nc is MISSING. Will try to re-download.
2026-01-17 15:30:15,249 | [CRW_SST] coraltemp_v3.1_20050728.nc is MISSING. Will try to re-download.
2026-01-17 15:30:15,249 | [CRW_SST] coraltemp_v3.1_20050729.nc is MISSING. Will try to re-download.
2026-01-17 15:30:15,249 | [CRW_SST] coraltemp_v3.1_20050730.nc is MISSING. Will try to re-download.
2026-01-17 15:30:15,249 | [CRW_SST] coraltemp_v3.1_20050731.nc is MISSING. Will try to re-download.
2026-01-17 15:30:15,251 | [CRW_SST] coraltemp_v3.1_20050801.nc is MISSING. Will try to re-download.
2026-01-17 15:30:15,251 | [CRW_SST] coraltemp_v3.1_20050802.nc is MISSING. Will try to re-download.
2026-01-17 15:30:15,251 | [CRW_SST] coraltemp_v3.1_20050803.nc is MISSING. Will try to re-download.
2026-01-17 15:30:15,253 | [CRW_SST] coraltemp_v3.1_20050804.nc is MISSING. Will try to re-download.
2026-01-17 15:30:15,253 | [CRW_SST] coraltemp_v3.1_20050805.nc is MISSING. Will try to re-download.
2026-01-17 15:30:15,253 | [CRW_SST] coraltemp_v3.1_20050806.nc is MISSING. Will try to re-download.
2026-01-17 15:30:15,255 | [CRW_SST] coraltemp_v3.1_20050807.nc is MISSING. Will try to re-download.
2026-01-17 15:30:15,255 | [CRW_SST] coraltemp_v3.1_20050808.nc is MISSING. Will try to re-download.
2026-01-17 15:30:15,257 | [CRW_SST] coraltemp_v3.1_20050809.nc is MISSING. Will try to re-download.
2026-01-17 15:30:15,259 | [CRW_SST] coraltemp_v3.1_20050810.nc is MISSING. Will try to re-download.
2026-01-17 15:30:15,260 | [CRW_SST] coraltemp_v3.1_20050812.nc is MISSING. Will try to re-download.
2026-01-17 15:30:15,262 | [CRW_SST] coraltemp_v3.1_20050813.nc is MISSING. Will try to re-download.
2026-01-17 15:30:15,263 | [CRW_SST] coraltemp_v3.1_20050814.nc is MISSING. Will try to re-download.
2026-01-17 15:30:15,263 | [CRW_SST] coraltemp_v3.1_20050815.nc is MISSING. Will try to re-download.
2026-01-17 15:30:15,264 | [CRW_SST] coraltemp_v3.1_20050816.nc is MISSING. Will try to re-download.
2026-01-17 15:30:15,264 | [CRW_SST] coraltemp_v3.1_20050817.nc is MISSING. Will try to re-download.
2026-01-17 15:30:15,265 | [CRW_SST] coraltemp_v3.1_20050818.nc is MISSING. Will try to re-download.
2026-01-17 15:30:15,265 | [CRW_SST] coraltemp_v3.1_20050819.nc is MISSING. Will try to re-download.
2026-01-17 15:30:15,267 | [CRW_SST] coraltemp_v3.1_20050820.nc is MISSING. Will try to re-download.
2026-01-17 15:30:15,267 | [CRW_SST] coraltemp_v3.1_20050821.nc is MISSING. Will try to re-download.
2026-01-17 15:30:15,267 | [CRW_SST] coraltemp_v3.1_20050822.nc is MISSING. Will try to re-download.
2026-01-17 15:30:15,270 | [CRW_SST] coraltemp_v3.1_20050823.nc is MISSING. Will try to re-download.
2026-01-17 15:30:15,270 | [CRW_SST] coraltemp_v3.1_20050824.nc is MISSING. Will try to re-download.
2026-01-17 15:30:15,270 | [CRW_SST] coraltemp_v3.1_20050825.nc is MISSING. Will try to re-download.
2026-01-17 15:30:15,272 | [CRW_SST] coraltemp_v3.1_20050826.nc is MISSING. Will try to re-download.
2026-01-17 15:30:15,272 | [CRW_SST] coraltemp_v3.1_20050827.nc is MISSING. Will try to re-download.
2026-01-17 15:30:15,277 | [CRW_SST] coraltemp_v3.1_20050828.nc is MISSING. Will try to re-download.
2026-01-17 15:30:15,279 | [CRW_SST] coraltemp_v3.1_20050829.nc is MISSING. Will try to re-download.
2026-01-17 15:30:15,279 | [CRW_SST] coraltemp_v3.1_20050830.nc is MISSING. Will try to re-download.
2026-01-17 15:30:15,279 | [CRW_SST] coraltemp_v3.1_20050831.nc is MISSING. Will try to re-download.
2026-01-17 15:30:15,279 | [CRW_SST] coraltemp_v3.1_20050901.nc is MISSING. Will try to re-download.
2026-01-17 15:30:15,281 | [CRW_SST] coraltemp_v3.1_20050902.nc is MISSING. Will try to re-download.
2026-01-17 15:30:15,282 | [CRW_SST] coraltemp_v3.1_20050903.nc is MISSING. Will try to re-download.
2026-01-17 15:30:15,283 | [CRW_SST] coraltemp_v3.1_20050904.nc is MISSING. Will try to re-download.
2026-01-17 15:30:15,284 | [CRW_SST] coraltemp_v3.1_20050905.nc is MISSING. Will try to re-download.
2026-01-17 15:30:15,287 | [CRW_SST] coraltemp_v3.1_20050906.nc is MISSING. Will try to re-download.
2026-01-17 15:30:15,287 | [CRW_SST] coraltemp_v3.1_20050907.nc is MISSING. Will try to re-download.
2026-01-17 15:30:15,288 | [CRW_SST] coraltemp_v3.1_20050908.nc is MISSING. Will try to re-download.
2026-01-17 15:30:15,289 | [CRW_SST] coraltemp_v3.1_20050909.nc is MISSING. Will try to re-download.
2026-01-17 15:30:15,290 | [CRW_SST] coraltemp_v3.1_20050910.nc is MISSING. Will try to re-download.
2026-01-17 15:30:15,294 | [CRW_SST] coraltemp_v3.1_20050912.nc is MISSING. Will try to re-download.
2026-01-17 15:30:15,294 | [CRW_SST] coraltemp_v3.1_20050913.nc is MISSING. Will try to re-download.
2026-01-17 15:30:15,294 | [CRW_SST] coraltemp_v3.1_20050914.nc is MISSING. Will try to re-download.
2026-01-17 15:30:15,294 | [CRW_SST] coraltemp_v3.1_20050915.nc is MISSING. Will try to re-download.
2026-01-17 15:30:15,297 | [CRW_SST] coraltemp_v3.1_20050916.nc is MISSING. Will try to re-download.
2026-01-17 15:30:15,297 | [CRW_SST] coraltemp_v3.1_20050917.nc is MISSING. Will try to re-download.
2026-01-17 15:30:15,297 | [CRW_SST] coraltemp_v3.1_20050918.nc is MISSING. Will try to re-download.
2026-01-17 15:30:15,300 | [CRW_SST] coraltemp_v3.1_20050919.nc is MISSING. Will try to re-download.
2026-01-17 15:30:15,300 | [CRW_SST] coraltemp_v3.1_20050920.nc is MISSING. Will try to re-download.
2026-01-17 15:30:15,300 | [CRW_SST] coraltemp_v3.1_20050921.nc is MISSING. Will try to re-download.
2026-01-17 15:30:15,303 | [CRW_SST] coraltemp_v3.1_20050922.nc is MISSING. Will try to re-download.
2026-01-17 15:30:15,303 | [CRW_SST] coraltemp_v3.1_20050923.nc is MISSING. Will try to re-download.
2026-01-17 15:30:15,304 | [CRW_SST] coraltemp_v3.1_20050924.nc is MISSING. Will try to re-download.
2026-01-17 15:30:15,304 | [CRW_SST] coraltemp_v3.1_20050925.nc is MISSING. Will try to re-download.
2026-01-17 15:30:15,304 | [CRW_SST] coraltemp_v3.1_20050926.nc is MISSING. Will try to re-download.
2026-01-17 15:30:15,304 | [CRW_SST] coraltemp_v3.1_20050927.nc is MISSING. Will try to re-download.
2026-01-17 15:30:15,304 | [CRW_SST] coraltemp_v3.1_20050928.nc is MISSING. Will try to re-download.
2026-01-17 15:30:15,311 | [CRW_SST] coraltemp_v3.1_20050929.nc is MISSING. Will try to re-download.
2026-01-17 15:30:15,312 | [CRW_SST] coraltemp_v3.1_20050930.nc is MISSING. Will try to re-download.
2026-01-17 15:30:15,314 | [CRW_SST] coraltemp_v3.1_20051001.nc is MISSING. Will try to re-download.
2026-01-17 15:30:15,315 | [CRW_SST] coraltemp_v3.1_20051002.nc is MISSING. Will try to re-download.
2026-01-17 15:30:15,315 | [CRW_SST] coraltemp_v3.1_20051003.nc is MISSING. Will try to re-download.
2026-01-17 15:30:15,315 | [CRW_SST] coraltemp_v3.1_20051004.nc is MISSING. Will try to re-download.
2026-01-17 15:30:15,317 | [CRW_SST] coraltemp_v3.1_20051005.nc is MISSING. Will try to re-download.
2026-01-17 15:30:15,318 | [CRW_SST] coraltemp_v3.1_20051006.nc is MISSING. Will try to re-download.
2026-01-17 15:30:15,319 | [CRW_SST] coraltemp_v3.1_20051007.nc is MISSING. Will try to re-download.
2026-01-17 15:30:15,319 | [CRW_SST] coraltemp_v3.1_20051008.nc is MISSING. Will try to re-download.
2026-01-17 15:30:15,320 | [CRW_SST] coraltemp_v3.1_20051009.nc is MISSING. Will try to re-download.
2026-01-17 15:30:15,320 | [CRW_SST] coraltemp_v3.1_20051010.nc is MISSING. Will try to re-download.
2026-01-17 15:30:15,320 | [CRW_SST] coraltemp_v3.1_20051012.nc is MISSING. Will try to re-download.
2026-01-17 15:30:15,322 | [CRW_SST] coraltemp_v3.1_20051013.nc is MISSING. Will try to re-download.
2026-01-17 15:30:15,322 | [CRW_SST] coraltemp_v3.1_20051014.nc is MISSING. Will try to re-download.
2026-01-17 15:30:15,325 | [CRW_SST] coraltemp_v3.1_20051015.nc is MISSING. Will try to re-download.
2026-01-17 15:30:15,325 | [CRW_SST] coraltemp_v3.1_20051016.nc is MISSING. Will try to re-download.
2026-01-17 15:30:15,327 | [CRW_SST] coraltemp_v3.1_20051017.nc is MISSING. Will try to re-download.
2026-01-17 15:30:15,328 | [CRW_SST] coraltemp_v3.1_20051018.nc is MISSING. Will try to re-download.
2026-01-17 15:30:15,328 | [CRW_SST] coraltemp_v3.1_20051019.nc is MISSING. Will try to re-download.
2026-01-17 15:30:15,328 | [CRW_SST] coraltemp_v3.1_20051020.nc is MISSING. Will try to re-download.
2026-01-17 15:30:15,328 | [CRW_SST] coraltemp_v3.1_20051021.nc is MISSING. Will try to re-download.
2026-01-17 15:30:15,328 | [CRW_SST] coraltemp_v3.1_20051022.nc is MISSING. Will try to re-download.
2026-01-17 15:30:15,331 | [CRW_SST] coraltemp_v3.1_20051023.nc is MISSING. Will try to re-download.
2026-01-17 15:30:15,332 | [CRW_SST] coraltemp_v3.1_20051024.nc is MISSING. Will try to re-download.
2026-01-17 15:30:15,332 | [CRW_SST] coraltemp_v3.1_20051025.nc is MISSING. Will try to re-download.
2026-01-17 15:30:15,332 | [CRW_SST] coraltemp_v3.1_20051026.nc is MISSING. Will try to re-download.
2026-01-17 15:30:15,333 | [CRW_SST] coraltemp_v3.1_20051027.nc is MISSING. Will try to re-download.
2026-01-17 15:30:15,333 | [CRW_SST] coraltemp_v3.1_20051028.nc is MISSING. Will try to re-download.
2026-01-17 15:30:15,334 | [CRW_SST] coraltemp_v3.1_20051029.nc is MISSING. Will try to re-download.
2026-01-17 15:30:15,334 | [CRW_SST] coraltemp_v3.1_20051030.nc is MISSING. Will try to re-download.
2026-01-17 15:30:15,334 | [CRW_SST] coraltemp_v3.1_20051031.nc is MISSING. Will try to re-download.
2026-01-17 15:30:15,334 | [CRW_SST] coraltemp_v3.1_20051201.nc is MISSING. Will try to re-download.
2026-01-17 15:30:15,336 | [CRW_SST] coraltemp_v3.1_20051202.nc is MISSING. Will try to re-download.
2026-01-17 15:30:15,336 | [CRW_SST] coraltemp_v3.1_20051203.nc is MISSING. Will try to re-download.
2026-01-17 15:30:15,338 | [CRW_SST] coraltemp_v3.1_20051204.nc is MISSING. Will try to re-download.
2026-01-17 15:30:15,338 | [CRW_SST] coraltemp_v3.1_20051205.nc is MISSING. Will try to re-download.
2026-01-17 15:30:15,339 | [CRW_SST] coraltemp_v3.1_20051206.nc is MISSING. Will try to re-download.
2026-01-17 15:30:15,339 | [CRW_SST] coraltemp_v3.1_20051207.nc is MISSING. Will try to re-download.
2026-01-17 15:30:15,339 | [CRW_SST] coraltemp_v3.1_20051208.nc is MISSING. Will try to re-download.
2026-01-17 15:30:15,339 | [CRW_SST] coraltemp_v3.1_20051209.nc is MISSING. Will try to re-download.
2026-01-17 15:30:15,342 | [CRW_SST] coraltemp_v3.1_20051210.nc is MISSING. Will try to re-download.
2026-01-17 15:30:15,342 | [CRW_SST] coraltemp_v3.1_20051212.nc is MISSING. Will try to re-download.
2026-01-17 15:30:15,342 | [CRW_SST] coraltemp_v3.1_20051213.nc is MISSING. Will try to re-download.
2026-01-17 15:30:15,342 | [CRW_SST] coraltemp_v3.1_20051214.nc is MISSING. Will try to re-download.
2026-01-17 15:30:15,342 | [CRW_SST] coraltemp_v3.1_20051215.nc is MISSING. Will try to re-download.
2026-01-17 15:30:15,342 | [CRW_SST] coraltemp_v3.1_20051216.nc is MISSING. Will try to re-download.
2026-01-17 15:30:15,342 | [CRW_SST] coraltemp_v3.1_20051217.nc is MISSING. Will try to re-download.
2026-01-17 15:30:15,347 | [CRW_SST] coraltemp_v3.1_20051218.nc is MISSING. Will try to re-download.
2026-01-17 15:30:15,348 | [CRW_SST] coraltemp_v3.1_20051219.nc is MISSING. Will try to re-download.
2026-01-17 15:30:15,348 | [CRW_SST] coraltemp_v3.1_20051220.nc is MISSING. Will try to re-download.
2026-01-17 15:30:15,349 | [CRW_SST] coraltemp_v3.1_20051221.nc is MISSING. Will try to re-download.
2026-01-17 15:30:15,350 | [CRW_SST] coraltemp_v3.1_20051222.nc is MISSING. Will try to re-download.
2026-01-17 15:30:15,350 | [CRW_SST] coraltemp_v3.1_20051223.nc is MISSING. Will try to re-download.
2026-01-17 15:30:15,350 | [CRW_SST] coraltemp_v3.1_20051224.nc is MISSING. Will try to re-download.
2026-01-17 15:30:15,350 | [CRW_SST] coraltemp_v3.1_20051225.nc is MISSING. Will try to re-download.
2026-01-17 15:30:15,350 | [CRW_SST] coraltemp_v3.1_20051226.nc is MISSING. Will try to re-download.
2026-01-17 15:30:15,350 | [CRW_SST] coraltemp_v3.1_20051227.nc is MISSING. Will try to re-download.
2026-01-17 15:30:15,353 | [CRW_SST] coraltemp_v3.1_20051228.nc is MISSING. Will try to re-download.
2026-01-17 15:30:15,353 | [CRW_SST] coraltemp_v3.1_20051229.nc is MISSING. Will try to re-download.
2026-01-17 15:30:15,353 | [CRW_SST] coraltemp_v3.1_20051230.nc is MISSING. Will try to re-download.
2026-01-17 15:30:15,353 | [CRW_SST] coraltemp_v3.1_20051231.nc is MISSING. Will try to re-download.
2026-01-17 15:30:15,356 | [CRW_SST] coraltemp_v3.1_20060101.nc is MISSING. Will try to re-download.
2026-01-17 15:30:15,356 | [CRW_SST] coraltemp_v3.1_20060102.nc is MISSING. Will try to re-download.
2026-01-17 15:30:15,362 | [CRW_SST] coraltemp_v3.1_20060103.nc is MISSING. Will try to re-download.
2026-01-17 15:30:15,362 | [CRW_SST] coraltemp_v3.1_20060104.nc is MISSING. Will try to re-download.
2026-01-17 15:30:15,363 | [CRW_SST] coraltemp_v3.1_20060105.nc is MISSING. Will try to re-download.
2026-01-17 15:30:15,363 | [CRW_SST] coraltemp_v3.1_20060106.nc is MISSING. Will try to re-download.
2026-01-17 15:30:15,364 | [CRW_SST] coraltemp_v3.1_20060107.nc is MISSING. Will try to re-download.
2026-01-17 15:30:15,364 | [CRW_SST] coraltemp_v3.1_20060108.nc is MISSING. Will try to re-download.
2026-01-17 15:30:15,364 | [CRW_SST] coraltemp_v3.1_20060109.nc is MISSING. Will try to re-download.
2026-01-17 15:30:15,367 | [CRW_SST] coraltemp_v3.1_20060120.nc is MISSING. Will try to re-download.
2026-01-17 15:30:15,367 | [CRW_SST] coraltemp_v3.1_20060121.nc is MISSING. Will try to re-download.
2026-01-17 15:30:15,368 | [CRW_SST] coraltemp_v3.1_20060122.nc is MISSING. Will try to re-download.
2026-01-17 15:30:15,368 | [CRW_SST] coraltemp_v3.1_20060123.nc is MISSING. Will try to re-download.
2026-01-17 15:30:15,368 | [CRW_SST] coraltemp_v3.1_20060124.nc is MISSING. Will try to re-download.
2026-01-17 15:30:15,369 | [CRW_SST] coraltemp_v3.1_20060125.nc is MISSING. Will try to re-download.
2026-01-17 15:30:15,369 | [CRW_SST] coraltemp_v3.1_20060126.nc is MISSING. Will try to re-download.
2026-01-17 15:30:15,369 | [CRW_SST] coraltemp_v3.1_20060127.nc is MISSING. Will try to re-download.
2026-01-17 15:30:15,372 | [CRW_SST] coraltemp_v3.1_20060128.nc is MISSING. Will try to re-download.
2026-01-17 15:30:15,372 | [CRW_SST] coraltemp_v3.1_20060129.nc is MISSING. Will try to re-download.
2026-01-17 15:30:15,372 | [CRW_SST] coraltemp_v3.1_20060130.nc is MISSING. Will try to re-download.
2026-01-17 15:30:15,372 | [CRW_SST] coraltemp_v3.1_20060131.nc is MISSING. Will try to re-download.
2026-01-17 15:30:15,375 | [CRW_SST] coraltemp_v3.1_20060201.nc is MISSING. Will try to re-download.
2026-01-17 15:30:15,375 | [CRW_SST] coraltemp_v3.1_20060202.nc is MISSING. Will try to re-download.
2026-01-17 15:30:15,376 | [CRW_SST] coraltemp_v3.1_20060203.nc is MISSING. Will try to re-download.
2026-01-17 15:30:15,376 | [CRW_SST] coraltemp_v3.1_20060204.nc is MISSING. Will try to re-download.
2026-01-17 15:30:15,377 | [CRW_SST] coraltemp_v3.1_20060205.nc is MISSING. Will try to re-download.
2026-01-17 15:30:15,377 | [CRW_SST] coraltemp_v3.1_20060206.nc is MISSING. Will try to re-download.
2026-01-17 15:30:15,377 | [CRW_SST] coraltemp_v3.1_20060207.nc is MISSING. Will try to re-download.
2026-01-17 15:30:15,377 | [CRW_SST] coraltemp_v3.1_20060208.nc is MISSING. Will try to re-download.
2026-01-17 15:30:15,377 | [CRW_SST] coraltemp_v3.1_20060209.nc is MISSING. Will try to re-download.
2026-01-17 15:30:15,377 | [CRW_SST] coraltemp_v3.1_20060210.nc is MISSING. Will try to re-download.
2026-01-17 15:30:15,377 | [CRW_SST] coraltemp_v3.1_20060212.nc is MISSING. Will try to re-download.
2026-01-17 15:30:15,381 | [CRW_SST] coraltemp_v3.1_20060213.nc is MISSING. Will try to re-download.
2026-01-17 15:30:15,381 | [CRW_SST] coraltemp_v3.1_20060214.nc is MISSING. Will try to re-download.
2026-01-17 15:30:15,382 | [CRW_SST] coraltemp_v3.1_20060215.nc is MISSING. Will try to re-download.
2026-01-17 15:30:15,382 | [CRW_SST] coraltemp_v3.1_20060216.nc is MISSING. Will try to re-download.
2026-01-17 15:30:15,384 | [CRW_SST] coraltemp_v3.1_20060217.nc is MISSING. Will try to re-download.
2026-01-17 15:30:15,384 | [CRW_SST] coraltemp_v3.1_20060218.nc is MISSING. Will try to re-download.
2026-01-17 15:30:15,384 | [CRW_SST] coraltemp_v3.1_20060219.nc is MISSING. Will try to re-download.
2026-01-17 15:30:15,384 | [CRW_SST] coraltemp_v3.1_20060220.nc is MISSING. Will try to re-download.
2026-01-17 15:30:15,387 | [CRW_SST] coraltemp_v3.1_20060221.nc is MISSING. Will try to re-download.
2026-01-17 15:30:15,387 | [CRW_SST] coraltemp_v3.1_20060222.nc is MISSING. Will try to re-download.
2026-01-17 15:30:15,388 | [CRW_SST] coraltemp_v3.1_20060223.nc is MISSING. Will try to re-download.
2026-01-17 15:30:15,389 | [CRW_SST] coraltemp_v3.1_20060224.nc is MISSING. Will try to re-download.
2026-01-17 15:30:15,389 | [CRW_SST] coraltemp_v3.1_20060225.nc is MISSING. Will try to re-download.
2026-01-17 15:30:15,394 | [CRW_SST] coraltemp_v3.1_20060226.nc is MISSING. Will try to re-download.
2026-01-17 15:30:15,394 | [CRW_SST] coraltemp_v3.1_20060227.nc is MISSING. Will try to re-download.
2026-01-17 15:30:15,394 | [CRW_SST] coraltemp_v3.1_20060228.nc is MISSING. Will try to re-download.
2026-01-17 15:30:15,394 | [CRW_SST] coraltemp_v3.1_20060301.nc is MISSING. Will try to re-download.
2026-01-17 15:30:15,397 | [CRW_SST] coraltemp_v3.1_20060302.nc is MISSING. Will try to re-download.
2026-01-17 15:30:15,397 | [CRW_SST] coraltemp_v3.1_20060303.nc is MISSING. Will try to re-download.
2026-01-17 15:30:15,398 | [CRW_SST] coraltemp_v3.1_20060304.nc is MISSING. Will try to re-download.
2026-01-17 15:30:15,398 | [CRW_SST] coraltemp_v3.1_20060305.nc is MISSING. Will try to re-download.
2026-01-17 15:30:15,399 | [CRW_SST] coraltemp_v3.1_20060306.nc is MISSING. Will try to re-download.
2026-01-17 15:30:15,400 | [CRW_SST] coraltemp_v3.1_20060307.nc is MISSING. Will try to re-download.
2026-01-17 15:30:15,400 | [CRW_SST] coraltemp_v3.1_20060308.nc is MISSING. Will try to re-download.
2026-01-17 15:30:15,400 | [CRW_SST] coraltemp_v3.1_20060309.nc is MISSING. Will try to re-download.
2026-01-17 15:30:15,400 | [CRW_SST] coraltemp_v3.1_20060310.nc is MISSING. Will try to re-download.
2026-01-17 15:30:15,400 | [CRW_SST] coraltemp_v3.1_20060312.nc is MISSING. Will try to re-download.
2026-01-17 15:30:15,403 | [CRW_SST] coraltemp_v3.1_20060313.nc is MISSING. Will try to re-download.
2026-01-17 15:30:15,403 | [CRW_SST] coraltemp_v3.1_20060314.nc is MISSING. Will try to re-download.
2026-01-17 15:30:15,403 | [CRW_SST] coraltemp_v3.1_20060315.nc is MISSING. Will try to re-download.
2026-01-17 15:30:15,403 | [CRW_SST] coraltemp_v3.1_20060316.nc is MISSING. Will try to re-download.
2026-01-17 15:30:15,403 | [CRW_SST] coraltemp_v3.1_20060317.nc is MISSING. Will try to re-download.
2026-01-17 15:30:15,405 | [CRW_SST] coraltemp_v3.1_20060318.nc is MISSING. Will try to re-download.
2026-01-17 15:30:15,406 | [CRW_SST] coraltemp_v3.1_20060319.nc is MISSING. Will try to re-download.
2026-01-17 15:30:15,406 | [CRW_SST] coraltemp_v3.1_20060320.nc is MISSING. Will try to re-download.
2026-01-17 15:30:15,408 | [CRW_SST] coraltemp_v3.1_20060321.nc is MISSING. Will try to re-download.
2026-01-17 15:30:15,410 | [CRW_SST] coraltemp_v3.1_20060322.nc is MISSING. Will try to re-download.
2026-01-17 15:30:15,410 | [CRW_SST] coraltemp_v3.1_20060323.nc is MISSING. Will try to re-download.
2026-01-17 15:30:15,411 | [CRW_SST] coraltemp_v3.1_20060324.nc is MISSING. Will try to re-download.
2026-01-17 15:30:15,411 | [CRW_SST] coraltemp_v3.1_20060325.nc is MISSING. Will try to re-download.
2026-01-17 15:30:15,412 | [CRW_SST] coraltemp_v3.1_20060326.nc is MISSING. Will try to re-download.
2026-01-17 15:30:15,412 | [CRW_SST] coraltemp_v3.1_20060327.nc is MISSING. Will try to re-download.
2026-01-17 15:30:15,412 | [CRW_SST] coraltemp_v3.1_20060328.nc is MISSING. Will try to re-download.
2026-01-17 15:30:15,413 | [CRW_SST] coraltemp_v3.1_20060329.nc is MISSING. Will try to re-download.
2026-01-17 15:30:15,413 | [CRW_SST] coraltemp_v3.1_20060330.nc is MISSING. Will try to re-download.
2026-01-17 15:30:15,413 | [CRW_SST] coraltemp_v3.1_20060331.nc is MISSING. Will try to re-download.
2026-01-17 15:30:15,413 | [CRW_SST] coraltemp_v3.1_20060401.nc is MISSING. Will try to re-download.
2026-01-17 15:30:15,415 | [CRW_SST] coraltemp_v3.1_20060402.nc is MISSING. Will try to re-download.
2026-01-17 15:30:15,415 | [CRW_SST] coraltemp_v3.1_20060403.nc is MISSING. Will try to re-download.
2026-01-17 15:30:15,415 | [CRW_SST] coraltemp_v3.1_20060404.nc is MISSING. Will try to re-download.
2026-01-17 15:30:15,417 | [CRW_SST] coraltemp_v3.1_20060405.nc is MISSING. Will try to re-download.
2026-01-17 15:30:15,417 | [CRW_SST] coraltemp_v3.1_20060406.nc is MISSING. Will try to re-download.
2026-01-17 15:30:15,418 | [CRW_SST] coraltemp_v3.1_20060407.nc is MISSING. Will try to re-download.
2026-01-17 15:30:15,418 | [CRW_SST] coraltemp_v3.1_20060408.nc is MISSING. Will try to re-download.
2026-01-17 15:30:15,418 | [CRW_SST] coraltemp_v3.1_20060409.nc is MISSING. Will try to re-download.
2026-01-17 15:30:15,418 | [CRW_SST] coraltemp_v3.1_20060410.nc is MISSING. Will try to re-download.
2026-01-17 15:30:15,419 | [CRW_SST] coraltemp_v3.1_20060412.nc is MISSING. Will try to re-download.
2026-01-17 15:30:15,419 | [CRW_SST] coraltemp_v3.1_20060413.nc is MISSING. Will try to re-download.
2026-01-17 15:30:15,419 | [CRW_SST] coraltemp_v3.1_20060414.nc is MISSING. Will try to re-download.
2026-01-17 15:30:15,419 | [CRW_SST] coraltemp_v3.1_20060415.nc is MISSING. Will try to re-download.
2026-01-17 15:30:15,419 | [CRW_SST] coraltemp_v3.1_20060416.nc is MISSING. Will try to re-download.
2026-01-17 15:30:15,419 | [CRW_SST] coraltemp_v3.1_20060417.nc is MISSING. Will try to re-download.
2026-01-17 15:30:15,419 | [CRW_SST] coraltemp_v3.1_20060418.nc is MISSING. Will try to re-download.
2026-01-17 15:30:15,419 | [CRW_SST] coraltemp_v3.1_20060419.nc is MISSING. Will try to re-download.
2026-01-17 15:30:15,426 | [CRW_SST] coraltemp_v3.1_20060420.nc is MISSING. Will try to re-download.
2026-01-17 15:30:15,428 | [CRW_SST] coraltemp_v3.1_20060421.nc is MISSING. Will try to re-download.
2026-01-17 15:30:15,428 | [CRW_SST] coraltemp_v3.1_20060422.nc is MISSING. Will try to re-download.
2026-01-17 15:30:15,428 | [CRW_SST] coraltemp_v3.1_20060423.nc is MISSING. Will try to re-download.
2026-01-17 15:30:15,428 | [CRW_SST] coraltemp_v3.1_20060424.nc is MISSING. Will try to re-download.
2026-01-17 15:30:15,430 | [CRW_SST] coraltemp_v3.1_20060425.nc is MISSING. Will try to re-download.
2026-01-17 15:30:15,430 | [CRW_SST] coraltemp_v3.1_20060426.nc is MISSING. Will try to re-download.
2026-01-17 15:30:15,431 | [CRW_SST] coraltemp_v3.1_20060427.nc is MISSING. Will try to re-download.
2026-01-17 15:30:15,432 | [CRW_SST] coraltemp_v3.1_20060428.nc is MISSING. Will try to re-download.
2026-01-17 15:30:15,432 | [CRW_SST] coraltemp_v3.1_20060429.nc is MISSING. Will try to re-download.
2026-01-17 15:30:15,433 | [CRW_SST] coraltemp_v3.1_20060430.nc is MISSING. Will try to re-download.
2026-01-17 15:30:15,434 | [CRW_SST] coraltemp_v3.1_20060501.nc is MISSING. Will try to re-download.
2026-01-17 15:30:15,435 | [CRW_SST] coraltemp_v3.1_20060502.nc is MISSING. Will try to re-download.
2026-01-17 15:30:15,435 | [CRW_SST] coraltemp_v3.1_20060503.nc is MISSING. Will try to re-download.
2026-01-17 15:30:15,435 | [CRW_SST] coraltemp_v3.1_20060504.nc is MISSING. Will try to re-download.
2026-01-17 15:30:15,436 | [CRW_SST] coraltemp_v3.1_20060505.nc is MISSING. Will try to re-download.
2026-01-17 15:30:15,436 | [CRW_SST] coraltemp_v3.1_20060506.nc is MISSING. Will try to re-download.
2026-01-17 15:30:15,437 | [CRW_SST] coraltemp_v3.1_20060507.nc is MISSING. Will try to re-download.
2026-01-17 15:30:15,438 | [CRW_SST] coraltemp_v3.1_20060508.nc is MISSING. Will try to re-download.
2026-01-17 15:30:15,439 | [CRW_SST] coraltemp_v3.1_20060509.nc is MISSING. Will try to re-download.
2026-01-17 15:30:15,439 | [CRW_SST] coraltemp_v3.1_20060510.nc is MISSING. Will try to re-download.
2026-01-17 15:30:15,444 | [CRW_SST] coraltemp_v3.1_20060512.nc is MISSING. Will try to re-download.
2026-01-17 15:30:15,445 | [CRW_SST] coraltemp_v3.1_20060513.nc is MISSING. Will try to re-download.
2026-01-17 15:30:15,445 | [CRW_SST] coraltemp_v3.1_20060514.nc is MISSING. Will try to re-download.
2026-01-17 15:30:15,446 | [CRW_SST] coraltemp_v3.1_20060515.nc is MISSING. Will try to re-download.
2026-01-17 15:30:15,447 | [CRW_SST] coraltemp_v3.1_20060516.nc is MISSING. Will try to re-download.
2026-01-17 15:30:15,448 | [CRW_SST] coraltemp_v3.1_20060517.nc is MISSING. Will try to re-download.
2026-01-17 15:30:15,448 | [CRW_SST] coraltemp_v3.1_20060518.nc is MISSING. Will try to re-download.
2026-01-17 15:30:15,449 | [CRW_SST] coraltemp_v3.1_20060519.nc is MISSING. Will try to re-download.
2026-01-17 15:30:15,451 | [CRW_SST] coraltemp_v3.1_20060520.nc is MISSING. Will try to re-download.
2026-01-17 15:30:15,451 | [CRW_SST] coraltemp_v3.1_20060521.nc is MISSING. Will try to re-download.
2026-01-17 15:30:15,451 | [CRW_SST] coraltemp_v3.1_20060522.nc is MISSING. Will try to re-download.
2026-01-17 15:30:15,453 | [CRW_SST] coraltemp_v3.1_20060523.nc is MISSING. Will try to re-download.
2026-01-17 15:30:15,454 | [CRW_SST] coraltemp_v3.1_20060524.nc is MISSING. Will try to re-download.
2026-01-17 15:30:15,454 | [CRW_SST] coraltemp_v3.1_20060525.nc is MISSING. Will try to re-download.
2026-01-17 15:30:15,454 | [CRW_SST] coraltemp_v3.1_20060526.nc is MISSING. Will try to re-download.
2026-01-17 15:30:15,454 | [CRW_SST] coraltemp_v3.1_20060527.nc is MISSING. Will try to re-download.
2026-01-17 15:30:15,454 | [CRW_SST] coraltemp_v3.1_20060528.nc is MISSING. Will try to re-download.
2026-01-17 15:30:15,456 | [CRW_SST] coraltemp_v3.1_20060529.nc is MISSING. Will try to re-download.
2026-01-17 15:30:15,456 | [CRW_SST] coraltemp_v3.1_20060530.nc is MISSING. Will try to re-download.
2026-01-17 15:30:15,456 | [CRW_SST] coraltemp_v3.1_20060531.nc is MISSING. Will try to re-download.
2026-01-17 15:30:15,456 | [CRW_SST] coraltemp_v3.1_20060601.nc is MISSING. Will try to re-download.
2026-01-17 15:30:15,461 | [CRW_SST] coraltemp_v3.1_20060602.nc is MISSING. Will try to re-download.
2026-01-17 15:30:15,461 | [CRW_SST] coraltemp_v3.1_20060603.nc is MISSING. Will try to re-download.
2026-01-17 15:30:15,462 | [CRW_SST] coraltemp_v3.1_20060604.nc is MISSING. Will try to re-download.
2026-01-17 15:30:15,462 | [CRW_SST] coraltemp_v3.1_20060605.nc is MISSING. Will try to re-download.
2026-01-17 15:30:15,464 | [CRW_SST] coraltemp_v3.1_20060606.nc is MISSING. Will try to re-download.
2026-01-17 15:30:15,464 | [CRW_SST] coraltemp_v3.1_20060607.nc is MISSING. Will try to re-download.
2026-01-17 15:30:15,464 | [CRW_SST] coraltemp_v3.1_20060608.nc is MISSING. Will try to re-download.
2026-01-17 15:30:15,464 | [CRW_SST] coraltemp_v3.1_20060609.nc is MISSING. Will try to re-download.
2026-01-17 15:30:15,464 | [CRW_SST] coraltemp_v3.1_20060610.nc is MISSING. Will try to re-download.
2026-01-17 15:30:15,466 | [CRW_SST] coraltemp_v3.1_20060612.nc is MISSING. Will try to re-download.
2026-01-17 15:30:15,466 | [CRW_SST] coraltemp_v3.1_20060613.nc is MISSING. Will try to re-download.
2026-01-17 15:30:15,468 | [CRW_SST] coraltemp_v3.1_20060614.nc is MISSING. Will try to re-download.
2026-01-17 15:30:15,469 | [CRW_SST] coraltemp_v3.1_20060615.nc is MISSING. Will try to re-download.
2026-01-17 15:30:15,469 | [CRW_SST] coraltemp_v3.1_20060616.nc is MISSING. Will try to re-download.
2026-01-17 15:30:15,469 | [CRW_SST] coraltemp_v3.1_20060617.nc is MISSING. Will try to re-download.
2026-01-17 15:30:15,469 | [CRW_SST] coraltemp_v3.1_20060618.nc is MISSING. Will try to re-download.
2026-01-17 15:30:15,471 | [CRW_SST] coraltemp_v3.1_20060619.nc is MISSING. Will try to re-download.
2026-01-17 15:30:15,471 | [CRW_SST] coraltemp_v3.1_20060620.nc is MISSING. Will try to re-download.
2026-01-17 15:30:15,471 | [CRW_SST] coraltemp_v3.1_20060621.nc is MISSING. Will try to re-download.
2026-01-17 15:30:15,471 | [CRW_SST] coraltemp_v3.1_20060622.nc is MISSING. Will try to re-download.
2026-01-17 15:30:15,475 | [CRW_SST] coraltemp_v3.1_20060623.nc is MISSING. Will try to re-download.
2026-01-17 15:30:15,475 | [CRW_SST] coraltemp_v3.1_20060624.nc is MISSING. Will try to re-download.
2026-01-17 15:30:15,477 | [CRW_SST] coraltemp_v3.1_20060625.nc is MISSING. Will try to re-download.
2026-01-17 15:30:15,477 | [CRW_SST] coraltemp_v3.1_20060626.nc is MISSING. Will try to re-download.
2026-01-17 15:30:15,477 | [CRW_SST] coraltemp_v3.1_20060627.nc is MISSING. Will try to re-download.
2026-01-17 15:30:15,477 | [CRW_SST] coraltemp_v3.1_20060628.nc is MISSING. Will try to re-download.
2026-01-17 15:30:15,480 | [CRW_SST] coraltemp_v3.1_20060629.nc is MISSING. Will try to re-download.
2026-01-17 15:30:15,480 | [CRW_SST] coraltemp_v3.1_20060630.nc is MISSING. Will try to re-download.
2026-01-17 15:30:15,482 | [CRW_SST] coraltemp_v3.1_20060701.nc is MISSING. Will try to re-download.
2026-01-17 15:30:15,482 | [CRW_SST] coraltemp_v3.1_20060702.nc is MISSING. Will try to re-download.
2026-01-17 15:30:15,482 | [CRW_SST] coraltemp_v3.1_20060703.nc is MISSING. Will try to re-download.
2026-01-17 15:30:15,484 | [CRW_SST] coraltemp_v3.1_20060704.nc is MISSING. Will try to re-download.
2026-01-17 15:30:15,484 | [CRW_SST] coraltemp_v3.1_20060705.nc is MISSING. Will try to re-download.
2026-01-17 15:30:15,484 | [CRW_SST] coraltemp_v3.1_20060706.nc is MISSING. Will try to re-download.
2026-01-17 15:30:15,484 | [CRW_SST] coraltemp_v3.1_20060707.nc is MISSING. Will try to re-download.
2026-01-17 15:30:15,487 | [CRW_SST] coraltemp_v3.1_20060708.nc is MISSING. Will try to re-download.
2026-01-17 15:30:15,488 | [CRW_SST] coraltemp_v3.1_20060709.nc is MISSING. Will try to re-download.
2026-01-17 15:30:15,489 | [CRW_SST] coraltemp_v3.1_20060710.nc is MISSING. Will try to re-download.
2026-01-17 15:30:15,490 | [CRW_SST] coraltemp_v3.1_20060712.nc is MISSING. Will try to re-download.
2026-01-17 15:30:15,492 | [CRW_SST] coraltemp_v3.1_20060713.nc is MISSING. Will try to re-download.
2026-01-17 15:30:15,494 | [CRW_SST] coraltemp_v3.1_20060714.nc is MISSING. Will try to re-download.
2026-01-17 15:30:15,494 | [CRW_SST] coraltemp_v3.1_20060715.nc is MISSING. Will try to re-download.
2026-01-17 15:30:15,496 | [CRW_SST] coraltemp_v3.1_20060716.nc is MISSING. Will try to re-download.
2026-01-17 15:30:15,497 | [CRW_SST] coraltemp_v3.1_20060717.nc is MISSING. Will try to re-download.
2026-01-17 15:30:15,497 | [CRW_SST] coraltemp_v3.1_20060718.nc is MISSING. Will try to re-download.
2026-01-17 15:30:15,497 | [CRW_SST] coraltemp_v3.1_20060719.nc is MISSING. Will try to re-download.
2026-01-17 15:30:15,499 | [CRW_SST] coraltemp_v3.1_20060720.nc is MISSING. Will try to re-download.
2026-01-17 15:30:15,499 | [CRW_SST] coraltemp_v3.1_20060721.nc is MISSING. Will try to re-download.
2026-01-17 15:30:15,500 | [CRW_SST] coraltemp_v3.1_20060722.nc is MISSING. Will try to re-download.
2026-01-17 15:30:15,500 | [CRW_SST] coraltemp_v3.1_20060723.nc is MISSING. Will try to re-download.
2026-01-17 15:30:15,500 | [CRW_SST] coraltemp_v3.1_20060724.nc is MISSING. Will try to re-download.
2026-01-17 15:30:15,500 | [CRW_SST] coraltemp_v3.1_20060725.nc is MISSING. Will try to re-download.
2026-01-17 15:30:15,503 | [CRW_SST] coraltemp_v3.1_20060726.nc is MISSING. Will try to re-download.
2026-01-17 15:30:15,503 | [CRW_SST] coraltemp_v3.1_20060727.nc is MISSING. Will try to re-download.
2026-01-17 15:30:15,504 | [CRW_SST] coraltemp_v3.1_20060728.nc is MISSING. Will try to re-download.
2026-01-17 15:30:15,506 | [CRW_SST] coraltemp_v3.1_20060729.nc is MISSING. Will try to re-download.
2026-01-17 15:30:15,511 | [CRW_SST] coraltemp_v3.1_20060730.nc is MISSING. Will try to re-download.
2026-01-17 15:30:15,511 | [CRW_SST] coraltemp_v3.1_20060731.nc is MISSING. Will try to re-download.
2026-01-17 15:30:15,513 | [CRW_SST] coraltemp_v3.1_20060801.nc is MISSING. Will try to re-download.
2026-01-17 15:30:15,513 | [CRW_SST] coraltemp_v3.1_20060802.nc is MISSING. Will try to re-download.
2026-01-17 15:30:15,513 | [CRW_SST] coraltemp_v3.1_20060803.nc is MISSING. Will try to re-download.
2026-01-17 15:30:15,514 | [CRW_SST] coraltemp_v3.1_20060804.nc is MISSING. Will try to re-download.
2026-01-17 15:30:15,515 | [CRW_SST] coraltemp_v3.1_20060805.nc is MISSING. Will try to re-download.
2026-01-17 15:30:15,515 | [CRW_SST] coraltemp_v3.1_20060806.nc is MISSING. Will try to re-download.
2026-01-17 15:30:15,515 | [CRW_SST] coraltemp_v3.1_20060807.nc is MISSING. Will try to re-download.
2026-01-17 15:30:15,515 | [CRW_SST] coraltemp_v3.1_20060808.nc is MISSING. Will try to re-download.
2026-01-17 15:30:15,515 | [CRW_SST] coraltemp_v3.1_20060809.nc is MISSING. Will try to re-download.
2026-01-17 15:30:15,517 | [CRW_SST] coraltemp_v3.1_20060810.nc is MISSING. Will try to re-download.
2026-01-17 15:30:15,519 | [CRW_SST] coraltemp_v3.1_20060812.nc is MISSING. Will try to re-download.
2026-01-17 15:30:15,520 | [CRW_SST] coraltemp_v3.1_20060813.nc is MISSING. Will try to re-download.
2026-01-17 15:30:15,520 | [CRW_SST] coraltemp_v3.1_20060814.nc is MISSING. Will try to re-download.
2026-01-17 15:30:15,521 | [CRW_SST] coraltemp_v3.1_20060815.nc is MISSING. Will try to re-download.
2026-01-17 15:30:15,529 | [CRW_SST] coraltemp_v3.1_20060816.nc is MISSING. Will try to re-download.
2026-01-17 15:30:15,539 | [CRW_SST] coraltemp_v3.1_20060817.nc is MISSING. Will try to re-download.
2026-01-17 15:30:15,548 | [CRW_SST] coraltemp_v3.1_20060818.nc is MISSING. Will try to re-download.
2026-01-17 15:30:15,550 | [CRW_SST] coraltemp_v3.1_20060819.nc is MISSING. Will try to re-download.
2026-01-17 15:30:15,552 | [CRW_SST] coraltemp_v3.1_20060820.nc is MISSING. Will try to re-download.
2026-01-17 15:30:15,554 | [CRW_SST] coraltemp_v3.1_20060821.nc is MISSING. Will try to re-download.
2026-01-17 15:30:15,554 | [CRW_SST] coraltemp_v3.1_20060822.nc is MISSING. Will try to re-download.
2026-01-17 15:30:15,556 | [CRW_SST] coraltemp_v3.1_20060823.nc is MISSING. Will try to re-download.
2026-01-17 15:30:15,556 | [CRW_SST] coraltemp_v3.1_20060824.nc is MISSING. Will try to re-download.
2026-01-17 15:30:15,564 | [CRW_SST] coraltemp_v3.1_20060825.nc is MISSING. Will try to re-download.
2026-01-17 15:30:15,566 | [CRW_SST] coraltemp_v3.1_20060826.nc is MISSING. Will try to re-download.
2026-01-17 15:30:15,566 | [CRW_SST] coraltemp_v3.1_20060827.nc is MISSING. Will try to re-download.
2026-01-17 15:30:15,566 | [CRW_SST] coraltemp_v3.1_20060828.nc is MISSING. Will try to re-download.
2026-01-17 15:30:15,568 | [CRW_SST] coraltemp_v3.1_20060829.nc is MISSING. Will try to re-download.
2026-01-17 15:30:15,569 | [CRW_SST] coraltemp_v3.1_20060830.nc is MISSING. Will try to re-download.
2026-01-17 15:30:15,570 | [CRW_SST] coraltemp_v3.1_20060831.nc is MISSING. Will try to re-download.
2026-01-17 15:30:15,571 | [CRW_SST] coraltemp_v3.1_20060901.nc is MISSING. Will try to re-download.
2026-01-17 15:30:15,571 | [CRW_SST] coraltemp_v3.1_20060902.nc is MISSING. Will try to re-download.
2026-01-17 15:30:15,571 | [CRW_SST] coraltemp_v3.1_20060903.nc is MISSING. Will try to re-download.
2026-01-17 15:30:15,573 | [CRW_SST] coraltemp_v3.1_20060904.nc is MISSING. Will try to re-download.
2026-01-17 15:30:15,581 | [CRW_SST] coraltemp_v3.1_20060905.nc is MISSING. Will try to re-download.
2026-01-17 15:30:15,582 | [CRW_SST] coraltemp_v3.1_20060906.nc is MISSING. Will try to re-download.
2026-01-17 15:30:15,583 | [CRW_SST] coraltemp_v3.1_20060907.nc is MISSING. Will try to re-download.
2026-01-17 15:30:15,584 | [CRW_SST] coraltemp_v3.1_20060908.nc is MISSING. Will try to re-download.
2026-01-17 15:30:15,594 | [CRW_SST] coraltemp_v3.1_20060909.nc is MISSING. Will try to re-download.
2026-01-17 15:30:15,605 | [CRW_SST] coraltemp_v3.1_20060910.nc is MISSING. Will try to re-download.
2026-01-17 15:30:15,616 | [CRW_SST] coraltemp_v3.1_20060912.nc is MISSING. Will try to re-download.
2026-01-17 15:30:15,618 | [CRW_SST] coraltemp_v3.1_20060913.nc is MISSING. Will try to re-download.
2026-01-17 15:30:15,619 | [CRW_SST] coraltemp_v3.1_20060914.nc is MISSING. Will try to re-download.
2026-01-17 15:30:15,619 | [CRW_SST] coraltemp_v3.1_20060915.nc is MISSING. Will try to re-download.
2026-01-17 15:30:15,623 | [CRW_SST] coraltemp_v3.1_20060916.nc is MISSING. Will try to re-download.
2026-01-17 15:30:15,623 | [CRW_SST] coraltemp_v3.1_20060917.nc is MISSING. Will try to re-download.
2026-01-17 15:30:15,625 | [CRW_SST] coraltemp_v3.1_20060918.nc is MISSING. Will try to re-download.
2026-01-17 15:30:15,626 | [CRW_SST] coraltemp_v3.1_20060919.nc is MISSING. Will try to re-download.
2026-01-17 15:30:15,628 | [CRW_SST] coraltemp_v3.1_20060920.nc is MISSING. Will try to re-download.
2026-01-17 15:30:15,629 | [CRW_SST] coraltemp_v3.1_20060921.nc is MISSING. Will try to re-download.
2026-01-17 15:30:15,630 | [CRW_SST] coraltemp_v3.1_20060922.nc is MISSING. Will try to re-download.
2026-01-17 15:30:15,630 | [CRW_SST] coraltemp_v3.1_20060923.nc is MISSING. Will try to re-download.
2026-01-17 15:30:15,630 | [CRW_SST] coraltemp_v3.1_20060924.nc is MISSING. Will try to re-download.
2026-01-17 15:30:15,631 | [CRW_SST] coraltemp_v3.1_20060925.nc is MISSING. Will try to re-download.
2026-01-17 15:30:15,632 | [CRW_SST] coraltemp_v3.1_20060926.nc is MISSING. Will try to re-download.
2026-01-17 15:30:15,633 | [CRW_SST] coraltemp_v3.1_20060927.nc is MISSING. Will try to re-download.
2026-01-17 15:30:15,634 | [CRW_SST] coraltemp_v3.1_20060928.nc is MISSING. Will try to re-download.
2026-01-17 15:30:15,635 | [CRW_SST] coraltemp_v3.1_20060929.nc is MISSING. Will try to re-download.
2026-01-17 15:30:15,635 | [CRW_SST] coraltemp_v3.1_20060930.nc is MISSING. Will try to re-download.
2026-01-17 15:30:15,635 | [CRW_SST] coraltemp_v3.1_20061001.nc is MISSING. Will try to re-download.
2026-01-17 15:30:15,636 | [CRW_SST] coraltemp_v3.1_20061002.nc is MISSING. Will try to re-download.
2026-01-17 15:30:15,636 | [CRW_SST] coraltemp_v3.1_20061003.nc is MISSING. Will try to re-download.
2026-01-17 15:30:15,636 | [CRW_SST] coraltemp_v3.1_20061004.nc is MISSING. Will try to re-download.
2026-01-17 15:30:15,638 | [CRW_SST] coraltemp_v3.1_20061005.nc is MISSING. Will try to re-download.
2026-01-17 15:30:15,638 | [CRW_SST] coraltemp_v3.1_20061006.nc is MISSING. Will try to re-download.
2026-01-17 15:30:15,639 | [CRW_SST] coraltemp_v3.1_20061007.nc is MISSING. Will try to re-download.
2026-01-17 15:30:15,639 | [CRW_SST] coraltemp_v3.1_20061008.nc is MISSING. Will try to re-download.
2026-01-17 15:30:15,643 | [CRW_SST] coraltemp_v3.1_20061009.nc is MISSING. Will try to re-download.
2026-01-17 15:30:15,643 | [CRW_SST] coraltemp_v3.1_20061010.nc is MISSING. Will try to re-download.
2026-01-17 15:30:15,643 | [CRW_SST] coraltemp_v3.1_20061012.nc is MISSING. Will try to re-download.
2026-01-17 15:30:15,643 | [CRW_SST] coraltemp_v3.1_20061013.nc is MISSING. Will try to re-download.
2026-01-17 15:30:15,643 | [CRW_SST] coraltemp_v3.1_20061014.nc is MISSING. Will try to re-download.
2026-01-17 15:30:15,645 | [CRW_SST] coraltemp_v3.1_20061015.nc is MISSING. Will try to re-download.
2026-01-17 15:30:15,647 | [CRW_SST] coraltemp_v3.1_20061016.nc is MISSING. Will try to re-download.
2026-01-17 15:30:15,647 | [CRW_SST] coraltemp_v3.1_20061017.nc is MISSING. Will try to re-download.
2026-01-17 15:30:15,647 | [CRW_SST] coraltemp_v3.1_20061018.nc is MISSING. Will try to re-download.
2026-01-17 15:30:15,647 | [CRW_SST] coraltemp_v3.1_20061019.nc is MISSING. Will try to re-download.
2026-01-17 15:30:15,648 | [CRW_SST] coraltemp_v3.1_20061020.nc is MISSING. Will try to re-download.
2026-01-17 15:30:15,649 | [CRW_SST] coraltemp_v3.1_20061021.nc is MISSING. Will try to re-download.
2026-01-17 15:30:15,650 | [CRW_SST] coraltemp_v3.1_20061022.nc is MISSING. Will try to re-download.
2026-01-17 15:30:15,650 | [CRW_SST] coraltemp_v3.1_20061023.nc is MISSING. Will try to re-download.
2026-01-17 15:30:15,650 | [CRW_SST] coraltemp_v3.1_20061024.nc is MISSING. Will try to re-download.
2026-01-17 15:30:15,650 | [CRW_SST] coraltemp_v3.1_20061025.nc is MISSING. Will try to re-download.
2026-01-17 15:30:15,653 | [CRW_SST] coraltemp_v3.1_20061026.nc is MISSING. Will try to re-download.
2026-01-17 15:30:15,653 | [CRW_SST] coraltemp_v3.1_20061027.nc is MISSING. Will try to re-download.
2026-01-17 15:30:15,653 | [CRW_SST] coraltemp_v3.1_20061028.nc is MISSING. Will try to re-download.
2026-01-17 15:30:15,655 | [CRW_SST] coraltemp_v3.1_20061029.nc is MISSING. Will try to re-download.
2026-01-17 15:30:15,655 | [CRW_SST] coraltemp_v3.1_20061030.nc is MISSING. Will try to re-download.
2026-01-17 15:30:15,660 | [CRW_SST] coraltemp_v3.1_20061031.nc is MISSING. Will try to re-download.
2026-01-17 15:30:15,660 | [CRW_SST] coraltemp_v3.1_20061201.nc is MISSING. Will try to re-download.
2026-01-17 15:30:15,662 | [CRW_SST] coraltemp_v3.1_20061202.nc is MISSING. Will try to re-download.
2026-01-17 15:30:15,662 | [CRW_SST] coraltemp_v3.1_20061203.nc is MISSING. Will try to re-download.
2026-01-17 15:30:15,662 | [CRW_SST] coraltemp_v3.1_20061204.nc is MISSING. Will try to re-download.
2026-01-17 15:30:15,663 | [CRW_SST] coraltemp_v3.1_20061205.nc is MISSING. Will try to re-download.
2026-01-17 15:30:15,663 | [CRW_SST] coraltemp_v3.1_20061206.nc is MISSING. Will try to re-download.
2026-01-17 15:30:15,664 | [CRW_SST] coraltemp_v3.1_20061207.nc is MISSING. Will try to re-download.
2026-01-17 15:30:15,665 | [CRW_SST] coraltemp_v3.1_20061208.nc is MISSING. Will try to re-download.
2026-01-17 15:30:15,665 | [CRW_SST] coraltemp_v3.1_20061209.nc is MISSING. Will try to re-download.
2026-01-17 15:30:15,665 | [CRW_SST] coraltemp_v3.1_20061210.nc is MISSING. Will try to re-download.
2026-01-17 15:30:15,668 | [CRW_SST] coraltemp_v3.1_20061212.nc is MISSING. Will try to re-download.
2026-01-17 15:30:15,670 | [CRW_SST] coraltemp_v3.1_20061213.nc is MISSING. Will try to re-download.
2026-01-17 15:30:15,670 | [CRW_SST] coraltemp_v3.1_20061214.nc is MISSING. Will try to re-download.
2026-01-17 15:30:15,670 | [CRW_SST] coraltemp_v3.1_20061215.nc is MISSING. Will try to re-download.
2026-01-17 15:30:15,670 | [CRW_SST] coraltemp_v3.1_20061216.nc is MISSING. Will try to re-download.
2026-01-17 15:30:15,673 | [CRW_SST] coraltemp_v3.1_20061217.nc is MISSING. Will try to re-download.
2026-01-17 15:30:15,673 | [CRW_SST] coraltemp_v3.1_20061218.nc is MISSING. Will try to re-download.
2026-01-17 15:30:15,676 | [CRW_SST] coraltemp_v3.1_20061219.nc is MISSING. Will try to re-download.
2026-01-17 15:30:15,679 | [CRW_SST] coraltemp_v3.1_20061220.nc is MISSING. Will try to re-download.
2026-01-17 15:30:15,679 | [CRW_SST] coraltemp_v3.1_20061221.nc is MISSING. Will try to re-download.
2026-01-17 15:30:15,681 | [CRW_SST] coraltemp_v3.1_20061222.nc is MISSING. Will try to re-download.
2026-01-17 15:30:15,682 | [CRW_SST] coraltemp_v3.1_20061223.nc is MISSING. Will try to re-download.
2026-01-17 15:30:15,682 | [CRW_SST] coraltemp_v3.1_20061224.nc is MISSING. Will try to re-download.
2026-01-17 15:30:15,683 | [CRW_SST] coraltemp_v3.1_20061225.nc is MISSING. Will try to re-download.
2026-01-17 15:30:15,684 | [CRW_SST] coraltemp_v3.1_20061226.nc is MISSING. Will try to re-download.
2026-01-17 15:30:15,684 | [CRW_SST] coraltemp_v3.1_20061227.nc is MISSING. Will try to re-download.
2026-01-17 15:30:15,684 | [CRW_SST] coraltemp_v3.1_20061228.nc is MISSING. Will try to re-download.
2026-01-17 15:30:15,684 | [CRW_SST] coraltemp_v3.1_20061229.nc is MISSING. Will try to re-download.
2026-01-17 15:30:15,686 | [CRW_SST] coraltemp_v3.1_20061230.nc is MISSING. Will try to re-download.
2026-01-17 15:30:15,686 | [CRW_SST] coraltemp_v3.1_20061231.nc is MISSING. Will try to re-download.
2026-01-17 15:30:15,686 | [CRW_SST] coraltemp_v3.1_20070101.nc is MISSING. Will try to re-download.
2026-01-17 15:30:15,688 | [CRW_SST] coraltemp_v3.1_20070102.nc is MISSING. Will try to re-download.
2026-01-17 15:30:15,689 | [CRW_SST] coraltemp_v3.1_20070103.nc is MISSING. Will try to re-download.
2026-01-17 15:30:15,691 | [CRW_SST] coraltemp_v3.1_20070104.nc is MISSING. Will try to re-download.
2026-01-17 15:30:15,693 | [CRW_SST] coraltemp_v3.1_20070105.nc is MISSING. Will try to re-download.
2026-01-17 15:30:15,693 | [CRW_SST] coraltemp_v3.1_20070106.nc is MISSING. Will try to re-download.
2026-01-17 15:30:15,693 | [CRW_SST] coraltemp_v3.1_20070107.nc is MISSING. Will try to re-download.
2026-01-17 15:30:15,695 | [CRW_SST] coraltemp_v3.1_20070108.nc is MISSING. Will try to re-download.
2026-01-17 15:30:15,695 | [CRW_SST] coraltemp_v3.1_20070109.nc is MISSING. Will try to re-download.
2026-01-17 15:30:15,697 | [CRW_SST] coraltemp_v3.1_20070120.nc is MISSING. Will try to re-download.
2026-01-17 15:30:15,697 | [CRW_SST] coraltemp_v3.1_20070121.nc is MISSING. Will try to re-download.
2026-01-17 15:30:15,698 | [CRW_SST] coraltemp_v3.1_20070122.nc is MISSING. Will try to re-download.
2026-01-17 15:30:15,699 | [CRW_SST] coraltemp_v3.1_20070123.nc is MISSING. Will try to re-download.
2026-01-17 15:30:15,700 | [CRW_SST] coraltemp_v3.1_20070124.nc is MISSING. Will try to re-download.
2026-01-17 15:30:15,701 | [CRW_SST] coraltemp_v3.1_20070125.nc is MISSING. Will try to re-download.
2026-01-17 15:30:15,701 | [CRW_SST] coraltemp_v3.1_20070126.nc is MISSING. Will try to re-download.
2026-01-17 15:30:15,701 | [CRW_SST] coraltemp_v3.1_20070127.nc is MISSING. Will try to re-download.
2026-01-17 15:30:15,703 | [CRW_SST] coraltemp_v3.1_20070128.nc is MISSING. Will try to re-download.
2026-01-17 15:30:15,703 | [CRW_SST] coraltemp_v3.1_20070129.nc is MISSING. Will try to re-download.
2026-01-17 15:30:15,706 | [CRW_SST] coraltemp_v3.1_20070130.nc is MISSING. Will try to re-download.
2026-01-17 15:30:15,712 | [CRW_SST] coraltemp_v3.1_20070131.nc is MISSING. Will try to re-download.
2026-01-17 15:30:15,712 | [CRW_SST] coraltemp_v3.1_20070201.nc is MISSING. Will try to re-download.
2026-01-17 15:30:15,714 | [CRW_SST] coraltemp_v3.1_20070202.nc is MISSING. Will try to re-download.
2026-01-17 15:30:15,714 | [CRW_SST] coraltemp_v3.1_20070203.nc is MISSING. Will try to re-download.
2026-01-17 15:30:15,715 | [CRW_SST] coraltemp_v3.1_20070204.nc is MISSING. Will try to re-download.
2026-01-17 15:30:15,715 | [CRW_SST] coraltemp_v3.1_20070205.nc is MISSING. Will try to re-download.
2026-01-17 15:30:15,717 | [CRW_SST] coraltemp_v3.1_20070206.nc is MISSING. Will try to re-download.
2026-01-17 15:30:15,719 | [CRW_SST] coraltemp_v3.1_20070207.nc is MISSING. Will try to re-download.
2026-01-17 15:30:15,719 | [CRW_SST] coraltemp_v3.1_20070208.nc is MISSING. Will try to re-download.
2026-01-17 15:30:15,719 | [CRW_SST] coraltemp_v3.1_20070209.nc is MISSING. Will try to re-download.
2026-01-17 15:30:15,721 | [CRW_SST] coraltemp_v3.1_20070210.nc is MISSING. Will try to re-download.
2026-01-17 15:30:15,721 | [CRW_SST] coraltemp_v3.1_20070212.nc is MISSING. Will try to re-download.
2026-01-17 15:30:15,721 | [CRW_SST] coraltemp_v3.1_20070213.nc is MISSING. Will try to re-download.
2026-01-17 15:30:15,723 | [CRW_SST] coraltemp_v3.1_20070214.nc is MISSING. Will try to re-download.
2026-01-17 15:30:15,729 | [CRW_SST] coraltemp_v3.1_20070215.nc is MISSING. Will try to re-download.
2026-01-17 15:30:15,730 | [CRW_SST] coraltemp_v3.1_20070216.nc is MISSING. Will try to re-download.
2026-01-17 15:30:15,730 | [CRW_SST] coraltemp_v3.1_20070217.nc is MISSING. Will try to re-download.
2026-01-17 15:30:15,732 | [CRW_SST] coraltemp_v3.1_20070218.nc is MISSING. Will try to re-download.
2026-01-17 15:30:15,734 | [CRW_SST] coraltemp_v3.1_20070219.nc is MISSING. Will try to re-download.
2026-01-17 15:30:15,735 | [CRW_SST] coraltemp_v3.1_20070220.nc is MISSING. Will try to re-download.
2026-01-17 15:30:15,737 | [CRW_SST] coraltemp_v3.1_20070221.nc is MISSING. Will try to re-download.
2026-01-17 15:30:15,737 | [CRW_SST] coraltemp_v3.1_20070222.nc is MISSING. Will try to re-download.
2026-01-17 15:30:15,738 | [CRW_SST] coraltemp_v3.1_20070223.nc is MISSING. Will try to re-download.
2026-01-17 15:30:15,739 | [CRW_SST] coraltemp_v3.1_20070224.nc is MISSING. Will try to re-download.
2026-01-17 15:30:15,742 | [CRW_SST] coraltemp_v3.1_20070225.nc is MISSING. Will try to re-download.
2026-01-17 15:30:15,742 | [CRW_SST] coraltemp_v3.1_20070226.nc is MISSING. Will try to re-download.
2026-01-17 15:30:15,744 | [CRW_SST] coraltemp_v3.1_20070227.nc is MISSING. Will try to re-download.
2026-01-17 15:30:15,744 | [CRW_SST] coraltemp_v3.1_20070228.nc is MISSING. Will try to re-download.
2026-01-17 15:30:15,744 | [CRW_SST] coraltemp_v3.1_20070301.nc is MISSING. Will try to re-download.
2026-01-17 15:30:15,744 | [CRW_SST] coraltemp_v3.1_20070302.nc is MISSING. Will try to re-download.
2026-01-17 15:30:15,747 | [CRW_SST] coraltemp_v3.1_20070303.nc is MISSING. Will try to re-download.
2026-01-17 15:30:15,747 | [CRW_SST] coraltemp_v3.1_20070304.nc is MISSING. Will try to re-download.
2026-01-17 15:30:15,747 | [CRW_SST] coraltemp_v3.1_20070305.nc is MISSING. Will try to re-download.
2026-01-17 15:30:15,748 | [CRW_SST] coraltemp_v3.1_20070306.nc is MISSING. Will try to re-download.
2026-01-17 15:30:15,748 | [CRW_SST] coraltemp_v3.1_20070307.nc is MISSING. Will try to re-download.
2026-01-17 15:30:15,749 | [CRW_SST] coraltemp_v3.1_20070308.nc is MISSING. Will try to re-download.
2026-01-17 15:30:15,750 | [CRW_SST] coraltemp_v3.1_20070309.nc is MISSING. Will try to re-download.
2026-01-17 15:30:15,750 | [CRW_SST] coraltemp_v3.1_20070310.nc is MISSING. Will try to re-download.
2026-01-17 15:30:15,751 | [CRW_SST] coraltemp_v3.1_20070312.nc is MISSING. Will try to re-download.
2026-01-17 15:30:15,753 | [CRW_SST] coraltemp_v3.1_20070313.nc is MISSING. Will try to re-download.
2026-01-17 15:30:15,753 | [CRW_SST] coraltemp_v3.1_20070314.nc is MISSING. Will try to re-download.
2026-01-17 15:30:15,753 | [CRW_SST] coraltemp_v3.1_20070315.nc is MISSING. Will try to re-download.
2026-01-17 15:30:15,755 | [CRW_SST] coraltemp_v3.1_20070316.nc is MISSING. Will try to re-download.
2026-01-17 15:30:15,757 | [CRW_SST] coraltemp_v3.1_20070317.nc is MISSING. Will try to re-download.
2026-01-17 15:30:15,760 | [CRW_SST] coraltemp_v3.1_20070318.nc is MISSING. Will try to re-download.
2026-01-17 15:30:15,760 | [CRW_SST] coraltemp_v3.1_20070319.nc is MISSING. Will try to re-download.
2026-01-17 15:30:15,762 | [CRW_SST] coraltemp_v3.1_20070320.nc is MISSING. Will try to re-download.
2026-01-17 15:30:15,763 | [CRW_SST] coraltemp_v3.1_20070321.nc is MISSING. Will try to re-download.
2026-01-17 15:30:15,763 | [CRW_SST] coraltemp_v3.1_20070322.nc is MISSING. Will try to re-download.
2026-01-17 15:30:15,763 | [CRW_SST] coraltemp_v3.1_20070323.nc is MISSING. Will try to re-download.
2026-01-17 15:30:15,763 | [CRW_SST] coraltemp_v3.1_20070324.nc is MISSING. Will try to re-download.
2026-01-17 15:30:15,765 | [CRW_SST] coraltemp_v3.1_20070325.nc is MISSING. Will try to re-download.
2026-01-17 15:30:15,765 | [CRW_SST] coraltemp_v3.1_20070326.nc is MISSING. Will try to re-download.
2026-01-17 15:30:15,766 | [CRW_SST] coraltemp_v3.1_20070327.nc is MISSING. Will try to re-download.
2026-01-17 15:30:15,766 | [CRW_SST] coraltemp_v3.1_20070328.nc is MISSING. Will try to re-download.
2026-01-17 15:30:15,768 | [CRW_SST] coraltemp_v3.1_20070329.nc is MISSING. Will try to re-download.
2026-01-17 15:30:15,769 | [CRW_SST] coraltemp_v3.1_20070330.nc is MISSING. Will try to re-download.
2026-01-17 15:30:15,769 | [CRW_SST] coraltemp_v3.1_20070331.nc is MISSING. Will try to re-download.
2026-01-17 15:30:15,769 | [CRW_SST] coraltemp_v3.1_20070401.nc is MISSING. Will try to re-download.
2026-01-17 15:30:15,769 | [CRW_SST] coraltemp_v3.1_20070402.nc is MISSING. Will try to re-download.
2026-01-17 15:30:15,769 | [CRW_SST] coraltemp_v3.1_20070403.nc is MISSING. Will try to re-download.
2026-01-17 15:30:15,769 | [CRW_SST] coraltemp_v3.1_20070404.nc is MISSING. Will try to re-download.
2026-01-17 15:30:15,775 | [CRW_SST] coraltemp_v3.1_20070405.nc is MISSING. Will try to re-download.
2026-01-17 15:30:15,777 | [CRW_SST] coraltemp_v3.1_20070406.nc is MISSING. Will try to re-download.
2026-01-17 15:30:15,778 | [CRW_SST] coraltemp_v3.1_20070407.nc is MISSING. Will try to re-download.
2026-01-17 15:30:15,780 | [CRW_SST] coraltemp_v3.1_20070408.nc is MISSING. Will try to re-download.
2026-01-17 15:30:15,780 | [CRW_SST] coraltemp_v3.1_20070409.nc is MISSING. Will try to re-download.
2026-01-17 15:30:15,781 | [CRW_SST] coraltemp_v3.1_20070410.nc is MISSING. Will try to re-download.
2026-01-17 15:30:15,781 | [CRW_SST] coraltemp_v3.1_20070412.nc is MISSING. Will try to re-download.
2026-01-17 15:30:15,784 | [CRW_SST] coraltemp_v3.1_20070413.nc is MISSING. Will try to re-download.
2026-01-17 15:30:15,784 | [CRW_SST] coraltemp_v3.1_20070414.nc is MISSING. Will try to re-download.
2026-01-17 15:30:15,784 | [CRW_SST] coraltemp_v3.1_20070415.nc is MISSING. Will try to re-download.
2026-01-17 15:30:15,787 | [CRW_SST] coraltemp_v3.1_20070416.nc is MISSING. Will try to re-download.
2026-01-17 15:30:15,788 | [CRW_SST] coraltemp_v3.1_20070417.nc is MISSING. Will try to re-download.
2026-01-17 15:30:15,789 | [CRW_SST] coraltemp_v3.1_20070418.nc is MISSING. Will try to re-download.
2026-01-17 15:30:15,791 | [CRW_SST] coraltemp_v3.1_20070419.nc is MISSING. Will try to re-download.
2026-01-17 15:30:15,793 | [CRW_SST] coraltemp_v3.1_20070420.nc is MISSING. Will try to re-download.
2026-01-17 15:30:15,795 | [CRW_SST] coraltemp_v3.1_20070421.nc is MISSING. Will try to re-download.
2026-01-17 15:30:15,795 | [CRW_SST] coraltemp_v3.1_20070422.nc is MISSING. Will try to re-download.
2026-01-17 15:30:15,797 | [CRW_SST] coraltemp_v3.1_20070423.nc is MISSING. Will try to re-download.
2026-01-17 15:30:15,797 | [CRW_SST] coraltemp_v3.1_20070424.nc is MISSING. Will try to re-download.
2026-01-17 15:30:15,798 | [CRW_SST] coraltemp_v3.1_20070425.nc is MISSING. Will try to re-download.
2026-01-17 15:30:15,800 | [CRW_SST] coraltemp_v3.1_20070426.nc is MISSING. Will try to re-download.
2026-01-17 15:30:15,800 | [CRW_SST] coraltemp_v3.1_20070427.nc is MISSING. Will try to re-download.
2026-01-17 15:30:15,802 | [CRW_SST] coraltemp_v3.1_20070428.nc is MISSING. Will try to re-download.
2026-01-17 15:30:15,803 | [CRW_SST] coraltemp_v3.1_20070429.nc is MISSING. Will try to re-download.
2026-01-17 15:30:15,803 | [CRW_SST] coraltemp_v3.1_20070430.nc is MISSING. Will try to re-download.
2026-01-17 15:30:15,803 | [CRW_SST] coraltemp_v3.1_20070501.nc is MISSING. Will try to re-download.
2026-01-17 15:30:15,803 | [CRW_SST] coraltemp_v3.1_20070502.nc is MISSING. Will try to re-download.
2026-01-17 15:30:15,807 | [CRW_SST] coraltemp_v3.1_20070503.nc is MISSING. Will try to re-download.
2026-01-17 15:30:15,811 | [CRW_SST] coraltemp_v3.1_20070504.nc is MISSING. Will try to re-download.
2026-01-17 15:30:15,812 | [CRW_SST] coraltemp_v3.1_20070505.nc is MISSING. Will try to re-download.
2026-01-17 15:30:15,812 | [CRW_SST] coraltemp_v3.1_20070506.nc is MISSING. Will try to re-download.
2026-01-17 15:30:15,813 | [CRW_SST] coraltemp_v3.1_20070507.nc is MISSING. Will try to re-download.
2026-01-17 15:30:15,814 | [CRW_SST] coraltemp_v3.1_20070508.nc is MISSING. Will try to re-download.
2026-01-17 15:30:15,815 | [CRW_SST] coraltemp_v3.1_20070509.nc is MISSING. Will try to re-download.
2026-01-17 15:30:15,815 | [CRW_SST] coraltemp_v3.1_20070510.nc is MISSING. Will try to re-download.
2026-01-17 15:30:15,815 | [CRW_SST] coraltemp_v3.1_20070512.nc is MISSING. Will try to re-download.
2026-01-17 15:30:15,817 | [CRW_SST] coraltemp_v3.1_20070513.nc is MISSING. Will try to re-download.
2026-01-17 15:30:15,818 | [CRW_SST] coraltemp_v3.1_20070514.nc is MISSING. Will try to re-download.
2026-01-17 15:30:15,819 | [CRW_SST] coraltemp_v3.1_20070515.nc is MISSING. Will try to re-download.
2026-01-17 15:30:15,819 | [CRW_SST] coraltemp_v3.1_20070516.nc is MISSING. Will try to re-download.
2026-01-17 15:30:15,819 | [CRW_SST] coraltemp_v3.1_20070517.nc is MISSING. Will try to re-download.
2026-01-17 15:30:15,819 | [CRW_SST] coraltemp_v3.1_20070518.nc is MISSING. Will try to re-download.
2026-01-17 15:30:15,819 | [CRW_SST] coraltemp_v3.1_20070519.nc is MISSING. Will try to re-download.
2026-01-17 15:30:15,822 | [CRW_SST] coraltemp_v3.1_20070520.nc is MISSING. Will try to re-download.
2026-01-17 15:30:15,822 | [CRW_SST] coraltemp_v3.1_20070521.nc is MISSING. Will try to re-download.
2026-01-17 15:30:15,822 | [CRW_SST] coraltemp_v3.1_20070522.nc is MISSING. Will try to re-download.
2026-01-17 15:30:15,826 | [CRW_SST] coraltemp_v3.1_20070523.nc is MISSING. Will try to re-download.
2026-01-17 15:30:15,826 | [CRW_SST] coraltemp_v3.1_20070524.nc is MISSING. Will try to re-download.
2026-01-17 15:30:15,827 | [CRW_SST] coraltemp_v3.1_20070525.nc is MISSING. Will try to re-download.
2026-01-17 15:30:15,828 | [CRW_SST] coraltemp_v3.1_20070526.nc is MISSING. Will try to re-download.
2026-01-17 15:30:15,828 | [CRW_SST] coraltemp_v3.1_20070527.nc is MISSING. Will try to re-download.
2026-01-17 15:30:15,828 | [CRW_SST] coraltemp_v3.1_20070528.nc is MISSING. Will try to re-download.
2026-01-17 15:30:15,828 | [CRW_SST] coraltemp_v3.1_20070529.nc is MISSING. Will try to re-download.
2026-01-17 15:30:15,830 | [CRW_SST] coraltemp_v3.1_20070530.nc is MISSING. Will try to re-download.
2026-01-17 15:30:15,831 | [CRW_SST] coraltemp_v3.1_20070531.nc is MISSING. Will try to re-download.
2026-01-17 15:30:15,832 | [CRW_SST] coraltemp_v3.1_20070601.nc is MISSING. Will try to re-download.
2026-01-17 15:30:15,832 | [CRW_SST] coraltemp_v3.1_20070602.nc is MISSING. Will try to re-download.
2026-01-17 15:30:15,832 | [CRW_SST] coraltemp_v3.1_20070603.nc is MISSING. Will try to re-download.
2026-01-17 15:30:15,834 | [CRW_SST] coraltemp_v3.1_20070604.nc is MISSING. Will try to re-download.
2026-01-17 15:30:15,834 | [CRW_SST] coraltemp_v3.1_20070605.nc is MISSING. Will try to re-download.
2026-01-17 15:30:15,834 | [CRW_SST] coraltemp_v3.1_20070606.nc is MISSING. Will try to re-download.
2026-01-17 15:30:15,834 | [CRW_SST] coraltemp_v3.1_20070607.nc is MISSING. Will try to re-download.
2026-01-17 15:30:15,836 | [CRW_SST] coraltemp_v3.1_20070608.nc is MISSING. Will try to re-download.
2026-01-17 15:30:15,836 | [CRW_SST] coraltemp_v3.1_20070609.nc is MISSING. Will try to re-download.
2026-01-17 15:30:15,838 | [CRW_SST] coraltemp_v3.1_20070610.nc is MISSING. Will try to re-download.
2026-01-17 15:30:15,839 | [CRW_SST] coraltemp_v3.1_20070612.nc is MISSING. Will try to re-download.
2026-01-17 15:30:15,839 | [CRW_SST] coraltemp_v3.1_20070613.nc is MISSING. Will try to re-download.
2026-01-17 15:30:15,841 | [CRW_SST] coraltemp_v3.1_20070614.nc is MISSING. Will try to re-download.
2026-01-17 15:30:15,844 | [CRW_SST] coraltemp_v3.1_20070615.nc is MISSING. Will try to re-download.
2026-01-17 15:30:15,844 | [CRW_SST] coraltemp_v3.1_20070616.nc is MISSING. Will try to re-download.
2026-01-17 15:30:15,844 | [CRW_SST] coraltemp_v3.1_20070617.nc is MISSING. Will try to re-download.
2026-01-17 15:30:15,844 | [CRW_SST] coraltemp_v3.1_20070618.nc is MISSING. Will try to re-download.
2026-01-17 15:30:15,844 | [CRW_SST] coraltemp_v3.1_20070619.nc is MISSING. Will try to re-download.
2026-01-17 15:30:15,847 | [CRW_SST] coraltemp_v3.1_20070620.nc is MISSING. Will try to re-download.
2026-01-17 15:30:15,847 | [CRW_SST] coraltemp_v3.1_20070621.nc is MISSING. Will try to re-download.
2026-01-17 15:30:15,848 | [CRW_SST] coraltemp_v3.1_20070622.nc is MISSING. Will try to re-download.
2026-01-17 15:30:15,850 | [CRW_SST] coraltemp_v3.1_20070623.nc is MISSING. Will try to re-download.
2026-01-17 15:30:15,850 | [CRW_SST] coraltemp_v3.1_20070624.nc is MISSING. Will try to re-download.
2026-01-17 15:30:15,851 | [CRW_SST] coraltemp_v3.1_20070625.nc is MISSING. Will try to re-download.
2026-01-17 15:30:15,851 | [CRW_SST] coraltemp_v3.1_20070626.nc is MISSING. Will try to re-download.
2026-01-17 15:30:15,851 | [CRW_SST] coraltemp_v3.1_20070627.nc is MISSING. Will try to re-download.
2026-01-17 15:30:15,851 | [CRW_SST] coraltemp_v3.1_20070628.nc is MISSING. Will try to re-download.
2026-01-17 15:30:15,853 | [CRW_SST] coraltemp_v3.1_20070629.nc is MISSING. Will try to re-download.
2026-01-17 15:30:15,853 | [CRW_SST] coraltemp_v3.1_20070630.nc is MISSING. Will try to re-download.
2026-01-17 15:30:15,853 | [CRW_SST] coraltemp_v3.1_20070701.nc is MISSING. Will try to re-download.
2026-01-17 15:30:15,855 | [CRW_SST] coraltemp_v3.1_20070702.nc is MISSING. Will try to re-download.
2026-01-17 15:30:15,855 | [CRW_SST] coraltemp_v3.1_20070703.nc is MISSING. Will try to re-download.
2026-01-17 15:30:15,856 | [CRW_SST] coraltemp_v3.1_20070704.nc is MISSING. Will try to re-download.
2026-01-17 15:30:15,856 | [CRW_SST] coraltemp_v3.1_20070705.nc is MISSING. Will try to re-download.
2026-01-17 15:30:15,860 | [CRW_SST] coraltemp_v3.1_20070706.nc is MISSING. Will try to re-download.
2026-01-17 15:30:15,860 | [CRW_SST] coraltemp_v3.1_20070707.nc is MISSING. Will try to re-download.
2026-01-17 15:30:15,861 | [CRW_SST] coraltemp_v3.1_20070708.nc is MISSING. Will try to re-download.
2026-01-17 15:30:15,861 | [CRW_SST] coraltemp_v3.1_20070709.nc is MISSING. Will try to re-download.
2026-01-17 15:30:15,861 | [CRW_SST] coraltemp_v3.1_20070710.nc is MISSING. Will try to re-download.
2026-01-17 15:30:15,863 | [CRW_SST] coraltemp_v3.1_20070712.nc is MISSING. Will try to re-download.
2026-01-17 15:30:15,863 | [CRW_SST] coraltemp_v3.1_20070713.nc is MISSING. Will try to re-download.
2026-01-17 15:30:15,863 | [CRW_SST] coraltemp_v3.1_20070714.nc is MISSING. Will try to re-download.
2026-01-17 15:30:15,864 | [CRW_SST] coraltemp_v3.1_20070715.nc is MISSING. Will try to re-download.
2026-01-17 15:30:15,864 | [CRW_SST] coraltemp_v3.1_20070716.nc is MISSING. Will try to re-download.
2026-01-17 15:30:15,864 | [CRW_SST] coraltemp_v3.1_20070717.nc is MISSING. Will try to re-download.
2026-01-17 15:30:15,864 | [CRW_SST] coraltemp_v3.1_20070718.nc is MISSING. Will try to re-download.
2026-01-17 15:30:15,869 | [CRW_SST] coraltemp_v3.1_20070719.nc is MISSING. Will try to re-download.
2026-01-17 15:30:15,869 | [CRW_SST] coraltemp_v3.1_20070720.nc is MISSING. Will try to re-download.
2026-01-17 15:30:15,870 | [CRW_SST] coraltemp_v3.1_20070721.nc is MISSING. Will try to re-download.
2026-01-17 15:30:15,870 | [CRW_SST] coraltemp_v3.1_20070722.nc is MISSING. Will try to re-download.
2026-01-17 15:30:15,870 | [CRW_SST] coraltemp_v3.1_20070723.nc is MISSING. Will try to re-download.
2026-01-17 15:30:15,871 | [CRW_SST] coraltemp_v3.1_20070724.nc is MISSING. Will try to re-download.
2026-01-17 15:30:15,871 | [CRW_SST] coraltemp_v3.1_20070725.nc is MISSING. Will try to re-download.
2026-01-17 15:30:15,871 | [CRW_SST] coraltemp_v3.1_20070726.nc is MISSING. Will try to re-download.
2026-01-17 15:30:15,871 | [CRW_SST] coraltemp_v3.1_20070727.nc is MISSING. Will try to re-download.
2026-01-17 15:30:15,871 | [CRW_SST] coraltemp_v3.1_20070728.nc is MISSING. Will try to re-download.
2026-01-17 15:30:15,871 | [CRW_SST] coraltemp_v3.1_20070729.nc is MISSING. Will try to re-download.
2026-01-17 15:30:15,876 | [CRW_SST] coraltemp_v3.1_20070730.nc is MISSING. Will try to re-download.
2026-01-17 15:30:15,876 | [CRW_SST] coraltemp_v3.1_20070731.nc is MISSING. Will try to re-download.
2026-01-17 15:30:15,878 | [CRW_SST] coraltemp_v3.1_20070801.nc is MISSING. Will try to re-download.
2026-01-17 15:30:15,878 | [CRW_SST] coraltemp_v3.1_20070802.nc is MISSING. Will try to re-download.
2026-01-17 15:30:15,878 | [CRW_SST] coraltemp_v3.1_20070803.nc is MISSING. Will try to re-download.
2026-01-17 15:30:15,880 | [CRW_SST] coraltemp_v3.1_20070804.nc is MISSING. Will try to re-download.
2026-01-17 15:30:15,880 | [CRW_SST] coraltemp_v3.1_20070805.nc is MISSING. Will try to re-download.
2026-01-17 15:30:15,881 | [CRW_SST] coraltemp_v3.1_20070806.nc is MISSING. Will try to re-download.
2026-01-17 15:30:15,882 | [CRW_SST] coraltemp_v3.1_20070807.nc is MISSING. Will try to re-download.
2026-01-17 15:30:15,882 | [CRW_SST] coraltemp_v3.1_20070808.nc is MISSING. Will try to re-download.
2026-01-17 15:30:15,884 | [CRW_SST] coraltemp_v3.1_20070809.nc is MISSING. Will try to re-download.
2026-01-17 15:30:15,885 | [CRW_SST] coraltemp_v3.1_20070810.nc is MISSING. Will try to re-download.
2026-01-17 15:30:15,887 | [CRW_SST] coraltemp_v3.1_20070812.nc is MISSING. Will try to re-download.
2026-01-17 15:30:15,888 | [CRW_SST] coraltemp_v3.1_20070813.nc is MISSING. Will try to re-download.
2026-01-17 15:30:15,888 | [CRW_SST] coraltemp_v3.1_20070814.nc is MISSING. Will try to re-download.
2026-01-17 15:30:15,894 | [CRW_SST] coraltemp_v3.1_20070815.nc is MISSING. Will try to re-download.
2026-01-17 15:30:15,894 | [CRW_SST] coraltemp_v3.1_20070816.nc is MISSING. Will try to re-download.
2026-01-17 15:30:15,896 | [CRW_SST] coraltemp_v3.1_20070817.nc is MISSING. Will try to re-download.
2026-01-17 15:30:15,897 | [CRW_SST] coraltemp_v3.1_20070818.nc is MISSING. Will try to re-download.
2026-01-17 15:30:15,898 | [CRW_SST] coraltemp_v3.1_20070819.nc is MISSING. Will try to re-download.
2026-01-17 15:30:15,904 | [CRW_SST] coraltemp_v3.1_20070820.nc is MISSING. Will try to re-download.
2026-01-17 15:30:15,906 | [CRW_SST] coraltemp_v3.1_20070821.nc is MISSING. Will try to re-download.
2026-01-17 15:30:15,909 | [CRW_SST] coraltemp_v3.1_20070822.nc is MISSING. Will try to re-download.
2026-01-17 15:30:15,910 | [CRW_SST] coraltemp_v3.1_20070823.nc is MISSING. Will try to re-download.
2026-01-17 15:30:15,910 | [CRW_SST] coraltemp_v3.1_20070824.nc is MISSING. Will try to re-download.
2026-01-17 15:30:15,912 | [CRW_SST] coraltemp_v3.1_20070825.nc is MISSING. Will try to re-download.
2026-01-17 15:30:15,913 | [CRW_SST] coraltemp_v3.1_20070826.nc is MISSING. Will try to re-download.
2026-01-17 15:30:15,914 | [CRW_SST] coraltemp_v3.1_20070827.nc is MISSING. Will try to re-download.
2026-01-17 15:30:15,914 | [CRW_SST] coraltemp_v3.1_20070828.nc is MISSING. Will try to re-download.
2026-01-17 15:30:15,914 | [CRW_SST] coraltemp_v3.1_20070829.nc is MISSING. Will try to re-download.
2026-01-17 15:30:15,919 | [CRW_SST] coraltemp_v3.1_20070830.nc is MISSING. Will try to re-download.
2026-01-17 15:30:15,921 | [CRW_SST] coraltemp_v3.1_20070831.nc is MISSING. Will try to re-download.
2026-01-17 15:30:15,921 | [CRW_SST] coraltemp_v3.1_20070901.nc is MISSING. Will try to re-download.
2026-01-17 15:30:15,928 | [CRW_SST] coraltemp_v3.1_20070902.nc is MISSING. Will try to re-download.
2026-01-17 15:30:15,931 | [CRW_SST] coraltemp_v3.1_20070903.nc is MISSING. Will try to re-download.
2026-01-17 15:30:15,932 | [CRW_SST] coraltemp_v3.1_20070904.nc is MISSING. Will try to re-download.
2026-01-17 15:30:15,932 | [CRW_SST] coraltemp_v3.1_20070905.nc is MISSING. Will try to re-download.
2026-01-17 15:30:15,934 | [CRW_SST] coraltemp_v3.1_20070906.nc is MISSING. Will try to re-download.
2026-01-17 15:30:15,935 | [CRW_SST] coraltemp_v3.1_20070907.nc is MISSING. Will try to re-download.
2026-01-17 15:30:15,936 | [CRW_SST] coraltemp_v3.1_20070908.nc is MISSING. Will try to re-download.
2026-01-17 15:30:15,937 | [CRW_SST] coraltemp_v3.1_20070909.nc is MISSING. Will try to re-download.
2026-01-17 15:30:15,937 | [CRW_SST] coraltemp_v3.1_20070910.nc is MISSING. Will try to re-download.
2026-01-17 15:30:15,938 | [CRW_SST] coraltemp_v3.1_20070912.nc is MISSING. Will try to re-download.
2026-01-17 15:30:15,944 | [CRW_SST] coraltemp_v3.1_20070913.nc is MISSING. Will try to re-download.
2026-01-17 15:30:15,947 | [CRW_SST] coraltemp_v3.1_20070914.nc is MISSING. Will try to re-download.
2026-01-17 15:30:15,948 | [CRW_SST] coraltemp_v3.1_20070915.nc is MISSING. Will try to re-download.
2026-01-17 15:30:15,948 | [CRW_SST] coraltemp_v3.1_20070916.nc is MISSING. Will try to re-download.
2026-01-17 15:30:15,950 | [CRW_SST] coraltemp_v3.1_20070917.nc is MISSING. Will try to re-download.
2026-01-17 15:30:15,950 | [CRW_SST] coraltemp_v3.1_20070918.nc is MISSING. Will try to re-download.
2026-01-17 15:30:15,954 | [CRW_SST] coraltemp_v3.1_20070919.nc is MISSING. Will try to re-download.
2026-01-17 15:30:15,954 | [CRW_SST] coraltemp_v3.1_20070920.nc is MISSING. Will try to re-download.
2026-01-17 15:30:15,954 | [CRW_SST] coraltemp_v3.1_20070921.nc is MISSING. Will try to re-download.
2026-01-17 15:30:15,955 | [CRW_SST] coraltemp_v3.1_20070922.nc is MISSING. Will try to re-download.
2026-01-17 15:30:15,955 | [CRW_SST] coraltemp_v3.1_20070923.nc is MISSING. Will try to re-download.
2026-01-17 15:30:15,955 | [CRW_SST] coraltemp_v3.1_20070924.nc is MISSING. Will try to re-download.
2026-01-17 15:30:15,960 | [CRW_SST] coraltemp_v3.1_20070925.nc is MISSING. Will try to re-download.
2026-01-17 15:30:15,962 | [CRW_SST] coraltemp_v3.1_20070926.nc is MISSING. Will try to re-download.
2026-01-17 15:30:15,962 | [CRW_SST] coraltemp_v3.1_20070927.nc is MISSING. Will try to re-download.
2026-01-17 15:30:15,962 | [CRW_SST] coraltemp_v3.1_20070928.nc is MISSING. Will try to re-download.
2026-01-17 15:30:15,962 | [CRW_SST] coraltemp_v3.1_20070929.nc is MISSING. Will try to re-download.
2026-01-17 15:30:15,964 | [CRW_SST] coraltemp_v3.1_20070930.nc is MISSING. Will try to re-download.
2026-01-17 15:30:15,964 | [CRW_SST] coraltemp_v3.1_20071001.nc is MISSING. Will try to re-download.
2026-01-17 15:30:15,964 | [CRW_SST] coraltemp_v3.1_20071002.nc is MISSING. Will try to re-download.
2026-01-17 15:30:15,966 | [CRW_SST] coraltemp_v3.1_20071003.nc is MISSING. Will try to re-download.
2026-01-17 15:30:15,966 | [CRW_SST] coraltemp_v3.1_20071004.nc is MISSING. Will try to re-download.
2026-01-17 15:30:15,966 | [CRW_SST] coraltemp_v3.1_20071005.nc is MISSING. Will try to re-download.
2026-01-17 15:30:15,968 | [CRW_SST] coraltemp_v3.1_20071006.nc is MISSING. Will try to re-download.
2026-01-17 15:30:15,968 | [CRW_SST] coraltemp_v3.1_20071007.nc is MISSING. Will try to re-download.
2026-01-17 15:30:15,968 | [CRW_SST] coraltemp_v3.1_20071008.nc is MISSING. Will try to re-download.
2026-01-17 15:30:15,968 | [CRW_SST] coraltemp_v3.1_20071009.nc is MISSING. Will try to re-download.
2026-01-17 15:30:15,968 | [CRW_SST] coraltemp_v3.1_20071010.nc is MISSING. Will try to re-download.
2026-01-17 15:30:15,971 | [CRW_SST] coraltemp_v3.1_20071012.nc is MISSING. Will try to re-download.
2026-01-17 15:30:15,971 | [CRW_SST] coraltemp_v3.1_20071013.nc is MISSING. Will try to re-download.
2026-01-17 15:30:15,972 | [CRW_SST] coraltemp_v3.1_20071014.nc is MISSING. Will try to re-download.
2026-01-17 15:30:15,974 | [CRW_SST] coraltemp_v3.1_20071015.nc is MISSING. Will try to re-download.
2026-01-17 15:30:15,976 | [CRW_SST] coraltemp_v3.1_20071016.nc is MISSING. Will try to re-download.
2026-01-17 15:30:15,977 | [CRW_SST] coraltemp_v3.1_20071017.nc is MISSING. Will try to re-download.
2026-01-17 15:30:15,978 | [CRW_SST] coraltemp_v3.1_20071018.nc is MISSING. Will try to re-download.
2026-01-17 15:30:15,980 | [CRW_SST] coraltemp_v3.1_20071019.nc is MISSING. Will try to re-download.
2026-01-17 15:30:15,982 | [CRW_SST] coraltemp_v3.1_20071020.nc is MISSING. Will try to re-download.
2026-01-17 15:30:15,982 | [CRW_SST] coraltemp_v3.1_20071021.nc is MISSING. Will try to re-download.
2026-01-17 15:30:15,982 | [CRW_SST] coraltemp_v3.1_20071022.nc is MISSING. Will try to re-download.
2026-01-17 15:30:15,984 | [CRW_SST] coraltemp_v3.1_20071023.nc is MISSING. Will try to re-download.
2026-01-17 15:30:15,984 | [CRW_SST] coraltemp_v3.1_20071024.nc is MISSING. Will try to re-download.
2026-01-17 15:30:15,984 | [CRW_SST] coraltemp_v3.1_20071025.nc is MISSING. Will try to re-download.
2026-01-17 15:30:15,985 | [CRW_SST] coraltemp_v3.1_20071026.nc is MISSING. Will try to re-download.
2026-01-17 15:30:15,985 | [CRW_SST] coraltemp_v3.1_20071027.nc is MISSING. Will try to re-download.
2026-01-17 15:30:15,986 | [CRW_SST] coraltemp_v3.1_20071028.nc is MISSING. Will try to re-download.
2026-01-17 15:30:15,987 | [CRW_SST] coraltemp_v3.1_20071029.nc is MISSING. Will try to re-download.
2026-01-17 15:30:15,989 | [CRW_SST] coraltemp_v3.1_20071030.nc is MISSING. Will try to re-download.
2026-01-17 15:30:15,989 | [CRW_SST] coraltemp_v3.1_20071031.nc is MISSING. Will try to re-download.
2026-01-17 15:30:15,989 | [CRW_SST] coraltemp_v3.1_20071201.nc is MISSING. Will try to re-download.
2026-01-17 15:30:15,989 | [CRW_SST] coraltemp_v3.1_20071202.nc is MISSING. Will try to re-download.
2026-01-17 15:30:15,994 | [CRW_SST] coraltemp_v3.1_20071203.nc is MISSING. Will try to re-download.
2026-01-17 15:30:15,994 | [CRW_SST] coraltemp_v3.1_20071204.nc is MISSING. Will try to re-download.
2026-01-17 15:30:15,995 | [CRW_SST] coraltemp_v3.1_20071205.nc is MISSING. Will try to re-download.
2026-01-17 15:30:15,996 | [CRW_SST] coraltemp_v3.1_20071206.nc is MISSING. Will try to re-download.
2026-01-17 15:30:15,997 | [CRW_SST] coraltemp_v3.1_20071207.nc is MISSING. Will try to re-download.
2026-01-17 15:30:15,997 | [CRW_SST] coraltemp_v3.1_20071208.nc is MISSING. Will try to re-download.
2026-01-17 15:30:15,997 | [CRW_SST] coraltemp_v3.1_20071209.nc is MISSING. Will try to re-download.
2026-01-17 15:30:15,999 | [CRW_SST] coraltemp_v3.1_20071210.nc is MISSING. Will try to re-download.
2026-01-17 15:30:16,000 | [CRW_SST] coraltemp_v3.1_20071212.nc is MISSING. Will try to re-download.
2026-01-17 15:30:16,001 | [CRW_SST] coraltemp_v3.1_20071213.nc is MISSING. Will try to re-download.
2026-01-17 15:30:16,001 | [CRW_SST] coraltemp_v3.1_20071214.nc is MISSING. Will try to re-download.
2026-01-17 15:30:16,003 | [CRW_SST] coraltemp_v3.1_20071215.nc is MISSING. Will try to re-download.
2026-01-17 15:30:16,003 | [CRW_SST] coraltemp_v3.1_20071216.nc is MISSING. Will try to re-download.
2026-01-17 15:30:16,003 | [CRW_SST] coraltemp_v3.1_20071217.nc is MISSING. Will try to re-download.
2026-01-17 15:30:16,003 | [CRW_SST] coraltemp_v3.1_20071218.nc is MISSING. Will try to re-download.
2026-01-17 15:30:16,003 | [CRW_SST] coraltemp_v3.1_20071219.nc is MISSING. Will try to re-download.
2026-01-17 15:30:16,003 | [CRW_SST] coraltemp_v3.1_20071220.nc is MISSING. Will try to re-download.
2026-01-17 15:30:16,003 | [CRW_SST] coraltemp_v3.1_20071221.nc is MISSING. Will try to re-download.
2026-01-17 15:30:16,003 | [CRW_SST] coraltemp_v3.1_20071222.nc is MISSING. Will try to re-download.
2026-01-17 15:30:16,010 | [CRW_SST] coraltemp_v3.1_20071223.nc is MISSING. Will try to re-download.
2026-01-17 15:30:16,012 | [CRW_SST] coraltemp_v3.1_20071224.nc is MISSING. Will try to re-download.
2026-01-17 15:30:16,013 | [CRW_SST] coraltemp_v3.1_20071225.nc is MISSING. Will try to re-download.
2026-01-17 15:30:16,014 | [CRW_SST] coraltemp_v3.1_20071226.nc is MISSING. Will try to re-download.
2026-01-17 15:30:16,014 | [CRW_SST] coraltemp_v3.1_20071227.nc is MISSING. Will try to re-download.
2026-01-17 15:30:16,015 | [CRW_SST] coraltemp_v3.1_20071228.nc is MISSING. Will try to re-download.
2026-01-17 15:30:16,015 | [CRW_SST] coraltemp_v3.1_20071229.nc is MISSING. Will try to re-download.
2026-01-17 15:30:16,015 | [CRW_SST] coraltemp_v3.1_20071230.nc is MISSING. Will try to re-download.
2026-01-17 15:30:16,015 | [CRW_SST] coraltemp_v3.1_20071231.nc is MISSING. Will try to re-download.
2026-01-17 15:30:16,018 | [CRW_SST] coraltemp_v3.1_20080101.nc is MISSING. Will try to re-download.
2026-01-17 15:30:16,018 | [CRW_SST] coraltemp_v3.1_20080102.nc is MISSING. Will try to re-download.
2026-01-17 15:30:16,019 | [CRW_SST] coraltemp_v3.1_20080103.nc is MISSING. Will try to re-download.
2026-01-17 15:30:16,020 | [CRW_SST] coraltemp_v3.1_20080104.nc is MISSING. Will try to re-download.
2026-01-17 15:30:16,020 | [CRW_SST] coraltemp_v3.1_20080105.nc is MISSING. Will try to re-download.
2026-01-17 15:30:16,020 | [CRW_SST] coraltemp_v3.1_20080106.nc is MISSING. Will try to re-download.
2026-01-17 15:30:16,022 | [CRW_SST] coraltemp_v3.1_20080107.nc is MISSING. Will try to re-download.
2026-01-17 15:30:16,022 | [CRW_SST] coraltemp_v3.1_20080108.nc is MISSING. Will try to re-download.
2026-01-17 15:30:16,022 | [CRW_SST] coraltemp_v3.1_20080109.nc is MISSING. Will try to re-download.
2026-01-17 15:30:16,023 | [CRW_SST] coraltemp_v3.1_20080120.nc is MISSING. Will try to re-download.
2026-01-17 15:30:16,027 | [CRW_SST] coraltemp_v3.1_20080121.nc is MISSING. Will try to re-download.
2026-01-17 15:30:16,028 | [CRW_SST] coraltemp_v3.1_20080122.nc is MISSING. Will try to re-download.
2026-01-17 15:30:16,028 | [CRW_SST] coraltemp_v3.1_20080123.nc is MISSING. Will try to re-download.
2026-01-17 15:30:16,028 | [CRW_SST] coraltemp_v3.1_20080124.nc is MISSING. Will try to re-download.
2026-01-17 15:30:16,028 | [CRW_SST] coraltemp_v3.1_20080125.nc is MISSING. Will try to re-download.
2026-01-17 15:30:16,028 | [CRW_SST] coraltemp_v3.1_20080126.nc is MISSING. Will try to re-download.
2026-01-17 15:30:16,028 | [CRW_SST] coraltemp_v3.1_20080127.nc is MISSING. Will try to re-download.
2026-01-17 15:30:16,030 | [CRW_SST] coraltemp_v3.1_20080128.nc is MISSING. Will try to re-download.
2026-01-17 15:30:16,030 | [CRW_SST] coraltemp_v3.1_20080129.nc is MISSING. Will try to re-download.
2026-01-17 15:30:16,032 | [CRW_SST] coraltemp_v3.1_20080130.nc is MISSING. Will try to re-download.
2026-01-17 15:30:16,032 | [CRW_SST] coraltemp_v3.1_20080131.nc is MISSING. Will try to re-download.
2026-01-17 15:30:16,032 | [CRW_SST] coraltemp_v3.1_20080201.nc is MISSING. Will try to re-download.
2026-01-17 15:30:16,032 | [CRW_SST] coraltemp_v3.1_20080202.nc is MISSING. Will try to re-download.
2026-01-17 15:30:16,032 | [CRW_SST] coraltemp_v3.1_20080203.nc is MISSING. Will try to re-download.
2026-01-17 15:30:16,034 | [CRW_SST] coraltemp_v3.1_20080204.nc is MISSING. Will try to re-download.
2026-01-17 15:30:16,034 | [CRW_SST] coraltemp_v3.1_20080205.nc is MISSING. Will try to re-download.
2026-01-17 15:30:16,034 | [CRW_SST] coraltemp_v3.1_20080206.nc is MISSING. Will try to re-download.
2026-01-17 15:30:16,034 | [CRW_SST] coraltemp_v3.1_20080207.nc is MISSING. Will try to re-download.
2026-01-17 15:30:16,034 | [CRW_SST] coraltemp_v3.1_20080208.nc is MISSING. Will try to re-download.
2026-01-17 15:30:16,034 | [CRW_SST] coraltemp_v3.1_20080209.nc is MISSING. Will try to re-download.
2026-01-17 15:30:16,036 | [CRW_SST] coraltemp_v3.1_20080210.nc is MISSING. Will try to re-download.
2026-01-17 15:30:16,036 | [CRW_SST] coraltemp_v3.1_20080212.nc is MISSING. Will try to re-download.
2026-01-17 15:30:16,037 | [CRW_SST] coraltemp_v3.1_20080213.nc is MISSING. Will try to re-download.
2026-01-17 15:30:16,037 | [CRW_SST] coraltemp_v3.1_20080214.nc is MISSING. Will try to re-download.
2026-01-17 15:30:16,038 | [CRW_SST] coraltemp_v3.1_20080215.nc is MISSING. Will try to re-download.
2026-01-17 15:30:16,038 | [CRW_SST] coraltemp_v3.1_20080216.nc is MISSING. Will try to re-download.
2026-01-17 15:30:16,039 | [CRW_SST] coraltemp_v3.1_20080217.nc is MISSING. Will try to re-download.
2026-01-17 15:30:16,039 | [CRW_SST] coraltemp_v3.1_20080218.nc is MISSING. Will try to re-download.
2026-01-17 15:30:16,039 | [CRW_SST] coraltemp_v3.1_20080219.nc is MISSING. Will try to re-download.
2026-01-17 15:30:16,042 | [CRW_SST] coraltemp_v3.1_20080220.nc is MISSING. Will try to re-download.
2026-01-17 15:30:16,043 | [CRW_SST] coraltemp_v3.1_20080221.nc is MISSING. Will try to re-download.
2026-01-17 15:30:16,043 | [CRW_SST] coraltemp_v3.1_20080222.nc is MISSING. Will try to re-download.
2026-01-17 15:30:16,043 | [CRW_SST] coraltemp_v3.1_20080223.nc is MISSING. Will try to re-download.
2026-01-17 15:30:16,045 | [CRW_SST] coraltemp_v3.1_20080224.nc is MISSING. Will try to re-download.
2026-01-17 15:30:16,045 | [CRW_SST] coraltemp_v3.1_20080225.nc is MISSING. Will try to re-download.
2026-01-17 15:30:16,045 | [CRW_SST] coraltemp_v3.1_20080226.nc is MISSING. Will try to re-download.
2026-01-17 15:30:16,047 | [CRW_SST] coraltemp_v3.1_20080227.nc is MISSING. Will try to re-download.
2026-01-17 15:30:16,047 | [CRW_SST] coraltemp_v3.1_20080228.nc is MISSING. Will try to re-download.
2026-01-17 15:30:16,049 | [CRW_SST] coraltemp_v3.1_20080229.nc is MISSING. Will try to re-download.
2026-01-17 15:30:16,049 | [CRW_SST] coraltemp_v3.1_20080301.nc is MISSING. Will try to re-download.
2026-01-17 15:30:16,050 | [CRW_SST] coraltemp_v3.1_20080302.nc is MISSING. Will try to re-download.
2026-01-17 15:30:16,050 | [CRW_SST] coraltemp_v3.1_20080303.nc is MISSING. Will try to re-download.
2026-01-17 15:30:16,050 | [CRW_SST] coraltemp_v3.1_20080304.nc is MISSING. Will try to re-download.
2026-01-17 15:30:16,050 | [CRW_SST] coraltemp_v3.1_20080305.nc is MISSING. Will try to re-download.
2026-01-17 15:30:16,050 | [CRW_SST] coraltemp_v3.1_20080306.nc is MISSING. Will try to re-download.
2026-01-17 15:30:16,050 | [CRW_SST] coraltemp_v3.1_20080307.nc is MISSING. Will try to re-download.
2026-01-17 15:30:16,050 | [CRW_SST] coraltemp_v3.1_20080308.nc is MISSING. Will try to re-download.
2026-01-17 15:30:16,053 | [CRW_SST] coraltemp_v3.1_20080309.nc is MISSING. Will try to re-download.
2026-01-17 15:30:16,053 | [CRW_SST] coraltemp_v3.1_20080310.nc is MISSING. Will try to re-download.
2026-01-17 15:30:16,054 | [CRW_SST] coraltemp_v3.1_20080312.nc is MISSING. Will try to re-download.
2026-01-17 15:30:16,054 | [CRW_SST] coraltemp_v3.1_20080313.nc is MISSING. Will try to re-download.
2026-01-17 15:30:16,056 | [CRW_SST] coraltemp_v3.1_20080314.nc is MISSING. Will try to re-download.
2026-01-17 15:30:16,056 | [CRW_SST] coraltemp_v3.1_20080315.nc is MISSING. Will try to re-download.
2026-01-17 15:30:16,056 | [CRW_SST] coraltemp_v3.1_20080316.nc is MISSING. Will try to re-download.
2026-01-17 15:30:16,060 | [CRW_SST] coraltemp_v3.1_20080317.nc is MISSING. Will try to re-download.
2026-01-17 15:30:16,061 | [CRW_SST] coraltemp_v3.1_20080318.nc is MISSING. Will try to re-download.
2026-01-17 15:30:16,061 | [CRW_SST] coraltemp_v3.1_20080319.nc is MISSING. Will try to re-download.
2026-01-17 15:30:16,063 | [CRW_SST] coraltemp_v3.1_20080320.nc is MISSING. Will try to re-download.
2026-01-17 15:30:16,063 | [CRW_SST] coraltemp_v3.1_20080321.nc is MISSING. Will try to re-download.
2026-01-17 15:30:16,064 | [CRW_SST] coraltemp_v3.1_20080322.nc is MISSING. Will try to re-download.
2026-01-17 15:30:16,064 | [CRW_SST] coraltemp_v3.1_20080323.nc is MISSING. Will try to re-download.
2026-01-17 15:30:16,064 | [CRW_SST] coraltemp_v3.1_20080324.nc is MISSING. Will try to re-download.
2026-01-17 15:30:16,066 | [CRW_SST] coraltemp_v3.1_20080325.nc is MISSING. Will try to re-download.
2026-01-17 15:30:16,066 | [CRW_SST] coraltemp_v3.1_20080326.nc is MISSING. Will try to re-download.
2026-01-17 15:30:16,066 | [CRW_SST] coraltemp_v3.1_20080327.nc is MISSING. Will try to re-download.
2026-01-17 15:30:16,068 | [CRW_SST] coraltemp_v3.1_20080328.nc is MISSING. Will try to re-download.
2026-01-17 15:30:16,068 | [CRW_SST] coraltemp_v3.1_20080329.nc is MISSING. Will try to re-download.
2026-01-17 15:30:16,068 | [CRW_SST] coraltemp_v3.1_20080330.nc is MISSING. Will try to re-download.
2026-01-17 15:30:16,069 | [CRW_SST] coraltemp_v3.1_20080331.nc is MISSING. Will try to re-download.
2026-01-17 15:30:16,070 | [CRW_SST] coraltemp_v3.1_20080401.nc is MISSING. Will try to re-download.
2026-01-17 15:30:16,070 | [CRW_SST] coraltemp_v3.1_20080402.nc is MISSING. Will try to re-download.
2026-01-17 15:30:16,070 | [CRW_SST] coraltemp_v3.1_20080403.nc is MISSING. Will try to re-download.
2026-01-17 15:30:16,070 | [CRW_SST] coraltemp_v3.1_20080404.nc is MISSING. Will try to re-download.
2026-01-17 15:30:16,070 | [CRW_SST] coraltemp_v3.1_20080405.nc is MISSING. Will try to re-download.
2026-01-17 15:30:16,070 | [CRW_SST] coraltemp_v3.1_20080406.nc is MISSING. Will try to re-download.
2026-01-17 15:30:16,070 | [CRW_SST] coraltemp_v3.1_20080407.nc is MISSING. Will try to re-download.
2026-01-17 15:30:16,070 | [CRW_SST] coraltemp_v3.1_20080408.nc is MISSING. Will try to re-download.
2026-01-17 15:30:16,077 | [CRW_SST] coraltemp_v3.1_20080409.nc is MISSING. Will try to re-download.
2026-01-17 15:30:16,077 | [CRW_SST] coraltemp_v3.1_20080410.nc is MISSING. Will try to re-download.
2026-01-17 15:30:16,078 | [CRW_SST] coraltemp_v3.1_20080412.nc is MISSING. Will try to re-download.
2026-01-17 15:30:16,078 | [CRW_SST] coraltemp_v3.1_20080413.nc is MISSING. Will try to re-download.
2026-01-17 15:30:16,078 | [CRW_SST] coraltemp_v3.1_20080414.nc is MISSING. Will try to re-download.
2026-01-17 15:30:16,078 | [CRW_SST] coraltemp_v3.1_20080415.nc is MISSING. Will try to re-download.
2026-01-17 15:30:16,078 | [CRW_SST] coraltemp_v3.1_20080416.nc is MISSING. Will try to re-download.
2026-01-17 15:30:16,081 | [CRW_SST] coraltemp_v3.1_20080417.nc is MISSING. Will try to re-download.
2026-01-17 15:30:16,081 | [CRW_SST] coraltemp_v3.1_20080418.nc is MISSING. Will try to re-download.
2026-01-17 15:30:16,082 | [CRW_SST] coraltemp_v3.1_20080419.nc is MISSING. Will try to re-download.
2026-01-17 15:30:16,082 | [CRW_SST] coraltemp_v3.1_20080420.nc is MISSING. Will try to re-download.
2026-01-17 15:30:16,083 | [CRW_SST] coraltemp_v3.1_20080421.nc is MISSING. Will try to re-download.
2026-01-17 15:30:16,083 | [CRW_SST] coraltemp_v3.1_20080422.nc is MISSING. Will try to re-download.
2026-01-17 15:30:16,084 | [CRW_SST] coraltemp_v3.1_20080423.nc is MISSING. Will try to re-download.
2026-01-17 15:30:16,084 | [CRW_SST] coraltemp_v3.1_20080424.nc is MISSING. Will try to re-download.
2026-01-17 15:30:16,084 | [CRW_SST] coraltemp_v3.1_20080425.nc is MISSING. Will try to re-download.
2026-01-17 15:30:16,086 | [CRW_SST] coraltemp_v3.1_20080426.nc is MISSING. Will try to re-download.
2026-01-17 15:30:16,086 | [CRW_SST] coraltemp_v3.1_20080427.nc is MISSING. Will try to re-download.
2026-01-17 15:30:16,086 | [CRW_SST] coraltemp_v3.1_20080428.nc is MISSING. Will try to re-download.
2026-01-17 15:30:16,087 | [CRW_SST] coraltemp_v3.1_20080429.nc is MISSING. Will try to re-download.
2026-01-17 15:30:16,088 | [CRW_SST] coraltemp_v3.1_20080430.nc is MISSING. Will try to re-download.
2026-01-17 15:30:16,089 | [CRW_SST] coraltemp_v3.1_20080501.nc is MISSING. Will try to re-download.
2026-01-17 15:30:16,089 | [CRW_SST] coraltemp_v3.1_20080502.nc is MISSING. Will try to re-download.
2026-01-17 15:30:16,092 | [CRW_SST] coraltemp_v3.1_20080503.nc is MISSING. Will try to re-download.
2026-01-17 15:30:16,092 | [CRW_SST] coraltemp_v3.1_20080504.nc is MISSING. Will try to re-download.
2026-01-17 15:30:16,095 | [CRW_SST] coraltemp_v3.1_20080505.nc is MISSING. Will try to re-download.
2026-01-17 15:30:16,095 | [CRW_SST] coraltemp_v3.1_20080506.nc is MISSING. Will try to re-download.
2026-01-17 15:30:16,095 | [CRW_SST] coraltemp_v3.1_20080507.nc is MISSING. Will try to re-download.
2026-01-17 15:30:16,097 | [CRW_SST] coraltemp_v3.1_20080508.nc is MISSING. Will try to re-download.
2026-01-17 15:30:16,097 | [CRW_SST] coraltemp_v3.1_20080509.nc is MISSING. Will try to re-download.
2026-01-17 15:30:16,098 | [CRW_SST] coraltemp_v3.1_20080510.nc is MISSING. Will try to re-download.
2026-01-17 15:30:16,098 | [CRW_SST] coraltemp_v3.1_20080512.nc is MISSING. Will try to re-download.
2026-01-17 15:30:16,099 | [CRW_SST] coraltemp_v3.1_20080513.nc is MISSING. Will try to re-download.
2026-01-17 15:30:16,099 | [CRW_SST] coraltemp_v3.1_20080514.nc is MISSING. Will try to re-download.
2026-01-17 15:30:16,100 | [CRW_SST] coraltemp_v3.1_20080515.nc is MISSING. Will try to re-download.
2026-01-17 15:30:16,100 | [CRW_SST] coraltemp_v3.1_20080516.nc is MISSING. Will try to re-download.
2026-01-17 15:30:16,100 | [CRW_SST] coraltemp_v3.1_20080517.nc is MISSING. Will try to re-download.
2026-01-17 15:30:16,100 | [CRW_SST] coraltemp_v3.1_20080518.nc is MISSING. Will try to re-download.
2026-01-17 15:30:16,103 | [CRW_SST] coraltemp_v3.1_20080519.nc is MISSING. Will try to re-download.
2026-01-17 15:30:16,103 | [CRW_SST] coraltemp_v3.1_20080520.nc is MISSING. Will try to re-download.
2026-01-17 15:30:16,103 | [CRW_SST] coraltemp_v3.1_20080521.nc is MISSING. Will try to re-download.
2026-01-17 15:30:16,103 | [CRW_SST] coraltemp_v3.1_20080522.nc is MISSING. Will try to re-download.
2026-01-17 15:30:16,103 | [CRW_SST] coraltemp_v3.1_20080523.nc is MISSING. Will try to re-download.
2026-01-17 15:30:16,103 | [CRW_SST] coraltemp_v3.1_20080524.nc is MISSING. Will try to re-download.
2026-01-17 15:30:16,103 | [CRW_SST] coraltemp_v3.1_20080525.nc is MISSING. Will try to re-download.
2026-01-17 15:30:16,106 | [CRW_SST] coraltemp_v3.1_20080526.nc is MISSING. Will try to re-download.
2026-01-17 15:30:16,106 | [CRW_SST] coraltemp_v3.1_20080527.nc is MISSING. Will try to re-download.
2026-01-17 15:30:16,110 | [CRW_SST] coraltemp_v3.1_20080528.nc is MISSING. Will try to re-download.
2026-01-17 15:30:16,111 | [CRW_SST] coraltemp_v3.1_20080529.nc is MISSING. Will try to re-download.
2026-01-17 15:30:16,112 | [CRW_SST] coraltemp_v3.1_20080530.nc is MISSING. Will try to re-download.
2026-01-17 15:30:16,113 | [CRW_SST] coraltemp_v3.1_20080531.nc is MISSING. Will try to re-download.
2026-01-17 15:30:16,113 | [CRW_SST] coraltemp_v3.1_20080601.nc is MISSING. Will try to re-download.
2026-01-17 15:30:16,113 | [CRW_SST] coraltemp_v3.1_20080602.nc is MISSING. Will try to re-download.
2026-01-17 15:30:16,113 | [CRW_SST] coraltemp_v3.1_20080603.nc is MISSING. Will try to re-download.
2026-01-17 15:30:16,114 | [CRW_SST] coraltemp_v3.1_20080604.nc is MISSING. Will try to re-download.
2026-01-17 15:30:16,115 | [CRW_SST] coraltemp_v3.1_20080605.nc is MISSING. Will try to re-download.
2026-01-17 15:30:16,115 | [CRW_SST] coraltemp_v3.1_20080606.nc is MISSING. Will try to re-download.
2026-01-17 15:30:16,115 | [CRW_SST] coraltemp_v3.1_20080607.nc is MISSING. Will try to re-download.
2026-01-17 15:30:16,117 | [CRW_SST] coraltemp_v3.1_20080608.nc is MISSING. Will try to re-download.
2026-01-17 15:30:16,118 | [CRW_SST] coraltemp_v3.1_20080609.nc is MISSING. Will try to re-download.
2026-01-17 15:30:16,118 | [CRW_SST] coraltemp_v3.1_20080610.nc is MISSING. Will try to re-download.
2026-01-17 15:30:16,118 | [CRW_SST] coraltemp_v3.1_20080612.nc is MISSING. Will try to re-download.
2026-01-17 15:30:16,119 | [CRW_SST] coraltemp_v3.1_20080613.nc is MISSING. Will try to re-download.
2026-01-17 15:30:16,119 | [CRW_SST] coraltemp_v3.1_20080614.nc is MISSING. Will try to re-download.
2026-01-17 15:30:16,119 | [CRW_SST] coraltemp_v3.1_20080615.nc is MISSING. Will try to re-download.
2026-01-17 15:30:16,119 | [CRW_SST] coraltemp_v3.1_20080616.nc is MISSING. Will try to re-download.
2026-01-17 15:30:16,119 | [CRW_SST] coraltemp_v3.1_20080617.nc is MISSING. Will try to re-download.
2026-01-17 15:30:16,121 | [CRW_SST] coraltemp_v3.1_20080618.nc is MISSING. Will try to re-download.
2026-01-17 15:30:16,121 | [CRW_SST] coraltemp_v3.1_20080619.nc is MISSING. Will try to re-download.
2026-01-17 15:30:16,121 | [CRW_SST] coraltemp_v3.1_20080620.nc is MISSING. Will try to re-download.
2026-01-17 15:30:16,121 | [CRW_SST] coraltemp_v3.1_20080621.nc is MISSING. Will try to re-download.
2026-01-17 15:30:16,127 | [CRW_SST] coraltemp_v3.1_20080622.nc is MISSING. Will try to re-download.
2026-01-17 15:30:16,128 | [CRW_SST] coraltemp_v3.1_20080623.nc is MISSING. Will try to re-download.
2026-01-17 15:30:16,128 | [CRW_SST] coraltemp_v3.1_20080624.nc is MISSING. Will try to re-download.
2026-01-17 15:30:16,128 | [CRW_SST] coraltemp_v3.1_20080625.nc is MISSING. Will try to re-download.
2026-01-17 15:30:16,128 | [CRW_SST] coraltemp_v3.1_20080626.nc is MISSING. Will try to re-download.
2026-01-17 15:30:16,128 | [CRW_SST] coraltemp_v3.1_20080627.nc is MISSING. Will try to re-download.
2026-01-17 15:30:16,128 | [CRW_SST] coraltemp_v3.1_20080628.nc is MISSING. Will try to re-download.
2026-01-17 15:30:16,131 | [CRW_SST] coraltemp_v3.1_20080629.nc is MISSING. Will try to re-download.
2026-01-17 15:30:16,131 | [CRW_SST] coraltemp_v3.1_20080630.nc is MISSING. Will try to re-download.
2026-01-17 15:30:16,131 | [CRW_SST] coraltemp_v3.1_20080701.nc is MISSING. Will try to re-download.
2026-01-17 15:30:16,132 | [CRW_SST] coraltemp_v3.1_20080702.nc is MISSING. Will try to re-download.
2026-01-17 15:30:16,132 | [CRW_SST] coraltemp_v3.1_20080703.nc is MISSING. Will try to re-download.
2026-01-17 15:30:16,132 | [CRW_SST] coraltemp_v3.1_20080704.nc is MISSING. Will try to re-download.
2026-01-17 15:30:16,134 | [CRW_SST] coraltemp_v3.1_20080705.nc is MISSING. Will try to re-download.
2026-01-17 15:30:16,134 | [CRW_SST] coraltemp_v3.1_20080706.nc is MISSING. Will try to re-download.
2026-01-17 15:30:16,134 | [CRW_SST] coraltemp_v3.1_20080707.nc is MISSING. Will try to re-download.
2026-01-17 15:30:16,134 | [CRW_SST] coraltemp_v3.1_20080708.nc is MISSING. Will try to re-download.
2026-01-17 15:30:16,134 | [CRW_SST] coraltemp_v3.1_20080709.nc is MISSING. Will try to re-download.
2026-01-17 15:30:16,134 | [CRW_SST] coraltemp_v3.1_20080710.nc is MISSING. Will try to re-download.
2026-01-17 15:30:16,136 | [CRW_SST] coraltemp_v3.1_20080712.nc is MISSING. Will try to re-download.
2026-01-17 15:30:16,136 | [CRW_SST] coraltemp_v3.1_20080713.nc is MISSING. Will try to re-download.
2026-01-17 15:30:16,137 | [CRW_SST] coraltemp_v3.1_20080714.nc is MISSING. Will try to re-download.
2026-01-17 15:30:16,138 | [CRW_SST] coraltemp_v3.1_20080715.nc is MISSING. Will try to re-download.
2026-01-17 15:30:16,139 | [CRW_SST] coraltemp_v3.1_20080716.nc is MISSING. Will try to re-download.
2026-01-17 15:30:16,139 | [CRW_SST] coraltemp_v3.1_20080717.nc is MISSING. Will try to re-download.
2026-01-17 15:30:16,139 | [CRW_SST] coraltemp_v3.1_20080718.nc is MISSING. Will try to re-download.
2026-01-17 15:30:16,142 | [CRW_SST] coraltemp_v3.1_20080719.nc is MISSING. Will try to re-download.
2026-01-17 15:30:16,142 | [CRW_SST] coraltemp_v3.1_20080720.nc is MISSING. Will try to re-download.
2026-01-17 15:30:16,142 | [CRW_SST] coraltemp_v3.1_20080721.nc is MISSING. Will try to re-download.
2026-01-17 15:30:16,142 | [CRW_SST] coraltemp_v3.1_20080722.nc is MISSING. Will try to re-download.
2026-01-17 15:30:16,142 | [CRW_SST] coraltemp_v3.1_20080723.nc is MISSING. Will try to re-download.
2026-01-17 15:30:16,142 | [CRW_SST] coraltemp_v3.1_20080724.nc is MISSING. Will try to re-download.
2026-01-17 15:30:16,142 | [CRW_SST] coraltemp_v3.1_20080725.nc is MISSING. Will try to re-download.
2026-01-17 15:30:16,142 | [CRW_SST] coraltemp_v3.1_20080726.nc is MISSING. Will try to re-download.
2026-01-17 15:30:16,147 | [CRW_SST] coraltemp_v3.1_20080727.nc is MISSING. Will try to re-download.
2026-01-17 15:30:16,147 | [CRW_SST] coraltemp_v3.1_20080728.nc is MISSING. Will try to re-download.
2026-01-17 15:30:16,148 | [CRW_SST] coraltemp_v3.1_20080729.nc is MISSING. Will try to re-download.
2026-01-17 15:30:16,149 | [CRW_SST] coraltemp_v3.1_20080730.nc is MISSING. Will try to re-download.
2026-01-17 15:30:16,149 | [CRW_SST] coraltemp_v3.1_20080731.nc is MISSING. Will try to re-download.
2026-01-17 15:30:16,149 | [CRW_SST] coraltemp_v3.1_20080801.nc is MISSING. Will try to re-download.
2026-01-17 15:30:16,151 | [CRW_SST] coraltemp_v3.1_20080802.nc is MISSING. Will try to re-download.
2026-01-17 15:30:16,151 | [CRW_SST] coraltemp_v3.1_20080803.nc is MISSING. Will try to re-download.
2026-01-17 15:30:16,151 | [CRW_SST] coraltemp_v3.1_20080804.nc is MISSING. Will try to re-download.
2026-01-17 15:30:16,151 | [CRW_SST] coraltemp_v3.1_20080805.nc is MISSING. Will try to re-download.
2026-01-17 15:30:16,153 | [CRW_SST] coraltemp_v3.1_20080806.nc is MISSING. Will try to re-download.
2026-01-17 15:30:16,153 | [CRW_SST] coraltemp_v3.1_20080807.nc is MISSING. Will try to re-download.
2026-01-17 15:30:16,153 | [CRW_SST] coraltemp_v3.1_20080808.nc is MISSING. Will try to re-download.
2026-01-17 15:30:16,155 | [CRW_SST] coraltemp_v3.1_20080809.nc is MISSING. Will try to re-download.
2026-01-17 15:30:16,155 | [CRW_SST] coraltemp_v3.1_20080810.nc is MISSING. Will try to re-download.
2026-01-17 15:30:16,155 | [CRW_SST] coraltemp_v3.1_20080812.nc is MISSING. Will try to re-download.
2026-01-17 15:30:16,155 | [CRW_SST] coraltemp_v3.1_20080813.nc is MISSING. Will try to re-download.
2026-01-17 15:30:16,155 | [CRW_SST] coraltemp_v3.1_20080814.nc is MISSING. Will try to re-download.
2026-01-17 15:30:16,160 | [CRW_SST] coraltemp_v3.1_20080815.nc is MISSING. Will try to re-download.
2026-01-17 15:30:16,161 | [CRW_SST] coraltemp_v3.1_20080816.nc is MISSING. Will try to re-download.
2026-01-17 15:30:16,161 | [CRW_SST] coraltemp_v3.1_20080817.nc is MISSING. Will try to re-download.
2026-01-17 15:30:16,162 | [CRW_SST] coraltemp_v3.1_20080818.nc is MISSING. Will try to re-download.
2026-01-17 15:30:16,162 | [CRW_SST] coraltemp_v3.1_20080819.nc is MISSING. Will try to re-download.
2026-01-17 15:30:16,162 | [CRW_SST] coraltemp_v3.1_20080820.nc is MISSING. Will try to re-download.
2026-01-17 15:30:16,163 | [CRW_SST] coraltemp_v3.1_20080821.nc is MISSING. Will try to re-download.
2026-01-17 15:30:16,163 | [CRW_SST] coraltemp_v3.1_20080822.nc is MISSING. Will try to re-download.
2026-01-17 15:30:16,163 | [CRW_SST] coraltemp_v3.1_20080823.nc is MISSING. Will try to re-download.
2026-01-17 15:30:16,164 | [CRW_SST] coraltemp_v3.1_20080824.nc is MISSING. Will try to re-download.
2026-01-17 15:30:16,164 | [CRW_SST] coraltemp_v3.1_20080825.nc is MISSING. Will try to re-download.
2026-01-17 15:30:16,165 | [CRW_SST] coraltemp_v3.1_20080826.nc is MISSING. Will try to re-download.
2026-01-17 15:30:16,165 | [CRW_SST] coraltemp_v3.1_20080827.nc is MISSING. Will try to re-download.
2026-01-17 15:30:16,165 | [CRW_SST] coraltemp_v3.1_20080828.nc is MISSING. Will try to re-download.
2026-01-17 15:30:16,165 | [CRW_SST] coraltemp_v3.1_20080829.nc is MISSING. Will try to re-download.
2026-01-17 15:30:16,167 | [CRW_SST] coraltemp_v3.1_20080830.nc is MISSING. Will try to re-download.
2026-01-17 15:30:16,167 | [CRW_SST] coraltemp_v3.1_20080831.nc is MISSING. Will try to re-download.
2026-01-17 15:30:16,168 | [CRW_SST] coraltemp_v3.1_20080901.nc is MISSING. Will try to re-download.
2026-01-17 15:30:16,169 | [CRW_SST] coraltemp_v3.1_20080902.nc is MISSING. Will try to re-download.
2026-01-17 15:30:16,169 | [CRW_SST] coraltemp_v3.1_20080903.nc is MISSING. Will try to re-download.
2026-01-17 15:30:16,169 | [CRW_SST] coraltemp_v3.1_20080904.nc is MISSING. Will try to re-download.
2026-01-17 15:30:16,169 | [CRW_SST] coraltemp_v3.1_20080905.nc is MISSING. Will try to re-download.
2026-01-17 15:30:16,169 | [CRW_SST] coraltemp_v3.1_20080906.nc is MISSING. Will try to re-download.
2026-01-17 15:30:16,171 | [CRW_SST] coraltemp_v3.1_20080907.nc is MISSING. Will try to re-download.
2026-01-17 15:30:16,172 | [CRW_SST] coraltemp_v3.1_20080908.nc is MISSING. Will try to re-download.
2026-01-17 15:30:16,172 | [CRW_SST] coraltemp_v3.1_20080909.nc is MISSING. Will try to re-download.
2026-01-17 15:30:16,172 | [CRW_SST] coraltemp_v3.1_20080910.nc is MISSING. Will try to re-download.
2026-01-17 15:30:16,172 | [CRW_SST] coraltemp_v3.1_20080912.nc is MISSING. Will try to re-download.
2026-01-17 15:30:16,174 | [CRW_SST] coraltemp_v3.1_20080913.nc is MISSING. Will try to re-download.
2026-01-17 15:30:16,175 | [CRW_SST] coraltemp_v3.1_20080914.nc is MISSING. Will try to re-download.
2026-01-17 15:30:16,177 | [CRW_SST] coraltemp_v3.1_20080915.nc is MISSING. Will try to re-download.
2026-01-17 15:30:16,177 | [CRW_SST] coraltemp_v3.1_20080916.nc is MISSING. Will try to re-download.
2026-01-17 15:30:16,178 | [CRW_SST] coraltemp_v3.1_20080917.nc is MISSING. Will try to re-download.
2026-01-17 15:30:16,178 | [CRW_SST] coraltemp_v3.1_20080918.nc is MISSING. Will try to re-download.
2026-01-17 15:30:16,179 | [CRW_SST] coraltemp_v3.1_20080919.nc is MISSING. Will try to re-download.
2026-01-17 15:30:16,179 | [CRW_SST] coraltemp_v3.1_20080920.nc is MISSING. Will try to re-download.
2026-01-17 15:30:16,179 | [CRW_SST] coraltemp_v3.1_20080921.nc is MISSING. Will try to re-download.
2026-01-17 15:30:16,179 | [CRW_SST] coraltemp_v3.1_20080922.nc is MISSING. Will try to re-download.
2026-01-17 15:30:16,181 | [CRW_SST] coraltemp_v3.1_20080923.nc is MISSING. Will try to re-download.
2026-01-17 15:30:16,181 | [CRW_SST] coraltemp_v3.1_20080924.nc is MISSING. Will try to re-download.
2026-01-17 15:30:16,182 | [CRW_SST] coraltemp_v3.1_20080925.nc is MISSING. Will try to re-download.
2026-01-17 15:30:16,183 | [CRW_SST] coraltemp_v3.1_20080926.nc is MISSING. Will try to re-download.
2026-01-17 15:30:16,184 | [CRW_SST] coraltemp_v3.1_20080927.nc is MISSING. Will try to re-download.
2026-01-17 15:30:16,184 | [CRW_SST] coraltemp_v3.1_20080928.nc is MISSING. Will try to re-download.
2026-01-17 15:30:16,184 | [CRW_SST] coraltemp_v3.1_20080929.nc is MISSING. Will try to re-download.
2026-01-17 15:30:16,184 | [CRW_SST] coraltemp_v3.1_20080930.nc is MISSING. Will try to re-download.
2026-01-17 15:30:16,184 | [CRW_SST] coraltemp_v3.1_20081001.nc is MISSING. Will try to re-download.
2026-01-17 15:30:16,184 | [CRW_SST] coraltemp_v3.1_20081002.nc is MISSING. Will try to re-download.
2026-01-17 15:30:16,186 | [CRW_SST] coraltemp_v3.1_20081003.nc is MISSING. Will try to re-download.
2026-01-17 15:30:16,187 | [CRW_SST] coraltemp_v3.1_20081004.nc is MISSING. Will try to re-download.
2026-01-17 15:30:16,187 | [CRW_SST] coraltemp_v3.1_20081005.nc is MISSING. Will try to re-download.
2026-01-17 15:30:16,188 | [CRW_SST] coraltemp_v3.1_20081006.nc is MISSING. Will try to re-download.
2026-01-17 15:30:16,188 | [CRW_SST] coraltemp_v3.1_20081007.nc is MISSING. Will try to re-download.
2026-01-17 15:30:16,189 | [CRW_SST] coraltemp_v3.1_20081008.nc is MISSING. Will try to re-download.
2026-01-17 15:30:16,189 | [CRW_SST] coraltemp_v3.1_20081009.nc is MISSING. Will try to re-download.
2026-01-17 15:30:16,189 | [CRW_SST] coraltemp_v3.1_20081010.nc is MISSING. Will try to re-download.
2026-01-17 15:30:16,189 | [CRW_SST] coraltemp_v3.1_20081012.nc is MISSING. Will try to re-download.
2026-01-17 15:30:16,194 | [CRW_SST] coraltemp_v3.1_20081013.nc is MISSING. Will try to re-download.
2026-01-17 15:30:16,194 | [CRW_SST] coraltemp_v3.1_20081014.nc is MISSING. Will try to re-download.
2026-01-17 15:30:16,194 | [CRW_SST] coraltemp_v3.1_20081015.nc is MISSING. Will try to re-download.
2026-01-17 15:30:16,194 | [CRW_SST] coraltemp_v3.1_20081016.nc is MISSING. Will try to re-download.
2026-01-17 15:30:16,194 | [CRW_SST] coraltemp_v3.1_20081017.nc is MISSING. Will try to re-download.
2026-01-17 15:30:16,194 | [CRW_SST] coraltemp_v3.1_20081018.nc is MISSING. Will try to re-download.
2026-01-17 15:30:16,194 | [CRW_SST] coraltemp_v3.1_20081019.nc is MISSING. Will try to re-download.
2026-01-17 15:30:16,194 | [CRW_SST] coraltemp_v3.1_20081020.nc is MISSING. Will try to re-download.
2026-01-17 15:30:16,197 | [CRW_SST] coraltemp_v3.1_20081021.nc is MISSING. Will try to re-download.
2026-01-17 15:30:16,198 | [CRW_SST] coraltemp_v3.1_20081022.nc is MISSING. Will try to re-download.
2026-01-17 15:30:16,199 | [CRW_SST] coraltemp_v3.1_20081023.nc is MISSING. Will try to re-download.
2026-01-17 15:30:16,199 | [CRW_SST] coraltemp_v3.1_20081024.nc is MISSING. Will try to re-download.
2026-01-17 15:30:16,200 | [CRW_SST] coraltemp_v3.1_20081025.nc is MISSING. Will try to re-download.
2026-01-17 15:30:16,200 | [CRW_SST] coraltemp_v3.1_20081026.nc is MISSING. Will try to re-download.
2026-01-17 15:30:16,200 | [CRW_SST] coraltemp_v3.1_20081027.nc is MISSING. Will try to re-download.
2026-01-17 15:30:16,200 | [CRW_SST] coraltemp_v3.1_20081028.nc is MISSING. Will try to re-download.
2026-01-17 15:30:16,200 | [CRW_SST] coraltemp_v3.1_20081029.nc is MISSING. Will try to re-download.
2026-01-17 15:30:16,203 | [CRW_SST] coraltemp_v3.1_20081030.nc is MISSING. Will try to re-download.
2026-01-17 15:30:16,203 | [CRW_SST] coraltemp_v3.1_20081031.nc is MISSING. Will try to re-download.
2026-01-17 15:30:16,203 | [CRW_SST] coraltemp_v3.1_20081201.nc is MISSING. Will try to re-download.
2026-01-17 15:30:16,203 | [CRW_SST] coraltemp_v3.1_20081202.nc is MISSING. Will try to re-download.
2026-01-17 15:30:16,203 | [CRW_SST] coraltemp_v3.1_20081203.nc is MISSING. Will try to re-download.
2026-01-17 15:30:16,206 | [CRW_SST] coraltemp_v3.1_20081204.nc is MISSING. Will try to re-download.
2026-01-17 15:30:16,206 | [CRW_SST] coraltemp_v3.1_20081205.nc is MISSING. Will try to re-download.
2026-01-17 15:30:16,209 | [CRW_SST] coraltemp_v3.1_20081206.nc is MISSING. Will try to re-download.
2026-01-17 15:30:16,210 | [CRW_SST] coraltemp_v3.1_20081207.nc is MISSING. Will try to re-download.
2026-01-17 15:30:16,210 | [CRW_SST] coraltemp_v3.1_20081208.nc is MISSING. Will try to re-download.
2026-01-17 15:30:16,210 | [CRW_SST] coraltemp_v3.1_20081209.nc is MISSING. Will try to re-download.
2026-01-17 15:30:16,212 | [CRW_SST] coraltemp_v3.1_20081210.nc is MISSING. Will try to re-download.
2026-01-17 15:30:16,212 | [CRW_SST] coraltemp_v3.1_20081212.nc is MISSING. Will try to re-download.
2026-01-17 15:30:16,213 | [CRW_SST] coraltemp_v3.1_20081213.nc is MISSING. Will try to re-download.
2026-01-17 15:30:16,213 | [CRW_SST] coraltemp_v3.1_20081214.nc is MISSING. Will try to re-download.
2026-01-17 15:30:16,213 | [CRW_SST] coraltemp_v3.1_20081215.nc is MISSING. Will try to re-download.
2026-01-17 15:30:16,213 | [CRW_SST] coraltemp_v3.1_20081216.nc is MISSING. Will try to re-download.
2026-01-17 15:30:16,214 | [CRW_SST] coraltemp_v3.1_20081217.nc is MISSING. Will try to re-download.
2026-01-17 15:30:16,214 | [CRW_SST] coraltemp_v3.1_20081218.nc is MISSING. Will try to re-download.
2026-01-17 15:30:16,214 | [CRW_SST] coraltemp_v3.1_20081219.nc is MISSING. Will try to re-download.
2026-01-17 15:30:16,214 | [CRW_SST] coraltemp_v3.1_20081220.nc is MISSING. Will try to re-download.
2026-01-17 15:30:16,214 | [CRW_SST] coraltemp_v3.1_20081221.nc is MISSING. Will try to re-download.
2026-01-17 15:30:16,217 | [CRW_SST] coraltemp_v3.1_20081222.nc is MISSING. Will try to re-download.
2026-01-17 15:30:16,218 | [CRW_SST] coraltemp_v3.1_20081223.nc is MISSING. Will try to re-download.
2026-01-17 15:30:16,218 | [CRW_SST] coraltemp_v3.1_20081224.nc is MISSING. Will try to re-download.
2026-01-17 15:30:16,218 | [CRW_SST] coraltemp_v3.1_20081225.nc is MISSING. Will try to re-download.
2026-01-17 15:30:16,219 | [CRW_SST] coraltemp_v3.1_20081226.nc is MISSING. Will try to re-download.
2026-01-17 15:30:16,219 | [CRW_SST] coraltemp_v3.1_20081227.nc is MISSING. Will try to re-download.
2026-01-17 15:30:16,220 | [CRW_SST] coraltemp_v3.1_20081228.nc is MISSING. Will try to re-download.
2026-01-17 15:30:16,221 | [CRW_SST] coraltemp_v3.1_20081229.nc is MISSING. Will try to re-download.
2026-01-17 15:30:16,221 | [CRW_SST] coraltemp_v3.1_20081230.nc is MISSING. Will try to re-download.
2026-01-17 15:30:16,221 | [CRW_SST] coraltemp_v3.1_20081231.nc is MISSING. Will try to re-download.
2026-01-17 15:30:16,221 | [CRW_SST] coraltemp_v3.1_20090101.nc is MISSING. Will try to re-download.
2026-01-17 15:30:16,223 | [CRW_SST] coraltemp_v3.1_20090102.nc is MISSING. Will try to re-download.
2026-01-17 15:30:16,223 | [CRW_SST] coraltemp_v3.1_20090103.nc is MISSING. Will try to re-download.
2026-01-17 15:30:16,226 | [CRW_SST] coraltemp_v3.1_20090104.nc is MISSING. Will try to re-download.
2026-01-17 15:30:16,226 | [CRW_SST] coraltemp_v3.1_20090105.nc is MISSING. Will try to re-download.
2026-01-17 15:30:16,228 | [CRW_SST] coraltemp_v3.1_20090106.nc is MISSING. Will try to re-download.
2026-01-17 15:30:16,229 | [CRW_SST] coraltemp_v3.1_20090107.nc is MISSING. Will try to re-download.
2026-01-17 15:30:16,229 | [CRW_SST] coraltemp_v3.1_20090108.nc is MISSING. Will try to re-download.
2026-01-17 15:30:16,229 | [CRW_SST] coraltemp_v3.1_20090109.nc is MISSING. Will try to re-download.
2026-01-17 15:30:16,231 | [CRW_SST] coraltemp_v3.1_20090120.nc is MISSING. Will try to re-download.
2026-01-17 15:30:16,231 | [CRW_SST] coraltemp_v3.1_20090121.nc is MISSING. Will try to re-download.
2026-01-17 15:30:16,232 | [CRW_SST] coraltemp_v3.1_20090122.nc is MISSING. Will try to re-download.
2026-01-17 15:30:16,233 | [CRW_SST] coraltemp_v3.1_20090123.nc is MISSING. Will try to re-download.
2026-01-17 15:30:16,234 | [CRW_SST] coraltemp_v3.1_20090124.nc is MISSING. Will try to re-download.
2026-01-17 15:30:16,234 | [CRW_SST] coraltemp_v3.1_20090125.nc is MISSING. Will try to re-download.
2026-01-17 15:30:16,235 | [CRW_SST] coraltemp_v3.1_20090126.nc is MISSING. Will try to re-download.
2026-01-17 15:30:16,235 | [CRW_SST] coraltemp_v3.1_20090127.nc is MISSING. Will try to re-download.
2026-01-17 15:30:16,236 | [CRW_SST] coraltemp_v3.1_20090128.nc is MISSING. Will try to re-download.
2026-01-17 15:30:16,236 | [CRW_SST] coraltemp_v3.1_20090129.nc is MISSING. Will try to re-download.
2026-01-17 15:30:16,238 | [CRW_SST] coraltemp_v3.1_20090130.nc is MISSING. Will try to re-download.
2026-01-17 15:30:16,240 | [CRW_SST] coraltemp_v3.1_20090131.nc is MISSING. Will try to re-download.
2026-01-17 15:30:16,242 | [CRW_SST] coraltemp_v3.1_20090201.nc is MISSING. Will try to re-download.
2026-01-17 15:30:16,244 | [CRW_SST] coraltemp_v3.1_20090202.nc is MISSING. Will try to re-download.
2026-01-17 15:30:16,244 | [CRW_SST] coraltemp_v3.1_20090203.nc is MISSING. Will try to re-download.
2026-01-17 15:30:16,244 | [CRW_SST] coraltemp_v3.1_20090204.nc is MISSING. Will try to re-download.
2026-01-17 15:30:16,244 | [CRW_SST] coraltemp_v3.1_20090205.nc is MISSING. Will try to re-download.
2026-01-17 15:30:16,247 | [CRW_SST] coraltemp_v3.1_20090206.nc is MISSING. Will try to re-download.
2026-01-17 15:30:16,247 | [CRW_SST] coraltemp_v3.1_20090207.nc is MISSING. Will try to re-download.
2026-01-17 15:30:16,249 | [CRW_SST] coraltemp_v3.1_20090208.nc is MISSING. Will try to re-download.
2026-01-17 15:30:16,250 | [CRW_SST] coraltemp_v3.1_20090209.nc is MISSING. Will try to re-download.
2026-01-17 15:30:16,250 | [CRW_SST] coraltemp_v3.1_20090210.nc is MISSING. Will try to re-download.
2026-01-17 15:30:16,252 | [CRW_SST] coraltemp_v3.1_20090212.nc is MISSING. Will try to re-download.
2026-01-17 15:30:16,253 | [CRW_SST] coraltemp_v3.1_20090213.nc is MISSING. Will try to re-download.
2026-01-17 15:30:16,254 | [CRW_SST] coraltemp_v3.1_20090214.nc is MISSING. Will try to re-download.
2026-01-17 15:30:16,254 | [CRW_SST] coraltemp_v3.1_20090215.nc is MISSING. Will try to re-download.
2026-01-17 15:30:16,254 | [CRW_SST] coraltemp_v3.1_20090216.nc is MISSING. Will try to re-download.
2026-01-17 15:30:16,254 | [CRW_SST] coraltemp_v3.1_20090217.nc is MISSING. Will try to re-download.
2026-01-17 15:30:16,256 | [CRW_SST] coraltemp_v3.1_20090218.nc is MISSING. Will try to re-download.
2026-01-17 15:30:16,263 | [CRW_SST] coraltemp_v3.1_20090219.nc is MISSING. Will try to re-download.
2026-01-17 15:30:16,263 | [CRW_SST] coraltemp_v3.1_20090220.nc is MISSING. Will try to re-download.
2026-01-17 15:30:16,265 | [CRW_SST] coraltemp_v3.1_20090221.nc is MISSING. Will try to re-download.
2026-01-17 15:30:16,265 | [CRW_SST] coraltemp_v3.1_20090222.nc is MISSING. Will try to re-download.
2026-01-17 15:30:16,266 | [CRW_SST] coraltemp_v3.1_20090223.nc is MISSING. Will try to re-download.
2026-01-17 15:30:16,266 | [CRW_SST] coraltemp_v3.1_20090224.nc is MISSING. Will try to re-download.
2026-01-17 15:30:16,266 | [CRW_SST] coraltemp_v3.1_20090225.nc is MISSING. Will try to re-download.
2026-01-17 15:30:16,267 | [CRW_SST] coraltemp_v3.1_20090226.nc is MISSING. Will try to re-download.
2026-01-17 15:30:16,268 | [CRW_SST] coraltemp_v3.1_20090227.nc is MISSING. Will try to re-download.
2026-01-17 15:30:16,269 | [CRW_SST] coraltemp_v3.1_20090228.nc is MISSING. Will try to re-download.
2026-01-17 15:30:16,269 | [CRW_SST] coraltemp_v3.1_20090301.nc is MISSING. Will try to re-download.
2026-01-17 15:30:16,269 | [CRW_SST] coraltemp_v3.1_20090302.nc is MISSING. Will try to re-download.
2026-01-17 15:30:16,269 | [CRW_SST] coraltemp_v3.1_20090303.nc is MISSING. Will try to re-download.
2026-01-17 15:30:16,269 | [CRW_SST] coraltemp_v3.1_20090304.nc is MISSING. Will try to re-download.
2026-01-17 15:30:16,269 | [CRW_SST] coraltemp_v3.1_20090305.nc is MISSING. Will try to re-download.
2026-01-17 15:30:16,269 | [CRW_SST] coraltemp_v3.1_20090306.nc is MISSING. Will try to re-download.
2026-01-17 15:30:16,269 | [CRW_SST] coraltemp_v3.1_20090307.nc is MISSING. Will try to re-download.
2026-01-17 15:30:16,269 | [CRW_SST] coraltemp_v3.1_20090308.nc is MISSING. Will try to re-download.
2026-01-17 15:30:16,269 | [CRW_SST] coraltemp_v3.1_20090309.nc is MISSING. Will try to re-download.
2026-01-17 15:30:16,276 | [CRW_SST] coraltemp_v3.1_20090310.nc is MISSING. Will try to re-download.
2026-01-17 15:30:16,277 | [CRW_SST] coraltemp_v3.1_20090312.nc is MISSING. Will try to re-download.
2026-01-17 15:30:16,278 | [CRW_SST] coraltemp_v3.1_20090313.nc is MISSING. Will try to re-download.
2026-01-17 15:30:16,278 | [CRW_SST] coraltemp_v3.1_20090314.nc is MISSING. Will try to re-download.
2026-01-17 15:30:16,278 | [CRW_SST] coraltemp_v3.1_20090315.nc is MISSING. Will try to re-download.
2026-01-17 15:30:16,278 | [CRW_SST] coraltemp_v3.1_20090316.nc is MISSING. Will try to re-download.
2026-01-17 15:30:16,278 | [CRW_SST] coraltemp_v3.1_20090317.nc is MISSING. Will try to re-download.
2026-01-17 15:30:16,278 | [CRW_SST] coraltemp_v3.1_20090318.nc is MISSING. Will try to re-download.
2026-01-17 15:30:16,281 | [CRW_SST] coraltemp_v3.1_20090319.nc is MISSING. Will try to re-download.
2026-01-17 15:30:16,282 | [CRW_SST] coraltemp_v3.1_20090320.nc is MISSING. Will try to re-download.
2026-01-17 15:30:16,282 | [CRW_SST] coraltemp_v3.1_20090321.nc is MISSING. Will try to re-download.
2026-01-17 15:30:16,282 | [CRW_SST] coraltemp_v3.1_20090322.nc is MISSING. Will try to re-download.
2026-01-17 15:30:16,284 | [CRW_SST] coraltemp_v3.1_20090323.nc is MISSING. Will try to re-download.
2026-01-17 15:30:16,284 | [CRW_SST] coraltemp_v3.1_20090324.nc is MISSING. Will try to re-download.
2026-01-17 15:30:16,284 | [CRW_SST] coraltemp_v3.1_20090325.nc is MISSING. Will try to re-download.
2026-01-17 15:30:16,284 | [CRW_SST] coraltemp_v3.1_20090326.nc is MISSING. Will try to re-download.
2026-01-17 15:30:16,286 | [CRW_SST] coraltemp_v3.1_20090327.nc is MISSING. Will try to re-download.
2026-01-17 15:30:16,286 | [CRW_SST] coraltemp_v3.1_20090328.nc is MISSING. Will try to re-download.
2026-01-17 15:30:16,286 | [CRW_SST] coraltemp_v3.1_20090329.nc is MISSING. Will try to re-download.
2026-01-17 15:30:16,287 | [CRW_SST] coraltemp_v3.1_20090330.nc is MISSING. Will try to re-download.
2026-01-17 15:30:16,288 | [CRW_SST] coraltemp_v3.1_20090331.nc is MISSING. Will try to re-download.
2026-01-17 15:30:16,289 | [CRW_SST] coraltemp_v3.1_20090401.nc is MISSING. Will try to re-download.
2026-01-17 15:30:16,289 | [CRW_SST] coraltemp_v3.1_20090402.nc is MISSING. Will try to re-download.
2026-01-17 15:30:16,289 | [CRW_SST] coraltemp_v3.1_20090403.nc is MISSING. Will try to re-download.
2026-01-17 15:30:16,293 | [CRW_SST] coraltemp_v3.1_20090404.nc is MISSING. Will try to re-download.
2026-01-17 15:30:16,293 | [CRW_SST] coraltemp_v3.1_20090405.nc is MISSING. Will try to re-download.
2026-01-17 15:30:16,293 | [CRW_SST] coraltemp_v3.1_20090406.nc is MISSING. Will try to re-download.
2026-01-17 15:30:16,293 | [CRW_SST] coraltemp_v3.1_20090407.nc is MISSING. Will try to re-download.
2026-01-17 15:30:16,293 | [CRW_SST] coraltemp_v3.1_20090408.nc is MISSING. Will try to re-download.
2026-01-17 15:30:16,293 | [CRW_SST] coraltemp_v3.1_20090409.nc is MISSING. Will try to re-download.
2026-01-17 15:30:16,297 | [CRW_SST] coraltemp_v3.1_20090410.nc is MISSING. Will try to re-download.
2026-01-17 15:30:16,297 | [CRW_SST] coraltemp_v3.1_20090412.nc is MISSING. Will try to re-download.
2026-01-17 15:30:16,298 | [CRW_SST] coraltemp_v3.1_20090413.nc is MISSING. Will try to re-download.
2026-01-17 15:30:16,298 | [CRW_SST] coraltemp_v3.1_20090414.nc is MISSING. Will try to re-download.
2026-01-17 15:30:16,299 | [CRW_SST] coraltemp_v3.1_20090415.nc is MISSING. Will try to re-download.
2026-01-17 15:30:16,299 | [CRW_SST] coraltemp_v3.1_20090416.nc is MISSING. Will try to re-download.
2026-01-17 15:30:16,300 | [CRW_SST] coraltemp_v3.1_20090417.nc is MISSING. Will try to re-download.
2026-01-17 15:30:16,300 | [CRW_SST] coraltemp_v3.1_20090418.nc is MISSING. Will try to re-download.
2026-01-17 15:30:16,300 | [CRW_SST] coraltemp_v3.1_20090419.nc is MISSING. Will try to re-download.
2026-01-17 15:30:16,300 | [CRW_SST] coraltemp_v3.1_20090420.nc is MISSING. Will try to re-download.
2026-01-17 15:30:16,300 | [CRW_SST] coraltemp_v3.1_20090421.nc is MISSING. Will try to re-download.
2026-01-17 15:30:16,300 | [CRW_SST] coraltemp_v3.1_20090422.nc is MISSING. Will try to re-download.
2026-01-17 15:30:16,303 | [CRW_SST] coraltemp_v3.1_20090423.nc is MISSING. Will try to re-download.
2026-01-17 15:30:16,303 | [CRW_SST] coraltemp_v3.1_20090424.nc is MISSING. Will try to re-download.
2026-01-17 15:30:16,303 | [CRW_SST] coraltemp_v3.1_20090425.nc is MISSING. Will try to re-download.
2026-01-17 15:30:16,303 | [CRW_SST] coraltemp_v3.1_20090426.nc is MISSING. Will try to re-download.
2026-01-17 15:30:16,303 | [CRW_SST] coraltemp_v3.1_20090427.nc is MISSING. Will try to re-download.
2026-01-17 15:30:16,303 | [CRW_SST] coraltemp_v3.1_20090428.nc is MISSING. Will try to re-download.
2026-01-17 15:30:16,303 | [CRW_SST] coraltemp_v3.1_20090429.nc is MISSING. Will try to re-download.
2026-01-17 15:30:16,303 | [CRW_SST] coraltemp_v3.1_20090430.nc is MISSING. Will try to re-download.
2026-01-17 15:30:16,307 | [CRW_SST] coraltemp_v3.1_20090501.nc is MISSING. Will try to re-download.
2026-01-17 15:30:16,310 | [CRW_SST] coraltemp_v3.1_20090502.nc is MISSING. Will try to re-download.
2026-01-17 15:30:16,310 | [CRW_SST] coraltemp_v3.1_20090503.nc is MISSING. Will try to re-download.
2026-01-17 15:30:16,312 | [CRW_SST] coraltemp_v3.1_20090504.nc is MISSING. Will try to re-download.
2026-01-17 15:30:16,312 | [CRW_SST] coraltemp_v3.1_20090505.nc is MISSING. Will try to re-download.
2026-01-17 15:30:16,313 | [CRW_SST] coraltemp_v3.1_20090506.nc is MISSING. Will try to re-download.
2026-01-17 15:30:16,313 | [CRW_SST] coraltemp_v3.1_20090507.nc is MISSING. Will try to re-download.
2026-01-17 15:30:16,313 | [CRW_SST] coraltemp_v3.1_20090508.nc is MISSING. Will try to re-download.
2026-01-17 15:30:16,314 | [CRW_SST] coraltemp_v3.1_20090509.nc is MISSING. Will try to re-download.
2026-01-17 15:30:16,314 | [CRW_SST] coraltemp_v3.1_20090510.nc is MISSING. Will try to re-download.
2026-01-17 15:30:16,314 | [CRW_SST] coraltemp_v3.1_20090512.nc is MISSING. Will try to re-download.
2026-01-17 15:30:16,314 | [CRW_SST] coraltemp_v3.1_20090513.nc is MISSING. Will try to re-download.
2026-01-17 15:30:16,314 | [CRW_SST] coraltemp_v3.1_20090514.nc is MISSING. Will try to re-download.
2026-01-17 15:30:16,314 | [CRW_SST] coraltemp_v3.1_20090515.nc is MISSING. Will try to re-download.
2026-01-17 15:30:16,318 | [CRW_SST] coraltemp_v3.1_20090516.nc is MISSING. Will try to re-download.
2026-01-17 15:30:16,318 | [CRW_SST] coraltemp_v3.1_20090517.nc is MISSING. Will try to re-download.
2026-01-17 15:30:16,318 | [CRW_SST] coraltemp_v3.1_20090518.nc is MISSING. Will try to re-download.
2026-01-17 15:30:16,319 | [CRW_SST] coraltemp_v3.1_20090519.nc is MISSING. Will try to re-download.
2026-01-17 15:30:16,319 | [CRW_SST] coraltemp_v3.1_20090520.nc is MISSING. Will try to re-download.
2026-01-17 15:30:16,319 | [CRW_SST] coraltemp_v3.1_20090521.nc is MISSING. Will try to re-download.
2026-01-17 15:30:16,319 | [CRW_SST] coraltemp_v3.1_20090522.nc is MISSING. Will try to re-download.
2026-01-17 15:30:16,319 | [CRW_SST] coraltemp_v3.1_20090523.nc is MISSING. Will try to re-download.
2026-01-17 15:30:16,319 | [CRW_SST] coraltemp_v3.1_20090524.nc is MISSING. Will try to re-download.
2026-01-17 15:30:16,319 | [CRW_SST] coraltemp_v3.1_20090525.nc is MISSING. Will try to re-download.
2026-01-17 15:30:16,319 | [CRW_SST] coraltemp_v3.1_20090526.nc is MISSING. Will try to re-download.
2026-01-17 15:30:16,325 | [CRW_SST] coraltemp_v3.1_20090527.nc is MISSING. Will try to re-download.
2026-01-17 15:30:16,326 | [CRW_SST] coraltemp_v3.1_20090528.nc is MISSING. Will try to re-download.
2026-01-17 15:30:16,326 | [CRW_SST] coraltemp_v3.1_20090529.nc is MISSING. Will try to re-download.
2026-01-17 15:30:16,326 | [CRW_SST] coraltemp_v3.1_20090530.nc is MISSING. Will try to re-download.
2026-01-17 15:30:16,328 | [CRW_SST] coraltemp_v3.1_20090531.nc is MISSING. Will try to re-download.
2026-01-17 15:30:16,328 | [CRW_SST] coraltemp_v3.1_20090601.nc is MISSING. Will try to re-download.
2026-01-17 15:30:16,328 | [CRW_SST] coraltemp_v3.1_20090602.nc is MISSING. Will try to re-download.
2026-01-17 15:30:16,328 | [CRW_SST] coraltemp_v3.1_20090603.nc is MISSING. Will try to re-download.
2026-01-17 15:30:16,331 | [CRW_SST] coraltemp_v3.1_20090604.nc is MISSING. Will try to re-download.
2026-01-17 15:30:16,331 | [CRW_SST] coraltemp_v3.1_20090605.nc is MISSING. Will try to re-download.
2026-01-17 15:30:16,332 | [CRW_SST] coraltemp_v3.1_20090606.nc is MISSING. Will try to re-download.
2026-01-17 15:30:16,332 | [CRW_SST] coraltemp_v3.1_20090607.nc is MISSING. Will try to re-download.
2026-01-17 15:30:16,332 | [CRW_SST] coraltemp_v3.1_20090608.nc is MISSING. Will try to re-download.
2026-01-17 15:30:16,333 | [CRW_SST] coraltemp_v3.1_20090609.nc is MISSING. Will try to re-download.
2026-01-17 15:30:16,334 | [CRW_SST] coraltemp_v3.1_20090610.nc is MISSING. Will try to re-download.
2026-01-17 15:30:16,334 | [CRW_SST] coraltemp_v3.1_20090612.nc is MISSING. Will try to re-download.
2026-01-17 15:30:16,334 | [CRW_SST] coraltemp_v3.1_20090613.nc is MISSING. Will try to re-download.
2026-01-17 15:30:16,334 | [CRW_SST] coraltemp_v3.1_20090614.nc is MISSING. Will try to re-download.
2026-01-17 15:30:16,334 | [CRW_SST] coraltemp_v3.1_20090615.nc is MISSING. Will try to re-download.
2026-01-17 15:30:16,337 | [CRW_SST] coraltemp_v3.1_20090616.nc is MISSING. Will try to re-download.
2026-01-17 15:30:16,337 | [CRW_SST] coraltemp_v3.1_20090617.nc is MISSING. Will try to re-download.
2026-01-17 15:30:16,338 | [CRW_SST] coraltemp_v3.1_20090618.nc is MISSING. Will try to re-download.
2026-01-17 15:30:16,338 | [CRW_SST] coraltemp_v3.1_20090619.nc is MISSING. Will try to re-download.
2026-01-17 15:30:16,339 | [CRW_SST] coraltemp_v3.1_20090620.nc is MISSING. Will try to re-download.
2026-01-17 15:30:16,339 | [CRW_SST] coraltemp_v3.1_20090621.nc is MISSING. Will try to re-download.
2026-01-17 15:30:16,339 | [CRW_SST] coraltemp_v3.1_20090622.nc is MISSING. Will try to re-download.
2026-01-17 15:30:16,342 | [CRW_SST] coraltemp_v3.1_20090623.nc is MISSING. Will try to re-download.
2026-01-17 15:30:16,342 | [CRW_SST] coraltemp_v3.1_20090624.nc is MISSING. Will try to re-download.
2026-01-17 15:30:16,342 | [CRW_SST] coraltemp_v3.1_20090625.nc is MISSING. Will try to re-download.
2026-01-17 15:30:16,344 | [CRW_SST] coraltemp_v3.1_20090626.nc is MISSING. Will try to re-download.
2026-01-17 15:30:16,344 | [CRW_SST] coraltemp_v3.1_20090627.nc is MISSING. Will try to re-download.
2026-01-17 15:30:16,344 | [CRW_SST] coraltemp_v3.1_20090628.nc is MISSING. Will try to re-download.
2026-01-17 15:30:16,344 | [CRW_SST] coraltemp_v3.1_20090629.nc is MISSING. Will try to re-download.
2026-01-17 15:30:16,344 | [CRW_SST] coraltemp_v3.1_20090630.nc is MISSING. Will try to re-download.
2026-01-17 15:30:16,347 | [CRW_SST] coraltemp_v3.1_20090701.nc is MISSING. Will try to re-download.
2026-01-17 15:30:16,347 | [CRW_SST] coraltemp_v3.1_20090702.nc is MISSING. Will try to re-download.
2026-01-17 15:30:16,348 | [CRW_SST] coraltemp_v3.1_20090703.nc is MISSING. Will try to re-download.
2026-01-17 15:30:16,349 | [CRW_SST] coraltemp_v3.1_20090704.nc is MISSING. Will try to re-download.
2026-01-17 15:30:16,349 | [CRW_SST] coraltemp_v3.1_20090705.nc is MISSING. Will try to re-download.
2026-01-17 15:30:16,350 | [CRW_SST] coraltemp_v3.1_20090706.nc is MISSING. Will try to re-download.
2026-01-17 15:30:16,350 | [CRW_SST] coraltemp_v3.1_20090707.nc is MISSING. Will try to re-download.
2026-01-17 15:30:16,350 | [CRW_SST] coraltemp_v3.1_20090708.nc is MISSING. Will try to re-download.
2026-01-17 15:30:16,350 | [CRW_SST] coraltemp_v3.1_20090709.nc is MISSING. Will try to re-download.
2026-01-17 15:30:16,350 | [CRW_SST] coraltemp_v3.1_20090710.nc is MISSING. Will try to re-download.
2026-01-17 15:30:16,350 | [CRW_SST] coraltemp_v3.1_20090712.nc is MISSING. Will try to re-download.
2026-01-17 15:30:16,353 | [CRW_SST] coraltemp_v3.1_20090713.nc is MISSING. Will try to re-download.
2026-01-17 15:30:16,353 | [CRW_SST] coraltemp_v3.1_20090714.nc is MISSING. Will try to re-download.
2026-01-17 15:30:16,353 | [CRW_SST] coraltemp_v3.1_20090715.nc is MISSING. Will try to re-download.
2026-01-17 15:30:16,353 | [CRW_SST] coraltemp_v3.1_20090716.nc is MISSING. Will try to re-download.
2026-01-17 15:30:16,353 | [CRW_SST] coraltemp_v3.1_20090717.nc is MISSING. Will try to re-download.
2026-01-17 15:30:16,353 | [CRW_SST] coraltemp_v3.1_20090718.nc is MISSING. Will try to re-download.
2026-01-17 15:30:16,353 | [CRW_SST] coraltemp_v3.1_20090719.nc is MISSING. Will try to re-download.
2026-01-17 15:30:16,353 | [CRW_SST] coraltemp_v3.1_20090720.nc is MISSING. Will try to re-download.
2026-01-17 15:30:16,353 | [CRW_SST] coraltemp_v3.1_20090721.nc is MISSING. Will try to re-download.
2026-01-17 15:30:16,360 | [CRW_SST] coraltemp_v3.1_20090722.nc is MISSING. Will try to re-download.
2026-01-17 15:30:16,361 | [CRW_SST] coraltemp_v3.1_20090723.nc is MISSING. Will try to re-download.
2026-01-17 15:30:16,362 | [CRW_SST] coraltemp_v3.1_20090724.nc is MISSING. Will try to re-download.
2026-01-17 15:30:16,362 | [CRW_SST] coraltemp_v3.1_20090725.nc is MISSING. Will try to re-download.
2026-01-17 15:30:16,362 | [CRW_SST] coraltemp_v3.1_20090726.nc is MISSING. Will try to re-download.
2026-01-17 15:30:16,363 | [CRW_SST] coraltemp_v3.1_20090727.nc is MISSING. Will try to re-download.
2026-01-17 15:30:16,363 | [CRW_SST] coraltemp_v3.1_20090728.nc is MISSING. Will try to re-download.
2026-01-17 15:30:16,364 | [CRW_SST] coraltemp_v3.1_20090729.nc is MISSING. Will try to re-download.
2026-01-17 15:30:16,364 | [CRW_SST] coraltemp_v3.1_20090730.nc is MISSING. Will try to re-download.
2026-01-17 15:30:16,365 | [CRW_SST] coraltemp_v3.1_20090731.nc is MISSING. Will try to re-download.
2026-01-17 15:30:16,365 | [CRW_SST] coraltemp_v3.1_20090801.nc is MISSING. Will try to re-download.
2026-01-17 15:30:16,365 | [CRW_SST] coraltemp_v3.1_20090802.nc is MISSING. Will try to re-download.
2026-01-17 15:30:16,367 | [CRW_SST] coraltemp_v3.1_20090803.nc is MISSING. Will try to re-download.
2026-01-17 15:30:16,368 | [CRW_SST] coraltemp_v3.1_20090804.nc is MISSING. Will try to re-download.
2026-01-17 15:30:16,368 | [CRW_SST] coraltemp_v3.1_20090805.nc is MISSING. Will try to re-download.
2026-01-17 15:30:16,369 | [CRW_SST] coraltemp_v3.1_20090806.nc is MISSING. Will try to re-download.
2026-01-17 15:30:16,369 | [CRW_SST] coraltemp_v3.1_20090807.nc is MISSING. Will try to re-download.
2026-01-17 15:30:16,369 | [CRW_SST] coraltemp_v3.1_20090808.nc is MISSING. Will try to re-download.
2026-01-17 15:30:16,369 | [CRW_SST] coraltemp_v3.1_20090809.nc is MISSING. Will try to re-download.
2026-01-17 15:30:16,369 | [CRW_SST] coraltemp_v3.1_20090810.nc is MISSING. Will try to re-download.
2026-01-17 15:30:16,369 | [CRW_SST] coraltemp_v3.1_20090812.nc is MISSING. Will try to re-download.
2026-01-17 15:30:16,369 | [CRW_SST] coraltemp_v3.1_20090813.nc is MISSING. Will try to re-download.
2026-01-17 15:30:16,369 | [CRW_SST] coraltemp_v3.1_20090814.nc is MISSING. Will try to re-download.
2026-01-17 15:30:16,376 | [CRW_SST] coraltemp_v3.1_20090815.nc is MISSING. Will try to re-download.
2026-01-17 15:30:16,378 | [CRW_SST] coraltemp_v3.1_20090816.nc is MISSING. Will try to re-download.
2026-01-17 15:30:16,382 | [CRW_SST] coraltemp_v3.1_20090817.nc is MISSING. Will try to re-download.
2026-01-17 15:30:16,382 | [CRW_SST] coraltemp_v3.1_20090818.nc is MISSING. Will try to re-download.
2026-01-17 15:30:16,382 | [CRW_SST] coraltemp_v3.1_20090819.nc is MISSING. Will try to re-download.
2026-01-17 15:30:16,384 | [CRW_SST] coraltemp_v3.1_20090820.nc is MISSING. Will try to re-download.
2026-01-17 15:30:16,384 | [CRW_SST] coraltemp_v3.1_20090821.nc is MISSING. Will try to re-download.
2026-01-17 15:30:16,384 | [CRW_SST] coraltemp_v3.1_20090822.nc is MISSING. Will try to re-download.
2026-01-17 15:30:16,384 | [CRW_SST] coraltemp_v3.1_20090823.nc is MISSING. Will try to re-download.
2026-01-17 15:30:16,386 | [CRW_SST] coraltemp_v3.1_20090824.nc is MISSING. Will try to re-download.
2026-01-17 15:30:16,386 | [CRW_SST] coraltemp_v3.1_20090825.nc is MISSING. Will try to re-download.
2026-01-17 15:30:16,388 | [CRW_SST] coraltemp_v3.1_20090826.nc is MISSING. Will try to re-download.
2026-01-17 15:30:16,388 | [CRW_SST] coraltemp_v3.1_20090827.nc is MISSING. Will try to re-download.
2026-01-17 15:30:16,389 | [CRW_SST] coraltemp_v3.1_20090828.nc is MISSING. Will try to re-download.
2026-01-17 15:30:16,391 | [CRW_SST] coraltemp_v3.1_20090829.nc is MISSING. Will try to re-download.
2026-01-17 15:30:16,393 | [CRW_SST] coraltemp_v3.1_20090830.nc is MISSING. Will try to re-download.
2026-01-17 15:30:16,393 | [CRW_SST] coraltemp_v3.1_20090831.nc is MISSING. Will try to re-download.
2026-01-17 15:30:16,393 | [CRW_SST] coraltemp_v3.1_20090901.nc is MISSING. Will try to re-download.
2026-01-17 15:30:16,393 | [CRW_SST] coraltemp_v3.1_20090902.nc is MISSING. Will try to re-download.
2026-01-17 15:30:16,393 | [CRW_SST] coraltemp_v3.1_20090903.nc is MISSING. Will try to re-download.
2026-01-17 15:30:16,393 | [CRW_SST] coraltemp_v3.1_20090904.nc is MISSING. Will try to re-download.
2026-01-17 15:30:16,393 | [CRW_SST] coraltemp_v3.1_20090905.nc is MISSING. Will try to re-download.
2026-01-17 15:30:16,393 | [CRW_SST] coraltemp_v3.1_20090906.nc is MISSING. Will try to re-download.
2026-01-17 15:30:16,397 | [CRW_SST] coraltemp_v3.1_20090907.nc is MISSING. Will try to re-download.
2026-01-17 15:30:16,397 | [CRW_SST] coraltemp_v3.1_20090908.nc is MISSING. Will try to re-download.
2026-01-17 15:30:16,398 | [CRW_SST] coraltemp_v3.1_20090909.nc is MISSING. Will try to re-download.
2026-01-17 15:30:16,399 | [CRW_SST] coraltemp_v3.1_20090910.nc is MISSING. Will try to re-download.
2026-01-17 15:30:16,400 | [CRW_SST] coraltemp_v3.1_20090912.nc is MISSING. Will try to re-download.
2026-01-17 15:30:16,400 | [CRW_SST] coraltemp_v3.1_20090913.nc is MISSING. Will try to re-download.
2026-01-17 15:30:16,400 | [CRW_SST] coraltemp_v3.1_20090914.nc is MISSING. Will try to re-download.
2026-01-17 15:30:16,400 | [CRW_SST] coraltemp_v3.1_20090915.nc is MISSING. Will try to re-download.
2026-01-17 15:30:16,400 | [CRW_SST] coraltemp_v3.1_20090916.nc is MISSING. Will try to re-download.
2026-01-17 15:30:16,403 | [CRW_SST] coraltemp_v3.1_20090917.nc is MISSING. Will try to re-download.
2026-01-17 15:30:16,403 | [CRW_SST] coraltemp_v3.1_20090918.nc is MISSING. Will try to re-download.
2026-01-17 15:30:16,403 | [CRW_SST] coraltemp_v3.1_20090919.nc is MISSING. Will try to re-download.
2026-01-17 15:30:16,403 | [CRW_SST] coraltemp_v3.1_20090920.nc is MISSING. Will try to re-download.
2026-01-17 15:30:16,403 | [CRW_SST] coraltemp_v3.1_20090921.nc is MISSING. Will try to re-download.
2026-01-17 15:30:16,405 | [CRW_SST] coraltemp_v3.1_20090922.nc is MISSING. Will try to re-download.
2026-01-17 15:30:16,405 | [CRW_SST] coraltemp_v3.1_20090923.nc is MISSING. Will try to re-download.
2026-01-17 15:30:16,405 | [CRW_SST] coraltemp_v3.1_20090924.nc is MISSING. Will try to re-download.
2026-01-17 15:30:16,408 | [CRW_SST] coraltemp_v3.1_20090925.nc is MISSING. Will try to re-download.
2026-01-17 15:30:16,409 | [CRW_SST] coraltemp_v3.1_20090926.nc is MISSING. Will try to re-download.
2026-01-17 15:30:16,410 | [CRW_SST] coraltemp_v3.1_20090927.nc is MISSING. Will try to re-download.
2026-01-17 15:30:16,410 | [CRW_SST] coraltemp_v3.1_20090928.nc is MISSING. Will try to re-download.
2026-01-17 15:30:16,412 | [CRW_SST] coraltemp_v3.1_20090929.nc is MISSING. Will try to re-download.
2026-01-17 15:30:16,412 | [CRW_SST] coraltemp_v3.1_20090930.nc is MISSING. Will try to re-download.
2026-01-17 15:30:16,413 | [CRW_SST] coraltemp_v3.1_20091001.nc is MISSING. Will try to re-download.
2026-01-17 15:30:16,413 | [CRW_SST] coraltemp_v3.1_20091002.nc is MISSING. Will try to re-download.
2026-01-17 15:30:16,413 | [CRW_SST] coraltemp_v3.1_20091003.nc is MISSING. Will try to re-download.
2026-01-17 15:30:16,415 | [CRW_SST] coraltemp_v3.1_20091004.nc is MISSING. Will try to re-download.
2026-01-17 15:30:16,415 | [CRW_SST] coraltemp_v3.1_20091005.nc is MISSING. Will try to re-download.
2026-01-17 15:30:16,415 | [CRW_SST] coraltemp_v3.1_20091006.nc is MISSING. Will try to re-download.
2026-01-17 15:30:16,415 | [CRW_SST] coraltemp_v3.1_20091007.nc is MISSING. Will try to re-download.
2026-01-17 15:30:16,415 | [CRW_SST] coraltemp_v3.1_20091008.nc is MISSING. Will try to re-download.
2026-01-17 15:30:16,415 | [CRW_SST] coraltemp_v3.1_20091009.nc is MISSING. Will try to re-download.
2026-01-17 15:30:16,415 | [CRW_SST] coraltemp_v3.1_20091010.nc is MISSING. Will try to re-download.
2026-01-17 15:30:16,415 | [CRW_SST] coraltemp_v3.1_20091012.nc is MISSING. Will try to re-download.
2026-01-17 15:30:16,419 | [CRW_SST] coraltemp_v3.1_20091013.nc is MISSING. Will try to re-download.
2026-01-17 15:30:16,419 | [CRW_SST] coraltemp_v3.1_20091014.nc is MISSING. Will try to re-download.
2026-01-17 15:30:16,420 | [CRW_SST] coraltemp_v3.1_20091015.nc is MISSING. Will try to re-download.
2026-01-17 15:30:16,420 | [CRW_SST] coraltemp_v3.1_20091016.nc is MISSING. Will try to re-download.
2026-01-17 15:30:16,421 | [CRW_SST] coraltemp_v3.1_20091017.nc is MISSING. Will try to re-download.
2026-01-17 15:30:16,421 | [CRW_SST] coraltemp_v3.1_20091018.nc is MISSING. Will try to re-download.
2026-01-17 15:30:16,421 | [CRW_SST] coraltemp_v3.1_20091019.nc is MISSING. Will try to re-download.
2026-01-17 15:30:16,425 | [CRW_SST] coraltemp_v3.1_20091020.nc is MISSING. Will try to re-download.
2026-01-17 15:30:16,425 | [CRW_SST] coraltemp_v3.1_20091021.nc is MISSING. Will try to re-download.
2026-01-17 15:30:16,427 | [CRW_SST] coraltemp_v3.1_20091022.nc is MISSING. Will try to re-download.
2026-01-17 15:30:16,427 | [CRW_SST] coraltemp_v3.1_20091023.nc is MISSING. Will try to re-download.
2026-01-17 15:30:16,428 | [CRW_SST] coraltemp_v3.1_20091024.nc is MISSING. Will try to re-download.
2026-01-17 15:30:16,428 | [CRW_SST] coraltemp_v3.1_20091025.nc is MISSING. Will try to re-download.
2026-01-17 15:30:16,428 | [CRW_SST] coraltemp_v3.1_20091026.nc is MISSING. Will try to re-download.
2026-01-17 15:30:16,430 | [CRW_SST] coraltemp_v3.1_20091027.nc is MISSING. Will try to re-download.
2026-01-17 15:30:16,430 | [CRW_SST] coraltemp_v3.1_20091028.nc is MISSING. Will try to re-download.
2026-01-17 15:30:16,431 | [CRW_SST] coraltemp_v3.1_20091029.nc is MISSING. Will try to re-download.
2026-01-17 15:30:16,431 | [CRW_SST] coraltemp_v3.1_20091030.nc is MISSING. Will try to re-download.
2026-01-17 15:30:16,431 | [CRW_SST] coraltemp_v3.1_20091031.nc is MISSING. Will try to re-download.
2026-01-17 15:30:16,432 | [CRW_SST] coraltemp_v3.1_20091201.nc is MISSING. Will try to re-download.
2026-01-17 15:30:16,432 | [CRW_SST] coraltemp_v3.1_20091202.nc is MISSING. Will try to re-download.
2026-01-17 15:30:16,432 | [CRW_SST] coraltemp_v3.1_20091203.nc is MISSING. Will try to re-download.
2026-01-17 15:30:16,434 | [CRW_SST] coraltemp_v3.1_20091204.nc is MISSING. Will try to re-download.
2026-01-17 15:30:16,434 | [CRW_SST] coraltemp_v3.1_20091205.nc is MISSING. Will try to re-download.
2026-01-17 15:30:16,434 | [CRW_SST] coraltemp_v3.1_20091206.nc is MISSING. Will try to re-download.
2026-01-17 15:30:16,434 | [CRW_SST] coraltemp_v3.1_20091207.nc is MISSING. Will try to re-download.
2026-01-17 15:30:16,434 | [CRW_SST] coraltemp_v3.1_20091208.nc is MISSING. Will try to re-download.
2026-01-17 15:30:16,434 | [CRW_SST] coraltemp_v3.1_20091209.nc is MISSING. Will try to re-download.
2026-01-17 15:30:16,436 | [CRW_SST] coraltemp_v3.1_20091210.nc is MISSING. Will try to re-download.
2026-01-17 15:30:16,436 | [CRW_SST] coraltemp_v3.1_20091212.nc is MISSING. Will try to re-download.
2026-01-17 15:30:16,437 | [CRW_SST] coraltemp_v3.1_20091213.nc is MISSING. Will try to re-download.
2026-01-17 15:30:16,438 | [CRW_SST] coraltemp_v3.1_20091214.nc is MISSING. Will try to re-download.
2026-01-17 15:30:16,439 | [CRW_SST] coraltemp_v3.1_20091215.nc is MISSING. Will try to re-download.
2026-01-17 15:30:16,439 | [CRW_SST] coraltemp_v3.1_20091216.nc is MISSING. Will try to re-download.
2026-01-17 15:30:16,439 | [CRW_SST] coraltemp_v3.1_20091217.nc is MISSING. Will try to re-download.
2026-01-17 15:30:16,440 | [CRW_SST] coraltemp_v3.1_20091218.nc is MISSING. Will try to re-download.
2026-01-17 15:30:16,441 | [CRW_SST] coraltemp_v3.1_20091219.nc is MISSING. Will try to re-download.
2026-01-17 15:30:16,443 | [CRW_SST] coraltemp_v3.1_20091220.nc is MISSING. Will try to re-download.
2026-01-17 15:30:16,443 | [CRW_SST] coraltemp_v3.1_20091221.nc is MISSING. Will try to re-download.
2026-01-17 15:30:16,443 | [CRW_SST] coraltemp_v3.1_20091222.nc is MISSING. Will try to re-download.
2026-01-17 15:30:16,443 | [CRW_SST] coraltemp_v3.1_20091223.nc is MISSING. Will try to re-download.
2026-01-17 15:30:16,443 | [CRW_SST] coraltemp_v3.1_20091224.nc is MISSING. Will try to re-download.
2026-01-17 15:30:16,443 | [CRW_SST] coraltemp_v3.1_20091225.nc is MISSING. Will try to re-download.
2026-01-17 15:30:16,447 | [CRW_SST] coraltemp_v3.1_20091226.nc is MISSING. Will try to re-download.
2026-01-17 15:30:16,447 | [CRW_SST] coraltemp_v3.1_20091227.nc is MISSING. Will try to re-download.
2026-01-17 15:30:16,447 | [CRW_SST] coraltemp_v3.1_20091228.nc is MISSING. Will try to re-download.
2026-01-17 15:30:16,448 | [CRW_SST] coraltemp_v3.1_20091229.nc is MISSING. Will try to re-download.
2026-01-17 15:30:16,449 | [CRW_SST] coraltemp_v3.1_20091230.nc is MISSING. Will try to re-download.
2026-01-17 15:30:16,449 | [CRW_SST] coraltemp_v3.1_20091231.nc is MISSING. Will try to re-download.
2026-01-17 15:30:16,450 | [CRW_SST] coraltemp_v3.1_20100101.nc is MISSING. Will try to re-download.
2026-01-17 15:30:16,450 | [CRW_SST] coraltemp_v3.1_20100102.nc is MISSING. Will try to re-download.
2026-01-17 15:30:16,450 | [CRW_SST] coraltemp_v3.1_20100103.nc is MISSING. Will try to re-download.
2026-01-17 15:30:16,450 | [CRW_SST] coraltemp_v3.1_20100104.nc is MISSING. Will try to re-download.
2026-01-17 15:30:16,450 | [CRW_SST] coraltemp_v3.1_20100105.nc is MISSING. Will try to re-download.
2026-01-17 15:30:16,450 | [CRW_SST] coraltemp_v3.1_20100106.nc is MISSING. Will try to re-download.
2026-01-17 15:30:16,450 | [CRW_SST] coraltemp_v3.1_20100107.nc is MISSING. Will try to re-download.
2026-01-17 15:30:16,453 | [CRW_SST] coraltemp_v3.1_20100108.nc is MISSING. Will try to re-download.
2026-01-17 15:30:16,453 | [CRW_SST] coraltemp_v3.1_20100109.nc is MISSING. Will try to re-download.
2026-01-17 15:30:16,453 | [CRW_SST] coraltemp_v3.1_20100120.nc is MISSING. Will try to re-download.
2026-01-17 15:30:16,453 | [CRW_SST] coraltemp_v3.1_20100121.nc is MISSING. Will try to re-download.
2026-01-17 15:30:16,453 | [CRW_SST] coraltemp_v3.1_20100122.nc is MISSING. Will try to re-download.
2026-01-17 15:30:16,453 | [CRW_SST] coraltemp_v3.1_20100123.nc is MISSING. Will try to re-download.
2026-01-17 15:30:16,453 | [CRW_SST] coraltemp_v3.1_20100124.nc is MISSING. Will try to re-download.
2026-01-17 15:30:16,459 | [CRW_SST] coraltemp_v3.1_20100125.nc is MISSING. Will try to re-download.
2026-01-17 15:30:16,460 | [CRW_SST] coraltemp_v3.1_20100126.nc is MISSING. Will try to re-download.
2026-01-17 15:30:16,460 | [CRW_SST] coraltemp_v3.1_20100127.nc is MISSING. Will try to re-download.
2026-01-17 15:30:16,461 | [CRW_SST] coraltemp_v3.1_20100128.nc is MISSING. Will try to re-download.
2026-01-17 15:30:16,461 | [CRW_SST] coraltemp_v3.1_20100129.nc is MISSING. Will try to re-download.
2026-01-17 15:30:16,462 | [CRW_SST] coraltemp_v3.1_20100130.nc is MISSING. Will try to re-download.
2026-01-17 15:30:16,463 | [CRW_SST] coraltemp_v3.1_20100131.nc is MISSING. Will try to re-download.
2026-01-17 15:30:16,463 | [CRW_SST] coraltemp_v3.1_20100201.nc is MISSING. Will try to re-download.
2026-01-17 15:30:16,463 | [CRW_SST] coraltemp_v3.1_20100202.nc is MISSING. Will try to re-download.
2026-01-17 15:30:16,463 | [CRW_SST] coraltemp_v3.1_20100203.nc is MISSING. Will try to re-download.
2026-01-17 15:30:16,464 | [CRW_SST] coraltemp_v3.1_20100204.nc is MISSING. Will try to re-download.
2026-01-17 15:30:16,464 | [CRW_SST] coraltemp_v3.1_20100205.nc is MISSING. Will try to re-download.
2026-01-17 15:30:16,464 | [CRW_SST] coraltemp_v3.1_20100206.nc is MISSING. Will try to re-download.
2026-01-17 15:30:16,466 | [CRW_SST] coraltemp_v3.1_20100207.nc is MISSING. Will try to re-download.
2026-01-17 15:30:16,467 | [CRW_SST] coraltemp_v3.1_20100208.nc is MISSING. Will try to re-download.
2026-01-17 15:30:16,467 | [CRW_SST] coraltemp_v3.1_20100209.nc is MISSING. Will try to re-download.
2026-01-17 15:30:16,468 | [CRW_SST] coraltemp_v3.1_20100210.nc is MISSING. Will try to re-download.
2026-01-17 15:30:16,469 | [CRW_SST] coraltemp_v3.1_20100212.nc is MISSING. Will try to re-download.
2026-01-17 15:30:16,469 | [CRW_SST] coraltemp_v3.1_20100213.nc is MISSING. Will try to re-download.
2026-01-17 15:30:16,469 | [CRW_SST] coraltemp_v3.1_20100214.nc is MISSING. Will try to re-download.
2026-01-17 15:30:16,471 | [CRW_SST] coraltemp_v3.1_20100215.nc is MISSING. Will try to re-download.
2026-01-17 15:30:16,471 | [CRW_SST] coraltemp_v3.1_20100216.nc is MISSING. Will try to re-download.
2026-01-17 15:30:16,471 | [CRW_SST] coraltemp_v3.1_20100217.nc is MISSING. Will try to re-download.
2026-01-17 15:30:16,471 | [CRW_SST] coraltemp_v3.1_20100218.nc is MISSING. Will try to re-download.
2026-01-17 15:30:16,473 | [CRW_SST] coraltemp_v3.1_20100219.nc is MISSING. Will try to re-download.
2026-01-17 15:30:16,474 | [CRW_SST] coraltemp_v3.1_20100220.nc is MISSING. Will try to re-download.
2026-01-17 15:30:16,476 | [CRW_SST] coraltemp_v3.1_20100221.nc is MISSING. Will try to re-download.
2026-01-17 15:30:16,477 | [CRW_SST] coraltemp_v3.1_20100222.nc is MISSING. Will try to re-download.
2026-01-17 15:30:16,477 | [CRW_SST] coraltemp_v3.1_20100223.nc is MISSING. Will try to re-download.
2026-01-17 15:30:16,478 | [CRW_SST] coraltemp_v3.1_20100224.nc is MISSING. Will try to re-download.
2026-01-17 15:30:16,478 | [CRW_SST] coraltemp_v3.1_20100225.nc is MISSING. Will try to re-download.
2026-01-17 15:30:16,478 | [CRW_SST] coraltemp_v3.1_20100226.nc is MISSING. Will try to re-download.
2026-01-17 15:30:16,478 | [CRW_SST] coraltemp_v3.1_20100227.nc is MISSING. Will try to re-download.
2026-01-17 15:30:16,478 | [CRW_SST] coraltemp_v3.1_20100228.nc is MISSING. Will try to re-download.
2026-01-17 15:30:16,480 | [CRW_SST] coraltemp_v3.1_20100301.nc is MISSING. Will try to re-download.
2026-01-17 15:30:16,480 | [CRW_SST] coraltemp_v3.1_20100302.nc is MISSING. Will try to re-download.
2026-01-17 15:30:16,481 | [CRW_SST] coraltemp_v3.1_20100303.nc is MISSING. Will try to re-download.
2026-01-17 15:30:16,482 | [CRW_SST] coraltemp_v3.1_20100304.nc is MISSING. Will try to re-download.
2026-01-17 15:30:16,482 | [CRW_SST] coraltemp_v3.1_20100305.nc is MISSING. Will try to re-download.
2026-01-17 15:30:16,483 | [CRW_SST] coraltemp_v3.1_20100306.nc is MISSING. Will try to re-download.
2026-01-17 15:30:16,484 | [CRW_SST] coraltemp_v3.1_20100307.nc is MISSING. Will try to re-download.
2026-01-17 15:30:16,484 | [CRW_SST] coraltemp_v3.1_20100308.nc is MISSING. Will try to re-download.
2026-01-17 15:30:16,484 | [CRW_SST] coraltemp_v3.1_20100309.nc is MISSING. Will try to re-download.
2026-01-17 15:30:16,484 | [CRW_SST] coraltemp_v3.1_20100310.nc is MISSING. Will try to re-download.
2026-01-17 15:30:16,484 | [CRW_SST] coraltemp_v3.1_20100312.nc is MISSING. Will try to re-download.
2026-01-17 15:30:16,487 | [CRW_SST] coraltemp_v3.1_20100313.nc is MISSING. Will try to re-download.
2026-01-17 15:30:16,487 | [CRW_SST] coraltemp_v3.1_20100314.nc is MISSING. Will try to re-download.
2026-01-17 15:30:16,488 | [CRW_SST] coraltemp_v3.1_20100315.nc is MISSING. Will try to re-download.
2026-01-17 15:30:16,488 | [CRW_SST] coraltemp_v3.1_20100316.nc is MISSING. Will try to re-download.
2026-01-17 15:30:16,489 | [CRW_SST] coraltemp_v3.1_20100317.nc is MISSING. Will try to re-download.
2026-01-17 15:30:16,489 | [CRW_SST] coraltemp_v3.1_20100318.nc is MISSING. Will try to re-download.
2026-01-17 15:30:16,489 | [CRW_SST] coraltemp_v3.1_20100319.nc is MISSING. Will try to re-download.
2026-01-17 15:30:16,492 | [CRW_SST] coraltemp_v3.1_20100320.nc is MISSING. Will try to re-download.
2026-01-17 15:30:16,494 | [CRW_SST] coraltemp_v3.1_20100321.nc is MISSING. Will try to re-download.
2026-01-17 15:30:16,494 | [CRW_SST] coraltemp_v3.1_20100322.nc is MISSING. Will try to re-download.
2026-01-17 15:30:16,494 | [CRW_SST] coraltemp_v3.1_20100323.nc is MISSING. Will try to re-download.
2026-01-17 15:30:16,494 | [CRW_SST] coraltemp_v3.1_20100324.nc is MISSING. Will try to re-download.
2026-01-17 15:30:16,494 | [CRW_SST] coraltemp_v3.1_20100325.nc is MISSING. Will try to re-download.
2026-01-17 15:30:16,494 | [CRW_SST] coraltemp_v3.1_20100326.nc is MISSING. Will try to re-download.
2026-01-17 15:30:16,497 | [CRW_SST] coraltemp_v3.1_20100327.nc is MISSING. Will try to re-download.
2026-01-17 15:30:16,498 | [CRW_SST] coraltemp_v3.1_20100328.nc is MISSING. Will try to re-download.
2026-01-17 15:30:16,499 | [CRW_SST] coraltemp_v3.1_20100329.nc is MISSING. Will try to re-download.
2026-01-17 15:30:16,499 | [CRW_SST] coraltemp_v3.1_20100330.nc is MISSING. Will try to re-download.
2026-01-17 15:30:16,500 | [CRW_SST] coraltemp_v3.1_20100331.nc is MISSING. Will try to re-download.
2026-01-17 15:30:16,500 | [CRW_SST] coraltemp_v3.1_20100401.nc is MISSING. Will try to re-download.
2026-01-17 15:30:16,500 | [CRW_SST] coraltemp_v3.1_20100402.nc is MISSING. Will try to re-download.
2026-01-17 15:30:16,500 | [CRW_SST] coraltemp_v3.1_20100403.nc is MISSING. Will try to re-download.
2026-01-17 15:30:16,503 | [CRW_SST] coraltemp_v3.1_20100404.nc is MISSING. Will try to re-download.
2026-01-17 15:30:16,503 | [CRW_SST] coraltemp_v3.1_20100405.nc is MISSING. Will try to re-download.
2026-01-17 15:30:16,503 | [CRW_SST] coraltemp_v3.1_20100406.nc is MISSING. Will try to re-download.
2026-01-17 15:30:16,503 | [CRW_SST] coraltemp_v3.1_20100407.nc is MISSING. Will try to re-download.
2026-01-17 15:30:16,503 | [CRW_SST] coraltemp_v3.1_20100408.nc is MISSING. Will try to re-download.
2026-01-17 15:30:16,503 | [CRW_SST] coraltemp_v3.1_20100409.nc is MISSING. Will try to re-download.
2026-01-17 15:30:16,503 | [CRW_SST] coraltemp_v3.1_20100410.nc is MISSING. Will try to re-download.
2026-01-17 15:30:16,503 | [CRW_SST] coraltemp_v3.1_20100412.nc is MISSING. Will try to re-download.
2026-01-17 15:30:16,506 | [CRW_SST] coraltemp_v3.1_20100413.nc is MISSING. Will try to re-download.
2026-01-17 15:30:16,511 | [CRW_SST] coraltemp_v3.1_20100414.nc is MISSING. Will try to re-download.
2026-01-17 15:30:16,511 | [CRW_SST] coraltemp_v3.1_20100415.nc is MISSING. Will try to re-download.
2026-01-17 15:30:16,512 | [CRW_SST] coraltemp_v3.1_20100416.nc is MISSING. Will try to re-download.
2026-01-17 15:30:16,512 | [CRW_SST] coraltemp_v3.1_20100417.nc is MISSING. Will try to re-download.
2026-01-17 15:30:16,513 | [CRW_SST] coraltemp_v3.1_20100418.nc is MISSING. Will try to re-download.
2026-01-17 15:30:16,513 | [CRW_SST] coraltemp_v3.1_20100419.nc is MISSING. Will try to re-download.
2026-01-17 15:30:16,514 | [CRW_SST] coraltemp_v3.1_20100420.nc is MISSING. Will try to re-download.
2026-01-17 15:30:16,514 | [CRW_SST] coraltemp_v3.1_20100421.nc is MISSING. Will try to re-download.
2026-01-17 15:30:16,514 | [CRW_SST] coraltemp_v3.1_20100422.nc is MISSING. Will try to re-download.
2026-01-17 15:30:16,516 | [CRW_SST] coraltemp_v3.1_20100423.nc is MISSING. Will try to re-download.
2026-01-17 15:30:16,516 | [CRW_SST] coraltemp_v3.1_20100424.nc is MISSING. Will try to re-download.
2026-01-17 15:30:16,518 | [CRW_SST] coraltemp_v3.1_20100425.nc is MISSING. Will try to re-download.
2026-01-17 15:30:16,518 | [CRW_SST] coraltemp_v3.1_20100426.nc is MISSING. Will try to re-download.
2026-01-17 15:30:16,518 | [CRW_SST] coraltemp_v3.1_20100427.nc is MISSING. Will try to re-download.
2026-01-17 15:30:16,519 | [CRW_SST] coraltemp_v3.1_20100428.nc is MISSING. Will try to re-download.
2026-01-17 15:30:16,519 | [CRW_SST] coraltemp_v3.1_20100429.nc is MISSING. Will try to re-download.
2026-01-17 15:30:16,519 | [CRW_SST] coraltemp_v3.1_20100430.nc is MISSING. Will try to re-download.
2026-01-17 15:30:16,519 | [CRW_SST] coraltemp_v3.1_20100501.nc is MISSING. Will try to re-download.
2026-01-17 15:30:16,519 | [CRW_SST] coraltemp_v3.1_20100502.nc is MISSING. Will try to re-download.
2026-01-17 15:30:16,519 | [CRW_SST] coraltemp_v3.1_20100503.nc is MISSING. Will try to re-download.
2026-01-17 15:30:16,519 | [CRW_SST] coraltemp_v3.1_20100504.nc is MISSING. Will try to re-download.
2026-01-17 15:30:16,527 | [CRW_SST] coraltemp_v3.1_20100505.nc is MISSING. Will try to re-download.
2026-01-17 15:30:16,528 | [CRW_SST] coraltemp_v3.1_20100506.nc is MISSING. Will try to re-download.
2026-01-17 15:30:16,529 | [CRW_SST] coraltemp_v3.1_20100507.nc is MISSING. Will try to re-download.
2026-01-17 15:30:16,529 | [CRW_SST] coraltemp_v3.1_20100508.nc is MISSING. Will try to re-download.
2026-01-17 15:30:16,529 | [CRW_SST] coraltemp_v3.1_20100509.nc is MISSING. Will try to re-download.
2026-01-17 15:30:16,529 | [CRW_SST] coraltemp_v3.1_20100510.nc is MISSING. Will try to re-download.
2026-01-17 15:30:16,529 | [CRW_SST] coraltemp_v3.1_20100512.nc is MISSING. Will try to re-download.
2026-01-17 15:30:16,531 | [CRW_SST] coraltemp_v3.1_20100513.nc is MISSING. Will try to re-download.
2026-01-17 15:30:16,532 | [CRW_SST] coraltemp_v3.1_20100514.nc is MISSING. Will try to re-download.
2026-01-17 15:30:16,532 | [CRW_SST] coraltemp_v3.1_20100515.nc is MISSING. Will try to re-download.
2026-01-17 15:30:16,532 | [CRW_SST] coraltemp_v3.1_20100516.nc is MISSING. Will try to re-download.
2026-01-17 15:30:16,534 | [CRW_SST] coraltemp_v3.1_20100517.nc is MISSING. Will try to re-download.
2026-01-17 15:30:16,534 | [CRW_SST] coraltemp_v3.1_20100518.nc is MISSING. Will try to re-download.
2026-01-17 15:30:16,534 | [CRW_SST] coraltemp_v3.1_20100519.nc is MISSING. Will try to re-download.
2026-01-17 15:30:16,534 | [CRW_SST] coraltemp_v3.1_20100520.nc is MISSING. Will try to re-download.
2026-01-17 15:30:16,534 | [CRW_SST] coraltemp_v3.1_20100521.nc is MISSING. Will try to re-download.
2026-01-17 15:30:16,536 | [CRW_SST] coraltemp_v3.1_20100522.nc is MISSING. Will try to re-download.
2026-01-17 15:30:16,536 | [CRW_SST] coraltemp_v3.1_20100523.nc is MISSING. Will try to re-download.
2026-01-17 15:30:16,537 | [CRW_SST] coraltemp_v3.1_20100524.nc is MISSING. Will try to re-download.
2026-01-17 15:30:16,538 | [CRW_SST] coraltemp_v3.1_20100525.nc is MISSING. Will try to re-download.
2026-01-17 15:30:16,539 | [CRW_SST] coraltemp_v3.1_20100526.nc is MISSING. Will try to re-download.
2026-01-17 15:30:16,539 | [CRW_SST] coraltemp_v3.1_20100527.nc is MISSING. Will try to re-download.
2026-01-17 15:30:16,541 | [CRW_SST] coraltemp_v3.1_20100528.nc is MISSING. Will try to re-download.
2026-01-17 15:30:16,543 | [CRW_SST] coraltemp_v3.1_20100529.nc is MISSING. Will try to re-download.
2026-01-17 15:30:16,543 | [CRW_SST] coraltemp_v3.1_20100530.nc is MISSING. Will try to re-download.
2026-01-17 15:30:16,543 | [CRW_SST] coraltemp_v3.1_20100531.nc is MISSING. Will try to re-download.
2026-01-17 15:30:16,545 | [CRW_SST] coraltemp_v3.1_20100601.nc is MISSING. Will try to re-download.
2026-01-17 15:30:16,545 | [CRW_SST] coraltemp_v3.1_20100602.nc is MISSING. Will try to re-download.
2026-01-17 15:30:16,545 | [CRW_SST] coraltemp_v3.1_20100603.nc is MISSING. Will try to re-download.
2026-01-17 15:30:16,545 | [CRW_SST] coraltemp_v3.1_20100604.nc is MISSING. Will try to re-download.
2026-01-17 15:30:16,548 | [CRW_SST] coraltemp_v3.1_20100605.nc is MISSING. Will try to re-download.
2026-01-17 15:30:16,549 | [CRW_SST] coraltemp_v3.1_20100606.nc is MISSING. Will try to re-download.
2026-01-17 15:30:16,549 | [CRW_SST] coraltemp_v3.1_20100607.nc is MISSING. Will try to re-download.
2026-01-17 15:30:16,550 | [CRW_SST] coraltemp_v3.1_20100608.nc is MISSING. Will try to re-download.
2026-01-17 15:30:16,550 | [CRW_SST] coraltemp_v3.1_20100609.nc is MISSING. Will try to re-download.
2026-01-17 15:30:16,550 | [CRW_SST] coraltemp_v3.1_20100610.nc is MISSING. Will try to re-download.
2026-01-17 15:30:16,550 | [CRW_SST] coraltemp_v3.1_20100612.nc is MISSING. Will try to re-download.
2026-01-17 15:30:16,550 | [CRW_SST] coraltemp_v3.1_20100613.nc is MISSING. Will try to re-download.
2026-01-17 15:30:16,550 | [CRW_SST] coraltemp_v3.1_20100614.nc is MISSING. Will try to re-download.
2026-01-17 15:30:16,553 | [CRW_SST] coraltemp_v3.1_20100615.nc is MISSING. Will try to re-download.
2026-01-17 15:30:16,553 | [CRW_SST] coraltemp_v3.1_20100616.nc is MISSING. Will try to re-download.
2026-01-17 15:30:16,553 | [CRW_SST] coraltemp_v3.1_20100617.nc is MISSING. Will try to re-download.
2026-01-17 15:30:16,553 | [CRW_SST] coraltemp_v3.1_20100618.nc is MISSING. Will try to re-download.
2026-01-17 15:30:16,553 | [CRW_SST] coraltemp_v3.1_20100619.nc is MISSING. Will try to re-download.
2026-01-17 15:30:16,556 | [CRW_SST] coraltemp_v3.1_20100620.nc is MISSING. Will try to re-download.
2026-01-17 15:30:16,556 | [CRW_SST] coraltemp_v3.1_20100621.nc is MISSING. Will try to re-download.
2026-01-17 15:30:16,557 | [CRW_SST] coraltemp_v3.1_20100622.nc is MISSING. Will try to re-download.
2026-01-17 15:30:16,559 | [CRW_SST] coraltemp_v3.1_20100623.nc is MISSING. Will try to re-download.
2026-01-17 15:30:16,559 | [CRW_SST] coraltemp_v3.1_20100624.nc is MISSING. Will try to re-download.
2026-01-17 15:30:16,560 | [CRW_SST] coraltemp_v3.1_20100625.nc is MISSING. Will try to re-download.
2026-01-17 15:30:16,561 | [CRW_SST] coraltemp_v3.1_20100626.nc is MISSING. Will try to re-download.
2026-01-17 15:30:16,561 | [CRW_SST] coraltemp_v3.1_20100627.nc is MISSING. Will try to re-download.
2026-01-17 15:30:16,562 | [CRW_SST] coraltemp_v3.1_20100628.nc is MISSING. Will try to re-download.
2026-01-17 15:30:16,563 | [CRW_SST] coraltemp_v3.1_20100629.nc is MISSING. Will try to re-download.
2026-01-17 15:30:16,563 | [CRW_SST] coraltemp_v3.1_20100630.nc is MISSING. Will try to re-download.
2026-01-17 15:30:16,564 | [CRW_SST] coraltemp_v3.1_20100701.nc is MISSING. Will try to re-download.
2026-01-17 15:30:16,564 | [CRW_SST] coraltemp_v3.1_20100702.nc is MISSING. Will try to re-download.
2026-01-17 15:30:16,564 | [CRW_SST] coraltemp_v3.1_20100703.nc is MISSING. Will try to re-download.
2026-01-17 15:30:16,564 | [CRW_SST] coraltemp_v3.1_20100704.nc is MISSING. Will try to re-download.
2026-01-17 15:30:16,564 | [CRW_SST] coraltemp_v3.1_20100705.nc is MISSING. Will try to re-download.
2026-01-17 15:30:16,568 | [CRW_SST] coraltemp_v3.1_20100706.nc is MISSING. Will try to re-download.
2026-01-17 15:30:16,568 | [CRW_SST] coraltemp_v3.1_20100707.nc is MISSING. Will try to re-download.
2026-01-17 15:30:16,569 | [CRW_SST] coraltemp_v3.1_20100708.nc is MISSING. Will try to re-download.
2026-01-17 15:30:16,569 | [CRW_SST] coraltemp_v3.1_20100709.nc is MISSING. Will try to re-download.
2026-01-17 15:30:16,569 | [CRW_SST] coraltemp_v3.1_20100710.nc is MISSING. Will try to re-download.
2026-01-17 15:30:16,571 | [CRW_SST] coraltemp_v3.1_20100712.nc is MISSING. Will try to re-download.
2026-01-17 15:30:16,571 | [CRW_SST] coraltemp_v3.1_20100713.nc is MISSING. Will try to re-download.
2026-01-17 15:30:16,571 | [CRW_SST] coraltemp_v3.1_20100714.nc is MISSING. Will try to re-download.
2026-01-17 15:30:16,573 | [CRW_SST] coraltemp_v3.1_20100715.nc is MISSING. Will try to re-download.
2026-01-17 15:30:16,573 | [CRW_SST] coraltemp_v3.1_20100716.nc is MISSING. Will try to re-download.
2026-01-17 15:30:16,575 | [CRW_SST] coraltemp_v3.1_20100717.nc is MISSING. Will try to re-download.
2026-01-17 15:30:16,576 | [CRW_SST] coraltemp_v3.1_20100718.nc is MISSING. Will try to re-download.
2026-01-17 15:30:16,576 | [CRW_SST] coraltemp_v3.1_20100719.nc is MISSING. Will try to re-download.
2026-01-17 15:30:16,578 | [CRW_SST] coraltemp_v3.1_20100720.nc is MISSING. Will try to re-download.
2026-01-17 15:30:16,578 | [CRW_SST] coraltemp_v3.1_20100721.nc is MISSING. Will try to re-download.
2026-01-17 15:30:16,578 | [CRW_SST] coraltemp_v3.1_20100722.nc is MISSING. Will try to re-download.
2026-01-17 15:30:16,578 | [CRW_SST] coraltemp_v3.1_20100723.nc is MISSING. Will try to re-download.
2026-01-17 15:30:16,580 | [CRW_SST] coraltemp_v3.1_20100724.nc is MISSING. Will try to re-download.
2026-01-17 15:30:16,580 | [CRW_SST] coraltemp_v3.1_20100725.nc is MISSING. Will try to re-download.
2026-01-17 15:30:16,581 | [CRW_SST] coraltemp_v3.1_20100726.nc is MISSING. Will try to re-download.
2026-01-17 15:30:16,582 | [CRW_SST] coraltemp_v3.1_20100727.nc is MISSING. Will try to re-download.
2026-01-17 15:30:16,582 | [CRW_SST] coraltemp_v3.1_20100728.nc is MISSING. Will try to re-download.
2026-01-17 15:30:16,582 | [CRW_SST] coraltemp_v3.1_20100729.nc is MISSING. Will try to re-download.
2026-01-17 15:30:16,582 | [CRW_SST] coraltemp_v3.1_20100730.nc is MISSING. Will try to re-download.
2026-01-17 15:30:16,583 | [CRW_SST] coraltemp_v3.1_20100731.nc is MISSING. Will try to re-download.
2026-01-17 15:30:16,584 | [CRW_SST] coraltemp_v3.1_20100801.nc is MISSING. Will try to re-download.
2026-01-17 15:30:16,584 | [CRW_SST] coraltemp_v3.1_20100802.nc is MISSING. Will try to re-download.
2026-01-17 15:30:16,584 | [CRW_SST] coraltemp_v3.1_20100803.nc is MISSING. Will try to re-download.
2026-01-17 15:30:16,584 | [CRW_SST] coraltemp_v3.1_20100804.nc is MISSING. Will try to re-download.
2026-01-17 15:30:16,586 | [CRW_SST] coraltemp_v3.1_20100805.nc is MISSING. Will try to re-download.
2026-01-17 15:30:16,586 | [CRW_SST] coraltemp_v3.1_20100806.nc is MISSING. Will try to re-download.
2026-01-17 15:30:16,587 | [CRW_SST] coraltemp_v3.1_20100807.nc is MISSING. Will try to re-download.
2026-01-17 15:30:16,588 | [CRW_SST] coraltemp_v3.1_20100808.nc is MISSING. Will try to re-download.
2026-01-17 15:30:16,588 | [CRW_SST] coraltemp_v3.1_20100809.nc is MISSING. Will try to re-download.
2026-01-17 15:30:16,589 | [CRW_SST] coraltemp_v3.1_20100810.nc is MISSING. Will try to re-download.
2026-01-17 15:30:16,589 | [CRW_SST] coraltemp_v3.1_20100812.nc is MISSING. Will try to re-download.
2026-01-17 15:30:16,590 | [CRW_SST] coraltemp_v3.1_20100813.nc is MISSING. Will try to re-download.
2026-01-17 15:30:16,592 | [CRW_SST] coraltemp_v3.1_20100814.nc is MISSING. Will try to re-download.
2026-01-17 15:30:16,592 | [CRW_SST] coraltemp_v3.1_20100815.nc is MISSING. Will try to re-download.
2026-01-17 15:30:16,593 | [CRW_SST] coraltemp_v3.1_20100816.nc is MISSING. Will try to re-download.
2026-01-17 15:30:16,593 | [CRW_SST] coraltemp_v3.1_20100817.nc is MISSING. Will try to re-download.
2026-01-17 15:30:16,593 | [CRW_SST] coraltemp_v3.1_20100818.nc is MISSING. Will try to re-download.
2026-01-17 15:30:16,593 | [CRW_SST] coraltemp_v3.1_20100819.nc is MISSING. Will try to re-download.
2026-01-17 15:30:16,593 | [CRW_SST] coraltemp_v3.1_20100820.nc is MISSING. Will try to re-download.
2026-01-17 15:30:16,593 | [CRW_SST] coraltemp_v3.1_20100821.nc is MISSING. Will try to re-download.
2026-01-17 15:30:16,597 | [CRW_SST] coraltemp_v3.1_20100822.nc is MISSING. Will try to re-download.
2026-01-17 15:30:16,597 | [CRW_SST] coraltemp_v3.1_20100823.nc is MISSING. Will try to re-download.
2026-01-17 15:30:16,597 | [CRW_SST] coraltemp_v3.1_20100824.nc is MISSING. Will try to re-download.
2026-01-17 15:30:16,597 | [CRW_SST] coraltemp_v3.1_20100825.nc is MISSING. Will try to re-download.
2026-01-17 15:30:16,600 | [CRW_SST] coraltemp_v3.1_20100826.nc is MISSING. Will try to re-download.
2026-01-17 15:30:16,600 | [CRW_SST] coraltemp_v3.1_20100827.nc is MISSING. Will try to re-download.
2026-01-17 15:30:16,600 | [CRW_SST] coraltemp_v3.1_20100828.nc is MISSING. Will try to re-download.
2026-01-17 15:30:16,600 | [CRW_SST] coraltemp_v3.1_20100829.nc is MISSING. Will try to re-download.
2026-01-17 15:30:16,600 | [CRW_SST] coraltemp_v3.1_20100830.nc is MISSING. Will try to re-download.
2026-01-17 15:30:16,600 | [CRW_SST] coraltemp_v3.1_20100831.nc is MISSING. Will try to re-download.
2026-01-17 15:30:16,603 | [CRW_SST] coraltemp_v3.1_20100901.nc is MISSING. Will try to re-download.
2026-01-17 15:30:16,603 | [CRW_SST] coraltemp_v3.1_20100902.nc is MISSING. Will try to re-download.
2026-01-17 15:30:16,603 | [CRW_SST] coraltemp_v3.1_20100903.nc is MISSING. Will try to re-download.
2026-01-17 15:30:16,605 | [CRW_SST] coraltemp_v3.1_20100904.nc is MISSING. Will try to re-download.
2026-01-17 15:30:16,605 | [CRW_SST] coraltemp_v3.1_20100905.nc is MISSING. Will try to re-download.
2026-01-17 15:30:16,605 | [CRW_SST] coraltemp_v3.1_20100906.nc is MISSING. Will try to re-download.
2026-01-17 15:30:16,605 | [CRW_SST] coraltemp_v3.1_20100907.nc is MISSING. Will try to re-download.
2026-01-17 15:30:16,609 | [CRW_SST] coraltemp_v3.1_20100908.nc is MISSING. Will try to re-download.
2026-01-17 15:30:16,609 | [CRW_SST] coraltemp_v3.1_20100909.nc is MISSING. Will try to re-download.
2026-01-17 15:30:16,611 | [CRW_SST] coraltemp_v3.1_20100910.nc is MISSING. Will try to re-download.
2026-01-17 15:30:16,611 | [CRW_SST] coraltemp_v3.1_20100912.nc is MISSING. Will try to re-download.
2026-01-17 15:30:16,612 | [CRW_SST] coraltemp_v3.1_20100913.nc is MISSING. Will try to re-download.
2026-01-17 15:30:16,612 | [CRW_SST] coraltemp_v3.1_20100914.nc is MISSING. Will try to re-download.
2026-01-17 15:30:16,613 | [CRW_SST] coraltemp_v3.1_20100915.nc is MISSING. Will try to re-download.
2026-01-17 15:30:16,613 | [CRW_SST] coraltemp_v3.1_20100916.nc is MISSING. Will try to re-download.
2026-01-17 15:30:16,614 | [CRW_SST] coraltemp_v3.1_20100917.nc is MISSING. Will try to re-download.
2026-01-17 15:30:16,614 | [CRW_SST] coraltemp_v3.1_20100918.nc is MISSING. Will try to re-download.
2026-01-17 15:30:16,614 | [CRW_SST] coraltemp_v3.1_20100919.nc is MISSING. Will try to re-download.
2026-01-17 15:30:16,616 | [CRW_SST] coraltemp_v3.1_20100920.nc is MISSING. Will try to re-download.
2026-01-17 15:30:16,616 | [CRW_SST] coraltemp_v3.1_20100921.nc is MISSING. Will try to re-download.
2026-01-17 15:30:16,616 | [CRW_SST] coraltemp_v3.1_20100922.nc is MISSING. Will try to re-download.
2026-01-17 15:30:16,618 | [CRW_SST] coraltemp_v3.1_20100923.nc is MISSING. Will try to re-download.
2026-01-17 15:30:16,618 | [CRW_SST] coraltemp_v3.1_20100924.nc is MISSING. Will try to re-download.
2026-01-17 15:30:16,619 | [CRW_SST] coraltemp_v3.1_20100925.nc is MISSING. Will try to re-download.
2026-01-17 15:30:16,619 | [CRW_SST] coraltemp_v3.1_20100926.nc is MISSING. Will try to re-download.
2026-01-17 15:30:16,619 | [CRW_SST] coraltemp_v3.1_20100927.nc is MISSING. Will try to re-download.
2026-01-17 15:30:16,619 | [CRW_SST] coraltemp_v3.1_20100928.nc is MISSING. Will try to re-download.
2026-01-17 15:30:16,621 | [CRW_SST] coraltemp_v3.1_20100929.nc is MISSING. Will try to re-download.
2026-01-17 15:30:16,621 | [CRW_SST] coraltemp_v3.1_20100930.nc is MISSING. Will try to re-download.
2026-01-17 15:30:16,621 | [CRW_SST] coraltemp_v3.1_20101001.nc is MISSING. Will try to re-download.
2026-01-17 15:30:16,621 | [CRW_SST] coraltemp_v3.1_20101002.nc is MISSING. Will try to re-download.
2026-01-17 15:30:16,623 | [CRW_SST] coraltemp_v3.1_20101003.nc is MISSING. Will try to re-download.
2026-01-17 15:30:16,626 | [CRW_SST] coraltemp_v3.1_20101004.nc is MISSING. Will try to re-download.
2026-01-17 15:30:16,626 | [CRW_SST] coraltemp_v3.1_20101005.nc is MISSING. Will try to re-download.
2026-01-17 15:30:16,626 | [CRW_SST] coraltemp_v3.1_20101006.nc is MISSING. Will try to re-download.
2026-01-17 15:30:16,628 | [CRW_SST] coraltemp_v3.1_20101007.nc is MISSING. Will try to re-download.
2026-01-17 15:30:16,628 | [CRW_SST] coraltemp_v3.1_20101008.nc is MISSING. Will try to re-download.
2026-01-17 15:30:16,628 | [CRW_SST] coraltemp_v3.1_20101009.nc is MISSING. Will try to re-download.
2026-01-17 15:30:16,628 | [CRW_SST] coraltemp_v3.1_20101010.nc is MISSING. Will try to re-download.
2026-01-17 15:30:16,628 | [CRW_SST] coraltemp_v3.1_20101012.nc is MISSING. Will try to re-download.
2026-01-17 15:30:16,628 | [CRW_SST] coraltemp_v3.1_20101013.nc is MISSING. Will try to re-download.
2026-01-17 15:30:16,631 | [CRW_SST] coraltemp_v3.1_20101014.nc is MISSING. Will try to re-download.
2026-01-17 15:30:16,632 | [CRW_SST] coraltemp_v3.1_20101015.nc is MISSING. Will try to re-download.
2026-01-17 15:30:16,632 | [CRW_SST] coraltemp_v3.1_20101016.nc is MISSING. Will try to re-download.
2026-01-17 15:30:16,632 | [CRW_SST] coraltemp_v3.1_20101017.nc is MISSING. Will try to re-download.
2026-01-17 15:30:16,634 | [CRW_SST] coraltemp_v3.1_20101018.nc is MISSING. Will try to re-download.
2026-01-17 15:30:16,634 | [CRW_SST] coraltemp_v3.1_20101019.nc is MISSING. Will try to re-download.
2026-01-17 15:30:16,634 | [CRW_SST] coraltemp_v3.1_20101020.nc is MISSING. Will try to re-download.
2026-01-17 15:30:16,634 | [CRW_SST] coraltemp_v3.1_20101021.nc is MISSING. Will try to re-download.
2026-01-17 15:30:16,634 | [CRW_SST] coraltemp_v3.1_20101022.nc is MISSING. Will try to re-download.
2026-01-17 15:30:16,636 | [CRW_SST] coraltemp_v3.1_20101023.nc is MISSING. Will try to re-download.
2026-01-17 15:30:16,636 | [CRW_SST] coraltemp_v3.1_20101024.nc is MISSING. Will try to re-download.
2026-01-17 15:30:16,638 | [CRW_SST] coraltemp_v3.1_20101025.nc is MISSING. Will try to re-download.
2026-01-17 15:30:16,639 | [CRW_SST] coraltemp_v3.1_20101026.nc is MISSING. Will try to re-download.
2026-01-17 15:30:16,639 | [CRW_SST] coraltemp_v3.1_20101027.nc is MISSING. Will try to re-download.
2026-01-17 15:30:16,639 | [CRW_SST] coraltemp_v3.1_20101028.nc is MISSING. Will try to re-download.
2026-01-17 15:30:16,643 | [CRW_SST] coraltemp_v3.1_20101029.nc is MISSING. Will try to re-download.
2026-01-17 15:30:16,643 | [CRW_SST] coraltemp_v3.1_20101030.nc is MISSING. Will try to re-download.
2026-01-17 15:30:16,643 | [CRW_SST] coraltemp_v3.1_20101031.nc is MISSING. Will try to re-download.
2026-01-17 15:30:16,643 | [CRW_SST] coraltemp_v3.1_20101201.nc is MISSING. Will try to re-download.
2026-01-17 15:30:16,643 | [CRW_SST] coraltemp_v3.1_20101202.nc is MISSING. Will try to re-download.
2026-01-17 15:30:16,643 | [CRW_SST] coraltemp_v3.1_20101203.nc is MISSING. Will try to re-download.
2026-01-17 15:30:16,643 | [CRW_SST] coraltemp_v3.1_20101204.nc is MISSING. Will try to re-download.
2026-01-17 15:30:16,643 | [CRW_SST] coraltemp_v3.1_20101205.nc is MISSING. Will try to re-download.
2026-01-17 15:30:16,643 | [CRW_SST] coraltemp_v3.1_20101206.nc is MISSING. Will try to re-download.
2026-01-17 15:30:16,647 | [CRW_SST] coraltemp_v3.1_20101207.nc is MISSING. Will try to re-download.
2026-01-17 15:30:16,647 | [CRW_SST] coraltemp_v3.1_20101208.nc is MISSING. Will try to re-download.
2026-01-17 15:30:16,647 | [CRW_SST] coraltemp_v3.1_20101209.nc is MISSING. Will try to re-download.
2026-01-17 15:30:16,649 | [CRW_SST] coraltemp_v3.1_20101210.nc is MISSING. Will try to re-download.
2026-01-17 15:30:16,649 | [CRW_SST] coraltemp_v3.1_20101212.nc is MISSING. Will try to re-download.
2026-01-17 15:30:16,650 | [CRW_SST] coraltemp_v3.1_20101213.nc is MISSING. Will try to re-download.
2026-01-17 15:30:16,650 | [CRW_SST] coraltemp_v3.1_20101214.nc is MISSING. Will try to re-download.
2026-01-17 15:30:16,650 | [CRW_SST] coraltemp_v3.1_20101215.nc is MISSING. Will try to re-download.
2026-01-17 15:30:16,650 | [CRW_SST] coraltemp_v3.1_20101216.nc is MISSING. Will try to re-download.
2026-01-17 15:30:16,650 | [CRW_SST] coraltemp_v3.1_20101217.nc is MISSING. Will try to re-download.
2026-01-17 15:30:16,650 | [CRW_SST] coraltemp_v3.1_20101218.nc is MISSING. Will try to re-download.
2026-01-17 15:30:16,653 | [CRW_SST] coraltemp_v3.1_20101219.nc is MISSING. Will try to re-download.
2026-01-17 15:30:16,653 | [CRW_SST] coraltemp_v3.1_20101220.nc is MISSING. Will try to re-download.
2026-01-17 15:30:16,653 | [CRW_SST] coraltemp_v3.1_20101221.nc is MISSING. Will try to re-download.
2026-01-17 15:30:16,655 | [CRW_SST] coraltemp_v3.1_20101222.nc is MISSING. Will try to re-download.
2026-01-17 15:30:16,655 | [CRW_SST] coraltemp_v3.1_20101223.nc is MISSING. Will try to re-download.
2026-01-17 15:30:16,655 | [CRW_SST] coraltemp_v3.1_20101224.nc is MISSING. Will try to re-download.
2026-01-17 15:30:16,655 | [CRW_SST] coraltemp_v3.1_20101225.nc is MISSING. Will try to re-download.
2026-01-17 15:30:16,659 | [CRW_SST] coraltemp_v3.1_20101226.nc is MISSING. Will try to re-download.
2026-01-17 15:30:16,660 | [CRW_SST] coraltemp_v3.1_20101227.nc is MISSING. Will try to re-download.
2026-01-17 15:30:16,660 | [CRW_SST] coraltemp_v3.1_20101228.nc is MISSING. Will try to re-download.
2026-01-17 15:30:16,660 | [CRW_SST] coraltemp_v3.1_20101229.nc is MISSING. Will try to re-download.
2026-01-17 15:30:16,662 | [CRW_SST] coraltemp_v3.1_20101230.nc is MISSING. Will try to re-download.
2026-01-17 15:30:16,662 | [CRW_SST] coraltemp_v3.1_20101231.nc is MISSING. Will try to re-download.
2026-01-17 15:30:16,663 | [CRW_SST] coraltemp_v3.1_20120101.nc is MISSING. Will try to re-download.
2026-01-17 15:30:16,663 | [CRW_SST] coraltemp_v3.1_20120102.nc is MISSING. Will try to re-download.
2026-01-17 15:30:16,664 | [CRW_SST] coraltemp_v3.1_20120103.nc is MISSING. Will try to re-download.
2026-01-17 15:30:16,664 | [CRW_SST] coraltemp_v3.1_20120104.nc is MISSING. Will try to re-download.
2026-01-17 15:30:16,664 | [CRW_SST] coraltemp_v3.1_20120105.nc is MISSING. Will try to re-download.
2026-01-17 15:30:16,664 | [CRW_SST] coraltemp_v3.1_20120106.nc is MISSING. Will try to re-download.
2026-01-17 15:30:16,664 | [CRW_SST] coraltemp_v3.1_20120107.nc is MISSING. Will try to re-download.
2026-01-17 15:30:16,664 | [CRW_SST] coraltemp_v3.1_20120108.nc is MISSING. Will try to re-download.
2026-01-17 15:30:16,664 | [CRW_SST] coraltemp_v3.1_20120109.nc is MISSING. Will try to re-download.
2026-01-17 15:30:16,668 | [CRW_SST] coraltemp_v3.1_20120120.nc is MISSING. Will try to re-download.
2026-01-17 15:30:16,668 | [CRW_SST] coraltemp_v3.1_20120121.nc is MISSING. Will try to re-download.
2026-01-17 15:30:16,669 | [CRW_SST] coraltemp_v3.1_20120122.nc is MISSING. Will try to re-download.
2026-01-17 15:30:16,669 | [CRW_SST] coraltemp_v3.1_20120123.nc is MISSING. Will try to re-download.
2026-01-17 15:30:16,669 | [CRW_SST] coraltemp_v3.1_20120124.nc is MISSING. Will try to re-download.
2026-01-17 15:30:16,669 | [CRW_SST] coraltemp_v3.1_20120125.nc is MISSING. Will try to re-download.
2026-01-17 15:30:16,671 | [CRW_SST] coraltemp_v3.1_20120126.nc is MISSING. Will try to re-download.
2026-01-17 15:30:16,671 | [CRW_SST] coraltemp_v3.1_20120127.nc is MISSING. Will try to re-download.
2026-01-17 15:30:16,671 | [CRW_SST] coraltemp_v3.1_20120128.nc is MISSING. Will try to re-download.
2026-01-17 15:30:16,671 | [CRW_SST] coraltemp_v3.1_20120129.nc is MISSING. Will try to re-download.
2026-01-17 15:30:16,671 | [CRW_SST] coraltemp_v3.1_20120130.nc is MISSING. Will try to re-download.
2026-01-17 15:30:16,676 | [CRW_SST] coraltemp_v3.1_20120131.nc is MISSING. Will try to re-download.
2026-01-17 15:30:16,676 | [CRW_SST] coraltemp_v3.1_20120201.nc is MISSING. Will try to re-download.
2026-01-17 15:30:16,676 | [CRW_SST] coraltemp_v3.1_20120202.nc is MISSING. Will try to re-download.
2026-01-17 15:30:16,677 | [CRW_SST] coraltemp_v3.1_20120203.nc is MISSING. Will try to re-download.
2026-01-17 15:30:16,677 | [CRW_SST] coraltemp_v3.1_20120204.nc is MISSING. Will try to re-download.
2026-01-17 15:30:16,677 | [CRW_SST] coraltemp_v3.1_20120205.nc is MISSING. Will try to re-download.
2026-01-17 15:30:16,679 | [CRW_SST] coraltemp_v3.1_20120206.nc is MISSING. Will try to re-download.
2026-01-17 15:30:16,679 | [CRW_SST] coraltemp_v3.1_20120207.nc is MISSING. Will try to re-download.
2026-01-17 15:30:16,679 | [CRW_SST] coraltemp_v3.1_20120208.nc is MISSING. Will try to re-download.
2026-01-17 15:30:16,681 | [CRW_SST] coraltemp_v3.1_20120209.nc is MISSING. Will try to re-download.
2026-01-17 15:30:16,681 | [CRW_SST] coraltemp_v3.1_20120210.nc is MISSING. Will try to re-download.
2026-01-17 15:30:16,682 | [CRW_SST] coraltemp_v3.1_20120212.nc is MISSING. Will try to re-download.
2026-01-17 15:30:16,682 | [CRW_SST] coraltemp_v3.1_20120213.nc is MISSING. Will try to re-download.
2026-01-17 15:30:16,682 | [CRW_SST] coraltemp_v3.1_20120214.nc is MISSING. Will try to re-download.
2026-01-17 15:30:16,682 | [CRW_SST] coraltemp_v3.1_20120215.nc is MISSING. Will try to re-download.
2026-01-17 15:30:16,684 | [CRW_SST] coraltemp_v3.1_20120216.nc is MISSING. Will try to re-download.
2026-01-17 15:30:16,684 | [CRW_SST] coraltemp_v3.1_20120217.nc is MISSING. Will try to re-download.
2026-01-17 15:30:16,684 | [CRW_SST] coraltemp_v3.1_20120218.nc is MISSING. Will try to re-download.
2026-01-17 15:30:16,684 | [CRW_SST] coraltemp_v3.1_20120219.nc is MISSING. Will try to re-download.
2026-01-17 15:30:16,686 | [CRW_SST] coraltemp_v3.1_20120220.nc is MISSING. Will try to re-download.
2026-01-17 15:30:16,686 | [CRW_SST] coraltemp_v3.1_20120221.nc is MISSING. Will try to re-download.
2026-01-17 15:30:16,686 | [CRW_SST] coraltemp_v3.1_20120222.nc is MISSING. Will try to re-download.
2026-01-17 15:30:16,688 | [CRW_SST] coraltemp_v3.1_20120223.nc is MISSING. Will try to re-download.
2026-01-17 15:30:16,688 | [CRW_SST] coraltemp_v3.1_20120224.nc is MISSING. Will try to re-download.
2026-01-17 15:30:16,689 | [CRW_SST] coraltemp_v3.1_20120225.nc is MISSING. Will try to re-download.
2026-01-17 15:30:16,689 | [CRW_SST] coraltemp_v3.1_20120226.nc is MISSING. Will try to re-download.
2026-01-17 15:30:16,689 | [CRW_SST] coraltemp_v3.1_20120227.nc is MISSING. Will try to re-download.
2026-01-17 15:30:16,691 | [CRW_SST] coraltemp_v3.1_20120228.nc is MISSING. Will try to re-download.
2026-01-17 15:30:16,693 | [CRW_SST] coraltemp_v3.1_20120229.nc is MISSING. Will try to re-download.
2026-01-17 15:30:16,693 | [CRW_SST] coraltemp_v3.1_20120301.nc is MISSING. Will try to re-download.
2026-01-17 15:30:16,693 | [CRW_SST] coraltemp_v3.1_20120302.nc is MISSING. Will try to re-download.
2026-01-17 15:30:16,693 | [CRW_SST] coraltemp_v3.1_20120303.nc is MISSING. Will try to re-download.
2026-01-17 15:30:16,693 | [CRW_SST] coraltemp_v3.1_20120304.nc is MISSING. Will try to re-download.
2026-01-17 15:30:16,693 | [CRW_SST] coraltemp_v3.1_20120305.nc is MISSING. Will try to re-download.
2026-01-17 15:30:16,693 | [CRW_SST] coraltemp_v3.1_20120306.nc is MISSING. Will try to re-download.
2026-01-17 15:30:16,693 | [CRW_SST] coraltemp_v3.1_20120307.nc is MISSING. Will try to re-download.
2026-01-17 15:30:16,696 | [CRW_SST] coraltemp_v3.1_20120308.nc is MISSING. Will try to re-download.
2026-01-17 15:30:16,697 | [CRW_SST] coraltemp_v3.1_20120309.nc is MISSING. Will try to re-download.
2026-01-17 15:30:16,697 | [CRW_SST] coraltemp_v3.1_20120310.nc is MISSING. Will try to re-download.
2026-01-17 15:30:16,697 | [CRW_SST] coraltemp_v3.1_20120312.nc is MISSING. Will try to re-download.
2026-01-17 15:30:16,697 | [CRW_SST] coraltemp_v3.1_20120313.nc is MISSING. Will try to re-download.
2026-01-17 15:30:16,699 | [CRW_SST] coraltemp_v3.1_20120314.nc is MISSING. Will try to re-download.
2026-01-17 15:30:16,699 | [CRW_SST] coraltemp_v3.1_20120315.nc is MISSING. Will try to re-download.
2026-01-17 15:30:16,700 | [CRW_SST] coraltemp_v3.1_20120316.nc is MISSING. Will try to re-download.
2026-01-17 15:30:16,700 | [CRW_SST] coraltemp_v3.1_20120317.nc is MISSING. Will try to re-download.
2026-01-17 15:30:16,700 | [CRW_SST] coraltemp_v3.1_20120318.nc is MISSING. Will try to re-download.
2026-01-17 15:30:16,700 | [CRW_SST] coraltemp_v3.1_20120319.nc is MISSING. Will try to re-download.
2026-01-17 15:30:16,700 | [CRW_SST] coraltemp_v3.1_20120320.nc is MISSING. Will try to re-download.
2026-01-17 15:30:16,700 | [CRW_SST] coraltemp_v3.1_20120321.nc is MISSING. Will try to re-download.
2026-01-17 15:30:16,703 | [CRW_SST] coraltemp_v3.1_20120322.nc is MISSING. Will try to re-download.
2026-01-17 15:30:16,703 | [CRW_SST] coraltemp_v3.1_20120323.nc is MISSING. Will try to re-download.
2026-01-17 15:30:16,705 | [CRW_SST] coraltemp_v3.1_20120324.nc is MISSING. Will try to re-download.
2026-01-17 15:30:16,705 | [CRW_SST] coraltemp_v3.1_20120325.nc is MISSING. Will try to re-download.
2026-01-17 15:30:16,705 | [CRW_SST] coraltemp_v3.1_20120326.nc is MISSING. Will try to re-download.
2026-01-17 15:30:16,707 | [CRW_SST] coraltemp_v3.1_20120327.nc is MISSING. Will try to re-download.
2026-01-17 15:30:16,711 | [CRW_SST] coraltemp_v3.1_20120328.nc is MISSING. Will try to re-download.
2026-01-17 15:30:16,711 | [CRW_SST] coraltemp_v3.1_20120329.nc is MISSING. Will try to re-download.
2026-01-17 15:30:16,711 | [CRW_SST] coraltemp_v3.1_20120330.nc is MISSING. Will try to re-download.
2026-01-17 15:30:16,713 | [CRW_SST] coraltemp_v3.1_20120331.nc is MISSING. Will try to re-download.
2026-01-17 15:30:16,714 | [CRW_SST] coraltemp_v3.1_20120401.nc is MISSING. Will try to re-download.
2026-01-17 15:30:16,714 | [CRW_SST] coraltemp_v3.1_20120402.nc is MISSING. Will try to re-download.
2026-01-17 15:30:16,715 | [CRW_SST] coraltemp_v3.1_20120403.nc is MISSING. Will try to re-download.
2026-01-17 15:30:16,715 | [CRW_SST] coraltemp_v3.1_20120404.nc is MISSING. Will try to re-download.
2026-01-17 15:30:16,715 | [CRW_SST] coraltemp_v3.1_20120405.nc is MISSING. Will try to re-download.
2026-01-17 15:30:16,717 | [CRW_SST] coraltemp_v3.1_20120406.nc is MISSING. Will try to re-download.
2026-01-17 15:30:16,717 | [CRW_SST] coraltemp_v3.1_20120407.nc is MISSING. Will try to re-download.
2026-01-17 15:30:16,718 | [CRW_SST] coraltemp_v3.1_20120408.nc is MISSING. Will try to re-download.
2026-01-17 15:30:16,718 | [CRW_SST] coraltemp_v3.1_20120409.nc is MISSING. Will try to re-download.
2026-01-17 15:30:16,718 | [CRW_SST] coraltemp_v3.1_20120410.nc is MISSING. Will try to re-download.
2026-01-17 15:30:16,719 | [CRW_SST] coraltemp_v3.1_20120412.nc is MISSING. Will try to re-download.
2026-01-17 15:30:16,719 | [CRW_SST] coraltemp_v3.1_20120413.nc is MISSING. Will try to re-download.
2026-01-17 15:30:16,719 | [CRW_SST] coraltemp_v3.1_20120414.nc is MISSING. Will try to re-download.
2026-01-17 15:30:16,719 | [CRW_SST] coraltemp_v3.1_20120415.nc is MISSING. Will try to re-download.
2026-01-17 15:30:16,719 | [CRW_SST] coraltemp_v3.1_20120416.nc is MISSING. Will try to re-download.
2026-01-17 15:30:16,719 | [CRW_SST] coraltemp_v3.1_20120417.nc is MISSING. Will try to re-download.
2026-01-17 15:30:16,719 | [CRW_SST] coraltemp_v3.1_20120418.nc is MISSING. Will try to re-download.
2026-01-17 15:30:16,722 | [CRW_SST] coraltemp_v3.1_20120419.nc is MISSING. Will try to re-download.
2026-01-17 15:30:16,722 | [CRW_SST] coraltemp_v3.1_20120420.nc is MISSING. Will try to re-download.
2026-01-17 15:30:16,722 | [CRW_SST] coraltemp_v3.1_20120421.nc is MISSING. Will try to re-download.
2026-01-17 15:30:16,726 | [CRW_SST] coraltemp_v3.1_20120422.nc is MISSING. Will try to re-download.
2026-01-17 15:30:16,726 | [CRW_SST] coraltemp_v3.1_20120423.nc is MISSING. Will try to re-download.
2026-01-17 15:30:16,727 | [CRW_SST] coraltemp_v3.1_20120424.nc is MISSING. Will try to re-download.
2026-01-17 15:30:16,728 | [CRW_SST] coraltemp_v3.1_20120425.nc is MISSING. Will try to re-download.
2026-01-17 15:30:16,728 | [CRW_SST] coraltemp_v3.1_20120426.nc is MISSING. Will try to re-download.
2026-01-17 15:30:16,728 | [CRW_SST] coraltemp_v3.1_20120427.nc is MISSING. Will try to re-download.
2026-01-17 15:30:16,728 | [CRW_SST] coraltemp_v3.1_20120428.nc is MISSING. Will try to re-download.
2026-01-17 15:30:16,728 | [CRW_SST] coraltemp_v3.1_20120429.nc is MISSING. Will try to re-download.
2026-01-17 15:30:16,728 | [CRW_SST] coraltemp_v3.1_20120430.nc is MISSING. Will try to re-download.
2026-01-17 15:30:16,731 | [CRW_SST] coraltemp_v3.1_20120501.nc is MISSING. Will try to re-download.
2026-01-17 15:30:16,731 | [CRW_SST] coraltemp_v3.1_20120502.nc is MISSING. Will try to re-download.
2026-01-17 15:30:16,733 | [CRW_SST] coraltemp_v3.1_20120503.nc is MISSING. Will try to re-download.
2026-01-17 15:30:16,733 | [CRW_SST] coraltemp_v3.1_20120504.nc is MISSING. Will try to re-download.
2026-01-17 15:30:16,734 | [CRW_SST] coraltemp_v3.1_20120505.nc is MISSING. Will try to re-download.
2026-01-17 15:30:16,734 | [CRW_SST] coraltemp_v3.1_20120506.nc is MISSING. Will try to re-download.
2026-01-17 15:30:16,734 | [CRW_SST] coraltemp_v3.1_20120507.nc is MISSING. Will try to re-download.
2026-01-17 15:30:16,734 | [CRW_SST] coraltemp_v3.1_20120508.nc is MISSING. Will try to re-download.
2026-01-17 15:30:16,734 | [CRW_SST] coraltemp_v3.1_20120509.nc is MISSING. Will try to re-download.
2026-01-17 15:30:16,736 | [CRW_SST] coraltemp_v3.1_20120510.nc is MISSING. Will try to re-download.
2026-01-17 15:30:16,736 | [CRW_SST] coraltemp_v3.1_20120512.nc is MISSING. Will try to re-download.
2026-01-17 15:30:16,736 | [CRW_SST] coraltemp_v3.1_20120513.nc is MISSING. Will try to re-download.
2026-01-17 15:30:16,738 | [CRW_SST] coraltemp_v3.1_20120514.nc is MISSING. Will try to re-download.
2026-01-17 15:30:16,738 | [CRW_SST] coraltemp_v3.1_20120515.nc is MISSING. Will try to re-download.
2026-01-17 15:30:16,739 | [CRW_SST] coraltemp_v3.1_20120516.nc is MISSING. Will try to re-download.
2026-01-17 15:30:16,740 | [CRW_SST] coraltemp_v3.1_20120517.nc is MISSING. Will try to re-download.
2026-01-17 15:30:16,742 | [CRW_SST] coraltemp_v3.1_20120518.nc is MISSING. Will try to re-download.
2026-01-17 15:30:16,742 | [CRW_SST] coraltemp_v3.1_20120519.nc is MISSING. Will try to re-download.
2026-01-17 15:30:16,742 | [CRW_SST] coraltemp_v3.1_20120520.nc is MISSING. Will try to re-download.
2026-01-17 15:30:16,742 | [CRW_SST] coraltemp_v3.1_20120521.nc is MISSING. Will try to re-download.
2026-01-17 15:30:16,742 | [CRW_SST] coraltemp_v3.1_20120522.nc is MISSING. Will try to re-download.
2026-01-17 15:30:16,742 | [CRW_SST] coraltemp_v3.1_20120523.nc is MISSING. Will try to re-download.
2026-01-17 15:30:16,742 | [CRW_SST] coraltemp_v3.1_20120524.nc is MISSING. Will try to re-download.
2026-01-17 15:30:16,742 | [CRW_SST] coraltemp_v3.1_20120525.nc is MISSING. Will try to re-download.
2026-01-17 15:30:16,742 | [CRW_SST] coraltemp_v3.1_20120526.nc is MISSING. Will try to re-download.
2026-01-17 15:30:16,747 | [CRW_SST] coraltemp_v3.1_20120527.nc is MISSING. Will try to re-download.
2026-01-17 15:30:16,747 | [CRW_SST] coraltemp_v3.1_20120528.nc is MISSING. Will try to re-download.
2026-01-17 15:30:16,747 | [CRW_SST] coraltemp_v3.1_20120529.nc is MISSING. Will try to re-download.
2026-01-17 15:30:16,749 | [CRW_SST] coraltemp_v3.1_20120530.nc is MISSING. Will try to re-download.
2026-01-17 15:30:16,749 | [CRW_SST] coraltemp_v3.1_20120531.nc is MISSING. Will try to re-download.
2026-01-17 15:30:16,750 | [CRW_SST] coraltemp_v3.1_20120601.nc is MISSING. Will try to re-download.
2026-01-17 15:30:16,750 | [CRW_SST] coraltemp_v3.1_20120602.nc is MISSING. Will try to re-download.
2026-01-17 15:30:16,750 | [CRW_SST] coraltemp_v3.1_20120603.nc is MISSING. Will try to re-download.
2026-01-17 15:30:16,750 | [CRW_SST] coraltemp_v3.1_20120604.nc is MISSING. Will try to re-download.
2026-01-17 15:30:16,750 | [CRW_SST] coraltemp_v3.1_20120605.nc is MISSING. Will try to re-download.
2026-01-17 15:30:16,753 | [CRW_SST] coraltemp_v3.1_20120606.nc is MISSING. Will try to re-download.
2026-01-17 15:30:16,753 | [CRW_SST] coraltemp_v3.1_20120607.nc is MISSING. Will try to re-download.
2026-01-17 15:30:16,753 | [CRW_SST] coraltemp_v3.1_20120608.nc is MISSING. Will try to re-download.
2026-01-17 15:30:16,753 | [CRW_SST] coraltemp_v3.1_20120609.nc is MISSING. Will try to re-download.
2026-01-17 15:30:16,755 | [CRW_SST] coraltemp_v3.1_20120610.nc is MISSING. Will try to re-download.
2026-01-17 15:30:16,756 | [CRW_SST] coraltemp_v3.1_20120612.nc is MISSING. Will try to re-download.
2026-01-17 15:30:16,756 | [CRW_SST] coraltemp_v3.1_20120613.nc is MISSING. Will try to re-download.
2026-01-17 15:30:16,757 | [CRW_SST] coraltemp_v3.1_20120614.nc is MISSING. Will try to re-download.
2026-01-17 15:30:16,759 | [CRW_SST] coraltemp_v3.1_20120615.nc is MISSING. Will try to re-download.
2026-01-17 15:30:16,760 | [CRW_SST] coraltemp_v3.1_20120616.nc is MISSING. Will try to re-download.
2026-01-17 15:30:16,760 | [CRW_SST] coraltemp_v3.1_20120617.nc is MISSING. Will try to re-download.
2026-01-17 15:30:16,760 | [CRW_SST] coraltemp_v3.1_20120618.nc is MISSING. Will try to re-download.
2026-01-17 15:30:16,762 | [CRW_SST] coraltemp_v3.1_20120619.nc is MISSING. Will try to re-download.
2026-01-17 15:30:16,762 | [CRW_SST] coraltemp_v3.1_20120620.nc is MISSING. Will try to re-download.
2026-01-17 15:30:16,762 | [CRW_SST] coraltemp_v3.1_20120621.nc is MISSING. Will try to re-download.
2026-01-17 15:30:16,763 | [CRW_SST] coraltemp_v3.1_20120622.nc is MISSING. Will try to re-download.
2026-01-17 15:30:16,763 | [CRW_SST] coraltemp_v3.1_20120623.nc is MISSING. Will try to re-download.
2026-01-17 15:30:16,763 | [CRW_SST] coraltemp_v3.1_20120624.nc is MISSING. Will try to re-download.
2026-01-17 15:30:16,764 | [CRW_SST] coraltemp_v3.1_20120625.nc is MISSING. Will try to re-download.
2026-01-17 15:30:16,764 | [CRW_SST] coraltemp_v3.1_20120626.nc is MISSING. Will try to re-download.
2026-01-17 15:30:16,764 | [CRW_SST] coraltemp_v3.1_20120627.nc is MISSING. Will try to re-download.
2026-01-17 15:30:16,766 | [CRW_SST] coraltemp_v3.1_20120628.nc is MISSING. Will try to re-download.
2026-01-17 15:30:16,766 | [CRW_SST] coraltemp_v3.1_20120629.nc is MISSING. Will try to re-download.
2026-01-17 15:30:16,766 | [CRW_SST] coraltemp_v3.1_20120630.nc is MISSING. Will try to re-download.
2026-01-17 15:30:16,768 | [CRW_SST] coraltemp_v3.1_20120701.nc is MISSING. Will try to re-download.
2026-01-17 15:30:16,768 | [CRW_SST] coraltemp_v3.1_20120702.nc is MISSING. Will try to re-download.
2026-01-17 15:30:16,768 | [CRW_SST] coraltemp_v3.1_20120703.nc is MISSING. Will try to re-download.
2026-01-17 15:30:16,769 | [CRW_SST] coraltemp_v3.1_20120704.nc is MISSING. Will try to re-download.
2026-01-17 15:30:16,769 | [CRW_SST] coraltemp_v3.1_20120705.nc is MISSING. Will try to re-download.
2026-01-17 15:30:16,769 | [CRW_SST] coraltemp_v3.1_20120706.nc is MISSING. Will try to re-download.
2026-01-17 15:30:16,769 | [CRW_SST] coraltemp_v3.1_20120707.nc is MISSING. Will try to re-download.
2026-01-17 15:30:16,771 | [CRW_SST] coraltemp_v3.1_20120708.nc is MISSING. Will try to re-download.
2026-01-17 15:30:16,771 | [CRW_SST] coraltemp_v3.1_20120709.nc is MISSING. Will try to re-download.
2026-01-17 15:30:16,771 | [CRW_SST] coraltemp_v3.1_20120710.nc is MISSING. Will try to re-download.
2026-01-17 15:30:16,771 | [CRW_SST] coraltemp_v3.1_20120712.nc is MISSING. Will try to re-download.
2026-01-17 15:30:16,771 | [CRW_SST] coraltemp_v3.1_20120713.nc is MISSING. Will try to re-download.
2026-01-17 15:30:16,775 | [CRW_SST] coraltemp_v3.1_20120714.nc is MISSING. Will try to re-download.
2026-01-17 15:30:16,778 | [CRW_SST] coraltemp_v3.1_20120716.nc is MISSING. Will try to re-download.
2026-01-17 15:30:16,778 | [CRW_SST] coraltemp_v3.1_20120717.nc is MISSING. Will try to re-download.
2026-01-17 15:30:16,778 | [CRW_SST] coraltemp_v3.1_20120718.nc is MISSING. Will try to re-download.
2026-01-17 15:30:16,779 | [CRW_SST] coraltemp_v3.1_20120719.nc is MISSING. Will try to re-download.
2026-01-17 15:30:16,779 | [CRW_SST] coraltemp_v3.1_20120720.nc is MISSING. Will try to re-download.
2026-01-17 15:30:16,779 | [CRW_SST] coraltemp_v3.1_20120721.nc is MISSING. Will try to re-download.
2026-01-17 15:30:16,781 | [CRW_SST] coraltemp_v3.1_20120722.nc is MISSING. Will try to re-download.
2026-01-17 15:30:16,781 | [CRW_SST] coraltemp_v3.1_20120723.nc is MISSING. Will try to re-download.
2026-01-17 15:30:16,781 | [CRW_SST] coraltemp_v3.1_20120724.nc is MISSING. Will try to re-download.
2026-01-17 15:30:16,782 | [CRW_SST] coraltemp_v3.1_20120725.nc is MISSING. Will try to re-download.
2026-01-17 15:30:16,782 | [CRW_SST] coraltemp_v3.1_20120726.nc is MISSING. Will try to re-download.
2026-01-17 15:30:16,783 | [CRW_SST] coraltemp_v3.1_20120727.nc is MISSING. Will try to re-download.
2026-01-17 15:30:16,784 | [CRW_SST] coraltemp_v3.1_20120728.nc is MISSING. Will try to re-download.
2026-01-17 15:30:16,784 | [CRW_SST] coraltemp_v3.1_20120729.nc is MISSING. Will try to re-download.
2026-01-17 15:30:16,784 | [CRW_SST] coraltemp_v3.1_20120730.nc is MISSING. Will try to re-download.
2026-01-17 15:30:16,784 | [CRW_SST] coraltemp_v3.1_20120731.nc is MISSING. Will try to re-download.
2026-01-17 15:30:16,784 | [CRW_SST] coraltemp_v3.1_20120801.nc is MISSING. Will try to re-download.
2026-01-17 15:30:16,787 | [CRW_SST] coraltemp_v3.1_20120802.nc is MISSING. Will try to re-download.
2026-01-17 15:30:16,787 | [CRW_SST] coraltemp_v3.1_20120803.nc is MISSING. Will try to re-download.
2026-01-17 15:30:16,788 | [CRW_SST] coraltemp_v3.1_20120804.nc is MISSING. Will try to re-download.
2026-01-17 15:30:16,788 | [CRW_SST] coraltemp_v3.1_20120805.nc is MISSING. Will try to re-download.
2026-01-17 15:30:16,790 | [CRW_SST] coraltemp_v3.1_20120806.nc is MISSING. Will try to re-download.
2026-01-17 15:30:16,790 | [CRW_SST] coraltemp_v3.1_20120807.nc is MISSING. Will try to re-download.
2026-01-17 15:30:16,792 | [CRW_SST] coraltemp_v3.1_20120808.nc is MISSING. Will try to re-download.
2026-01-17 15:30:16,794 | [CRW_SST] coraltemp_v3.1_20120809.nc is MISSING. Will try to re-download.
2026-01-17 15:30:16,794 | [CRW_SST] coraltemp_v3.1_20120810.nc is MISSING. Will try to re-download.
2026-01-17 15:30:16,796 | [CRW_SST] coraltemp_v3.1_20120812.nc is MISSING. Will try to re-download.
2026-01-17 15:30:16,796 | [CRW_SST] coraltemp_v3.1_20120813.nc is MISSING. Will try to re-download.
2026-01-17 15:30:16,797 | [CRW_SST] coraltemp_v3.1_20120814.nc is MISSING. Will try to re-download.
2026-01-17 15:30:16,797 | [CRW_SST] coraltemp_v3.1_20120815.nc is MISSING. Will try to re-download.
2026-01-17 15:30:16,797 | [CRW_SST] coraltemp_v3.1_20120816.nc is MISSING. Will try to re-download.
2026-01-17 15:30:16,797 | [CRW_SST] coraltemp_v3.1_20120817.nc is MISSING. Will try to re-download.
2026-01-17 15:30:16,800 | [CRW_SST] coraltemp_v3.1_20120818.nc is MISSING. Will try to re-download.
2026-01-17 15:30:16,801 | [CRW_SST] coraltemp_v3.1_20120819.nc is MISSING. Will try to re-download.
2026-01-17 15:30:16,801 | [CRW_SST] coraltemp_v3.1_20120820.nc is MISSING. Will try to re-download.
2026-01-17 15:30:16,801 | [CRW_SST] coraltemp_v3.1_20120821.nc is MISSING. Will try to re-download.
2026-01-17 15:30:16,803 | [CRW_SST] coraltemp_v3.1_20120822.nc is MISSING. Will try to re-download.
2026-01-17 15:30:16,803 | [CRW_SST] coraltemp_v3.1_20120823.nc is MISSING. Will try to re-download.
2026-01-17 15:30:16,803 | [CRW_SST] coraltemp_v3.1_20120824.nc is MISSING. Will try to re-download.
2026-01-17 15:30:16,803 | [CRW_SST] coraltemp_v3.1_20120825.nc is MISSING. Will try to re-download.
2026-01-17 15:30:16,803 | [CRW_SST] coraltemp_v3.1_20120826.nc is MISSING. Will try to re-download.
2026-01-17 15:30:16,803 | [CRW_SST] coraltemp_v3.1_20120827.nc is MISSING. Will try to re-download.
2026-01-17 15:30:16,803 | [CRW_SST] coraltemp_v3.1_20120828.nc is MISSING. Will try to re-download.
2026-01-17 15:30:16,810 | [CRW_SST] coraltemp_v3.1_20120829.nc is MISSING. Will try to re-download.
2026-01-17 15:30:16,812 | [CRW_SST] coraltemp_v3.1_20120830.nc is MISSING. Will try to re-download.
2026-01-17 15:30:16,813 | [CRW_SST] coraltemp_v3.1_20120831.nc is MISSING. Will try to re-download.
2026-01-17 15:30:16,813 | [CRW_SST] coraltemp_v3.1_20120901.nc is MISSING. Will try to re-download.
2026-01-17 15:30:16,814 | [CRW_SST] coraltemp_v3.1_20120902.nc is MISSING. Will try to re-download.
2026-01-17 15:30:16,814 | [CRW_SST] coraltemp_v3.1_20120903.nc is MISSING. Will try to re-download.
2026-01-17 15:30:16,814 | [CRW_SST] coraltemp_v3.1_20120904.nc is MISSING. Will try to re-download.
2026-01-17 15:30:16,816 | [CRW_SST] coraltemp_v3.1_20120905.nc is MISSING. Will try to re-download.
2026-01-17 15:30:16,816 | [CRW_SST] coraltemp_v3.1_20120906.nc is MISSING. Will try to re-download.
2026-01-17 15:30:16,816 | [CRW_SST] coraltemp_v3.1_20120907.nc is MISSING. Will try to re-download.
2026-01-17 15:30:16,817 | [CRW_SST] coraltemp_v3.1_20120908.nc is MISSING. Will try to re-download.
2026-01-17 15:30:16,819 | [CRW_SST] coraltemp_v3.1_20120909.nc is MISSING. Will try to re-download.
2026-01-17 15:30:16,819 | [CRW_SST] coraltemp_v3.1_20120910.nc is MISSING. Will try to re-download.
2026-01-17 15:30:16,819 | [CRW_SST] coraltemp_v3.1_20120912.nc is MISSING. Will try to re-download.
2026-01-17 15:30:16,821 | [CRW_SST] coraltemp_v3.1_20120913.nc is MISSING. Will try to re-download.
2026-01-17 15:30:16,821 | [CRW_SST] coraltemp_v3.1_20120914.nc is MISSING. Will try to re-download.
2026-01-17 15:30:16,821 | [CRW_SST] coraltemp_v3.1_20120915.nc is MISSING. Will try to re-download.
2026-01-17 15:30:16,821 | [CRW_SST] coraltemp_v3.1_20120917.nc is MISSING. Will try to re-download.
2026-01-17 15:30:16,821 | [CRW_SST] coraltemp_v3.1_20120918.nc is MISSING. Will try to re-download.
2026-01-17 15:30:16,825 | [CRW_SST] coraltemp_v3.1_20120919.nc is MISSING. Will try to re-download.
2026-01-17 15:30:16,827 | [CRW_SST] coraltemp_v3.1_20120920.nc is MISSING. Will try to re-download.
2026-01-17 15:30:16,827 | [CRW_SST] coraltemp_v3.1_20120921.nc is MISSING. Will try to re-download.
2026-01-17 15:30:16,829 | [CRW_SST] coraltemp_v3.1_20120922.nc is MISSING. Will try to re-download.
2026-01-17 15:30:16,829 | [CRW_SST] coraltemp_v3.1_20120923.nc is MISSING. Will try to re-download.
2026-01-17 15:30:16,829 | [CRW_SST] coraltemp_v3.1_20120924.nc is MISSING. Will try to re-download.
2026-01-17 15:30:16,831 | [CRW_SST] coraltemp_v3.1_20120925.nc is MISSING. Will try to re-download.
2026-01-17 15:30:16,832 | [CRW_SST] coraltemp_v3.1_20120926.nc is MISSING. Will try to re-download.
2026-01-17 15:30:16,833 | [CRW_SST] coraltemp_v3.1_20120927.nc is MISSING. Will try to re-download.
2026-01-17 15:30:16,833 | [CRW_SST] coraltemp_v3.1_20120928.nc is MISSING. Will try to re-download.
2026-01-17 15:30:16,833 | [CRW_SST] coraltemp_v3.1_20120929.nc is MISSING. Will try to re-download.
2026-01-17 15:30:16,834 | [CRW_SST] coraltemp_v3.1_20120930.nc is MISSING. Will try to re-download.
2026-01-17 15:30:16,835 | [CRW_SST] coraltemp_v3.1_20121001.nc is MISSING. Will try to re-download.
2026-01-17 15:30:16,836 | [CRW_SST] coraltemp_v3.1_20121002.nc is MISSING. Will try to re-download.
2026-01-17 15:30:16,836 | [CRW_SST] coraltemp_v3.1_20121003.nc is MISSING. Will try to re-download.
2026-01-17 15:30:16,837 | [CRW_SST] coraltemp_v3.1_20121004.nc is MISSING. Will try to re-download.
2026-01-17 15:30:16,838 | [CRW_SST] coraltemp_v3.1_20121005.nc is MISSING. Will try to re-download.
2026-01-17 15:30:16,839 | [CRW_SST] coraltemp_v3.1_20121006.nc is MISSING. Will try to re-download.
2026-01-17 15:30:16,840 | [CRW_SST] coraltemp_v3.1_20121007.nc is MISSING. Will try to re-download.
2026-01-17 15:30:16,843 | [CRW_SST] coraltemp_v3.1_20121008.nc is MISSING. Will try to re-download.
2026-01-17 15:30:16,844 | [CRW_SST] coraltemp_v3.1_20121009.nc is MISSING. Will try to re-download.
2026-01-17 15:30:16,844 | [CRW_SST] coraltemp_v3.1_20121010.nc is MISSING. Will try to re-download.
2026-01-17 15:30:16,844 | [CRW_SST] coraltemp_v3.1_20121012.nc is MISSING. Will try to re-download.
2026-01-17 15:30:16,847 | [CRW_SST] coraltemp_v3.1_20121013.nc is MISSING. Will try to re-download.
2026-01-17 15:30:16,848 | [CRW_SST] coraltemp_v3.1_20121014.nc is MISSING. Will try to re-download.
2026-01-17 15:30:16,849 | [CRW_SST] coraltemp_v3.1_20121015.nc is MISSING. Will try to re-download.
2026-01-17 15:30:16,851 | [CRW_SST] coraltemp_v3.1_20121016.nc is MISSING. Will try to re-download.
2026-01-17 15:30:16,851 | [CRW_SST] coraltemp_v3.1_20121017.nc is MISSING. Will try to re-download.
2026-01-17 15:30:16,851 | [CRW_SST] coraltemp_v3.1_20121018.nc is MISSING. Will try to re-download.
2026-01-17 15:30:16,851 | [CRW_SST] coraltemp_v3.1_20121019.nc is MISSING. Will try to re-download.
2026-01-17 15:30:16,853 | [CRW_SST] coraltemp_v3.1_20121020.nc is MISSING. Will try to re-download.
2026-01-17 15:30:16,853 | [CRW_SST] coraltemp_v3.1_20121021.nc is MISSING. Will try to re-download.
2026-01-17 15:30:16,853 | [CRW_SST] coraltemp_v3.1_20121022.nc is MISSING. Will try to re-download.
2026-01-17 15:30:16,853 | [CRW_SST] coraltemp_v3.1_20121023.nc is MISSING. Will try to re-download.
2026-01-17 15:30:16,853 | [CRW_SST] coraltemp_v3.1_20121024.nc is MISSING. Will try to re-download.
2026-01-17 15:30:16,855 | [CRW_SST] coraltemp_v3.1_20121025.nc is MISSING. Will try to re-download.
2026-01-17 15:30:16,855 | [CRW_SST] coraltemp_v3.1_20121026.nc is MISSING. Will try to re-download.
2026-01-17 15:30:16,855 | [CRW_SST] coraltemp_v3.1_20121027.nc is MISSING. Will try to re-download.
2026-01-17 15:30:16,857 | [CRW_SST] coraltemp_v3.1_20121028.nc is MISSING. Will try to re-download.
2026-01-17 15:30:16,859 | [CRW_SST] coraltemp_v3.1_20121029.nc is MISSING. Will try to re-download.
2026-01-17 15:30:16,860 | [CRW_SST] coraltemp_v3.1_20121030.nc is MISSING. Will try to re-download.
2026-01-17 15:30:16,860 | [CRW_SST] coraltemp_v3.1_20121031.nc is MISSING. Will try to re-download.
2026-01-17 15:30:16,861 | [CRW_SST] coraltemp_v3.1_20121201.nc is MISSING. Will try to re-download.
2026-01-17 15:30:16,862 | [CRW_SST] coraltemp_v3.1_20121202.nc is MISSING. Will try to re-download.
2026-01-17 15:30:16,862 | [CRW_SST] coraltemp_v3.1_20121203.nc is MISSING. Will try to re-download.
2026-01-17 15:30:16,863 | [CRW_SST] coraltemp_v3.1_20121204.nc is MISSING. Will try to re-download.
2026-01-17 15:30:16,863 | [CRW_SST] coraltemp_v3.1_20121205.nc is MISSING. Will try to re-download.
2026-01-17 15:30:16,864 | [CRW_SST] coraltemp_v3.1_20121206.nc is MISSING. Will try to re-download.
2026-01-17 15:30:16,864 | [CRW_SST] coraltemp_v3.1_20121207.nc is MISSING. Will try to re-download.
2026-01-17 15:30:16,864 | [CRW_SST] coraltemp_v3.1_20121208.nc is MISSING. Will try to re-download.
2026-01-17 15:30:16,864 | [CRW_SST] coraltemp_v3.1_20121209.nc is MISSING. Will try to re-download.
2026-01-17 15:30:16,864 | [CRW_SST] coraltemp_v3.1_20121210.nc is MISSING. Will try to re-download.
2026-01-17 15:30:16,864 | [CRW_SST] coraltemp_v3.1_20121212.nc is MISSING. Will try to re-download.
2026-01-17 15:30:16,867 | [CRW_SST] coraltemp_v3.1_20121213.nc is MISSING. Will try to re-download.
2026-01-17 15:30:16,868 | [CRW_SST] coraltemp_v3.1_20121214.nc is MISSING. Will try to re-download.
2026-01-17 15:30:16,868 | [CRW_SST] coraltemp_v3.1_20121215.nc is MISSING. Will try to re-download.
2026-01-17 15:30:16,869 | [CRW_SST] coraltemp_v3.1_20121216.nc is MISSING. Will try to re-download.
2026-01-17 15:30:16,869 | [CRW_SST] coraltemp_v3.1_20121217.nc is MISSING. Will try to re-download.
2026-01-17 15:30:16,869 | [CRW_SST] coraltemp_v3.1_20121218.nc is MISSING. Will try to re-download.
2026-01-17 15:30:16,869 | [CRW_SST] coraltemp_v3.1_20121219.nc is MISSING. Will try to re-download.
2026-01-17 15:30:16,869 | [CRW_SST] coraltemp_v3.1_20121220.nc is MISSING. Will try to re-download.
2026-01-17 15:30:16,872 | [CRW_SST] coraltemp_v3.1_20121221.nc is MISSING. Will try to re-download.
2026-01-17 15:30:16,873 | [CRW_SST] coraltemp_v3.1_20121222.nc is MISSING. Will try to re-download.
2026-01-17 15:30:16,873 | [CRW_SST] coraltemp_v3.1_20121223.nc is MISSING. Will try to re-download.
2026-01-17 15:30:16,876 | [CRW_SST] coraltemp_v3.1_20121224.nc is MISSING. Will try to re-download.
2026-01-17 15:30:16,876 | [CRW_SST] coraltemp_v3.1_20121225.nc is MISSING. Will try to re-download.
2026-01-17 15:30:16,876 | [CRW_SST] coraltemp_v3.1_20121226.nc is MISSING. Will try to re-download.
2026-01-17 15:30:16,876 | [CRW_SST] coraltemp_v3.1_20121227.nc is MISSING. Will try to re-download.
2026-01-17 15:30:16,876 | [CRW_SST] coraltemp_v3.1_20121228.nc is MISSING. Will try to re-download.
2026-01-17 15:30:16,876 | [CRW_SST] coraltemp_v3.1_20121229.nc is MISSING. Will try to re-download.
2026-01-17 15:30:16,879 | [CRW_SST] coraltemp_v3.1_20121230.nc is MISSING. Will try to re-download.
2026-01-17 15:30:16,879 | [CRW_SST] coraltemp_v3.1_20121231.nc is MISSING. Will try to re-download.
2026-01-17 15:30:16,879 | [CRW_SST] coraltemp_v3.1_20130101.nc is MISSING. Will try to re-download.
2026-01-17 15:30:16,879 | [CRW_SST] coraltemp_v3.1_20130102.nc is MISSING. Will try to re-download.
2026-01-17 15:30:16,879 | [CRW_SST] coraltemp_v3.1_20130103.nc is MISSING. Will try to re-download.
2026-01-17 15:30:16,881 | [CRW_SST] coraltemp_v3.1_20130104.nc is MISSING. Will try to re-download.
2026-01-17 15:30:16,881 | [CRW_SST] coraltemp_v3.1_20130105.nc is MISSING. Will try to re-download.
2026-01-17 15:30:16,882 | [CRW_SST] coraltemp_v3.1_20130106.nc is MISSING. Will try to re-download.
2026-01-17 15:30:16,882 | [CRW_SST] coraltemp_v3.1_20130107.nc is MISSING. Will try to re-download.
2026-01-17 15:30:16,883 | [CRW_SST] coraltemp_v3.1_20130108.nc is MISSING. Will try to re-download.
2026-01-17 15:30:16,884 | [CRW_SST] coraltemp_v3.1_20130109.nc is MISSING. Will try to re-download.
2026-01-17 15:30:16,884 | [CRW_SST] coraltemp_v3.1_20130120.nc is MISSING. Will try to re-download.
2026-01-17 15:30:16,884 | [CRW_SST] coraltemp_v3.1_20130121.nc is MISSING. Will try to re-download.
2026-01-17 15:30:16,884 | [CRW_SST] coraltemp_v3.1_20130122.nc is MISSING. Will try to re-download.
2026-01-17 15:30:16,884 | [CRW_SST] coraltemp_v3.1_20130123.nc is MISSING. Will try to re-download.
2026-01-17 15:30:16,886 | [CRW_SST] coraltemp_v3.1_20130124.nc is MISSING. Will try to re-download.
2026-01-17 15:30:16,887 | [CRW_SST] coraltemp_v3.1_20130125.nc is MISSING. Will try to re-download.
2026-01-17 15:30:16,887 | [CRW_SST] coraltemp_v3.1_20130126.nc is MISSING. Will try to re-download.
2026-01-17 15:30:16,888 | [CRW_SST] coraltemp_v3.1_20130127.nc is MISSING. Will try to re-download.
2026-01-17 15:30:16,889 | [CRW_SST] coraltemp_v3.1_20130128.nc is MISSING. Will try to re-download.
2026-01-17 15:30:16,889 | [CRW_SST] coraltemp_v3.1_20130129.nc is MISSING. Will try to re-download.
2026-01-17 15:30:16,889 | [CRW_SST] coraltemp_v3.1_20130130.nc is MISSING. Will try to re-download.
2026-01-17 15:30:16,892 | [CRW_SST] coraltemp_v3.1_20130131.nc is MISSING. Will try to re-download.
2026-01-17 15:30:16,892 | [CRW_SST] coraltemp_v3.1_20130201.nc is MISSING. Will try to re-download.
2026-01-17 15:30:16,893 | [CRW_SST] coraltemp_v3.1_20130202.nc is MISSING. Will try to re-download.
2026-01-17 15:30:16,893 | [CRW_SST] coraltemp_v3.1_20130203.nc is MISSING. Will try to re-download.
2026-01-17 15:30:16,893 | [CRW_SST] coraltemp_v3.1_20130204.nc is MISSING. Will try to re-download.
2026-01-17 15:30:16,893 | [CRW_SST] coraltemp_v3.1_20130205.nc is MISSING. Will try to re-download.
2026-01-17 15:30:16,893 | [CRW_SST] coraltemp_v3.1_20130206.nc is MISSING. Will try to re-download.
2026-01-17 15:30:16,893 | [CRW_SST] coraltemp_v3.1_20130207.nc is MISSING. Will try to re-download.
2026-01-17 15:30:16,893 | [CRW_SST] coraltemp_v3.1_20130208.nc is MISSING. Will try to re-download.
2026-01-17 15:30:16,893 | [CRW_SST] coraltemp_v3.1_20130209.nc is MISSING. Will try to re-download.
2026-01-17 15:30:16,897 | [CRW_SST] coraltemp_v3.1_20130210.nc is MISSING. Will try to re-download.
2026-01-17 15:30:16,897 | [CRW_SST] coraltemp_v3.1_20130212.nc is MISSING. Will try to re-download.
2026-01-17 15:30:16,897 | [CRW_SST] coraltemp_v3.1_20130213.nc is MISSING. Will try to re-download.
2026-01-17 15:30:16,899 | [CRW_SST] coraltemp_v3.1_20130214.nc is MISSING. Will try to re-download.
2026-01-17 15:30:16,899 | [CRW_SST] coraltemp_v3.1_20130215.nc is MISSING. Will try to re-download.
2026-01-17 15:30:16,900 | [CRW_SST] coraltemp_v3.1_20130216.nc is MISSING. Will try to re-download.
2026-01-17 15:30:16,900 | [CRW_SST] coraltemp_v3.1_20130217.nc is MISSING. Will try to re-download.
2026-01-17 15:30:16,900 | [CRW_SST] coraltemp_v3.1_20130218.nc is MISSING. Will try to re-download.
2026-01-17 15:30:16,900 | [CRW_SST] coraltemp_v3.1_20130219.nc is MISSING. Will try to re-download.
2026-01-17 15:30:16,900 | [CRW_SST] coraltemp_v3.1_20130220.nc is MISSING. Will try to re-download.
2026-01-17 15:30:16,903 | [CRW_SST] coraltemp_v3.1_20130221.nc is MISSING. Will try to re-download.
2026-01-17 15:30:16,903 | [CRW_SST] coraltemp_v3.1_20130222.nc is MISSING. Will try to re-download.
2026-01-17 15:30:16,903 | [CRW_SST] coraltemp_v3.1_20130223.nc is MISSING. Will try to re-download.
2026-01-17 15:30:16,903 | [CRW_SST] coraltemp_v3.1_20130224.nc is MISSING. Will try to re-download.
2026-01-17 15:30:16,903 | [CRW_SST] coraltemp_v3.1_20130225.nc is MISSING. Will try to re-download.
2026-01-17 15:30:16,903 | [CRW_SST] coraltemp_v3.1_20130226.nc is MISSING. Will try to re-download.
2026-01-17 15:30:16,903 | [CRW_SST] coraltemp_v3.1_20130227.nc is MISSING. Will try to re-download.
2026-01-17 15:30:16,903 | [CRW_SST] coraltemp_v3.1_20130228.nc is MISSING. Will try to re-download.
2026-01-17 15:30:16,903 | [CRW_SST] coraltemp_v3.1_20130301.nc is MISSING. Will try to re-download.
2026-01-17 15:30:16,911 | [CRW_SST] coraltemp_v3.1_20130302.nc is MISSING. Will try to re-download.
2026-01-17 15:30:16,912 | [CRW_SST] coraltemp_v3.1_20130303.nc is MISSING. Will try to re-download.
2026-01-17 15:30:16,912 | [CRW_SST] coraltemp_v3.1_20130304.nc is MISSING. Will try to re-download.
2026-01-17 15:30:16,913 | [CRW_SST] coraltemp_v3.1_20130305.nc is MISSING. Will try to re-download.
2026-01-17 15:30:16,913 | [CRW_SST] coraltemp_v3.1_20130306.nc is MISSING. Will try to re-download.
2026-01-17 15:30:16,914 | [CRW_SST] coraltemp_v3.1_20130307.nc is MISSING. Will try to re-download.
2026-01-17 15:30:16,914 | [CRW_SST] coraltemp_v3.1_20130308.nc is MISSING. Will try to re-download.
2026-01-17 15:30:16,914 | [CRW_SST] coraltemp_v3.1_20130309.nc is MISSING. Will try to re-download.
2026-01-17 15:30:16,914 | [CRW_SST] coraltemp_v3.1_20130310.nc is MISSING. Will try to re-download.
2026-01-17 15:30:16,916 | [CRW_SST] coraltemp_v3.1_20130312.nc is MISSING. Will try to re-download.
2026-01-17 15:30:16,916 | [CRW_SST] coraltemp_v3.1_20130313.nc is MISSING. Will try to re-download.
2026-01-17 15:30:16,917 | [CRW_SST] coraltemp_v3.1_20130314.nc is MISSING. Will try to re-download.
2026-01-17 15:30:16,917 | [CRW_SST] coraltemp_v3.1_20130315.nc is MISSING. Will try to re-download.
2026-01-17 15:30:16,917 | [CRW_SST] coraltemp_v3.1_20130316.nc is MISSING. Will try to re-download.
2026-01-17 15:30:16,919 | [CRW_SST] coraltemp_v3.1_20130317.nc is MISSING. Will try to re-download.
2026-01-17 15:30:16,919 | [CRW_SST] coraltemp_v3.1_20130318.nc is MISSING. Will try to re-download.
2026-01-17 15:30:16,919 | [CRW_SST] coraltemp_v3.1_20130319.nc is MISSING. Will try to re-download.
2026-01-17 15:30:16,919 | [CRW_SST] coraltemp_v3.1_20130320.nc is MISSING. Will try to re-download.
2026-01-17 15:30:16,919 | [CRW_SST] coraltemp_v3.1_20130321.nc is MISSING. Will try to re-download.
2026-01-17 15:30:16,919 | [CRW_SST] coraltemp_v3.1_20130322.nc is MISSING. Will try to re-download.
2026-01-17 15:30:16,919 | [CRW_SST] coraltemp_v3.1_20130323.nc is MISSING. Will try to re-download.
2026-01-17 15:30:16,919 | [CRW_SST] coraltemp_v3.1_20130324.nc is MISSING. Will try to re-download.
2026-01-17 15:30:16,919 | [CRW_SST] coraltemp_v3.1_20130325.nc is MISSING. Will try to re-download.
2026-01-17 15:30:16,926 | [CRW_SST] coraltemp_v3.1_20130326.nc is MISSING. Will try to re-download.
2026-01-17 15:30:16,927 | [CRW_SST] coraltemp_v3.1_20130327.nc is MISSING. Will try to re-download.
2026-01-17 15:30:16,927 | [CRW_SST] coraltemp_v3.1_20130328.nc is MISSING. Will try to re-download.
2026-01-17 15:30:16,927 | [CRW_SST] coraltemp_v3.1_20130329.nc is MISSING. Will try to re-download.
2026-01-17 15:30:16,927 | [CRW_SST] coraltemp_v3.1_20130330.nc is MISSING. Will try to re-download.
2026-01-17 15:30:16,927 | [CRW_SST] coraltemp_v3.1_20130331.nc is MISSING. Will try to re-download.
2026-01-17 15:30:16,927 | [CRW_SST] coraltemp_v3.1_20130401.nc is MISSING. Will try to re-download.
2026-01-17 15:30:16,927 | [CRW_SST] coraltemp_v3.1_20130402.nc is MISSING. Will try to re-download.
2026-01-17 15:30:16,931 | [CRW_SST] coraltemp_v3.1_20130403.nc is MISSING. Will try to re-download.
2026-01-17 15:30:16,931 | [CRW_SST] coraltemp_v3.1_20130404.nc is MISSING. Will try to re-download.
2026-01-17 15:30:16,932 | [CRW_SST] coraltemp_v3.1_20130405.nc is MISSING. Will try to re-download.
2026-01-17 15:30:16,932 | [CRW_SST] coraltemp_v3.1_20130406.nc is MISSING. Will try to re-download.
2026-01-17 15:30:16,932 | [CRW_SST] coraltemp_v3.1_20130407.nc is MISSING. Will try to re-download.
2026-01-17 15:30:16,933 | [CRW_SST] coraltemp_v3.1_20130408.nc is MISSING. Will try to re-download.
2026-01-17 15:30:16,934 | [CRW_SST] coraltemp_v3.1_20130409.nc is MISSING. Will try to re-download.
2026-01-17 15:30:16,934 | [CRW_SST] coraltemp_v3.1_20130410.nc is MISSING. Will try to re-download.
2026-01-17 15:30:16,934 | [CRW_SST] coraltemp_v3.1_20130412.nc is MISSING. Will try to re-download.
2026-01-17 15:30:16,934 | [CRW_SST] coraltemp_v3.1_20130413.nc is MISSING. Will try to re-download.
2026-01-17 15:30:16,934 | [CRW_SST] coraltemp_v3.1_20130414.nc is MISSING. Will try to re-download.
2026-01-17 15:30:16,936 | [CRW_SST] coraltemp_v3.1_20130415.nc is MISSING. Will try to re-download.
2026-01-17 15:30:16,936 | [CRW_SST] coraltemp_v3.1_20130416.nc is MISSING. Will try to re-download.
2026-01-17 15:30:16,938 | [CRW_SST] coraltemp_v3.1_20130417.nc is MISSING. Will try to re-download.
2026-01-17 15:30:16,938 | [CRW_SST] coraltemp_v3.1_20130418.nc is MISSING. Will try to re-download.
2026-01-17 15:30:16,939 | [CRW_SST] coraltemp_v3.1_20130419.nc is MISSING. Will try to re-download.
2026-01-17 15:30:16,939 | [CRW_SST] coraltemp_v3.1_20130420.nc is MISSING. Will try to re-download.
2026-01-17 15:30:16,942 | [CRW_SST] coraltemp_v3.1_20130421.nc is MISSING. Will try to re-download.
2026-01-17 15:30:16,942 | [CRW_SST] coraltemp_v3.1_20130422.nc is MISSING. Will try to re-download.
2026-01-17 15:30:16,944 | [CRW_SST] coraltemp_v3.1_20130423.nc is MISSING. Will try to re-download.
2026-01-17 15:30:16,944 | [CRW_SST] coraltemp_v3.1_20130424.nc is MISSING. Will try to re-download.
2026-01-17 15:30:16,944 | [CRW_SST] coraltemp_v3.1_20130425.nc is MISSING. Will try to re-download.
2026-01-17 15:30:16,944 | [CRW_SST] coraltemp_v3.1_20130426.nc is MISSING. Will try to re-download.
2026-01-17 15:30:16,944 | [CRW_SST] coraltemp_v3.1_20130427.nc is MISSING. Will try to re-download.
2026-01-17 15:30:16,944 | [CRW_SST] coraltemp_v3.1_20130428.nc is MISSING. Will try to re-download.
2026-01-17 15:30:16,947 | [CRW_SST] coraltemp_v3.1_20130429.nc is MISSING. Will try to re-download.
2026-01-17 15:30:16,947 | [CRW_SST] coraltemp_v3.1_20130430.nc is MISSING. Will try to re-download.
2026-01-17 15:30:16,948 | [CRW_SST] coraltemp_v3.1_20130501.nc is MISSING. Will try to re-download.
2026-01-17 15:30:16,949 | [CRW_SST] coraltemp_v3.1_20130502.nc is MISSING. Will try to re-download.
2026-01-17 15:30:16,950 | [CRW_SST] coraltemp_v3.1_20130503.nc is MISSING. Will try to re-download.
2026-01-17 15:30:16,950 | [CRW_SST] coraltemp_v3.1_20130504.nc is MISSING. Will try to re-download.
2026-01-17 15:30:16,950 | [CRW_SST] coraltemp_v3.1_20130505.nc is MISSING. Will try to re-download.
2026-01-17 15:30:16,950 | [CRW_SST] coraltemp_v3.1_20130506.nc is MISSING. Will try to re-download.
2026-01-17 15:30:16,950 | [CRW_SST] coraltemp_v3.1_20130507.nc is MISSING. Will try to re-download.
2026-01-17 15:30:16,953 | [CRW_SST] coraltemp_v3.1_20130508.nc is MISSING. Will try to re-download.
2026-01-17 15:30:16,953 | [CRW_SST] coraltemp_v3.1_20130509.nc is MISSING. Will try to re-download.
2026-01-17 15:30:16,953 | [CRW_SST] coraltemp_v3.1_20130510.nc is MISSING. Will try to re-download.
2026-01-17 15:30:16,953 | [CRW_SST] coraltemp_v3.1_20130512.nc is MISSING. Will try to re-download.
2026-01-17 15:30:16,953 | [CRW_SST] coraltemp_v3.1_20130513.nc is MISSING. Will try to re-download.
2026-01-17 15:30:16,956 | [CRW_SST] coraltemp_v3.1_20130514.nc is MISSING. Will try to re-download.
2026-01-17 15:30:16,956 | [CRW_SST] coraltemp_v3.1_20130515.nc is MISSING. Will try to re-download.
2026-01-17 15:30:16,960 | [CRW_SST] coraltemp_v3.1_20130516.nc is MISSING. Will try to re-download.
2026-01-17 15:30:16,960 | [CRW_SST] coraltemp_v3.1_20130517.nc is MISSING. Will try to re-download.
2026-01-17 15:30:16,961 | [CRW_SST] coraltemp_v3.1_20130518.nc is MISSING. Will try to re-download.
2026-01-17 15:30:16,961 | [CRW_SST] coraltemp_v3.1_20130519.nc is MISSING. Will try to re-download.
2026-01-17 15:30:16,962 | [CRW_SST] coraltemp_v3.1_20130520.nc is MISSING. Will try to re-download.
2026-01-17 15:30:16,963 | [CRW_SST] coraltemp_v3.1_20130521.nc is MISSING. Will try to re-download.
2026-01-17 15:30:16,963 | [CRW_SST] coraltemp_v3.1_20130522.nc is MISSING. Will try to re-download.
2026-01-17 15:30:16,963 | [CRW_SST] coraltemp_v3.1_20130523.nc is MISSING. Will try to re-download.
2026-01-17 15:30:16,963 | [CRW_SST] coraltemp_v3.1_20130524.nc is MISSING. Will try to re-download.
2026-01-17 15:30:16,965 | [CRW_SST] coraltemp_v3.1_20130525.nc is MISSING. Will try to re-download.
2026-01-17 15:30:16,965 | [CRW_SST] coraltemp_v3.1_20130526.nc is MISSING. Will try to re-download.
2026-01-17 15:30:16,965 | [CRW_SST] coraltemp_v3.1_20130527.nc is MISSING. Will try to re-download.
2026-01-17 15:30:16,965 | [CRW_SST] coraltemp_v3.1_20130528.nc is MISSING. Will try to re-download.
2026-01-17 15:30:16,965 | [CRW_SST] coraltemp_v3.1_20130529.nc is MISSING. Will try to re-download.
2026-01-17 15:30:16,968 | [CRW_SST] coraltemp_v3.1_20130530.nc is MISSING. Will try to re-download.
2026-01-17 15:30:16,968 | [CRW_SST] coraltemp_v3.1_20130531.nc is MISSING. Will try to re-download.
2026-01-17 15:30:16,969 | [CRW_SST] coraltemp_v3.1_20130601.nc is MISSING. Will try to re-download.
2026-01-17 15:30:16,971 | [CRW_SST] coraltemp_v3.1_20130602.nc is MISSING. Will try to re-download.
2026-01-17 15:30:16,980 | [CRW_SST] coraltemp_v3.1_20130603.nc is MISSING. Will try to re-download.
2026-01-17 15:30:16,983 | [CRW_SST] coraltemp_v3.1_20130604.nc is MISSING. Will try to re-download.
2026-01-17 15:30:16,985 | [CRW_SST] coraltemp_v3.1_20130605.nc is MISSING. Will try to re-download.
2026-01-17 15:30:16,985 | [CRW_SST] coraltemp_v3.1_20130606.nc is MISSING. Will try to re-download.
2026-01-17 15:30:16,985 | [CRW_SST] coraltemp_v3.1_20130607.nc is MISSING. Will try to re-download.
2026-01-17 15:30:16,987 | [CRW_SST] coraltemp_v3.1_20130608.nc is MISSING. Will try to re-download.
2026-01-17 15:30:16,993 | [CRW_SST] coraltemp_v3.1_20130609.nc is MISSING. Will try to re-download.
2026-01-17 15:30:16,995 | [CRW_SST] coraltemp_v3.1_20130610.nc is MISSING. Will try to re-download.
2026-01-17 15:30:16,995 | [CRW_SST] coraltemp_v3.1_20130612.nc is MISSING. Will try to re-download.
2026-01-17 15:30:16,997 | [CRW_SST] coraltemp_v3.1_20130613.nc is MISSING. Will try to re-download.
2026-01-17 15:30:16,999 | [CRW_SST] coraltemp_v3.1_20130614.nc is MISSING. Will try to re-download.
2026-01-17 15:30:16,999 | [CRW_SST] coraltemp_v3.1_20130615.nc is MISSING. Will try to re-download.
2026-01-17 15:30:17,001 | [CRW_SST] coraltemp_v3.1_20130616.nc is MISSING. Will try to re-download.
2026-01-17 15:30:17,001 | [CRW_SST] coraltemp_v3.1_20130617.nc is MISSING. Will try to re-download.
2026-01-17 15:30:17,001 | [CRW_SST] coraltemp_v3.1_20130618.nc is MISSING. Will try to re-download.
2026-01-17 15:30:17,003 | [CRW_SST] coraltemp_v3.1_20130619.nc is MISSING. Will try to re-download.
2026-01-17 15:30:17,003 | [CRW_SST] coraltemp_v3.1_20130620.nc is MISSING. Will try to re-download.
2026-01-17 15:30:17,003 | [CRW_SST] coraltemp_v3.1_20130621.nc is MISSING. Will try to re-download.
2026-01-17 15:30:17,005 | [CRW_SST] coraltemp_v3.1_20130622.nc is MISSING. Will try to re-download.
2026-01-17 15:30:17,005 | [CRW_SST] coraltemp_v3.1_20130623.nc is MISSING. Will try to re-download.
2026-01-17 15:30:17,005 | [CRW_SST] coraltemp_v3.1_20130624.nc is MISSING. Will try to re-download.
2026-01-17 15:30:17,011 | [CRW_SST] coraltemp_v3.1_20130625.nc is MISSING. Will try to re-download.
2026-01-17 15:30:17,011 | [CRW_SST] coraltemp_v3.1_20130626.nc is MISSING. Will try to re-download.
2026-01-17 15:30:17,013 | [CRW_SST] coraltemp_v3.1_20130627.nc is MISSING. Will try to re-download.
2026-01-17 15:30:17,013 | [CRW_SST] coraltemp_v3.1_20130628.nc is MISSING. Will try to re-download.
2026-01-17 15:30:17,013 | [CRW_SST] coraltemp_v3.1_20130629.nc is MISSING. Will try to re-download.
2026-01-17 15:30:17,016 | [CRW_SST] coraltemp_v3.1_20130630.nc is MISSING. Will try to re-download.
2026-01-17 15:30:17,016 | [CRW_SST] coraltemp_v3.1_20130701.nc is MISSING. Will try to re-download.
2026-01-17 15:30:17,016 | [CRW_SST] coraltemp_v3.1_20130702.nc is MISSING. Will try to re-download.
2026-01-17 15:30:17,016 | [CRW_SST] coraltemp_v3.1_20130703.nc is MISSING. Will try to re-download.
2026-01-17 15:30:17,018 | [CRW_SST] coraltemp_v3.1_20130704.nc is MISSING. Will try to re-download.
2026-01-17 15:30:17,018 | [CRW_SST] coraltemp_v3.1_20130705.nc is MISSING. Will try to re-download.
2026-01-17 15:30:17,020 | [CRW_SST] coraltemp_v3.1_20130706.nc is MISSING. Will try to re-download.
2026-01-17 15:30:17,020 | [CRW_SST] coraltemp_v3.1_20130707.nc is MISSING. Will try to re-download.
2026-01-17 15:30:17,022 | [CRW_SST] coraltemp_v3.1_20130708.nc is MISSING. Will try to re-download.
2026-01-17 15:30:17,022 | [CRW_SST] coraltemp_v3.1_20130709.nc is MISSING. Will try to re-download.
2026-01-17 15:30:17,025 | [CRW_SST] coraltemp_v3.1_20130710.nc is MISSING. Will try to re-download.
2026-01-17 15:30:17,031 | [CRW_SST] coraltemp_v3.1_20130712.nc is MISSING. Will try to re-download.
2026-01-17 15:30:17,032 | [CRW_SST] coraltemp_v3.1_20130713.nc is MISSING. Will try to re-download.
2026-01-17 15:30:17,034 | [CRW_SST] coraltemp_v3.1_20130714.nc is MISSING. Will try to re-download.
2026-01-17 15:30:17,036 | [CRW_SST] coraltemp_v3.1_20130715.nc is MISSING. Will try to re-download.
2026-01-17 15:30:17,036 | [CRW_SST] coraltemp_v3.1_20130716.nc is MISSING. Will try to re-download.
2026-01-17 15:30:17,036 | [CRW_SST] coraltemp_v3.1_20130717.nc is MISSING. Will try to re-download.
2026-01-17 15:30:17,038 | [CRW_SST] coraltemp_v3.1_20130718.nc is MISSING. Will try to re-download.
2026-01-17 15:30:17,039 | [CRW_SST] coraltemp_v3.1_20130719.nc is MISSING. Will try to re-download.
2026-01-17 15:30:17,045 | [CRW_SST] coraltemp_v3.1_20130720.nc is MISSING. Will try to re-download.
2026-01-17 15:30:17,049 | [CRW_SST] coraltemp_v3.1_20130721.nc is MISSING. Will try to re-download.
2026-01-17 15:30:17,051 | [CRW_SST] coraltemp_v3.1_20130722.nc is MISSING. Will try to re-download.
2026-01-17 15:30:17,054 | [CRW_SST] coraltemp_v3.1_20130723.nc is MISSING. Will try to re-download.
2026-01-17 15:30:17,061 | [CRW_SST] coraltemp_v3.1_20130724.nc is MISSING. Will try to re-download.
2026-01-17 15:30:17,065 | [CRW_SST] coraltemp_v3.1_20130725.nc is MISSING. Will try to re-download.
2026-01-17 15:30:17,067 | [CRW_SST] coraltemp_v3.1_20130726.nc is MISSING. Will try to re-download.
2026-01-17 15:30:17,071 | [CRW_SST] coraltemp_v3.1_20130727.nc is MISSING. Will try to re-download.
2026-01-17 15:30:17,078 | [CRW_SST] coraltemp_v3.1_20130728.nc is MISSING. Will try to re-download.
2026-01-17 15:30:17,082 | [CRW_SST] coraltemp_v3.1_20130729.nc is MISSING. Will try to re-download.
2026-01-17 15:30:17,084 | [CRW_SST] coraltemp_v3.1_20130730.nc is MISSING. Will try to re-download.
2026-01-17 15:30:17,086 | [CRW_SST] coraltemp_v3.1_20130731.nc is MISSING. Will try to re-download.
2026-01-17 15:30:17,093 | [CRW_SST] coraltemp_v3.1_20130801.nc is MISSING. Will try to re-download.
2026-01-17 15:30:17,101 | [CRW_SST] coraltemp_v3.1_20130802.nc is MISSING. Will try to re-download.
2026-01-17 15:30:17,106 | [CRW_SST] coraltemp_v3.1_20130803.nc is MISSING. Will try to re-download.
2026-01-17 15:30:17,112 | [CRW_SST] coraltemp_v3.1_20130804.nc is MISSING. Will try to re-download.
2026-01-17 15:30:17,129 | [CRW_SST] coraltemp_v3.1_20130805.nc is MISSING. Will try to re-download.
2026-01-17 15:30:17,132 | [CRW_SST] coraltemp_v3.1_20130806.nc is MISSING. Will try to re-download.
2026-01-17 15:30:17,134 | [CRW_SST] coraltemp_v3.1_20130807.nc is MISSING. Will try to re-download.
2026-01-17 15:30:17,135 | [CRW_SST] coraltemp_v3.1_20130808.nc is MISSING. Will try to re-download.
2026-01-17 15:30:17,135 | [CRW_SST] coraltemp_v3.1_20130809.nc is MISSING. Will try to re-download.
2026-01-17 15:30:17,136 | [CRW_SST] coraltemp_v3.1_20130810.nc is MISSING. Will try to re-download.
2026-01-17 15:30:17,137 | [CRW_SST] coraltemp_v3.1_20130812.nc is MISSING. Will try to re-download.
2026-01-17 15:30:17,139 | [CRW_SST] coraltemp_v3.1_20130813.nc is MISSING. Will try to re-download.
2026-01-17 15:30:17,140 | [CRW_SST] coraltemp_v3.1_20130814.nc is MISSING. Will try to re-download.
2026-01-17 15:30:17,141 | [CRW_SST] coraltemp_v3.1_20130815.nc is MISSING. Will try to re-download.
2026-01-17 15:30:17,143 | [CRW_SST] coraltemp_v3.1_20130816.nc is MISSING. Will try to re-download.
2026-01-17 15:30:17,143 | [CRW_SST] coraltemp_v3.1_20130817.nc is MISSING. Will try to re-download.
2026-01-17 15:30:17,145 | [CRW_SST] coraltemp_v3.1_20130818.nc is MISSING. Will try to re-download.
2026-01-17 15:30:17,145 | [CRW_SST] coraltemp_v3.1_20130819.nc is MISSING. Will try to re-download.
2026-01-17 15:30:17,145 | [CRW_SST] coraltemp_v3.1_20130820.nc is MISSING. Will try to re-download.
2026-01-17 15:30:17,147 | [CRW_SST] coraltemp_v3.1_20130821.nc is MISSING. Will try to re-download.
2026-01-17 15:30:17,147 | [CRW_SST] coraltemp_v3.1_20130822.nc is MISSING. Will try to re-download.
2026-01-17 15:30:17,147 | [CRW_SST] coraltemp_v3.1_20130823.nc is MISSING. Will try to re-download.
2026-01-17 15:30:17,147 | [CRW_SST] coraltemp_v3.1_20130824.nc is MISSING. Will try to re-download.
2026-01-17 15:30:17,149 | [CRW_SST] coraltemp_v3.1_20130825.nc is MISSING. Will try to re-download.
2026-01-17 15:30:17,150 | [CRW_SST] coraltemp_v3.1_20130826.nc is MISSING. Will try to re-download.
2026-01-17 15:30:17,150 | [CRW_SST] coraltemp_v3.1_20130827.nc is MISSING. Will try to re-download.
2026-01-17 15:30:17,150 | [CRW_SST] coraltemp_v3.1_20130828.nc is MISSING. Will try to re-download.
2026-01-17 15:30:17,152 | [CRW_SST] coraltemp_v3.1_20130829.nc is MISSING. Will try to re-download.
2026-01-17 15:30:17,153 | [CRW_SST] coraltemp_v3.1_20130830.nc is MISSING. Will try to re-download.
2026-01-17 15:30:17,153 | [CRW_SST] coraltemp_v3.1_20130831.nc is MISSING. Will try to re-download.
2026-01-17 15:30:17,153 | [CRW_SST] coraltemp_v3.1_20130901.nc is MISSING. Will try to re-download.
2026-01-17 15:30:17,153 | [CRW_SST] coraltemp_v3.1_20130902.nc is MISSING. Will try to re-download.
2026-01-17 15:30:17,155 | [CRW_SST] coraltemp_v3.1_20130903.nc is MISSING. Will try to re-download.
2026-01-17 15:30:17,155 | [CRW_SST] coraltemp_v3.1_20130904.nc is MISSING. Will try to re-download.
2026-01-17 15:30:17,155 | [CRW_SST] coraltemp_v3.1_20130905.nc is MISSING. Will try to re-download.
2026-01-17 15:30:17,155 | [CRW_SST] coraltemp_v3.1_20130906.nc is MISSING. Will try to re-download.
2026-01-17 15:30:17,161 | [CRW_SST] coraltemp_v3.1_20130907.nc is MISSING. Will try to re-download.
2026-01-17 15:30:17,167 | [CRW_SST] coraltemp_v3.1_20130908.nc is MISSING. Will try to re-download.
2026-01-17 15:30:17,170 | [CRW_SST] coraltemp_v3.1_20130909.nc is MISSING. Will try to re-download.
2026-01-17 15:30:17,171 | [CRW_SST] coraltemp_v3.1_20130910.nc is MISSING. Will try to re-download.
2026-01-17 15:30:17,171 | [CRW_SST] coraltemp_v3.1_20130912.nc is MISSING. Will try to re-download.
2026-01-17 15:30:17,171 | [CRW_SST] coraltemp_v3.1_20130913.nc is MISSING. Will try to re-download.
2026-01-17 15:30:17,175 | [CRW_SST] coraltemp_v3.1_20130914.nc is MISSING. Will try to re-download.
2026-01-17 15:30:17,177 | [CRW_SST] coraltemp_v3.1_20130915.nc is MISSING. Will try to re-download.
2026-01-17 15:30:17,177 | [CRW_SST] coraltemp_v3.1_20130916.nc is MISSING. Will try to re-download.
2026-01-17 15:30:17,177 | [CRW_SST] coraltemp_v3.1_20130917.nc is MISSING. Will try to re-download.
2026-01-17 15:30:17,178 | [CRW_SST] coraltemp_v3.1_20130918.nc is MISSING. Will try to re-download.
2026-01-17 15:30:17,182 | [CRW_SST] coraltemp_v3.1_20130919.nc is MISSING. Will try to re-download.
2026-01-17 15:30:17,182 | [CRW_SST] coraltemp_v3.1_20130920.nc is MISSING. Will try to re-download.
2026-01-17 15:30:17,182 | [CRW_SST] coraltemp_v3.1_20130921.nc is MISSING. Will try to re-download.
2026-01-17 15:30:17,184 | [CRW_SST] coraltemp_v3.1_20130922.nc is MISSING. Will try to re-download.
2026-01-17 15:30:17,184 | [CRW_SST] coraltemp_v3.1_20130923.nc is MISSING. Will try to re-download.
2026-01-17 15:30:17,184 | [CRW_SST] coraltemp_v3.1_20130924.nc is MISSING. Will try to re-download.
2026-01-17 15:30:17,185 | [CRW_SST] coraltemp_v3.1_20130925.nc is MISSING. Will try to re-download.
2026-01-17 15:30:17,187 | [CRW_SST] coraltemp_v3.1_20130926.nc is MISSING. Will try to re-download.
2026-01-17 15:30:17,187 | [CRW_SST] coraltemp_v3.1_20130927.nc is MISSING. Will try to re-download.
2026-01-17 15:30:17,188 | [CRW_SST] coraltemp_v3.1_20130928.nc is MISSING. Will try to re-download.
2026-01-17 15:30:17,188 | [CRW_SST] coraltemp_v3.1_20130929.nc is MISSING. Will try to re-download.
2026-01-17 15:30:17,190 | [CRW_SST] coraltemp_v3.1_20130930.nc is MISSING. Will try to re-download.
2026-01-17 15:30:17,191 | [CRW_SST] coraltemp_v3.1_20131001.nc is MISSING. Will try to re-download.
2026-01-17 15:30:17,192 | [CRW_SST] coraltemp_v3.1_20131002.nc is MISSING. Will try to re-download.
2026-01-17 15:30:17,192 | [CRW_SST] coraltemp_v3.1_20131003.nc is MISSING. Will try to re-download.
2026-01-17 15:30:17,192 | [CRW_SST] coraltemp_v3.1_20131004.nc is MISSING. Will try to re-download.
2026-01-17 15:30:17,192 | [CRW_SST] coraltemp_v3.1_20131005.nc is MISSING. Will try to re-download.
2026-01-17 15:30:17,192 | [CRW_SST] coraltemp_v3.1_20131006.nc is MISSING. Will try to re-download.
2026-01-17 15:30:17,192 | [CRW_SST] coraltemp_v3.1_20131007.nc is MISSING. Will try to re-download.
2026-01-17 15:30:17,192 | [CRW_SST] coraltemp_v3.1_20131008.nc is MISSING. Will try to re-download.
2026-01-17 15:30:17,192 | [CRW_SST] coraltemp_v3.1_20131009.nc is MISSING. Will try to re-download.
2026-01-17 15:30:17,196 | [CRW_SST] coraltemp_v3.1_20131010.nc is MISSING. Will try to re-download.
2026-01-17 15:30:17,196 | [CRW_SST] coraltemp_v3.1_20131012.nc is MISSING. Will try to re-download.
2026-01-17 15:30:17,197 | [CRW_SST] coraltemp_v3.1_20131013.nc is MISSING. Will try to re-download.
2026-01-17 15:30:17,198 | [CRW_SST] coraltemp_v3.1_20131014.nc is MISSING. Will try to re-download.
2026-01-17 15:30:17,198 | [CRW_SST] coraltemp_v3.1_20131015.nc is MISSING. Will try to re-download.
2026-01-17 15:30:17,199 | [CRW_SST] coraltemp_v3.1_20131016.nc is MISSING. Will try to re-download.
2026-01-17 15:30:17,199 | [CRW_SST] coraltemp_v3.1_20131017.nc is MISSING. Will try to re-download.
2026-01-17 15:30:17,200 | [CRW_SST] coraltemp_v3.1_20131018.nc is MISSING. Will try to re-download.
2026-01-17 15:30:17,200 | [CRW_SST] coraltemp_v3.1_20131019.nc is MISSING. Will try to re-download.
2026-01-17 15:30:17,200 | [CRW_SST] coraltemp_v3.1_20131020.nc is MISSING. Will try to re-download.
2026-01-17 15:30:17,200 | [CRW_SST] coraltemp_v3.1_20131021.nc is MISSING. Will try to re-download.
2026-01-17 15:30:17,200 | [CRW_SST] coraltemp_v3.1_20131022.nc is MISSING. Will try to re-download.
2026-01-17 15:30:17,203 | [CRW_SST] coraltemp_v3.1_20131023.nc is MISSING. Will try to re-download.
2026-01-17 15:30:17,203 | [CRW_SST] coraltemp_v3.1_20131024.nc is MISSING. Will try to re-download.
2026-01-17 15:30:17,203 | [CRW_SST] coraltemp_v3.1_20131025.nc is MISSING. Will try to re-download.
2026-01-17 15:30:17,203 | [CRW_SST] coraltemp_v3.1_20131026.nc is MISSING. Will try to re-download.
2026-01-17 15:30:17,205 | [CRW_SST] coraltemp_v3.1_20131027.nc is MISSING. Will try to re-download.
2026-01-17 15:30:17,205 | [CRW_SST] coraltemp_v3.1_20131028.nc is MISSING. Will try to re-download.
2026-01-17 15:30:17,205 | [CRW_SST] coraltemp_v3.1_20131029.nc is MISSING. Will try to re-download.
2026-01-17 15:30:17,205 | [CRW_SST] coraltemp_v3.1_20131030.nc is MISSING. Will try to re-download.
2026-01-17 15:30:17,205 | [CRW_SST] coraltemp_v3.1_20131031.nc is MISSING. Will try to re-download.
2026-01-17 15:30:17,205 | [CRW_SST] coraltemp_v3.1_20131201.nc is MISSING. Will try to re-download.
2026-01-17 15:30:17,209 | [CRW_SST] coraltemp_v3.1_20131202.nc is MISSING. Will try to re-download.
2026-01-17 15:30:17,209 | [CRW_SST] coraltemp_v3.1_20131203.nc is MISSING. Will try to re-download.
2026-01-17 15:30:17,209 | [CRW_SST] coraltemp_v3.1_20131204.nc is MISSING. Will try to re-download.
2026-01-17 15:30:17,210 | [CRW_SST] coraltemp_v3.1_20131205.nc is MISSING. Will try to re-download.
2026-01-17 15:30:17,210 | [CRW_SST] coraltemp_v3.1_20131206.nc is MISSING. Will try to re-download.
2026-01-17 15:30:17,210 | [CRW_SST] coraltemp_v3.1_20131207.nc is MISSING. Will try to re-download.
2026-01-17 15:30:17,212 | [CRW_SST] coraltemp_v3.1_20131208.nc is MISSING. Will try to re-download.
2026-01-17 15:30:17,212 | [CRW_SST] coraltemp_v3.1_20131209.nc is MISSING. Will try to re-download.
2026-01-17 15:30:17,213 | [CRW_SST] coraltemp_v3.1_20131210.nc is MISSING. Will try to re-download.
2026-01-17 15:30:17,214 | [CRW_SST] coraltemp_v3.1_20131212.nc is MISSING. Will try to re-download.
2026-01-17 15:30:17,214 | [CRW_SST] coraltemp_v3.1_20131213.nc is MISSING. Will try to re-download.
2026-01-17 15:30:17,214 | [CRW_SST] coraltemp_v3.1_20131214.nc is MISSING. Will try to re-download.
2026-01-17 15:30:17,214 | [CRW_SST] coraltemp_v3.1_20131215.nc is MISSING. Will try to re-download.
2026-01-17 15:30:17,214 | [CRW_SST] coraltemp_v3.1_20131216.nc is MISSING. Will try to re-download.
2026-01-17 15:30:17,214 | [CRW_SST] coraltemp_v3.1_20131217.nc is MISSING. Will try to re-download.
2026-01-17 15:30:17,214 | [CRW_SST] coraltemp_v3.1_20131218.nc is MISSING. Will try to re-download.
2026-01-17 15:30:17,214 | [CRW_SST] coraltemp_v3.1_20131219.nc is MISSING. Will try to re-download.
2026-01-17 15:30:17,218 | [CRW_SST] coraltemp_v3.1_20131220.nc is MISSING. Will try to re-download.
2026-01-17 15:30:17,218 | [CRW_SST] coraltemp_v3.1_20131221.nc is MISSING. Will try to re-download.
2026-01-17 15:30:17,218 | [CRW_SST] coraltemp_v3.1_20131222.nc is MISSING. Will try to re-download.
2026-01-17 15:30:17,218 | [CRW_SST] coraltemp_v3.1_20131223.nc is MISSING. Will try to re-download.
2026-01-17 15:30:17,219 | [CRW_SST] coraltemp_v3.1_20131224.nc is MISSING. Will try to re-download.
2026-01-17 15:30:17,219 | [CRW_SST] coraltemp_v3.1_20131225.nc is MISSING. Will try to re-download.
2026-01-17 15:30:17,219 | [CRW_SST] coraltemp_v3.1_20131226.nc is MISSING. Will try to re-download.
2026-01-17 15:30:17,219 | [CRW_SST] coraltemp_v3.1_20131227.nc is MISSING. Will try to re-download.
2026-01-17 15:30:17,219 | [CRW_SST] coraltemp_v3.1_20131228.nc is MISSING. Will try to re-download.
2026-01-17 15:30:17,219 | [CRW_SST] coraltemp_v3.1_20131229.nc is MISSING. Will try to re-download.
2026-01-17 15:30:17,219 | [CRW_SST] coraltemp_v3.1_20131230.nc is MISSING. Will try to re-download.
2026-01-17 15:30:17,219 | [CRW_SST] coraltemp_v3.1_20131231.nc is MISSING. Will try to re-download.
2026-01-17 15:30:17,219 | [CRW_SST] coraltemp_v3.1_20140101.nc is MISSING. Will try to re-download.
2026-01-17 15:30:17,226 | [CRW_SST] coraltemp_v3.1_20140102.nc is MISSING. Will try to re-download.
2026-01-17 15:30:17,226 | [CRW_SST] coraltemp_v3.1_20140103.nc is MISSING. Will try to re-download.
2026-01-17 15:30:17,227 | [CRW_SST] coraltemp_v3.1_20140104.nc is MISSING. Will try to re-download.
2026-01-17 15:30:17,227 | [CRW_SST] coraltemp_v3.1_20140105.nc is MISSING. Will try to re-download.
2026-01-17 15:30:17,228 | [CRW_SST] coraltemp_v3.1_20140106.nc is MISSING. Will try to re-download.
2026-01-17 15:30:17,228 | [CRW_SST] coraltemp_v3.1_20140107.nc is MISSING. Will try to re-download.
2026-01-17 15:30:17,228 | [CRW_SST] coraltemp_v3.1_20140108.nc is MISSING. Will try to re-download.
2026-01-17 15:30:17,228 | [CRW_SST] coraltemp_v3.1_20140109.nc is MISSING. Will try to re-download.
2026-01-17 15:30:17,228 | [CRW_SST] coraltemp_v3.1_20140120.nc is MISSING. Will try to re-download.
2026-01-17 15:30:17,231 | [CRW_SST] coraltemp_v3.1_20140121.nc is MISSING. Will try to re-download.
2026-01-17 15:30:17,231 | [CRW_SST] coraltemp_v3.1_20140122.nc is MISSING. Will try to re-download.
2026-01-17 15:30:17,232 | [CRW_SST] coraltemp_v3.1_20140123.nc is MISSING. Will try to re-download.
2026-01-17 15:30:17,232 | [CRW_SST] coraltemp_v3.1_20140124.nc is MISSING. Will try to re-download.
2026-01-17 15:30:17,234 | [CRW_SST] coraltemp_v3.1_20140125.nc is MISSING. Will try to re-download.
2026-01-17 15:30:17,234 | [CRW_SST] coraltemp_v3.1_20140126.nc is MISSING. Will try to re-download.
2026-01-17 15:30:17,234 | [CRW_SST] coraltemp_v3.1_20140127.nc is MISSING. Will try to re-download.
2026-01-17 15:30:17,234 | [CRW_SST] coraltemp_v3.1_20140128.nc is MISSING. Will try to re-download.
2026-01-17 15:30:17,234 | [CRW_SST] coraltemp_v3.1_20140129.nc is MISSING. Will try to re-download.
2026-01-17 15:30:17,236 | [CRW_SST] coraltemp_v3.1_20140130.nc is MISSING. Will try to re-download.
2026-01-17 15:30:17,236 | [CRW_SST] coraltemp_v3.1_20140131.nc is MISSING. Will try to re-download.
2026-01-17 15:30:17,236 | [CRW_SST] coraltemp_v3.1_20140201.nc is MISSING. Will try to re-download.
2026-01-17 15:30:17,237 | [CRW_SST] coraltemp_v3.1_20140202.nc is MISSING. Will try to re-download.
2026-01-17 15:30:17,238 | [CRW_SST] coraltemp_v3.1_20140203.nc is MISSING. Will try to re-download.
2026-01-17 15:30:17,239 | [CRW_SST] coraltemp_v3.1_20140204.nc is MISSING. Will try to re-download.
2026-01-17 15:30:17,239 | [CRW_SST] coraltemp_v3.1_20140205.nc is MISSING. Will try to re-download.
2026-01-17 15:30:17,240 | [CRW_SST] coraltemp_v3.1_20140206.nc is MISSING. Will try to re-download.
2026-01-17 15:30:17,242 | [CRW_SST] coraltemp_v3.1_20140207.nc is MISSING. Will try to re-download.
2026-01-17 15:30:17,242 | [CRW_SST] coraltemp_v3.1_20140208.nc is MISSING. Will try to re-download.
2026-01-17 15:30:17,242 | [CRW_SST] coraltemp_v3.1_20140209.nc is MISSING. Will try to re-download.
2026-01-17 15:30:17,242 | [CRW_SST] coraltemp_v3.1_20140210.nc is MISSING. Will try to re-download.
2026-01-17 15:30:17,242 | [CRW_SST] coraltemp_v3.1_20140212.nc is MISSING. Will try to re-download.
2026-01-17 15:30:17,242 | [CRW_SST] coraltemp_v3.1_20140213.nc is MISSING. Will try to re-download.
2026-01-17 15:30:17,242 | [CRW_SST] coraltemp_v3.1_20140214.nc is MISSING. Will try to re-download.
2026-01-17 15:30:17,242 | [CRW_SST] coraltemp_v3.1_20140215.nc is MISSING. Will try to re-download.
2026-01-17 15:30:17,242 | [CRW_SST] coraltemp_v3.1_20140216.nc is MISSING. Will try to re-download.
2026-01-17 15:30:17,247 | [CRW_SST] coraltemp_v3.1_20140217.nc is MISSING. Will try to re-download.
2026-01-17 15:30:17,247 | [CRW_SST] coraltemp_v3.1_20140218.nc is MISSING. Will try to re-download.
2026-01-17 15:30:17,247 | [CRW_SST] coraltemp_v3.1_20140219.nc is MISSING. Will try to re-download.
2026-01-17 15:30:17,247 | [CRW_SST] coraltemp_v3.1_20140220.nc is MISSING. Will try to re-download.
2026-01-17 15:30:17,249 | [CRW_SST] coraltemp_v3.1_20140221.nc is MISSING. Will try to re-download.
2026-01-17 15:30:17,249 | [CRW_SST] coraltemp_v3.1_20140222.nc is MISSING. Will try to re-download.
2026-01-17 15:30:17,250 | [CRW_SST] coraltemp_v3.1_20140223.nc is MISSING. Will try to re-download.
2026-01-17 15:30:17,251 | [CRW_SST] coraltemp_v3.1_20140224.nc is MISSING. Will try to re-download.
2026-01-17 15:30:17,251 | [CRW_SST] coraltemp_v3.1_20140225.nc is MISSING. Will try to re-download.
2026-01-17 15:30:17,251 | [CRW_SST] coraltemp_v3.1_20140226.nc is MISSING. Will try to re-download.
2026-01-17 15:30:17,251 | [CRW_SST] coraltemp_v3.1_20140227.nc is MISSING. Will try to re-download.
2026-01-17 15:30:17,253 | [CRW_SST] coraltemp_v3.1_20140228.nc is MISSING. Will try to re-download.
2026-01-17 15:30:17,253 | [CRW_SST] coraltemp_v3.1_20140301.nc is MISSING. Will try to re-download.
2026-01-17 15:30:17,253 | [CRW_SST] coraltemp_v3.1_20140302.nc is MISSING. Will try to re-download.
2026-01-17 15:30:17,253 | [CRW_SST] coraltemp_v3.1_20140303.nc is MISSING. Will try to re-download.
2026-01-17 15:30:17,253 | [CRW_SST] coraltemp_v3.1_20140304.nc is MISSING. Will try to re-download.
2026-01-17 15:30:17,253 | [CRW_SST] coraltemp_v3.1_20140305.nc is MISSING. Will try to re-download.
2026-01-17 15:30:17,253 | [CRW_SST] coraltemp_v3.1_20140306.nc is MISSING. Will try to re-download.
2026-01-17 15:30:17,253 | [CRW_SST] coraltemp_v3.1_20140307.nc is MISSING. Will try to re-download.
2026-01-17 15:30:17,253 | [CRW_SST] coraltemp_v3.1_20140308.nc is MISSING. Will try to re-download.
2026-01-17 15:30:17,253 | [CRW_SST] coraltemp_v3.1_20140309.nc is MISSING. Will try to re-download.
2026-01-17 15:30:17,253 | [CRW_SST] coraltemp_v3.1_20140310.nc is MISSING. Will try to re-download.
2026-01-17 15:30:17,259 | [CRW_SST] coraltemp_v3.1_20140312.nc is MISSING. Will try to re-download.
2026-01-17 15:30:17,259 | [CRW_SST] coraltemp_v3.1_20140313.nc is MISSING. Will try to re-download.
2026-01-17 15:30:17,260 | [CRW_SST] coraltemp_v3.1_20140314.nc is MISSING. Will try to re-download.
2026-01-17 15:30:17,260 | [CRW_SST] coraltemp_v3.1_20140315.nc is MISSING. Will try to re-download.
2026-01-17 15:30:17,261 | [CRW_SST] coraltemp_v3.1_20140316.nc is MISSING. Will try to re-download.
2026-01-17 15:30:17,261 | [CRW_SST] coraltemp_v3.1_20140317.nc is MISSING. Will try to re-download.
2026-01-17 15:30:17,262 | [CRW_SST] coraltemp_v3.1_20140318.nc is MISSING. Will try to re-download.
2026-01-17 15:30:17,262 | [CRW_SST] coraltemp_v3.1_20140319.nc is MISSING. Will try to re-download.
2026-01-17 15:30:17,263 | [CRW_SST] coraltemp_v3.1_20140320.nc is MISSING. Will try to re-download.
2026-01-17 15:30:17,263 | [CRW_SST] coraltemp_v3.1_20140321.nc is MISSING. Will try to re-download.
2026-01-17 15:30:17,263 | [CRW_SST] coraltemp_v3.1_20140322.nc is MISSING. Will try to re-download.
2026-01-17 15:30:17,264 | [CRW_SST] coraltemp_v3.1_20140323.nc is MISSING. Will try to re-download.
2026-01-17 15:30:17,264 | [CRW_SST] coraltemp_v3.1_20140324.nc is MISSING. Will try to re-download.
2026-01-17 15:30:17,266 | [CRW_SST] coraltemp_v3.1_20140325.nc is MISSING. Will try to re-download.
2026-01-17 15:30:17,266 | [CRW_SST] coraltemp_v3.1_20140326.nc is MISSING. Will try to re-download.
2026-01-17 15:30:17,266 | [CRW_SST] coraltemp_v3.1_20140327.nc is MISSING. Will try to re-download.
2026-01-17 15:30:17,266 | [CRW_SST] coraltemp_v3.1_20140328.nc is MISSING. Will try to re-download.
2026-01-17 15:30:17,268 | [CRW_SST] coraltemp_v3.1_20140329.nc is MISSING. Will try to re-download.
2026-01-17 15:30:17,268 | [CRW_SST] coraltemp_v3.1_20140330.nc is MISSING. Will try to re-download.
2026-01-17 15:30:17,268 | [CRW_SST] coraltemp_v3.1_20140331.nc is MISSING. Will try to re-download.
2026-01-17 15:30:17,269 | [CRW_SST] coraltemp_v3.1_20140401.nc is MISSING. Will try to re-download.
2026-01-17 15:30:17,269 | [CRW_SST] coraltemp_v3.1_20140402.nc is MISSING. Will try to re-download.
2026-01-17 15:30:17,269 | [CRW_SST] coraltemp_v3.1_20140403.nc is MISSING. Will try to re-download.
2026-01-17 15:30:17,269 | [CRW_SST] coraltemp_v3.1_20140404.nc is MISSING. Will try to re-download.
2026-01-17 15:30:17,269 | [CRW_SST] coraltemp_v3.1_20140405.nc is MISSING. Will try to re-download.
2026-01-17 15:30:17,269 | [CRW_SST] coraltemp_v3.1_20140406.nc is MISSING. Will try to re-download.
2026-01-17 15:30:17,269 | [CRW_SST] coraltemp_v3.1_20140407.nc is MISSING. Will try to re-download.
2026-01-17 15:30:17,269 | [CRW_SST] coraltemp_v3.1_20140408.nc is MISSING. Will try to re-download.
2026-01-17 15:30:17,269 | [CRW_SST] coraltemp_v3.1_20140409.nc is MISSING. Will try to re-download.
2026-01-17 15:30:17,275 | [CRW_SST] coraltemp_v3.1_20140410.nc is MISSING. Will try to re-download.
2026-01-17 15:30:17,275 | [CRW_SST] coraltemp_v3.1_20140412.nc is MISSING. Will try to re-download.
2026-01-17 15:30:17,275 | [CRW_SST] coraltemp_v3.1_20140413.nc is MISSING. Will try to re-download.
2026-01-17 15:30:17,277 | [CRW_SST] coraltemp_v3.1_20140414.nc is MISSING. Will try to re-download.
2026-01-17 15:30:17,277 | [CRW_SST] coraltemp_v3.1_20140415.nc is MISSING. Will try to re-download.
2026-01-17 15:30:17,277 | [CRW_SST] coraltemp_v3.1_20140416.nc is MISSING. Will try to re-download.
2026-01-17 15:30:17,277 | [CRW_SST] coraltemp_v3.1_20140417.nc is MISSING. Will try to re-download.
2026-01-17 15:30:17,277 | [CRW_SST] coraltemp_v3.1_20140418.nc is MISSING. Will try to re-download.
2026-01-17 15:30:17,277 | [CRW_SST] coraltemp_v3.1_20140419.nc is MISSING. Will try to re-download.
2026-01-17 15:30:17,277 | [CRW_SST] coraltemp_v3.1_20140420.nc is MISSING. Will try to re-download.
2026-01-17 15:30:17,281 | [CRW_SST] coraltemp_v3.1_20140421.nc is MISSING. Will try to re-download.
2026-01-17 15:30:17,281 | [CRW_SST] coraltemp_v3.1_20140422.nc is MISSING. Will try to re-download.
2026-01-17 15:30:17,282 | [CRW_SST] coraltemp_v3.1_20140423.nc is MISSING. Will try to re-download.
2026-01-17 15:30:17,282 | [CRW_SST] coraltemp_v3.1_20140424.nc is MISSING. Will try to re-download.
2026-01-17 15:30:17,282 | [CRW_SST] coraltemp_v3.1_20140425.nc is MISSING. Will try to re-download.
2026-01-17 15:30:17,282 | [CRW_SST] coraltemp_v3.1_20140426.nc is MISSING. Will try to re-download.
2026-01-17 15:30:17,282 | [CRW_SST] coraltemp_v3.1_20140427.nc is MISSING. Will try to re-download.
2026-01-17 15:30:17,284 | [CRW_SST] coraltemp_v3.1_20140428.nc is MISSING. Will try to re-download.
2026-01-17 15:30:17,284 | [CRW_SST] coraltemp_v3.1_20140429.nc is MISSING. Will try to re-download.
2026-01-17 15:30:17,284 | [CRW_SST] coraltemp_v3.1_20140430.nc is MISSING. Will try to re-download.
2026-01-17 15:30:17,284 | [CRW_SST] coraltemp_v3.1_20140501.nc is MISSING. Will try to re-download.
2026-01-17 15:30:17,284 | [CRW_SST] coraltemp_v3.1_20140502.nc is MISSING. Will try to re-download.
2026-01-17 15:30:17,286 | [CRW_SST] coraltemp_v3.1_20140503.nc is MISSING. Will try to re-download.
2026-01-17 15:30:17,286 | [CRW_SST] coraltemp_v3.1_20140504.nc is MISSING. Will try to re-download.
2026-01-17 15:30:17,288 | [CRW_SST] coraltemp_v3.1_20140505.nc is MISSING. Will try to re-download.
2026-01-17 15:30:17,288 | [CRW_SST] coraltemp_v3.1_20140506.nc is MISSING. Will try to re-download.
2026-01-17 15:30:17,289 | [CRW_SST] coraltemp_v3.1_20140507.nc is MISSING. Will try to re-download.
2026-01-17 15:30:17,289 | [CRW_SST] coraltemp_v3.1_20140508.nc is MISSING. Will try to re-download.
2026-01-17 15:30:17,289 | [CRW_SST] coraltemp_v3.1_20140509.nc is MISSING. Will try to re-download.
2026-01-17 15:30:17,289 | [CRW_SST] coraltemp_v3.1_20140510.nc is MISSING. Will try to re-download.
2026-01-17 15:30:17,291 | [CRW_SST] coraltemp_v3.1_20140512.nc is MISSING. Will try to re-download.
2026-01-17 15:30:17,291 | [CRW_SST] coraltemp_v3.1_20140513.nc is MISSING. Will try to re-download.
2026-01-17 15:30:17,291 | [CRW_SST] coraltemp_v3.1_20140514.nc is MISSING. Will try to re-download.
2026-01-17 15:30:17,291 | [CRW_SST] coraltemp_v3.1_20140515.nc is MISSING. Will try to re-download.
2026-01-17 15:30:17,291 | [CRW_SST] coraltemp_v3.1_20140516.nc is MISSING. Will try to re-download.
2026-01-17 15:30:17,291 | [CRW_SST] coraltemp_v3.1_20140517.nc is MISSING. Will try to re-download.
2026-01-17 15:30:17,291 | [CRW_SST] coraltemp_v3.1_20140518.nc is MISSING. Will try to re-download.
2026-01-17 15:30:17,291 | [CRW_SST] coraltemp_v3.1_20140519.nc is MISSING. Will try to re-download.
2026-01-17 15:30:17,291 | [CRW_SST] coraltemp_v3.1_20140520.nc is MISSING. Will try to re-download.
2026-01-17 15:30:17,291 | [CRW_SST] coraltemp_v3.1_20140521.nc is MISSING. Will try to re-download.
2026-01-17 15:30:17,291 | [CRW_SST] coraltemp_v3.1_20140522.nc is MISSING. Will try to re-download.
2026-01-17 15:30:17,297 | [CRW_SST] coraltemp_v3.1_20140523.nc is MISSING. Will try to re-download.
2026-01-17 15:30:17,297 | [CRW_SST] coraltemp_v3.1_20140524.nc is MISSING. Will try to re-download.
2026-01-17 15:30:17,298 | [CRW_SST] coraltemp_v3.1_20140525.nc is MISSING. Will try to re-download.
2026-01-17 15:30:17,299 | [CRW_SST] coraltemp_v3.1_20140526.nc is MISSING. Will try to re-download.
2026-01-17 15:30:17,299 | [CRW_SST] coraltemp_v3.1_20140527.nc is MISSING. Will try to re-download.
2026-01-17 15:30:17,300 | [CRW_SST] coraltemp_v3.1_20140528.nc is MISSING. Will try to re-download.
2026-01-17 15:30:17,300 | [CRW_SST] coraltemp_v3.1_20140529.nc is MISSING. Will try to re-download.
2026-01-17 15:30:17,300 | [CRW_SST] coraltemp_v3.1_20140530.nc is MISSING. Will try to re-download.
2026-01-17 15:30:17,300 | [CRW_SST] coraltemp_v3.1_20140531.nc is MISSING. Will try to re-download.
2026-01-17 15:30:17,300 | [CRW_SST] coraltemp_v3.1_20140601.nc is MISSING. Will try to re-download.
2026-01-17 15:30:17,303 | [CRW_SST] coraltemp_v3.1_20140602.nc is MISSING. Will try to re-download.
2026-01-17 15:30:17,303 | [CRW_SST] coraltemp_v3.1_20140603.nc is MISSING. Will try to re-download.
2026-01-17 15:30:17,303 | [CRW_SST] coraltemp_v3.1_20140604.nc is MISSING. Will try to re-download.
2026-01-17 15:30:17,303 | [CRW_SST] coraltemp_v3.1_20140605.nc is MISSING. Will try to re-download.
2026-01-17 15:30:17,303 | [CRW_SST] coraltemp_v3.1_20140606.nc is MISSING. Will try to re-download.
2026-01-17 15:30:17,303 | [CRW_SST] coraltemp_v3.1_20140607.nc is MISSING. Will try to re-download.
2026-01-17 15:30:17,306 | [CRW_SST] coraltemp_v3.1_20140608.nc is MISSING. Will try to re-download.
2026-01-17 15:30:17,306 | [CRW_SST] coraltemp_v3.1_20140609.nc is MISSING. Will try to re-download.
2026-01-17 15:30:17,306 | [CRW_SST] coraltemp_v3.1_20140610.nc is MISSING. Will try to re-download.
2026-01-17 15:30:17,309 | [CRW_SST] coraltemp_v3.1_20140612.nc is MISSING. Will try to re-download.
2026-01-17 15:30:17,310 | [CRW_SST] coraltemp_v3.1_20140613.nc is MISSING. Will try to re-download.
2026-01-17 15:30:17,310 | [CRW_SST] coraltemp_v3.1_20140614.nc is MISSING. Will try to re-download.
2026-01-17 15:30:17,310 | [CRW_SST] coraltemp_v3.1_20140615.nc is MISSING. Will try to re-download.
2026-01-17 15:30:17,312 | [CRW_SST] coraltemp_v3.1_20140616.nc is MISSING. Will try to re-download.
2026-01-17 15:30:17,312 | [CRW_SST] coraltemp_v3.1_20140617.nc is MISSING. Will try to re-download.
2026-01-17 15:30:17,313 | [CRW_SST] coraltemp_v3.1_20140618.nc is MISSING. Will try to re-download.
2026-01-17 15:30:17,313 | [CRW_SST] coraltemp_v3.1_20140619.nc is MISSING. Will try to re-download.
2026-01-17 15:30:17,313 | [CRW_SST] coraltemp_v3.1_20140620.nc is MISSING. Will try to re-download.
2026-01-17 15:30:17,314 | [CRW_SST] coraltemp_v3.1_20140621.nc is MISSING. Will try to re-download.
2026-01-17 15:30:17,314 | [CRW_SST] coraltemp_v3.1_20140622.nc is MISSING. Will try to re-download.
2026-01-17 15:30:17,314 | [CRW_SST] coraltemp_v3.1_20140623.nc is MISSING. Will try to re-download.
2026-01-17 15:30:17,314 | [CRW_SST] coraltemp_v3.1_20140624.nc is MISSING. Will try to re-download.
2026-01-17 15:30:17,314 | [CRW_SST] coraltemp_v3.1_20140625.nc is MISSING. Will try to re-download.
2026-01-17 15:30:17,314 | [CRW_SST] coraltemp_v3.1_20140626.nc is MISSING. Will try to re-download.
2026-01-17 15:30:17,317 | [CRW_SST] coraltemp_v3.1_20140627.nc is MISSING. Will try to re-download.
2026-01-17 15:30:17,317 | [CRW_SST] coraltemp_v3.1_20140628.nc is MISSING. Will try to re-download.
2026-01-17 15:30:17,317 | [CRW_SST] coraltemp_v3.1_20140629.nc is MISSING. Will try to re-download.
2026-01-17 15:30:17,319 | [CRW_SST] coraltemp_v3.1_20140630.nc is MISSING. Will try to re-download.
2026-01-17 15:30:17,319 | [CRW_SST] coraltemp_v3.1_20140701.nc is MISSING. Will try to re-download.
2026-01-17 15:30:17,319 | [CRW_SST] coraltemp_v3.1_20140702.nc is MISSING. Will try to re-download.
2026-01-17 15:30:17,319 | [CRW_SST] coraltemp_v3.1_20140703.nc is MISSING. Will try to re-download.
2026-01-17 15:30:17,319 | [CRW_SST] coraltemp_v3.1_20140704.nc is MISSING. Will try to re-download.
2026-01-17 15:30:17,322 | [CRW_SST] coraltemp_v3.1_20140705.nc is MISSING. Will try to re-download.
2026-01-17 15:30:17,322 | [CRW_SST] coraltemp_v3.1_20140706.nc is MISSING. Will try to re-download.
2026-01-17 15:30:17,322 | [CRW_SST] coraltemp_v3.1_20140707.nc is MISSING. Will try to re-download.
2026-01-17 15:30:17,324 | [CRW_SST] coraltemp_v3.1_20140708.nc is MISSING. Will try to re-download.
2026-01-17 15:30:17,325 | [CRW_SST] coraltemp_v3.1_20140709.nc is MISSING. Will try to re-download.
2026-01-17 15:30:17,326 | [CRW_SST] coraltemp_v3.1_20140710.nc is MISSING. Will try to re-download.
2026-01-17 15:30:17,327 | [CRW_SST] coraltemp_v3.1_20140712.nc is MISSING. Will try to re-download.
2026-01-17 15:30:17,327 | [CRW_SST] coraltemp_v3.1_20140713.nc is MISSING. Will try to re-download.
2026-01-17 15:30:17,327 | [CRW_SST] coraltemp_v3.1_20140714.nc is MISSING. Will try to re-download.
2026-01-17 15:30:17,328 | [CRW_SST] coraltemp_v3.1_20140715.nc is MISSING. Will try to re-download.
2026-01-17 15:30:17,328 | [CRW_SST] coraltemp_v3.1_20140716.nc is MISSING. Will try to re-download.
2026-01-17 15:30:17,330 | [CRW_SST] coraltemp_v3.1_20140717.nc is MISSING. Will try to re-download.
2026-01-17 15:30:17,331 | [CRW_SST] coraltemp_v3.1_20140718.nc is MISSING. Will try to re-download.
2026-01-17 15:30:17,332 | [CRW_SST] coraltemp_v3.1_20140719.nc is MISSING. Will try to re-download.
2026-01-17 15:30:17,333 | [CRW_SST] coraltemp_v3.1_20140720.nc is MISSING. Will try to re-download.
2026-01-17 15:30:17,334 | [CRW_SST] coraltemp_v3.1_20140721.nc is MISSING. Will try to re-download.
2026-01-17 15:30:17,334 | [CRW_SST] coraltemp_v3.1_20140722.nc is MISSING. Will try to re-download.
2026-01-17 15:30:17,334 | [CRW_SST] coraltemp_v3.1_20140723.nc is MISSING. Will try to re-download.
2026-01-17 15:30:17,335 | [CRW_SST] coraltemp_v3.1_20140724.nc is MISSING. Will try to re-download.
2026-01-17 15:30:17,335 | [CRW_SST] coraltemp_v3.1_20140725.nc is MISSING. Will try to re-download.
2026-01-17 15:30:17,335 | [CRW_SST] coraltemp_v3.1_20140726.nc is MISSING. Will try to re-download.
2026-01-17 15:30:17,336 | [CRW_SST] coraltemp_v3.1_20140727.nc is MISSING. Will try to re-download.
2026-01-17 15:30:17,336 | [CRW_SST] coraltemp_v3.1_20140728.nc is MISSING. Will try to re-download.
2026-01-17 15:30:17,337 | [CRW_SST] coraltemp_v3.1_20140729.nc is MISSING. Will try to re-download.
2026-01-17 15:30:17,338 | [CRW_SST] coraltemp_v3.1_20140730.nc is MISSING. Will try to re-download.
2026-01-17 15:30:17,338 | [CRW_SST] coraltemp_v3.1_20140731.nc is MISSING. Will try to re-download.
2026-01-17 15:30:17,338 | [CRW_SST] coraltemp_v3.1_20140801.nc is MISSING. Will try to re-download.
2026-01-17 15:30:17,339 | [CRW_SST] coraltemp_v3.1_20140802.nc is MISSING. Will try to re-download.
2026-01-17 15:30:17,339 | [CRW_SST] coraltemp_v3.1_20140803.nc is MISSING. Will try to re-download.
2026-01-17 15:30:17,340 | [CRW_SST] coraltemp_v3.1_20140804.nc is MISSING. Will try to re-download.
2026-01-17 15:30:17,340 | [CRW_SST] coraltemp_v3.1_20140805.nc is MISSING. Will try to re-download.
2026-01-17 15:30:17,342 | [CRW_SST] coraltemp_v3.1_20140806.nc is MISSING. Will try to re-download.
2026-01-17 15:30:17,342 | [CRW_SST] coraltemp_v3.1_20140807.nc is MISSING. Will try to re-download.
2026-01-17 15:30:17,342 | [CRW_SST] coraltemp_v3.1_20140808.nc is MISSING. Will try to re-download.
2026-01-17 15:30:17,342 | [CRW_SST] coraltemp_v3.1_20140809.nc is MISSING. Will try to re-download.
2026-01-17 15:30:17,344 | [CRW_SST] coraltemp_v3.1_20140810.nc is MISSING. Will try to re-download.
2026-01-17 15:30:17,344 | [CRW_SST] coraltemp_v3.1_20140812.nc is MISSING. Will try to re-download.
2026-01-17 15:30:17,344 | [CRW_SST] coraltemp_v3.1_20140813.nc is MISSING. Will try to re-download.
2026-01-17 15:30:17,346 | [CRW_SST] coraltemp_v3.1_20140814.nc is MISSING. Will try to re-download.
2026-01-17 15:30:17,346 | [CRW_SST] coraltemp_v3.1_20140815.nc is MISSING. Will try to re-download.
2026-01-17 15:30:17,347 | [CRW_SST] coraltemp_v3.1_20140816.nc is MISSING. Will try to re-download.
2026-01-17 15:30:17,347 | [CRW_SST] coraltemp_v3.1_20140817.nc is MISSING. Will try to re-download.
2026-01-17 15:30:17,347 | [CRW_SST] coraltemp_v3.1_20140818.nc is MISSING. Will try to re-download.
2026-01-17 15:30:17,348 | [CRW_SST] coraltemp_v3.1_20140819.nc is MISSING. Will try to re-download.
2026-01-17 15:30:17,349 | [CRW_SST] coraltemp_v3.1_20140820.nc is MISSING. Will try to re-download.
2026-01-17 15:30:17,350 | [CRW_SST] coraltemp_v3.1_20140821.nc is MISSING. Will try to re-download.
2026-01-17 15:30:17,350 | [CRW_SST] coraltemp_v3.1_20140822.nc is MISSING. Will try to re-download.
2026-01-17 15:30:17,350 | [CRW_SST] coraltemp_v3.1_20140823.nc is MISSING. Will try to re-download.
2026-01-17 15:30:17,350 | [CRW_SST] coraltemp_v3.1_20140824.nc is MISSING. Will try to re-download.
2026-01-17 15:30:17,350 | [CRW_SST] coraltemp_v3.1_20140825.nc is MISSING. Will try to re-download.
2026-01-17 15:30:17,350 | [CRW_SST] coraltemp_v3.1_20140826.nc is MISSING. Will try to re-download.
2026-01-17 15:30:17,350 | [CRW_SST] coraltemp_v3.1_20140827.nc is MISSING. Will try to re-download.
2026-01-17 15:30:17,350 | [CRW_SST] coraltemp_v3.1_20140828.nc is MISSING. Will try to re-download.
2026-01-17 15:30:17,353 | [CRW_SST] coraltemp_v3.1_20140829.nc is MISSING. Will try to re-download.
2026-01-17 15:30:17,353 | [CRW_SST] coraltemp_v3.1_20140830.nc is MISSING. Will try to re-download.
2026-01-17 15:30:17,353 | [CRW_SST] coraltemp_v3.1_20140831.nc is MISSING. Will try to re-download.
2026-01-17 15:30:17,353 | [CRW_SST] coraltemp_v3.1_20140901.nc is MISSING. Will try to re-download.
2026-01-17 15:30:17,353 | [CRW_SST] coraltemp_v3.1_20140902.nc is MISSING. Will try to re-download.
2026-01-17 15:30:17,353 | [CRW_SST] coraltemp_v3.1_20140903.nc is MISSING. Will try to re-download.
2026-01-17 15:30:17,353 | [CRW_SST] coraltemp_v3.1_20140904.nc is MISSING. Will try to re-download.
2026-01-17 15:30:17,353 | [CRW_SST] coraltemp_v3.1_20140905.nc is MISSING. Will try to re-download.
2026-01-17 15:30:17,353 | [CRW_SST] coraltemp_v3.1_20140906.nc is MISSING. Will try to re-download.
2026-01-17 15:30:17,359 | [CRW_SST] coraltemp_v3.1_20140907.nc is MISSING. Will try to re-download.
2026-01-17 15:30:17,359 | [CRW_SST] coraltemp_v3.1_20140908.nc is MISSING. Will try to re-download.
2026-01-17 15:30:17,360 | [CRW_SST] coraltemp_v3.1_20140909.nc is MISSING. Will try to re-download.
2026-01-17 15:30:17,360 | [CRW_SST] coraltemp_v3.1_20140910.nc is MISSING. Will try to re-download.
2026-01-17 15:30:17,360 | [CRW_SST] coraltemp_v3.1_20140912.nc is MISSING. Will try to re-download.
2026-01-17 15:30:17,362 | [CRW_SST] coraltemp_v3.1_20140913.nc is MISSING. Will try to re-download.
2026-01-17 15:30:17,362 | [CRW_SST] coraltemp_v3.1_20140914.nc is MISSING. Will try to re-download.
2026-01-17 15:30:17,362 | [CRW_SST] coraltemp_v3.1_20140915.nc is MISSING. Will try to re-download.
2026-01-17 15:30:17,363 | [CRW_SST] coraltemp_v3.1_20140916.nc is MISSING. Will try to re-download.
2026-01-17 15:30:17,363 | [CRW_SST] coraltemp_v3.1_20140917.nc is MISSING. Will try to re-download.
2026-01-17 15:30:17,364 | [CRW_SST] coraltemp_v3.1_20140918.nc is MISSING. Will try to re-download.
2026-01-17 15:30:17,364 | [CRW_SST] coraltemp_v3.1_20140919.nc is MISSING. Will try to re-download.
2026-01-17 15:30:17,364 | [CRW_SST] coraltemp_v3.1_20140920.nc is MISSING. Will try to re-download.
2026-01-17 15:30:17,366 | [CRW_SST] coraltemp_v3.1_20140921.nc is MISSING. Will try to re-download.
2026-01-17 15:30:17,366 | [CRW_SST] coraltemp_v3.1_20140922.nc is MISSING. Will try to re-download.
2026-01-17 15:30:17,366 | [CRW_SST] coraltemp_v3.1_20140923.nc is MISSING. Will try to re-download.
2026-01-17 15:30:17,367 | [CRW_SST] coraltemp_v3.1_20140924.nc is MISSING. Will try to re-download.
2026-01-17 15:30:17,367 | [CRW_SST] coraltemp_v3.1_20140925.nc is MISSING. Will try to re-download.
2026-01-17 15:30:17,367 | [CRW_SST] coraltemp_v3.1_20140926.nc is MISSING. Will try to re-download.
2026-01-17 15:30:17,369 | [CRW_SST] coraltemp_v3.1_20140927.nc is MISSING. Will try to re-download.
2026-01-17 15:30:17,369 | [CRW_SST] coraltemp_v3.1_20140928.nc is MISSING. Will try to re-download.
2026-01-17 15:30:17,369 | [CRW_SST] coraltemp_v3.1_20140929.nc is MISSING. Will try to re-download.
2026-01-17 15:30:17,369 | [CRW_SST] coraltemp_v3.1_20140930.nc is MISSING. Will try to re-download.
2026-01-17 15:30:17,369 | [CRW_SST] coraltemp_v3.1_20141001.nc is MISSING. Will try to re-download.
2026-01-17 15:30:17,369 | [CRW_SST] coraltemp_v3.1_20141002.nc is MISSING. Will try to re-download.
2026-01-17 15:30:17,369 | [CRW_SST] coraltemp_v3.1_20141003.nc is MISSING. Will try to re-download.
2026-01-17 15:30:17,369 | [CRW_SST] coraltemp_v3.1_20141004.nc is MISSING. Will try to re-download.
2026-01-17 15:30:17,375 | [CRW_SST] coraltemp_v3.1_20141005.nc is MISSING. Will try to re-download.
2026-01-17 15:30:17,376 | [CRW_SST] coraltemp_v3.1_20141006.nc is MISSING. Will try to re-download.
2026-01-17 15:30:17,376 | [CRW_SST] coraltemp_v3.1_20141007.nc is MISSING. Will try to re-download.
2026-01-17 15:30:17,377 | [CRW_SST] coraltemp_v3.1_20141008.nc is MISSING. Will try to re-download.
2026-01-17 15:30:17,377 | [CRW_SST] coraltemp_v3.1_20141009.nc is MISSING. Will try to re-download.
2026-01-17 15:30:17,378 | [CRW_SST] coraltemp_v3.1_20141010.nc is MISSING. Will try to re-download.
2026-01-17 15:30:17,378 | [CRW_SST] coraltemp_v3.1_20141012.nc is MISSING. Will try to re-download.
2026-01-17 15:30:17,378 | [CRW_SST] coraltemp_v3.1_20141013.nc is MISSING. Will try to re-download.
2026-01-17 15:30:17,378 | [CRW_SST] coraltemp_v3.1_20141014.nc is MISSING. Will try to re-download.
2026-01-17 15:30:17,378 | [CRW_SST] coraltemp_v3.1_20141015.nc is MISSING. Will try to re-download.
2026-01-17 15:30:17,381 | [CRW_SST] coraltemp_v3.1_20141016.nc is MISSING. Will try to re-download.
2026-01-17 15:30:17,381 | [CRW_SST] coraltemp_v3.1_20141017.nc is MISSING. Will try to re-download.
2026-01-17 15:30:17,381 | [CRW_SST] coraltemp_v3.1_20141018.nc is MISSING. Will try to re-download.
2026-01-17 15:30:17,382 | [CRW_SST] coraltemp_v3.1_20141019.nc is MISSING. Will try to re-download.
2026-01-17 15:30:17,383 | [CRW_SST] coraltemp_v3.1_20141020.nc is MISSING. Will try to re-download.
2026-01-17 15:30:17,384 | [CRW_SST] coraltemp_v3.1_20141021.nc is MISSING. Will try to re-download.
2026-01-17 15:30:17,384 | [CRW_SST] coraltemp_v3.1_20141022.nc is MISSING. Will try to re-download.
2026-01-17 15:30:17,384 | [CRW_SST] coraltemp_v3.1_20141023.nc is MISSING. Will try to re-download.
2026-01-17 15:30:17,384 | [CRW_SST] coraltemp_v3.1_20141024.nc is MISSING. Will try to re-download.
2026-01-17 15:30:17,384 | [CRW_SST] coraltemp_v3.1_20141025.nc is MISSING. Will try to re-download.
2026-01-17 15:30:17,387 | [CRW_SST] coraltemp_v3.1_20141026.nc is MISSING. Will try to re-download.
2026-01-17 15:30:17,387 | [CRW_SST] coraltemp_v3.1_20141027.nc is MISSING. Will try to re-download.
2026-01-17 15:30:17,388 | [CRW_SST] coraltemp_v3.1_20141028.nc is MISSING. Will try to re-download.
2026-01-17 15:30:17,388 | [CRW_SST] coraltemp_v3.1_20141029.nc is MISSING. Will try to re-download.
2026-01-17 15:30:17,389 | [CRW_SST] coraltemp_v3.1_20141030.nc is MISSING. Will try to re-download.
2026-01-17 15:30:17,389 | [CRW_SST] coraltemp_v3.1_20141031.nc is MISSING. Will try to re-download.
2026-01-17 15:30:17,389 | [CRW_SST] coraltemp_v3.1_20141201.nc is MISSING. Will try to re-download.
2026-01-17 15:30:17,392 | [CRW_SST] coraltemp_v3.1_20141202.nc is MISSING. Will try to re-download.
2026-01-17 15:30:17,393 | [CRW_SST] coraltemp_v3.1_20141203.nc is MISSING. Will try to re-download.
2026-01-17 15:30:17,393 | [CRW_SST] coraltemp_v3.1_20141204.nc is MISSING. Will try to re-download.
2026-01-17 15:30:17,393 | [CRW_SST] coraltemp_v3.1_20141205.nc is MISSING. Will try to re-download.
2026-01-17 15:30:17,393 | [CRW_SST] coraltemp_v3.1_20141206.nc is MISSING. Will try to re-download.
2026-01-17 15:30:17,393 | [CRW_SST] coraltemp_v3.1_20141207.nc is MISSING. Will try to re-download.
2026-01-17 15:30:17,393 | [CRW_SST] coraltemp_v3.1_20141208.nc is MISSING. Will try to re-download.
2026-01-17 15:30:17,393 | [CRW_SST] coraltemp_v3.1_20141209.nc is MISSING. Will try to re-download.
2026-01-17 15:30:17,397 | [CRW_SST] coraltemp_v3.1_20141210.nc is MISSING. Will try to re-download.
2026-01-17 15:30:17,397 | [CRW_SST] coraltemp_v3.1_20141212.nc is MISSING. Will try to re-download.
2026-01-17 15:30:17,397 | [CRW_SST] coraltemp_v3.1_20141213.nc is MISSING. Will try to re-download.
2026-01-17 15:30:17,397 | [CRW_SST] coraltemp_v3.1_20141214.nc is MISSING. Will try to re-download.
2026-01-17 15:30:17,397 | [CRW_SST] coraltemp_v3.1_20141215.nc is MISSING. Will try to re-download.
2026-01-17 15:30:17,399 | [CRW_SST] coraltemp_v3.1_20141216.nc is MISSING. Will try to re-download.
2026-01-17 15:30:17,400 | [CRW_SST] coraltemp_v3.1_20141217.nc is MISSING. Will try to re-download.
2026-01-17 15:30:17,400 | [CRW_SST] coraltemp_v3.1_20141218.nc is MISSING. Will try to re-download.
2026-01-17 15:30:17,401 | [CRW_SST] coraltemp_v3.1_20141219.nc is MISSING. Will try to re-download.
2026-01-17 15:30:17,401 | [CRW_SST] coraltemp_v3.1_20141220.nc is MISSING. Will try to re-download.
2026-01-17 15:30:17,401 | [CRW_SST] coraltemp_v3.1_20141221.nc is MISSING. Will try to re-download.
2026-01-17 15:30:17,401 | [CRW_SST] coraltemp_v3.1_20141222.nc is MISSING. Will try to re-download.
2026-01-17 15:30:17,403 | [CRW_SST] coraltemp_v3.1_20141223.nc is MISSING. Will try to re-download.
2026-01-17 15:30:17,403 | [CRW_SST] coraltemp_v3.1_20141224.nc is MISSING. Will try to re-download.
2026-01-17 15:30:17,403 | [CRW_SST] coraltemp_v3.1_20141225.nc is MISSING. Will try to re-download.
2026-01-17 15:30:17,403 | [CRW_SST] coraltemp_v3.1_20141226.nc is MISSING. Will try to re-download.
2026-01-17 15:30:17,403 | [CRW_SST] coraltemp_v3.1_20141227.nc is MISSING. Will try to re-download.
2026-01-17 15:30:17,403 | [CRW_SST] coraltemp_v3.1_20141228.nc is MISSING. Will try to re-download.
2026-01-17 15:30:17,403 | [CRW_SST] coraltemp_v3.1_20141229.nc is MISSING. Will try to re-download.
2026-01-17 15:30:17,403 | [CRW_SST] coraltemp_v3.1_20141230.nc is MISSING. Will try to re-download.
2026-01-17 15:30:17,403 | [CRW_SST] coraltemp_v3.1_20141231.nc is MISSING. Will try to re-download.
2026-01-17 15:30:17,407 | [CRW_SST] coraltemp_v3.1_20150101.nc is MISSING. Will try to re-download.
2026-01-17 15:30:17,408 | [CRW_SST] coraltemp_v3.1_20150102.nc is MISSING. Will try to re-download.
2026-01-17 15:30:17,409 | [CRW_SST] coraltemp_v3.1_20150103.nc is MISSING. Will try to re-download.
2026-01-17 15:30:17,409 | [CRW_SST] coraltemp_v3.1_20150104.nc is MISSING. Will try to re-download.
2026-01-17 15:30:17,410 | [CRW_SST] coraltemp_v3.1_20150105.nc is MISSING. Will try to re-download.
2026-01-17 15:30:17,410 | [CRW_SST] coraltemp_v3.1_20150106.nc is MISSING. Will try to re-download.
2026-01-17 15:30:17,410 | [CRW_SST] coraltemp_v3.1_20150107.nc is MISSING. Will try to re-download.
2026-01-17 15:30:17,412 | [CRW_SST] coraltemp_v3.1_20150108.nc is MISSING. Will try to re-download.
2026-01-17 15:30:17,412 | [CRW_SST] coraltemp_v3.1_20150109.nc is MISSING. Will try to re-download.
2026-01-17 15:30:17,413 | [CRW_SST] coraltemp_v3.1_20150120.nc is MISSING. Will try to re-download.
2026-01-17 15:30:17,413 | [CRW_SST] coraltemp_v3.1_20150121.nc is MISSING. Will try to re-download.
2026-01-17 15:30:17,414 | [CRW_SST] coraltemp_v3.1_20150122.nc is MISSING. Will try to re-download.
2026-01-17 15:30:17,414 | [CRW_SST] coraltemp_v3.1_20150123.nc is MISSING. Will try to re-download.
2026-01-17 15:30:17,415 | [CRW_SST] coraltemp_v3.1_20150124.nc is MISSING. Will try to re-download.
2026-01-17 15:30:17,415 | [CRW_SST] coraltemp_v3.1_20150125.nc is MISSING. Will try to re-download.
2026-01-17 15:30:17,415 | [CRW_SST] coraltemp_v3.1_20150126.nc is MISSING. Will try to re-download.
2026-01-17 15:30:17,415 | [CRW_SST] coraltemp_v3.1_20150127.nc is MISSING. Will try to re-download.
2026-01-17 15:30:17,418 | [CRW_SST] coraltemp_v3.1_20150128.nc is MISSING. Will try to re-download.
2026-01-17 15:30:17,418 | [CRW_SST] coraltemp_v3.1_20150129.nc is MISSING. Will try to re-download.
2026-01-17 15:30:17,418 | [CRW_SST] coraltemp_v3.1_20150130.nc is MISSING. Will try to re-download.
2026-01-17 15:30:17,419 | [CRW_SST] coraltemp_v3.1_20150131.nc is MISSING. Will try to re-download.
2026-01-17 15:30:17,419 | [CRW_SST] coraltemp_v3.1_20150201.nc is MISSING. Will try to re-download.
2026-01-17 15:30:17,419 | [CRW_SST] coraltemp_v3.1_20150202.nc is MISSING. Will try to re-download.
2026-01-17 15:30:17,419 | [CRW_SST] coraltemp_v3.1_20150203.nc is MISSING. Will try to re-download.
2026-01-17 15:30:17,419 | [CRW_SST] coraltemp_v3.1_20150204.nc is MISSING. Will try to re-download.
2026-01-17 15:30:17,419 | [CRW_SST] coraltemp_v3.1_20150205.nc is MISSING. Will try to re-download.
2026-01-17 15:30:17,419 | [CRW_SST] coraltemp_v3.1_20150206.nc is MISSING. Will try to re-download.
2026-01-17 15:30:17,419 | [CRW_SST] coraltemp_v3.1_20150207.nc is MISSING. Will try to re-download.
2026-01-17 15:30:17,423 | [CRW_SST] coraltemp_v3.1_20150208.nc is MISSING. Will try to re-download.
2026-01-17 15:30:17,424 | [CRW_SST] coraltemp_v3.1_20150209.nc is MISSING. Will try to re-download.
2026-01-17 15:30:17,425 | [CRW_SST] coraltemp_v3.1_20150210.nc is MISSING. Will try to re-download.
2026-01-17 15:30:17,426 | [CRW_SST] coraltemp_v3.1_20150212.nc is MISSING. Will try to re-download.
2026-01-17 15:30:17,426 | [CRW_SST] coraltemp_v3.1_20150213.nc is MISSING. Will try to re-download.
2026-01-17 15:30:17,427 | [CRW_SST] coraltemp_v3.1_20150214.nc is MISSING. Will try to re-download.
2026-01-17 15:30:17,428 | [CRW_SST] coraltemp_v3.1_20150215.nc is MISSING. Will try to re-download.
2026-01-17 15:30:17,428 | [CRW_SST] coraltemp_v3.1_20150216.nc is MISSING. Will try to re-download.
2026-01-17 15:30:17,428 | [CRW_SST] coraltemp_v3.1_20150217.nc is MISSING. Will try to re-download.
2026-01-17 15:30:17,428 | [CRW_SST] coraltemp_v3.1_20150218.nc is MISSING. Will try to re-download.
2026-01-17 15:30:17,428 | [CRW_SST] coraltemp_v3.1_20150219.nc is MISSING. Will try to re-download.
2026-01-17 15:30:17,428 | [CRW_SST] coraltemp_v3.1_20150220.nc is MISSING. Will try to re-download.
2026-01-17 15:30:17,431 | [CRW_SST] coraltemp_v3.1_20150221.nc is MISSING. Will try to re-download.
2026-01-17 15:30:17,432 | [CRW_SST] coraltemp_v3.1_20150222.nc is MISSING. Will try to re-download.
2026-01-17 15:30:17,432 | [CRW_SST] coraltemp_v3.1_20150223.nc is MISSING. Will try to re-download.
2026-01-17 15:30:17,432 | [CRW_SST] coraltemp_v3.1_20150224.nc is MISSING. Will try to re-download.
2026-01-17 15:30:17,433 | [CRW_SST] coraltemp_v3.1_20150225.nc is MISSING. Will try to re-download.
2026-01-17 15:30:17,434 | [CRW_SST] coraltemp_v3.1_20150226.nc is MISSING. Will try to re-download.
2026-01-17 15:30:17,434 | [CRW_SST] coraltemp_v3.1_20150227.nc is MISSING. Will try to re-download.
2026-01-17 15:30:17,434 | [CRW_SST] coraltemp_v3.1_20150228.nc is MISSING. Will try to re-download.
2026-01-17 15:30:17,434 | [CRW_SST] coraltemp_v3.1_20150301.nc is MISSING. Will try to re-download.
2026-01-17 15:30:17,434 | [CRW_SST] coraltemp_v3.1_20150302.nc is MISSING. Will try to re-download.
2026-01-17 15:30:17,436 | [CRW_SST] coraltemp_v3.1_20150303.nc is MISSING. Will try to re-download.
2026-01-17 15:30:17,436 | [CRW_SST] coraltemp_v3.1_20150304.nc is MISSING. Will try to re-download.
2026-01-17 15:30:17,438 | [CRW_SST] coraltemp_v3.1_20150305.nc is MISSING. Will try to re-download.
2026-01-17 15:30:17,438 | [CRW_SST] coraltemp_v3.1_20150306.nc is MISSING. Will try to re-download.
2026-01-17 15:30:17,439 | [CRW_SST] coraltemp_v3.1_20150307.nc is MISSING. Will try to re-download.
2026-01-17 15:30:17,439 | [CRW_SST] coraltemp_v3.1_20150308.nc is MISSING. Will try to re-download.
2026-01-17 15:30:17,439 | [CRW_SST] coraltemp_v3.1_20150309.nc is MISSING. Will try to re-download.
2026-01-17 15:30:17,440 | [CRW_SST] coraltemp_v3.1_20150310.nc is MISSING. Will try to re-download.
2026-01-17 15:30:17,442 | [CRW_SST] coraltemp_v3.1_20150312.nc is MISSING. Will try to re-download.
2026-01-17 15:30:17,442 | [CRW_SST] coraltemp_v3.1_20150313.nc is MISSING. Will try to re-download.
2026-01-17 15:30:17,442 | [CRW_SST] coraltemp_v3.1_20150314.nc is MISSING. Will try to re-download.
2026-01-17 15:30:17,442 | [CRW_SST] coraltemp_v3.1_20150315.nc is MISSING. Will try to re-download.
2026-01-17 15:30:17,442 | [CRW_SST] coraltemp_v3.1_20150316.nc is MISSING. Will try to re-download.
2026-01-17 15:30:17,442 | [CRW_SST] coraltemp_v3.1_20150317.nc is MISSING. Will try to re-download.
2026-01-17 15:30:17,442 | [CRW_SST] coraltemp_v3.1_20150318.nc is MISSING. Will try to re-download.
2026-01-17 15:30:17,442 | [CRW_SST] coraltemp_v3.1_20150319.nc is MISSING. Will try to re-download.
2026-01-17 15:30:17,442 | [CRW_SST] coraltemp_v3.1_20150320.nc is MISSING. Will try to re-download.
2026-01-17 15:30:17,442 | [CRW_SST] coraltemp_v3.1_20150321.nc is MISSING. Will try to re-download.
2026-01-17 15:30:17,447 | [CRW_SST] coraltemp_v3.1_20150322.nc is MISSING. Will try to re-download.
2026-01-17 15:30:17,448 | [CRW_SST] coraltemp_v3.1_20150323.nc is MISSING. Will try to re-download.
2026-01-17 15:30:17,449 | [CRW_SST] coraltemp_v3.1_20150324.nc is MISSING. Will try to re-download.
2026-01-17 15:30:17,449 | [CRW_SST] coraltemp_v3.1_20150325.nc is MISSING. Will try to re-download.
2026-01-17 15:30:17,450 | [CRW_SST] coraltemp_v3.1_20150326.nc is MISSING. Will try to re-download.
2026-01-17 15:30:17,450 | [CRW_SST] coraltemp_v3.1_20150327.nc is MISSING. Will try to re-download.
2026-01-17 15:30:17,450 | [CRW_SST] coraltemp_v3.1_20150328.nc is MISSING. Will try to re-download.
2026-01-17 15:30:17,450 | [CRW_SST] coraltemp_v3.1_20150329.nc is MISSING. Will try to re-download.
2026-01-17 15:30:17,450 | [CRW_SST] coraltemp_v3.1_20150330.nc is MISSING. Will try to re-download.
2026-01-17 15:30:17,453 | [CRW_SST] coraltemp_v3.1_20150331.nc is MISSING. Will try to re-download.
2026-01-17 15:30:17,453 | [CRW_SST] coraltemp_v3.1_20150401.nc is MISSING. Will try to re-download.
2026-01-17 15:30:17,453 | [CRW_SST] coraltemp_v3.1_20150402.nc is MISSING. Will try to re-download.
2026-01-17 15:30:17,453 | [CRW_SST] coraltemp_v3.1_20150403.nc is MISSING. Will try to re-download.
2026-01-17 15:30:17,453 | [CRW_SST] coraltemp_v3.1_20150404.nc is MISSING. Will try to re-download.
2026-01-17 15:30:17,453 | [CRW_SST] coraltemp_v3.1_20150405.nc is MISSING. Will try to re-download.
2026-01-17 15:30:17,453 | [CRW_SST] coraltemp_v3.1_20150406.nc is MISSING. Will try to re-download.
2026-01-17 15:30:17,453 | [CRW_SST] coraltemp_v3.1_20150407.nc is MISSING. Will try to re-download.
2026-01-17 15:30:17,453 | [CRW_SST] coraltemp_v3.1_20150408.nc is MISSING. Will try to re-download.
2026-01-17 15:30:17,458 | [CRW_SST] coraltemp_v3.1_20150409.nc is MISSING. Will try to re-download.
2026-01-17 15:30:17,459 | [CRW_SST] coraltemp_v3.1_20150410.nc is MISSING. Will try to re-download.
2026-01-17 15:30:17,460 | [CRW_SST] coraltemp_v3.1_20150412.nc is MISSING. Will try to re-download.
2026-01-17 15:30:17,461 | [CRW_SST] coraltemp_v3.1_20150413.nc is MISSING. Will try to re-download.
2026-01-17 15:30:17,461 | [CRW_SST] coraltemp_v3.1_20150414.nc is MISSING. Will try to re-download.
2026-01-17 15:30:17,462 | [CRW_SST] coraltemp_v3.1_20150415.nc is MISSING. Will try to re-download.
2026-01-17 15:30:17,462 | [CRW_SST] coraltemp_v3.1_20150416.nc is MISSING. Will try to re-download.
2026-01-17 15:30:17,463 | [CRW_SST] coraltemp_v3.1_20150417.nc is MISSING. Will try to re-download.
2026-01-17 15:30:17,463 | [CRW_SST] coraltemp_v3.1_20150418.nc is MISSING. Will try to re-download.
2026-01-17 15:30:17,463 | [CRW_SST] coraltemp_v3.1_20150419.nc is MISSING. Will try to re-download.
2026-01-17 15:30:17,464 | [CRW_SST] coraltemp_v3.1_20150420.nc is MISSING. Will try to re-download.
2026-01-17 15:30:17,464 | [CRW_SST] coraltemp_v3.1_20150421.nc is MISSING. Will try to re-download.
2026-01-17 15:30:17,466 | [CRW_SST] coraltemp_v3.1_20150422.nc is MISSING. Will try to re-download.
2026-01-17 15:30:17,466 | [CRW_SST] coraltemp_v3.1_20150423.nc is MISSING. Will try to re-download.
2026-01-17 15:30:17,466 | [CRW_SST] coraltemp_v3.1_20150424.nc is MISSING. Will try to re-download.
2026-01-17 15:30:17,466 | [CRW_SST] coraltemp_v3.1_20150425.nc is MISSING. Will try to re-download.
2026-01-17 15:30:17,468 | [CRW_SST] coraltemp_v3.1_20150426.nc is MISSING. Will try to re-download.
2026-01-17 15:30:17,468 | [CRW_SST] coraltemp_v3.1_20150427.nc is MISSING. Will try to re-download.
2026-01-17 15:30:17,468 | [CRW_SST] coraltemp_v3.1_20150428.nc is MISSING. Will try to re-download.
2026-01-17 15:30:17,470 | [CRW_SST] coraltemp_v3.1_20150429.nc is MISSING. Will try to re-download.
2026-01-17 15:30:17,470 | [CRW_SST] coraltemp_v3.1_20150430.nc is MISSING. Will try to re-download.
2026-01-17 15:30:17,470 | [CRW_SST] coraltemp_v3.1_20150501.nc is MISSING. Will try to re-download.
2026-01-17 15:30:17,470 | [CRW_SST] coraltemp_v3.1_20150502.nc is MISSING. Will try to re-download.
2026-01-17 15:30:17,470 | [CRW_SST] coraltemp_v3.1_20150503.nc is MISSING. Will try to re-download.
2026-01-17 15:30:17,470 | [CRW_SST] coraltemp_v3.1_20150504.nc is MISSING. Will try to re-download.
2026-01-17 15:30:17,474 | [CRW_SST] coraltemp_v3.1_20150505.nc is MISSING. Will try to re-download.
2026-01-17 15:30:17,475 | [CRW_SST] coraltemp_v3.1_20150506.nc is MISSING. Will try to re-download.
2026-01-17 15:30:17,476 | [CRW_SST] coraltemp_v3.1_20150507.nc is MISSING. Will try to re-download.
2026-01-17 15:30:17,476 | [CRW_SST] coraltemp_v3.1_20150508.nc is MISSING. Will try to re-download.
2026-01-17 15:30:17,477 | [CRW_SST] coraltemp_v3.1_20150509.nc is MISSING. Will try to re-download.
2026-01-17 15:30:17,477 | [CRW_SST] coraltemp_v3.1_20150510.nc is MISSING. Will try to re-download.
2026-01-17 15:30:17,477 | [CRW_SST] coraltemp_v3.1_20150512.nc is MISSING. Will try to re-download.
2026-01-17 15:30:17,478 | [CRW_SST] coraltemp_v3.1_20150513.nc is MISSING. Will try to re-download.
2026-01-17 15:30:17,478 | [CRW_SST] coraltemp_v3.1_20150514.nc is MISSING. Will try to re-download.
2026-01-17 15:30:17,478 | [CRW_SST] coraltemp_v3.1_20150515.nc is MISSING. Will try to re-download.
2026-01-17 15:30:17,478 | [CRW_SST] coraltemp_v3.1_20150516.nc is MISSING. Will try to re-download.
2026-01-17 15:30:17,478 | [CRW_SST] coraltemp_v3.1_20150517.nc is MISSING. Will try to re-download.
2026-01-17 15:30:17,481 | [CRW_SST] coraltemp_v3.1_20150518.nc is MISSING. Will try to re-download.
2026-01-17 15:30:17,481 | [CRW_SST] coraltemp_v3.1_20150519.nc is MISSING. Will try to re-download.
2026-01-17 15:30:17,482 | [CRW_SST] coraltemp_v3.1_20150520.nc is MISSING. Will try to re-download.
2026-01-17 15:30:17,482 | [CRW_SST] coraltemp_v3.1_20150521.nc is MISSING. Will try to re-download.
2026-01-17 15:30:17,482 | [CRW_SST] coraltemp_v3.1_20150522.nc is MISSING. Will try to re-download.
2026-01-17 15:30:17,484 | [CRW_SST] coraltemp_v3.1_20150523.nc is MISSING. Will try to re-download.
2026-01-17 15:30:17,485 | [CRW_SST] coraltemp_v3.1_20150524.nc is MISSING. Will try to re-download.
2026-01-17 15:30:17,485 | [CRW_SST] coraltemp_v3.1_20150525.nc is MISSING. Will try to re-download.
2026-01-17 15:30:17,486 | [CRW_SST] coraltemp_v3.1_20150526.nc is MISSING. Will try to re-download.
2026-01-17 15:30:17,486 | [CRW_SST] coraltemp_v3.1_20150527.nc is MISSING. Will try to re-download.
2026-01-17 15:30:17,487 | [CRW_SST] coraltemp_v3.1_20150528.nc is MISSING. Will try to re-download.
2026-01-17 15:30:17,488 | [CRW_SST] coraltemp_v3.1_20150529.nc is MISSING. Will try to re-download.
2026-01-17 15:30:17,488 | [CRW_SST] coraltemp_v3.1_20150530.nc is MISSING. Will try to re-download.
2026-01-17 15:30:17,489 | [CRW_SST] coraltemp_v3.1_20150531.nc is MISSING. Will try to re-download.
2026-01-17 15:30:17,489 | [CRW_SST] coraltemp_v3.1_20150601.nc is MISSING. Will try to re-download.
2026-01-17 15:30:17,490 | [CRW_SST] coraltemp_v3.1_20150602.nc is MISSING. Will try to re-download.
2026-01-17 15:30:17,492 | [CRW_SST] coraltemp_v3.1_20150603.nc is MISSING. Will try to re-download.
2026-01-17 15:30:17,492 | [CRW_SST] coraltemp_v3.1_20150604.nc is MISSING. Will try to re-download.
2026-01-17 15:30:17,493 | [CRW_SST] coraltemp_v3.1_20150605.nc is MISSING. Will try to re-download.
2026-01-17 15:30:17,493 | [CRW_SST] coraltemp_v3.1_20150606.nc is MISSING. Will try to re-download.
2026-01-17 15:30:17,493 | [CRW_SST] coraltemp_v3.1_20150607.nc is MISSING. Will try to re-download.
2026-01-17 15:30:17,493 | [CRW_SST] coraltemp_v3.1_20150608.nc is MISSING. Will try to re-download.
2026-01-17 15:30:17,493 | [CRW_SST] coraltemp_v3.1_20150609.nc is MISSING. Will try to re-download.
2026-01-17 15:30:17,493 | [CRW_SST] coraltemp_v3.1_20150610.nc is MISSING. Will try to re-download.
2026-01-17 15:30:17,493 | [CRW_SST] coraltemp_v3.1_20150612.nc is MISSING. Will try to re-download.
2026-01-17 15:30:17,493 | [CRW_SST] coraltemp_v3.1_20150613.nc is MISSING. Will try to re-download.
2026-01-17 15:30:17,493 | [CRW_SST] coraltemp_v3.1_20150614.nc is MISSING. Will try to re-download.
2026-01-17 15:30:17,497 | [CRW_SST] coraltemp_v3.1_20150615.nc is MISSING. Will try to re-download.
2026-01-17 15:30:17,497 | [CRW_SST] coraltemp_v3.1_20150616.nc is MISSING. Will try to re-download.
2026-01-17 15:30:17,497 | [CRW_SST] coraltemp_v3.1_20150617.nc is MISSING. Will try to re-download.
2026-01-17 15:30:17,499 | [CRW_SST] coraltemp_v3.1_20150618.nc is MISSING. Will try to re-download.
2026-01-17 15:30:17,500 | [CRW_SST] coraltemp_v3.1_20150619.nc is MISSING. Will try to re-download.
2026-01-17 15:30:17,500 | [CRW_SST] coraltemp_v3.1_20150620.nc is MISSING. Will try to re-download.
2026-01-17 15:30:17,500 | [CRW_SST] coraltemp_v3.1_20150621.nc is MISSING. Will try to re-download.
2026-01-17 15:30:17,500 | [CRW_SST] coraltemp_v3.1_20150622.nc is MISSING. Will try to re-download.
2026-01-17 15:30:17,500 | [CRW_SST] coraltemp_v3.1_20150623.nc is MISSING. Will try to re-download.
2026-01-17 15:30:17,503 | [CRW_SST] coraltemp_v3.1_20150624.nc is MISSING. Will try to re-download.
2026-01-17 15:30:17,503 | [CRW_SST] coraltemp_v3.1_20150625.nc is MISSING. Will try to re-download.
2026-01-17 15:30:17,503 | [CRW_SST] coraltemp_v3.1_20150626.nc is MISSING. Will try to re-download.
2026-01-17 15:30:17,503 | [CRW_SST] coraltemp_v3.1_20150627.nc is MISSING. Will try to re-download.
2026-01-17 15:30:17,503 | [CRW_SST] coraltemp_v3.1_20150628.nc is MISSING. Will try to re-download.
2026-01-17 15:30:17,503 | [CRW_SST] coraltemp_v3.1_20150629.nc is MISSING. Will try to re-download.
2026-01-17 15:30:17,503 | [CRW_SST] coraltemp_v3.1_20150630.nc is MISSING. Will try to re-download.
2026-01-17 15:30:17,503 | [CRW_SST] coraltemp_v3.1_20150701.nc is MISSING. Will try to re-download.
2026-01-17 15:30:17,509 | [CRW_SST] coraltemp_v3.1_20150702.nc is MISSING. Will try to re-download.
2026-01-17 15:30:17,510 | [CRW_SST] coraltemp_v3.1_20150703.nc is MISSING. Will try to re-download.
2026-01-17 15:30:17,511 | [CRW_SST] coraltemp_v3.1_20150704.nc is MISSING. Will try to re-download.
2026-01-17 15:30:17,511 | [CRW_SST] coraltemp_v3.1_20150705.nc is MISSING. Will try to re-download.
2026-01-17 15:30:17,512 | [CRW_SST] coraltemp_v3.1_20150706.nc is MISSING. Will try to re-download.
2026-01-17 15:30:17,512 | [CRW_SST] coraltemp_v3.1_20150707.nc is MISSING. Will try to re-download.
2026-01-17 15:30:17,512 | [CRW_SST] coraltemp_v3.1_20150708.nc is MISSING. Will try to re-download.
2026-01-17 15:30:17,513 | [CRW_SST] coraltemp_v3.1_20150709.nc is MISSING. Will try to re-download.
2026-01-17 15:30:17,513 | [CRW_SST] coraltemp_v3.1_20150710.nc is MISSING. Will try to re-download.
2026-01-17 15:30:17,514 | [CRW_SST] coraltemp_v3.1_20150712.nc is MISSING. Will try to re-download.
2026-01-17 15:30:17,514 | [CRW_SST] coraltemp_v3.1_20150713.nc is MISSING. Will try to re-download.
2026-01-17 15:30:17,514 | [CRW_SST] coraltemp_v3.1_20150714.nc is MISSING. Will try to re-download.
2026-01-17 15:30:17,514 | [CRW_SST] coraltemp_v3.1_20150715.nc is MISSING. Will try to re-download.
2026-01-17 15:30:17,514 | [CRW_SST] coraltemp_v3.1_20150716.nc is MISSING. Will try to re-download.
2026-01-17 15:30:17,514 | [CRW_SST] coraltemp_v3.1_20150717.nc is MISSING. Will try to re-download.
2026-01-17 15:30:17,518 | [CRW_SST] coraltemp_v3.1_20150718.nc is MISSING. Will try to re-download.
2026-01-17 15:30:17,518 | [CRW_SST] coraltemp_v3.1_20150719.nc is MISSING. Will try to re-download.
2026-01-17 15:30:17,518 | [CRW_SST] coraltemp_v3.1_20150720.nc is MISSING. Will try to re-download.
2026-01-17 15:30:17,519 | [CRW_SST] coraltemp_v3.1_20150721.nc is MISSING. Will try to re-download.
2026-01-17 15:30:17,519 | [CRW_SST] coraltemp_v3.1_20150722.nc is MISSING. Will try to re-download.
2026-01-17 15:30:17,519 | [CRW_SST] coraltemp_v3.1_20150723.nc is MISSING. Will try to re-download.
2026-01-17 15:30:17,519 | [CRW_SST] coraltemp_v3.1_20150724.nc is MISSING. Will try to re-download.
2026-01-17 15:30:17,519 | [CRW_SST] coraltemp_v3.1_20150725.nc is MISSING. Will try to re-download.
2026-01-17 15:30:17,519 | [CRW_SST] coraltemp_v3.1_20150726.nc is MISSING. Will try to re-download.
2026-01-17 15:30:17,519 | [CRW_SST] coraltemp_v3.1_20150727.nc is MISSING. Will try to re-download.
2026-01-17 15:30:17,523 | [CRW_SST] coraltemp_v3.1_20150728.nc is MISSING. Will try to re-download.
2026-01-17 15:30:17,525 | [CRW_SST] coraltemp_v3.1_20150729.nc is MISSING. Will try to re-download.
2026-01-17 15:30:17,525 | [CRW_SST] coraltemp_v3.1_20150730.nc is MISSING. Will try to re-download.
2026-01-17 15:30:17,527 | [CRW_SST] coraltemp_v3.1_20150731.nc is MISSING. Will try to re-download.
2026-01-17 15:30:17,527 | [CRW_SST] coraltemp_v3.1_20150801.nc is MISSING. Will try to re-download.
2026-01-17 15:30:17,527 | [CRW_SST] coraltemp_v3.1_20150802.nc is MISSING. Will try to re-download.
2026-01-17 15:30:17,527 | [CRW_SST] coraltemp_v3.1_20150803.nc is MISSING. Will try to re-download.
2026-01-17 15:30:17,527 | [CRW_SST] coraltemp_v3.1_20150804.nc is MISSING. Will try to re-download.
2026-01-17 15:30:17,527 | [CRW_SST] coraltemp_v3.1_20150805.nc is MISSING. Will try to re-download.
2026-01-17 15:30:17,527 | [CRW_SST] coraltemp_v3.1_20150806.nc is MISSING. Will try to re-download.
2026-01-17 15:30:17,531 | [CRW_SST] coraltemp_v3.1_20150807.nc is MISSING. Will try to re-download.
2026-01-17 15:30:17,531 | [CRW_SST] coraltemp_v3.1_20150808.nc is MISSING. Will try to re-download.
2026-01-17 15:30:17,533 | [CRW_SST] coraltemp_v3.1_20150809.nc is MISSING. Will try to re-download.
2026-01-17 15:30:17,533 | [CRW_SST] coraltemp_v3.1_20150810.nc is MISSING. Will try to re-download.
2026-01-17 15:30:17,534 | [CRW_SST] coraltemp_v3.1_20150812.nc is MISSING. Will try to re-download.
2026-01-17 15:30:17,534 | [CRW_SST] coraltemp_v3.1_20150813.nc is MISSING. Will try to re-download.
2026-01-17 15:30:17,534 | [CRW_SST] coraltemp_v3.1_20150814.nc is MISSING. Will try to re-download.
2026-01-17 15:30:17,534 | [CRW_SST] coraltemp_v3.1_20150815.nc is MISSING. Will try to re-download.
2026-01-17 15:30:17,536 | [CRW_SST] coraltemp_v3.1_20150816.nc is MISSING. Will try to re-download.
2026-01-17 15:30:17,536 | [CRW_SST] coraltemp_v3.1_20150817.nc is MISSING. Will try to re-download.
2026-01-17 15:30:17,537 | [CRW_SST] coraltemp_v3.1_20150818.nc is MISSING. Will try to re-download.
2026-01-17 15:30:17,538 | [CRW_SST] coraltemp_v3.1_20150819.nc is MISSING. Will try to re-download.
2026-01-17 15:30:17,539 | [CRW_SST] coraltemp_v3.1_20150820.nc is MISSING. Will try to re-download.
2026-01-17 15:30:17,539 | [CRW_SST] coraltemp_v3.1_20150821.nc is MISSING. Will try to re-download.
2026-01-17 15:30:17,539 | [CRW_SST] coraltemp_v3.1_20150822.nc is MISSING. Will try to re-download.
2026-01-17 15:30:17,542 | [CRW_SST] coraltemp_v3.1_20150823.nc is MISSING. Will try to re-download.
2026-01-17 15:30:17,542 | [CRW_SST] coraltemp_v3.1_20150824.nc is MISSING. Will try to re-download.
2026-01-17 15:30:17,542 | [CRW_SST] coraltemp_v3.1_20150825.nc is MISSING. Will try to re-download.
2026-01-17 15:30:17,544 | [CRW_SST] coraltemp_v3.1_20150826.nc is MISSING. Will try to re-download.
2026-01-17 15:30:17,544 | [CRW_SST] coraltemp_v3.1_20150827.nc is MISSING. Will try to re-download.
2026-01-17 15:30:17,544 | [CRW_SST] coraltemp_v3.1_20150828.nc is MISSING. Will try to re-download.
2026-01-17 15:30:17,544 | [CRW_SST] coraltemp_v3.1_20150829.nc is MISSING. Will try to re-download.
2026-01-17 15:30:17,544 | [CRW_SST] coraltemp_v3.1_20150830.nc is MISSING. Will try to re-download.
2026-01-17 15:30:17,547 | [CRW_SST] coraltemp_v3.1_20150831.nc is MISSING. Will try to re-download.
2026-01-17 15:30:17,547 | [CRW_SST] coraltemp_v3.1_20150901.nc is MISSING. Will try to re-download.
2026-01-17 15:30:17,547 | [CRW_SST] coraltemp_v3.1_20150902.nc is MISSING. Will try to re-download.
2026-01-17 15:30:17,549 | [CRW_SST] coraltemp_v3.1_20150903.nc is MISSING. Will try to re-download.
2026-01-17 15:30:17,549 | [CRW_SST] coraltemp_v3.1_20150904.nc is MISSING. Will try to re-download.
2026-01-17 15:30:17,550 | [CRW_SST] coraltemp_v3.1_20150905.nc is MISSING. Will try to re-download.
2026-01-17 15:30:17,550 | [CRW_SST] coraltemp_v3.1_20150906.nc is MISSING. Will try to re-download.
2026-01-17 15:30:17,550 | [CRW_SST] coraltemp_v3.1_20150907.nc is MISSING. Will try to re-download.
2026-01-17 15:30:17,550 | [CRW_SST] coraltemp_v3.1_20150908.nc is MISSING. Will try to re-download.
2026-01-17 15:30:17,550 | [CRW_SST] coraltemp_v3.1_20150909.nc is MISSING. Will try to re-download.
2026-01-17 15:30:17,550 | [CRW_SST] coraltemp_v3.1_20150910.nc is MISSING. Will try to re-download.
2026-01-17 15:30:17,553 | [CRW_SST] coraltemp_v3.1_20150912.nc is MISSING. Will try to re-download.
2026-01-17 15:30:17,553 | [CRW_SST] coraltemp_v3.1_20150913.nc is MISSING. Will try to re-download.
2026-01-17 15:30:17,553 | [CRW_SST] coraltemp_v3.1_20150914.nc is MISSING. Will try to re-download.
2026-01-17 15:30:17,553 | [CRW_SST] coraltemp_v3.1_20150915.nc is MISSING. Will try to re-download.
2026-01-17 15:30:17,553 | [CRW_SST] coraltemp_v3.1_20150916.nc is MISSING. Will try to re-download.
2026-01-17 15:30:17,553 | [CRW_SST] coraltemp_v3.1_20150917.nc is MISSING. Will try to re-download.
2026-01-17 15:30:17,553 | [CRW_SST] coraltemp_v3.1_20150918.nc is MISSING. Will try to re-download.
2026-01-17 15:30:17,553 | [CRW_SST] coraltemp_v3.1_20150919.nc is MISSING. Will try to re-download.
2026-01-17 15:30:17,553 | [CRW_SST] coraltemp_v3.1_20150920.nc is MISSING. Will try to re-download.
2026-01-17 15:30:17,553 | [CRW_SST] coraltemp_v3.1_20150921.nc is MISSING. Will try to re-download.
2026-01-17 15:30:17,559 | [CRW_SST] coraltemp_v3.1_20150922.nc is MISSING. Will try to re-download.
2026-01-17 15:30:17,559 | [CRW_SST] coraltemp_v3.1_20150923.nc is MISSING. Will try to re-download.
2026-01-17 15:30:17,560 | [CRW_SST] coraltemp_v3.1_20150924.nc is MISSING. Will try to re-download.
2026-01-17 15:30:17,560 | [CRW_SST] coraltemp_v3.1_20150925.nc is MISSING. Will try to re-download.
2026-01-17 15:30:17,561 | [CRW_SST] coraltemp_v3.1_20150926.nc is MISSING. Will try to re-download.
2026-01-17 15:30:17,562 | [CRW_SST] coraltemp_v3.1_20150927.nc is MISSING. Will try to re-download.
2026-01-17 15:30:17,563 | [CRW_SST] coraltemp_v3.1_20150928.nc is MISSING. Will try to re-download.
2026-01-17 15:30:17,563 | [CRW_SST] coraltemp_v3.1_20150929.nc is MISSING. Will try to re-download.
2026-01-17 15:30:17,563 | [CRW_SST] coraltemp_v3.1_20150930.nc is MISSING. Will try to re-download.
2026-01-17 15:30:17,564 | [CRW_SST] coraltemp_v3.1_20151001.nc is MISSING. Will try to re-download.
2026-01-17 15:30:17,564 | [CRW_SST] coraltemp_v3.1_20151002.nc is MISSING. Will try to re-download.
2026-01-17 15:30:17,565 | [CRW_SST] coraltemp_v3.1_20151003.nc is MISSING. Will try to re-download.
2026-01-17 15:30:17,565 | [CRW_SST] coraltemp_v3.1_20151004.nc is MISSING. Will try to re-download.
2026-01-17 15:30:17,567 | [CRW_SST] coraltemp_v3.1_20151005.nc is MISSING. Will try to re-download.
2026-01-17 15:30:17,567 | [CRW_SST] coraltemp_v3.1_20151006.nc is MISSING. Will try to re-download.
2026-01-17 15:30:17,567 | [CRW_SST] coraltemp_v3.1_20151007.nc is MISSING. Will try to re-download.
2026-01-17 15:30:17,569 | [CRW_SST] coraltemp_v3.1_20151008.nc is MISSING. Will try to re-download.
2026-01-17 15:30:17,569 | [CRW_SST] coraltemp_v3.1_20151009.nc is MISSING. Will try to re-download.
2026-01-17 15:30:17,569 | [CRW_SST] coraltemp_v3.1_20151010.nc is MISSING. Will try to re-download.
2026-01-17 15:30:17,569 | [CRW_SST] coraltemp_v3.1_20151012.nc is MISSING. Will try to re-download.
2026-01-17 15:30:17,572 | [CRW_SST] coraltemp_v3.1_20151013.nc is MISSING. Will try to re-download.
2026-01-17 15:30:17,572 | [CRW_SST] coraltemp_v3.1_20151014.nc is MISSING. Will try to re-download.
2026-01-17 15:30:17,572 | [CRW_SST] coraltemp_v3.1_20151015.nc is MISSING. Will try to re-download.
2026-01-17 15:30:17,575 | [CRW_SST] coraltemp_v3.1_20151016.nc is MISSING. Will try to re-download.
2026-01-17 15:30:17,575 | [CRW_SST] coraltemp_v3.1_20151017.nc is MISSING. Will try to re-download.
2026-01-17 15:30:17,577 | [CRW_SST] coraltemp_v3.1_20151018.nc is MISSING. Will try to re-download.
2026-01-17 15:30:17,578 | [CRW_SST] coraltemp_v3.1_20151019.nc is MISSING. Will try to re-download.
2026-01-17 15:30:17,578 | [CRW_SST] coraltemp_v3.1_20151020.nc is MISSING. Will try to re-download.
2026-01-17 15:30:17,578 | [CRW_SST] coraltemp_v3.1_20151021.nc is MISSING. Will try to re-download.
2026-01-17 15:30:17,578 | [CRW_SST] coraltemp_v3.1_20151022.nc is MISSING. Will try to re-download.
2026-01-17 15:30:17,578 | [CRW_SST] coraltemp_v3.1_20151023.nc is MISSING. Will try to re-download.
2026-01-17 15:30:17,578 | [CRW_SST] coraltemp_v3.1_20151024.nc is MISSING. Will try to re-download.
2026-01-17 15:30:17,581 | [CRW_SST] coraltemp_v3.1_20151025.nc is MISSING. Will try to re-download.
2026-01-17 15:30:17,582 | [CRW_SST] coraltemp_v3.1_20151026.nc is MISSING. Will try to re-download.
2026-01-17 15:30:17,582 | [CRW_SST] coraltemp_v3.1_20151027.nc is MISSING. Will try to re-download.
2026-01-17 15:30:17,582 | [CRW_SST] coraltemp_v3.1_20151028.nc is MISSING. Will try to re-download.
2026-01-17 15:30:17,583 | [CRW_SST] coraltemp_v3.1_20151029.nc is MISSING. Will try to re-download.
2026-01-17 15:30:17,584 | [CRW_SST] coraltemp_v3.1_20151030.nc is MISSING. Will try to re-download.
2026-01-17 15:30:17,584 | [CRW_SST] coraltemp_v3.1_20151031.nc is MISSING. Will try to re-download.
2026-01-17 15:30:17,584 | [CRW_SST] coraltemp_v3.1_20151201.nc is MISSING. Will try to re-download.
2026-01-17 15:30:17,584 | [CRW_SST] coraltemp_v3.1_20151202.nc is MISSING. Will try to re-download.
2026-01-17 15:30:17,586 | [CRW_SST] coraltemp_v3.1_20151203.nc is MISSING. Will try to re-download.
2026-01-17 15:30:17,587 | [CRW_SST] coraltemp_v3.1_20151204.nc is MISSING. Will try to re-download.
2026-01-17 15:30:17,588 | [CRW_SST] coraltemp_v3.1_20151205.nc is MISSING. Will try to re-download.
2026-01-17 15:30:17,588 | [CRW_SST] coraltemp_v3.1_20151206.nc is MISSING. Will try to re-download.
2026-01-17 15:30:17,589 | [CRW_SST] coraltemp_v3.1_20151207.nc is MISSING. Will try to re-download.
2026-01-17 15:30:17,589 | [CRW_SST] coraltemp_v3.1_20151208.nc is MISSING. Will try to re-download.
2026-01-17 15:30:17,592 | [CRW_SST] coraltemp_v3.1_20151209.nc is MISSING. Will try to re-download.
2026-01-17 15:30:17,592 | [CRW_SST] coraltemp_v3.1_20151210.nc is MISSING. Will try to re-download.
2026-01-17 15:30:17,592 | [CRW_SST] coraltemp_v3.1_20151212.nc is MISSING. Will try to re-download.
2026-01-17 15:30:17,592 | [CRW_SST] coraltemp_v3.1_20151213.nc is MISSING. Will try to re-download.
2026-01-17 15:30:17,592 | [CRW_SST] coraltemp_v3.1_20151214.nc is MISSING. Will try to re-download.
2026-01-17 15:30:17,592 | [CRW_SST] coraltemp_v3.1_20151215.nc is MISSING. Will try to re-download.
2026-01-17 15:30:17,592 | [CRW_SST] coraltemp_v3.1_20151216.nc is MISSING. Will try to re-download.
2026-01-17 15:30:17,596 | [CRW_SST] coraltemp_v3.1_20151217.nc is MISSING. Will try to re-download.
2026-01-17 15:30:17,597 | [CRW_SST] coraltemp_v3.1_20151218.nc is MISSING. Will try to re-download.
2026-01-17 15:30:17,597 | [CRW_SST] coraltemp_v3.1_20151219.nc is MISSING. Will try to re-download.
2026-01-17 15:30:17,597 | [CRW_SST] coraltemp_v3.1_20151220.nc is MISSING. Will try to re-download.
2026-01-17 15:30:17,599 | [CRW_SST] coraltemp_v3.1_20151221.nc is MISSING. Will try to re-download.
2026-01-17 15:30:17,599 | [CRW_SST] coraltemp_v3.1_20151222.nc is MISSING. Will try to re-download.
2026-01-17 15:30:17,600 | [CRW_SST] coraltemp_v3.1_20151223.nc is MISSING. Will try to re-download.
2026-01-17 15:30:17,600 | [CRW_SST] coraltemp_v3.1_20151224.nc is MISSING. Will try to re-download.
2026-01-17 15:30:17,600 | [CRW_SST] coraltemp_v3.1_20151225.nc is MISSING. Will try to re-download.
2026-01-17 15:30:17,600 | [CRW_SST] coraltemp_v3.1_20151226.nc is MISSING. Will try to re-download.
2026-01-17 15:30:17,602 | [CRW_SST] coraltemp_v3.1_20151227.nc is MISSING. Will try to re-download.
2026-01-17 15:30:17,603 | [CRW_SST] coraltemp_v3.1_20151228.nc is MISSING. Will try to re-download.
2026-01-17 15:30:17,603 | [CRW_SST] coraltemp_v3.1_20151229.nc is MISSING. Will try to re-download.
2026-01-17 15:30:17,603 | [CRW_SST] coraltemp_v3.1_20151230.nc is MISSING. Will try to re-download.
2026-01-17 15:30:17,603 | [CRW_SST] coraltemp_v3.1_20151231.nc is MISSING. Will try to re-download.
2026-01-17 15:30:17,603 | [CRW_SST] coraltemp_v3.1_20160101.nc is MISSING. Will try to re-download.
2026-01-17 15:30:17,603 | [CRW_SST] coraltemp_v3.1_20160102.nc is MISSING. Will try to re-download.
2026-01-17 15:30:17,603 | [CRW_SST] coraltemp_v3.1_20160103.nc is MISSING. Will try to re-download.
2026-01-17 15:30:17,607 | [CRW_SST] coraltemp_v3.1_20160104.nc is MISSING. Will try to re-download.
2026-01-17 15:30:17,607 | [CRW_SST] coraltemp_v3.1_20160105.nc is MISSING. Will try to re-download.
2026-01-17 15:30:17,608 | [CRW_SST] coraltemp_v3.1_20160106.nc is MISSING. Will try to re-download.
2026-01-17 15:30:17,609 | [CRW_SST] coraltemp_v3.1_20160107.nc is MISSING. Will try to re-download.
2026-01-17 15:30:17,609 | [CRW_SST] coraltemp_v3.1_20160108.nc is MISSING. Will try to re-download.
2026-01-17 15:30:17,609 | [CRW_SST] coraltemp_v3.1_20160109.nc is MISSING. Will try to re-download.
2026-01-17 15:30:17,611 | [CRW_SST] coraltemp_v3.1_20160120.nc is MISSING. Will try to re-download.
2026-01-17 15:30:17,611 | [CRW_SST] coraltemp_v3.1_20160121.nc is MISSING. Will try to re-download.
2026-01-17 15:30:17,612 | [CRW_SST] coraltemp_v3.1_20160122.nc is MISSING. Will try to re-download.
2026-01-17 15:30:17,612 | [CRW_SST] coraltemp_v3.1_20160123.nc is MISSING. Will try to re-download.
2026-01-17 15:30:17,613 | [CRW_SST] coraltemp_v3.1_20160124.nc is MISSING. Will try to re-download.
2026-01-17 15:30:17,613 | [CRW_SST] coraltemp_v3.1_20160125.nc is MISSING. Will try to re-download.
2026-01-17 15:30:17,613 | [CRW_SST] coraltemp_v3.1_20160126.nc is MISSING. Will try to re-download.
2026-01-17 15:30:17,614 | [CRW_SST] coraltemp_v3.1_20160127.nc is MISSING. Will try to re-download.
2026-01-17 15:30:17,615 | [CRW_SST] coraltemp_v3.1_20160128.nc is MISSING. Will try to re-download.
2026-01-17 15:30:17,615 | [CRW_SST] coraltemp_v3.1_20160129.nc is MISSING. Will try to re-download.
2026-01-17 15:30:17,615 | [CRW_SST] coraltemp_v3.1_20160130.nc is MISSING. Will try to re-download.
2026-01-17 15:30:17,615 | [CRW_SST] coraltemp_v3.1_20160131.nc is MISSING. Will try to re-download.
2026-01-17 15:30:17,617 | [CRW_SST] coraltemp_v3.1_20160201.nc is MISSING. Will try to re-download.
2026-01-17 15:30:17,618 | [CRW_SST] coraltemp_v3.1_20160202.nc is MISSING. Will try to re-download.
2026-01-17 15:30:17,618 | [CRW_SST] coraltemp_v3.1_20160203.nc is MISSING. Will try to re-download.
2026-01-17 15:30:17,619 | [CRW_SST] coraltemp_v3.1_20160204.nc is MISSING. Will try to re-download.
2026-01-17 15:30:17,619 | [CRW_SST] coraltemp_v3.1_20160205.nc is MISSING. Will try to re-download.
2026-01-17 15:30:17,619 | [CRW_SST] coraltemp_v3.1_20160206.nc is MISSING. Will try to re-download.
2026-01-17 15:30:17,619 | [CRW_SST] coraltemp_v3.1_20160207.nc is MISSING. Will try to re-download.
2026-01-17 15:30:17,619 | [CRW_SST] coraltemp_v3.1_20160208.nc is MISSING. Will try to re-download.
2026-01-17 15:30:17,623 | [CRW_SST] coraltemp_v3.1_20160209.nc is MISSING. Will try to re-download.
2026-01-17 15:30:17,623 | [CRW_SST] coraltemp_v3.1_20160210.nc is MISSING. Will try to re-download.
2026-01-17 15:30:17,625 | [CRW_SST] coraltemp_v3.1_20160212.nc is MISSING. Will try to re-download.
2026-01-17 15:30:17,625 | [CRW_SST] coraltemp_v3.1_20160213.nc is MISSING. Will try to re-download.
2026-01-17 15:30:17,627 | [CRW_SST] coraltemp_v3.1_20160214.nc is MISSING. Will try to re-download.
2026-01-17 15:30:17,627 | [CRW_SST] coraltemp_v3.1_20160215.nc is MISSING. Will try to re-download.
2026-01-17 15:30:17,627 | [CRW_SST] coraltemp_v3.1_20160216.nc is MISSING. Will try to re-download.
2026-01-17 15:30:17,627 | [CRW_SST] coraltemp_v3.1_20160217.nc is MISSING. Will try to re-download.
2026-01-17 15:30:17,627 | [CRW_SST] coraltemp_v3.1_20160218.nc is MISSING. Will try to re-download.
2026-01-17 15:30:17,627 | [CRW_SST] coraltemp_v3.1_20160219.nc is MISSING. Will try to re-download.
2026-01-17 15:30:17,627 | [CRW_SST] coraltemp_v3.1_20160220.nc is MISSING. Will try to re-download.
2026-01-17 15:30:17,627 | [CRW_SST] coraltemp_v3.1_20160221.nc is MISSING. Will try to re-download.
2026-01-17 15:30:17,631 | [CRW_SST] coraltemp_v3.1_20160222.nc is MISSING. Will try to re-download.
2026-01-17 15:30:17,632 | [CRW_SST] coraltemp_v3.1_20160223.nc is MISSING. Will try to re-download.
2026-01-17 15:30:17,632 | [CRW_SST] coraltemp_v3.1_20160224.nc is MISSING. Will try to re-download.
2026-01-17 15:30:17,632 | [CRW_SST] coraltemp_v3.1_20160225.nc is MISSING. Will try to re-download.
2026-01-17 15:30:17,634 | [CRW_SST] coraltemp_v3.1_20160226.nc is MISSING. Will try to re-download.
2026-01-17 15:30:17,634 | [CRW_SST] coraltemp_v3.1_20160227.nc is MISSING. Will try to re-download.
2026-01-17 15:30:17,634 | [CRW_SST] coraltemp_v3.1_20160228.nc is MISSING. Will try to re-download.
2026-01-17 15:30:17,634 | [CRW_SST] coraltemp_v3.1_20160229.nc is MISSING. Will try to re-download.
2026-01-17 15:30:17,634 | [CRW_SST] coraltemp_v3.1_20160301.nc is MISSING. Will try to re-download.
2026-01-17 15:30:17,637 | [CRW_SST] coraltemp_v3.1_20160302.nc is MISSING. Will try to re-download.
2026-01-17 15:30:17,637 | [CRW_SST] coraltemp_v3.1_20160303.nc is MISSING. Will try to re-download.
2026-01-17 15:30:17,638 | [CRW_SST] coraltemp_v3.1_20160304.nc is MISSING. Will try to re-download.
2026-01-17 15:30:17,638 | [CRW_SST] coraltemp_v3.1_20160305.nc is MISSING. Will try to re-download.
2026-01-17 15:30:17,638 | [CRW_SST] coraltemp_v3.1_20160306.nc is MISSING. Will try to re-download.
2026-01-17 15:30:17,640 | [CRW_SST] coraltemp_v3.1_20160307.nc is MISSING. Will try to re-download.
2026-01-17 15:30:17,640 | [CRW_SST] coraltemp_v3.1_20160308.nc is MISSING. Will try to re-download.
2026-01-17 15:30:17,643 | [CRW_SST] coraltemp_v3.1_20160309.nc is MISSING. Will try to re-download.
2026-01-17 15:30:17,643 | [CRW_SST] coraltemp_v3.1_20160310.nc is MISSING. Will try to re-download.
2026-01-17 15:30:17,643 | [CRW_SST] coraltemp_v3.1_20160312.nc is MISSING. Will try to re-download.
2026-01-17 15:30:17,645 | [CRW_SST] coraltemp_v3.1_20160313.nc is MISSING. Will try to re-download.
2026-01-17 15:30:17,645 | [CRW_SST] coraltemp_v3.1_20160314.nc is MISSING. Will try to re-download.
2026-01-17 15:30:17,645 | [CRW_SST] coraltemp_v3.1_20160315.nc is MISSING. Will try to re-download.
2026-01-17 15:30:17,645 | [CRW_SST] coraltemp_v3.1_20160316.nc is MISSING. Will try to re-download.
2026-01-17 15:30:17,647 | [CRW_SST] coraltemp_v3.1_20160317.nc is MISSING. Will try to re-download.
2026-01-17 15:30:17,648 | [CRW_SST] coraltemp_v3.1_20160318.nc is MISSING. Will try to re-download.
2026-01-17 15:30:17,649 | [CRW_SST] coraltemp_v3.1_20160319.nc is MISSING. Will try to re-download.
2026-01-17 15:30:17,649 | [CRW_SST] coraltemp_v3.1_20160320.nc is MISSING. Will try to re-download.
2026-01-17 15:30:17,650 | [CRW_SST] coraltemp_v3.1_20160321.nc is MISSING. Will try to re-download.
2026-01-17 15:30:17,650 | [CRW_SST] coraltemp_v3.1_20160322.nc is MISSING. Will try to re-download.
2026-01-17 15:30:17,650 | [CRW_SST] coraltemp_v3.1_20160323.nc is MISSING. Will try to re-download.
2026-01-17 15:30:17,650 | [CRW_SST] coraltemp_v3.1_20160324.nc is MISSING. Will try to re-download.
2026-01-17 15:30:17,650 | [CRW_SST] coraltemp_v3.1_20160325.nc is MISSING. Will try to re-download.
2026-01-17 15:30:17,650 | [CRW_SST] coraltemp_v3.1_20160326.nc is MISSING. Will try to re-download.
2026-01-17 15:30:17,653 | [CRW_SST] coraltemp_v3.1_20160327.nc is MISSING. Will try to re-download.
2026-01-17 15:30:17,653 | [CRW_SST] coraltemp_v3.1_20160328.nc is MISSING. Will try to re-download.
2026-01-17 15:30:17,653 | [CRW_SST] coraltemp_v3.1_20160329.nc is MISSING. Will try to re-download.
2026-01-17 15:30:17,653 | [CRW_SST] coraltemp_v3.1_20160330.nc is MISSING. Will try to re-download.
2026-01-17 15:30:17,653 | [CRW_SST] coraltemp_v3.1_20160331.nc is MISSING. Will try to re-download.
2026-01-17 15:30:17,653 | [CRW_SST] coraltemp_v3.1_20160401.nc is MISSING. Will try to re-download.
2026-01-17 15:30:17,656 | [CRW_SST] coraltemp_v3.1_20160402.nc is MISSING. Will try to re-download.
2026-01-17 15:30:17,656 | [CRW_SST] coraltemp_v3.1_20160403.nc is MISSING. Will try to re-download.
2026-01-17 15:30:17,659 | [CRW_SST] coraltemp_v3.1_20160404.nc is MISSING. Will try to re-download.
2026-01-17 15:30:17,659 | [CRW_SST] coraltemp_v3.1_20160405.nc is MISSING. Will try to re-download.
2026-01-17 15:30:17,659 | [CRW_SST] coraltemp_v3.1_20160406.nc is MISSING. Will try to re-download.
2026-01-17 15:30:17,660 | [CRW_SST] coraltemp_v3.1_20160407.nc is MISSING. Will try to re-download.
2026-01-17 15:30:17,660 | [CRW_SST] coraltemp_v3.1_20160408.nc is MISSING. Will try to re-download.
2026-01-17 15:30:17,662 | [CRW_SST] coraltemp_v3.1_20160409.nc is MISSING. Will try to re-download.
2026-01-17 15:30:17,662 | [CRW_SST] coraltemp_v3.1_20160410.nc is MISSING. Will try to re-download.
2026-01-17 15:30:17,662 | [CRW_SST] coraltemp_v3.1_20160412.nc is MISSING. Will try to re-download.
2026-01-17 15:30:17,663 | [CRW_SST] coraltemp_v3.1_20160413.nc is MISSING. Will try to re-download.
2026-01-17 15:30:17,663 | [CRW_SST] coraltemp_v3.1_20160414.nc is MISSING. Will try to re-download.
2026-01-17 15:30:17,664 | [CRW_SST] coraltemp_v3.1_20160415.nc is MISSING. Will try to re-download.
2026-01-17 15:30:17,664 | [CRW_SST] coraltemp_v3.1_20160416.nc is MISSING. Will try to re-download.
2026-01-17 15:30:17,664 | [CRW_SST] coraltemp_v3.1_20160417.nc is MISSING. Will try to re-download.
2026-01-17 15:30:17,664 | [CRW_SST] coraltemp_v3.1_20160418.nc is MISSING. Will try to re-download.
2026-01-17 15:30:17,664 | [CRW_SST] coraltemp_v3.1_20160419.nc is MISSING. Will try to re-download.
2026-01-17 15:30:17,664 | [CRW_SST] coraltemp_v3.1_20160420.nc is MISSING. Will try to re-download.
2026-01-17 15:30:17,668 | [CRW_SST] coraltemp_v3.1_20160421.nc is MISSING. Will try to re-download.
2026-01-17 15:30:17,668 | [CRW_SST] coraltemp_v3.1_20160422.nc is MISSING. Will try to re-download.
2026-01-17 15:30:17,668 | [CRW_SST] coraltemp_v3.1_20160423.nc is MISSING. Will try to re-download.
2026-01-17 15:30:17,669 | [CRW_SST] coraltemp_v3.1_20160424.nc is MISSING. Will try to re-download.
2026-01-17 15:30:17,669 | [CRW_SST] coraltemp_v3.1_20160425.nc is MISSING. Will try to re-download.
2026-01-17 15:30:17,669 | [CRW_SST] coraltemp_v3.1_20160426.nc is MISSING. Will try to re-download.
2026-01-17 15:30:17,669 | [CRW_SST] coraltemp_v3.1_20160427.nc is MISSING. Will try to re-download.
2026-01-17 15:30:17,669 | [CRW_SST] coraltemp_v3.1_20160428.nc is MISSING. Will try to re-download.
2026-01-17 15:30:17,669 | [CRW_SST] coraltemp_v3.1_20160429.nc is MISSING. Will try to re-download.
2026-01-17 15:30:17,672 | [CRW_SST] coraltemp_v3.1_20160430.nc is MISSING. Will try to re-download.
2026-01-17 15:30:17,672 | [CRW_SST] coraltemp_v3.1_20160501.nc is MISSING. Will try to re-download.
2026-01-17 15:30:17,675 | [CRW_SST] coraltemp_v3.1_20160502.nc is MISSING. Will try to re-download.
2026-01-17 15:30:17,675 | [CRW_SST] coraltemp_v3.1_20160503.nc is MISSING. Will try to re-download.
2026-01-17 15:30:17,677 | [CRW_SST] coraltemp_v3.1_20160504.nc is MISSING. Will try to re-download.
2026-01-17 15:30:17,677 | [CRW_SST] coraltemp_v3.1_20160505.nc is MISSING. Will try to re-download.
2026-01-17 15:30:17,677 | [CRW_SST] coraltemp_v3.1_20160506.nc is MISSING. Will try to re-download.
2026-01-17 15:30:17,677 | [CRW_SST] coraltemp_v3.1_20160507.nc is MISSING. Will try to re-download.
2026-01-17 15:30:17,677 | [CRW_SST] coraltemp_v3.1_20160508.nc is MISSING. Will try to re-download.
2026-01-17 15:30:17,677 | [CRW_SST] coraltemp_v3.1_20160509.nc is MISSING. Will try to re-download.
2026-01-17 15:30:17,677 | [CRW_SST] coraltemp_v3.1_20160510.nc is MISSING. Will try to re-download.
2026-01-17 15:30:17,681 | [CRW_SST] coraltemp_v3.1_20160512.nc is MISSING. Will try to re-download.
2026-01-17 15:30:17,681 | [CRW_SST] coraltemp_v3.1_20160513.nc is MISSING. Will try to re-download.
2026-01-17 15:30:17,682 | [CRW_SST] coraltemp_v3.1_20160514.nc is MISSING. Will try to re-download.
2026-01-17 15:30:17,682 | [CRW_SST] coraltemp_v3.1_20160515.nc is MISSING. Will try to re-download.
2026-01-17 15:30:17,682 | [CRW_SST] coraltemp_v3.1_20160516.nc is MISSING. Will try to re-download.
2026-01-17 15:30:17,684 | [CRW_SST] coraltemp_v3.1_20160517.nc is MISSING. Will try to re-download.
2026-01-17 15:30:17,684 | [CRW_SST] coraltemp_v3.1_20160518.nc is MISSING. Will try to re-download.
2026-01-17 15:30:17,684 | [CRW_SST] coraltemp_v3.1_20160519.nc is MISSING. Will try to re-download.
2026-01-17 15:30:17,686 | [CRW_SST] coraltemp_v3.1_20160520.nc is MISSING. Will try to re-download.
2026-01-17 15:30:17,686 | [CRW_SST] coraltemp_v3.1_20160521.nc is MISSING. Will try to re-download.
2026-01-17 15:30:17,686 | [CRW_SST] coraltemp_v3.1_20160522.nc is MISSING. Will try to re-download.
2026-01-17 15:30:17,687 | [CRW_SST] coraltemp_v3.1_20160523.nc is MISSING. Will try to re-download.
2026-01-17 15:30:17,688 | [CRW_SST] coraltemp_v3.1_20160524.nc is MISSING. Will try to re-download.
2026-01-17 15:30:17,689 | [CRW_SST] coraltemp_v3.1_20160525.nc is MISSING. Will try to re-download.
2026-01-17 15:30:17,689 | [CRW_SST] coraltemp_v3.1_20160526.nc is MISSING. Will try to re-download.
2026-01-17 15:30:17,689 | [CRW_SST] coraltemp_v3.1_20160527.nc is MISSING. Will try to re-download.
2026-01-17 15:30:17,691 | [CRW_SST] coraltemp_v3.1_20160528.nc is MISSING. Will try to re-download.
2026-01-17 15:30:17,692 | [CRW_SST] coraltemp_v3.1_20160529.nc is MISSING. Will try to re-download.
2026-01-17 15:30:17,692 | [CRW_SST] coraltemp_v3.1_20160530.nc is MISSING. Will try to re-download.
2026-01-17 15:30:17,694 | [CRW_SST] coraltemp_v3.1_20160531.nc is MISSING. Will try to re-download.
2026-01-17 15:30:17,694 | [CRW_SST] coraltemp_v3.1_20160601.nc is MISSING. Will try to re-download.
2026-01-17 15:30:17,694 | [CRW_SST] coraltemp_v3.1_20160602.nc is MISSING. Will try to re-download.
2026-01-17 15:30:17,694 | [CRW_SST] coraltemp_v3.1_20160603.nc is MISSING. Will try to re-download.
2026-01-17 15:30:17,694 | [CRW_SST] coraltemp_v3.1_20160604.nc is MISSING. Will try to re-download.
2026-01-17 15:30:17,694 | [CRW_SST] coraltemp_v3.1_20160605.nc is MISSING. Will try to re-download.
2026-01-17 15:30:17,697 | [CRW_SST] coraltemp_v3.1_20160606.nc is MISSING. Will try to re-download.
2026-01-17 15:30:17,697 | [CRW_SST] coraltemp_v3.1_20160607.nc is MISSING. Will try to re-download.
2026-01-17 15:30:17,697 | [CRW_SST] coraltemp_v3.1_20160608.nc is MISSING. Will try to re-download.
2026-01-17 15:30:17,697 | [CRW_SST] coraltemp_v3.1_20160609.nc is MISSING. Will try to re-download.
2026-01-17 15:30:17,699 | [CRW_SST] coraltemp_v3.1_20160610.nc is MISSING. Will try to re-download.
2026-01-17 15:30:17,699 | [CRW_SST] coraltemp_v3.1_20160612.nc is MISSING. Will try to re-download.
2026-01-17 15:30:17,700 | [CRW_SST] coraltemp_v3.1_20160613.nc is MISSING. Will try to re-download.
2026-01-17 15:30:17,700 | [CRW_SST] coraltemp_v3.1_20160614.nc is MISSING. Will try to re-download.
2026-01-17 15:30:17,700 | [CRW_SST] coraltemp_v3.1_20160615.nc is MISSING. Will try to re-download.
2026-01-17 15:30:17,700 | [CRW_SST] coraltemp_v3.1_20160616.nc is MISSING. Will try to re-download.
2026-01-17 15:30:17,700 | [CRW_SST] coraltemp_v3.1_20160617.nc is MISSING. Will try to re-download.
2026-01-17 15:30:17,703 | [CRW_SST] coraltemp_v3.1_20160618.nc is MISSING. Will try to re-download.
2026-01-17 15:30:17,703 | [CRW_SST] coraltemp_v3.1_20160619.nc is MISSING. Will try to re-download.
2026-01-17 15:30:17,703 | [CRW_SST] coraltemp_v3.1_20160620.nc is MISSING. Will try to re-download.
2026-01-17 15:30:17,703 | [CRW_SST] coraltemp_v3.1_20160621.nc is MISSING. Will try to re-download.
2026-01-17 15:30:17,703 | [CRW_SST] coraltemp_v3.1_20160622.nc is MISSING. Will try to re-download.
2026-01-17 15:30:17,703 | [CRW_SST] coraltemp_v3.1_20160623.nc is MISSING. Will try to re-download.
2026-01-17 15:30:17,703 | [CRW_SST] coraltemp_v3.1_20160624.nc is MISSING. Will try to re-download.
2026-01-17 15:30:17,703 | [CRW_SST] coraltemp_v3.1_20160625.nc is MISSING. Will try to re-download.
2026-01-17 15:30:17,703 | [CRW_SST] coraltemp_v3.1_20160626.nc is MISSING. Will try to re-download.
2026-01-17 15:30:17,709 | [CRW_SST] coraltemp_v3.1_20160627.nc is MISSING. Will try to re-download.
2026-01-17 15:30:17,710 | [CRW_SST] coraltemp_v3.1_20160628.nc is MISSING. Will try to re-download.
2026-01-17 15:30:17,710 | [CRW_SST] coraltemp_v3.1_20160629.nc is MISSING. Will try to re-download.
2026-01-17 15:30:17,710 | [CRW_SST] coraltemp_v3.1_20160630.nc is MISSING. Will try to re-download.
2026-01-17 15:30:17,712 | [CRW_SST] coraltemp_v3.1_20160701.nc is MISSING. Will try to re-download.
2026-01-17 15:30:17,712 | [CRW_SST] coraltemp_v3.1_20160702.nc is MISSING. Will try to re-download.
2026-01-17 15:30:17,712 | [CRW_SST] coraltemp_v3.1_20160703.nc is MISSING. Will try to re-download.
2026-01-17 15:30:17,713 | [CRW_SST] coraltemp_v3.1_20160704.nc is MISSING. Will try to re-download.
2026-01-17 15:30:17,714 | [CRW_SST] coraltemp_v3.1_20160705.nc is MISSING. Will try to re-download.
2026-01-17 15:30:17,714 | [CRW_SST] coraltemp_v3.1_20160706.nc is MISSING. Will try to re-download.
2026-01-17 15:30:17,714 | [CRW_SST] coraltemp_v3.1_20160707.nc is MISSING. Will try to re-download.
2026-01-17 15:30:17,714 | [CRW_SST] coraltemp_v3.1_20160708.nc is MISSING. Will try to re-download.
2026-01-17 15:30:17,714 | [CRW_SST] coraltemp_v3.1_20160709.nc is MISSING. Will try to re-download.
2026-01-17 15:30:17,714 | [CRW_SST] coraltemp_v3.1_20160710.nc is MISSING. Will try to re-download.
2026-01-17 15:30:17,714 | [CRW_SST] coraltemp_v3.1_20160712.nc is MISSING. Will try to re-download.
2026-01-17 15:30:17,714 | [CRW_SST] coraltemp_v3.1_20160713.nc is MISSING. Will try to re-download.
2026-01-17 15:30:17,718 | [CRW_SST] coraltemp_v3.1_20160714.nc is MISSING. Will try to re-download.
2026-01-17 15:30:17,718 | [CRW_SST] coraltemp_v3.1_20160715.nc is MISSING. Will try to re-download.
2026-01-17 15:30:17,719 | [CRW_SST] coraltemp_v3.1_20160716.nc is MISSING. Will try to re-download.
2026-01-17 15:30:17,719 | [CRW_SST] coraltemp_v3.1_20160717.nc is MISSING. Will try to re-download.
2026-01-17 15:30:17,719 | [CRW_SST] coraltemp_v3.1_20160718.nc is MISSING. Will try to re-download.
2026-01-17 15:30:17,719 | [CRW_SST] coraltemp_v3.1_20160719.nc is MISSING. Will try to re-download.
2026-01-17 15:30:17,719 | [CRW_SST] coraltemp_v3.1_20160720.nc is MISSING. Will try to re-download.
2026-01-17 15:30:17,719 | [CRW_SST] coraltemp_v3.1_20160721.nc is MISSING. Will try to re-download.
2026-01-17 15:30:17,723 | [CRW_SST] coraltemp_v3.1_20160722.nc is MISSING. Will try to re-download.
2026-01-17 15:30:17,725 | [CRW_SST] coraltemp_v3.1_20160723.nc is MISSING. Will try to re-download.
2026-01-17 15:30:17,725 | [CRW_SST] coraltemp_v3.1_20160724.nc is MISSING. Will try to re-download.
2026-01-17 15:30:17,725 | [CRW_SST] coraltemp_v3.1_20160725.nc is MISSING. Will try to re-download.
2026-01-17 15:30:17,727 | [CRW_SST] coraltemp_v3.1_20160726.nc is MISSING. Will try to re-download.
2026-01-17 15:30:17,728 | [CRW_SST] coraltemp_v3.1_20160727.nc is MISSING. Will try to re-download.
2026-01-17 15:30:17,728 | [CRW_SST] coraltemp_v3.1_20160728.nc is MISSING. Will try to re-download.
2026-01-17 15:30:17,728 | [CRW_SST] coraltemp_v3.1_20160729.nc is MISSING. Will try to re-download.
2026-01-17 15:30:17,728 | [CRW_SST] coraltemp_v3.1_20160730.nc is MISSING. Will try to re-download.
2026-01-17 15:30:17,728 | [CRW_SST] coraltemp_v3.1_20160731.nc is MISSING. Will try to re-download.
2026-01-17 15:30:17,731 | [CRW_SST] coraltemp_v3.1_20160801.nc is MISSING. Will try to re-download.
2026-01-17 15:30:17,731 | [CRW_SST] coraltemp_v3.1_20160802.nc is MISSING. Will try to re-download.
2026-01-17 15:30:17,732 | [CRW_SST] coraltemp_v3.1_20160803.nc is MISSING. Will try to re-download.
2026-01-17 15:30:17,732 | [CRW_SST] coraltemp_v3.1_20160804.nc is MISSING. Will try to re-download.
2026-01-17 15:30:17,732 | [CRW_SST] coraltemp_v3.1_20160805.nc is MISSING. Will try to re-download.
2026-01-17 15:30:17,733 | [CRW_SST] coraltemp_v3.1_20160806.nc is MISSING. Will try to re-download.
2026-01-17 15:30:17,734 | [CRW_SST] coraltemp_v3.1_20160807.nc is MISSING. Will try to re-download.
2026-01-17 15:30:17,734 | [CRW_SST] coraltemp_v3.1_20160808.nc is MISSING. Will try to re-download.
2026-01-17 15:30:17,734 | [CRW_SST] coraltemp_v3.1_20160809.nc is MISSING. Will try to re-download.
2026-01-17 15:30:17,734 | [CRW_SST] coraltemp_v3.1_20160810.nc is MISSING. Will try to re-download.
2026-01-17 15:30:17,734 | [CRW_SST] coraltemp_v3.1_20160812.nc is MISSING. Will try to re-download.
2026-01-17 15:30:17,736 | [CRW_SST] coraltemp_v3.1_20160813.nc is MISSING. Will try to re-download.
2026-01-17 15:30:17,737 | [CRW_SST] coraltemp_v3.1_20160814.nc is MISSING. Will try to re-download.
2026-01-17 15:30:17,738 | [CRW_SST] coraltemp_v3.1_20160815.nc is MISSING. Will try to re-download.
2026-01-17 15:30:17,739 | [CRW_SST] coraltemp_v3.1_20160816.nc is MISSING. Will try to re-download.
2026-01-17 15:30:17,740 | [CRW_SST] coraltemp_v3.1_20160817.nc is MISSING. Will try to re-download.
2026-01-17 15:30:17,740 | [CRW_SST] coraltemp_v3.1_20160818.nc is MISSING. Will try to re-download.
2026-01-17 15:30:17,742 | [CRW_SST] coraltemp_v3.1_20160819.nc is MISSING. Will try to re-download.
2026-01-17 15:30:17,742 | [CRW_SST] coraltemp_v3.1_20160820.nc is MISSING. Will try to re-download.
2026-01-17 15:30:17,743 | [CRW_SST] coraltemp_v3.1_20160821.nc is MISSING. Will try to re-download.
2026-01-17 15:30:17,744 | [CRW_SST] coraltemp_v3.1_20160822.nc is MISSING. Will try to re-download.
2026-01-17 15:30:17,744 | [CRW_SST] coraltemp_v3.1_20160823.nc is MISSING. Will try to re-download.
2026-01-17 15:30:17,744 | [CRW_SST] coraltemp_v3.1_20160824.nc is MISSING. Will try to re-download.
2026-01-17 15:30:17,744 | [CRW_SST] coraltemp_v3.1_20160825.nc is MISSING. Will try to re-download.
2026-01-17 15:30:17,744 | [CRW_SST] coraltemp_v3.1_20160826.nc is MISSING. Will try to re-download.
2026-01-17 15:30:17,747 | [CRW_SST] coraltemp_v3.1_20160827.nc is MISSING. Will try to re-download.
2026-01-17 15:30:17,747 | [CRW_SST] coraltemp_v3.1_20160828.nc is MISSING. Will try to re-download.
2026-01-17 15:30:17,747 | [CRW_SST] coraltemp_v3.1_20160829.nc is MISSING. Will try to re-download.
2026-01-17 15:30:17,749 | [CRW_SST] coraltemp_v3.1_20160830.nc is MISSING. Will try to re-download.
2026-01-17 15:30:17,749 | [CRW_SST] coraltemp_v3.1_20160831.nc is MISSING. Will try to re-download.
2026-01-17 15:30:17,750 | [CRW_SST] coraltemp_v3.1_20160901.nc is MISSING. Will try to re-download.
2026-01-17 15:30:17,750 | [CRW_SST] coraltemp_v3.1_20160902.nc is MISSING. Will try to re-download.
2026-01-17 15:30:17,750 | [CRW_SST] coraltemp_v3.1_20160903.nc is MISSING. Will try to re-download.
2026-01-17 15:30:17,750 | [CRW_SST] coraltemp_v3.1_20160904.nc is MISSING. Will try to re-download.
2026-01-17 15:30:17,750 | [CRW_SST] coraltemp_v3.1_20160905.nc is MISSING. Will try to re-download.
2026-01-17 15:30:17,750 | [CRW_SST] coraltemp_v3.1_20160906.nc is MISSING. Will try to re-download.
2026-01-17 15:30:17,750 | [CRW_SST] coraltemp_v3.1_20160907.nc is MISSING. Will try to re-download.
2026-01-17 15:30:17,753 | [CRW_SST] coraltemp_v3.1_20160908.nc is MISSING. Will try to re-download.
2026-01-17 15:30:17,753 | [CRW_SST] coraltemp_v3.1_20160909.nc is MISSING. Will try to re-download.
2026-01-17 15:30:17,753 | [CRW_SST] coraltemp_v3.1_20160910.nc is MISSING. Will try to re-download.
2026-01-17 15:30:17,755 | [CRW_SST] coraltemp_v3.1_20160912.nc is MISSING. Will try to re-download.
2026-01-17 15:30:17,755 | [CRW_SST] coraltemp_v3.1_20160913.nc is MISSING. Will try to re-download.
2026-01-17 15:30:17,755 | [CRW_SST] coraltemp_v3.1_20160914.nc is MISSING. Will try to re-download.
2026-01-17 15:30:17,755 | [CRW_SST] coraltemp_v3.1_20160915.nc is MISSING. Will try to re-download.
2026-01-17 15:30:17,755 | [CRW_SST] coraltemp_v3.1_20160916.nc is MISSING. Will try to re-download.
2026-01-17 15:30:17,758 | [CRW_SST] coraltemp_v3.1_20160917.nc is MISSING. Will try to re-download.
2026-01-17 15:30:17,759 | [CRW_SST] coraltemp_v3.1_20160918.nc is MISSING. Will try to re-download.
2026-01-17 15:30:17,760 | [CRW_SST] coraltemp_v3.1_20160919.nc is MISSING. Will try to re-download.
2026-01-17 15:30:17,761 | [CRW_SST] coraltemp_v3.1_20160920.nc is MISSING. Will try to re-download.
2026-01-17 15:30:17,761 | [CRW_SST] coraltemp_v3.1_20160921.nc is MISSING. Will try to re-download.
2026-01-17 15:30:17,761 | [CRW_SST] coraltemp_v3.1_20160922.nc is MISSING. Will try to re-download.
2026-01-17 15:30:17,761 | [CRW_SST] coraltemp_v3.1_20160923.nc is MISSING. Will try to re-download.
2026-01-17 15:30:17,763 | [CRW_SST] coraltemp_v3.1_20160924.nc is MISSING. Will try to re-download.
2026-01-17 15:30:17,764 | [CRW_SST] coraltemp_v3.1_20160925.nc is MISSING. Will try to re-download.
2026-01-17 15:30:17,764 | [CRW_SST] coraltemp_v3.1_20160926.nc is MISSING. Will try to re-download.
2026-01-17 15:30:17,764 | [CRW_SST] coraltemp_v3.1_20160927.nc is MISSING. Will try to re-download.
2026-01-17 15:30:17,764 | [CRW_SST] coraltemp_v3.1_20160928.nc is MISSING. Will try to re-download.
2026-01-17 15:30:17,764 | [CRW_SST] coraltemp_v3.1_20160929.nc is MISSING. Will try to re-download.
2026-01-17 15:30:17,764 | [CRW_SST] coraltemp_v3.1_20160930.nc is MISSING. Will try to re-download.
2026-01-17 15:30:17,764 | [CRW_SST] coraltemp_v3.1_20161001.nc is MISSING. Will try to re-download.
2026-01-17 15:30:17,767 | [CRW_SST] coraltemp_v3.1_20161002.nc is MISSING. Will try to re-download.
2026-01-17 15:30:17,767 | [CRW_SST] coraltemp_v3.1_20161003.nc is MISSING. Will try to re-download.
2026-01-17 15:30:17,769 | [CRW_SST] coraltemp_v3.1_20161004.nc is MISSING. Will try to re-download.
2026-01-17 15:30:17,769 | [CRW_SST] coraltemp_v3.1_20161005.nc is MISSING. Will try to re-download.
2026-01-17 15:30:17,769 | [CRW_SST] coraltemp_v3.1_20161006.nc is MISSING. Will try to re-download.
2026-01-17 15:30:17,769 | [CRW_SST] coraltemp_v3.1_20161007.nc is MISSING. Will try to re-download.
2026-01-17 15:30:17,769 | [CRW_SST] coraltemp_v3.1_20161008.nc is MISSING. Will try to re-download.
2026-01-17 15:30:17,769 | [CRW_SST] coraltemp_v3.1_20161009.nc is MISSING. Will try to re-download.
2026-01-17 15:30:17,769 | [CRW_SST] coraltemp_v3.1_20161010.nc is MISSING. Will try to re-download.
2026-01-17 15:30:17,769 | [CRW_SST] coraltemp_v3.1_20161012.nc is MISSING. Will try to re-download.
2026-01-17 15:30:17,769 | [CRW_SST] coraltemp_v3.1_20161013.nc is MISSING. Will try to re-download.
2026-01-17 15:30:17,774 | [CRW_SST] coraltemp_v3.1_20161014.nc is MISSING. Will try to re-download.
2026-01-17 15:30:17,775 | [CRW_SST] coraltemp_v3.1_20161015.nc is MISSING. Will try to re-download.
2026-01-17 15:30:17,775 | [CRW_SST] coraltemp_v3.1_20161016.nc is MISSING. Will try to re-download.
2026-01-17 15:30:17,777 | [CRW_SST] coraltemp_v3.1_20161017.nc is MISSING. Will try to re-download.
2026-01-17 15:30:17,777 | [CRW_SST] coraltemp_v3.1_20161018.nc is MISSING. Will try to re-download.
2026-01-17 15:30:17,778 | [CRW_SST] coraltemp_v3.1_20161019.nc is MISSING. Will try to re-download.
2026-01-17 15:30:17,778 | [CRW_SST] coraltemp_v3.1_20161020.nc is MISSING. Will try to re-download.
2026-01-17 15:30:17,778 | [CRW_SST] coraltemp_v3.1_20161021.nc is MISSING. Will try to re-download.
2026-01-17 15:30:17,778 | [CRW_SST] coraltemp_v3.1_20161022.nc is MISSING. Will try to re-download.
2026-01-17 15:30:17,778 | [CRW_SST] coraltemp_v3.1_20161023.nc is MISSING. Will try to re-download.
2026-01-17 15:30:17,778 | [CRW_SST] coraltemp_v3.1_20161024.nc is MISSING. Will try to re-download.
2026-01-17 15:30:17,778 | [CRW_SST] coraltemp_v3.1_20161025.nc is MISSING. Will try to re-download.
2026-01-17 15:30:17,781 | [CRW_SST] coraltemp_v3.1_20161026.nc is MISSING. Will try to re-download.
2026-01-17 15:30:17,781 | [CRW_SST] coraltemp_v3.1_20161027.nc is MISSING. Will try to re-download.
2026-01-17 15:30:17,782 | [CRW_SST] coraltemp_v3.1_20161028.nc is MISSING. Will try to re-download.
2026-01-17 15:30:17,782 | [CRW_SST] coraltemp_v3.1_20161029.nc is MISSING. Will try to re-download.
2026-01-17 15:30:17,782 | [CRW_SST] coraltemp_v3.1_20161030.nc is MISSING. Will try to re-download.
2026-01-17 15:30:17,783 | [CRW_SST] coraltemp_v3.1_20161031.nc is MISSING. Will try to re-download.
2026-01-17 15:30:17,784 | [CRW_SST] coraltemp_v3.1_20161201.nc is MISSING. Will try to re-download.
2026-01-17 15:30:17,784 | [CRW_SST] coraltemp_v3.1_20161202.nc is MISSING. Will try to re-download.
2026-01-17 15:30:17,784 | [CRW_SST] coraltemp_v3.1_20161203.nc is MISSING. Will try to re-download.
2026-01-17 15:30:17,784 | [CRW_SST] coraltemp_v3.1_20161204.nc is MISSING. Will try to re-download.
2026-01-17 15:30:17,784 | [CRW_SST] coraltemp_v3.1_20161205.nc is MISSING. Will try to re-download.
2026-01-17 15:30:17,786 | [CRW_SST] coraltemp_v3.1_20161206.nc is MISSING. Will try to re-download.
2026-01-17 15:30:17,787 | [CRW_SST] coraltemp_v3.1_20161207.nc is MISSING. Will try to re-download.
2026-01-17 15:30:17,787 | [CRW_SST] coraltemp_v3.1_20161208.nc is MISSING. Will try to re-download.
2026-01-17 15:30:17,788 | [CRW_SST] coraltemp_v3.1_20161209.nc is MISSING. Will try to re-download.
2026-01-17 15:30:17,789 | [CRW_SST] coraltemp_v3.1_20161210.nc is MISSING. Will try to re-download.
2026-01-17 15:30:17,789 | [CRW_SST] coraltemp_v3.1_20161212.nc is MISSING. Will try to re-download.
2026-01-17 15:30:17,791 | [CRW_SST] coraltemp_v3.1_20161213.nc is MISSING. Will try to re-download.
2026-01-17 15:30:17,791 | [CRW_SST] coraltemp_v3.1_20161214.nc is MISSING. Will try to re-download.
2026-01-17 15:30:17,793 | [CRW_SST] coraltemp_v3.1_20161215.nc is MISSING. Will try to re-download.
2026-01-17 15:30:17,794 | [CRW_SST] coraltemp_v3.1_20161216.nc is MISSING. Will try to re-download.
2026-01-17 15:30:17,794 | [CRW_SST] coraltemp_v3.1_20161217.nc is MISSING. Will try to re-download.
2026-01-17 15:30:17,794 | [CRW_SST] coraltemp_v3.1_20161218.nc is MISSING. Will try to re-download.
2026-01-17 15:30:17,794 | [CRW_SST] coraltemp_v3.1_20161219.nc is MISSING. Will try to re-download.
2026-01-17 15:30:17,794 | [CRW_SST] coraltemp_v3.1_20161220.nc is MISSING. Will try to re-download.
2026-01-17 15:30:17,797 | [CRW_SST] coraltemp_v3.1_20161221.nc is MISSING. Will try to re-download.
2026-01-17 15:30:17,797 | [CRW_SST] coraltemp_v3.1_20161222.nc is MISSING. Will try to re-download.
2026-01-17 15:30:17,797 | [CRW_SST] coraltemp_v3.1_20161223.nc is MISSING. Will try to re-download.
2026-01-17 15:30:17,797 | [CRW_SST] coraltemp_v3.1_20161224.nc is MISSING. Will try to re-download.
2026-01-17 15:30:17,799 | [CRW_SST] coraltemp_v3.1_20161225.nc is MISSING. Will try to re-download.
2026-01-17 15:30:17,800 | [CRW_SST] coraltemp_v3.1_20161226.nc is MISSING. Will try to re-download.
2026-01-17 15:30:17,800 | [CRW_SST] coraltemp_v3.1_20161227.nc is MISSING. Will try to re-download.
2026-01-17 15:30:17,800 | [CRW_SST] coraltemp_v3.1_20161228.nc is MISSING. Will try to re-download.
2026-01-17 15:30:17,800 | [CRW_SST] coraltemp_v3.1_20161229.nc is MISSING. Will try to re-download.
2026-01-17 15:30:17,800 | [CRW_SST] coraltemp_v3.1_20161230.nc is MISSING. Will try to re-download.
2026-01-17 15:30:17,800 | [CRW_SST] coraltemp_v3.1_20161231.nc is MISSING. Will try to re-download.
2026-01-17 15:30:17,803 | [CRW_SST] coraltemp_v3.1_20170101.nc is MISSING. Will try to re-download.
2026-01-17 15:30:17,803 | [CRW_SST] coraltemp_v3.1_20170102.nc is MISSING. Will try to re-download.
2026-01-17 15:30:17,803 | [CRW_SST] coraltemp_v3.1_20170103.nc is MISSING. Will try to re-download.
2026-01-17 15:30:17,805 | [CRW_SST] coraltemp_v3.1_20170104.nc is MISSING. Will try to re-download.
2026-01-17 15:30:17,805 | [CRW_SST] coraltemp_v3.1_20170105.nc is MISSING. Will try to re-download.
2026-01-17 15:30:17,805 | [CRW_SST] coraltemp_v3.1_20170106.nc is MISSING. Will try to re-download.
2026-01-17 15:30:17,807 | [CRW_SST] coraltemp_v3.1_20170107.nc is MISSING. Will try to re-download.
2026-01-17 15:30:17,809 | [CRW_SST] coraltemp_v3.1_20170108.nc is MISSING. Will try to re-download.
2026-01-17 15:30:17,809 | [CRW_SST] coraltemp_v3.1_20170109.nc is MISSING. Will try to re-download.
2026-01-17 15:30:17,810 | [CRW_SST] coraltemp_v3.1_20170120.nc is MISSING. Will try to re-download.
2026-01-17 15:30:17,810 | [CRW_SST] coraltemp_v3.1_20170121.nc is MISSING. Will try to re-download.
2026-01-17 15:30:17,812 | [CRW_SST] coraltemp_v3.1_20170122.nc is MISSING. Will try to re-download.
2026-01-17 15:30:17,812 | [CRW_SST] coraltemp_v3.1_20170123.nc is MISSING. Will try to re-download.
2026-01-17 15:30:17,813 | [CRW_SST] coraltemp_v3.1_20170124.nc is MISSING. Will try to re-download.
2026-01-17 15:30:17,814 | [CRW_SST] coraltemp_v3.1_20170125.nc is MISSING. Will try to re-download.
2026-01-17 15:30:17,814 | [CRW_SST] coraltemp_v3.1_20170126.nc is MISSING. Will try to re-download.
2026-01-17 15:30:17,814 | [CRW_SST] coraltemp_v3.1_20170127.nc is MISSING. Will try to re-download.
2026-01-17 15:30:17,815 | [CRW_SST] coraltemp_v3.1_20170128.nc is MISSING. Will try to re-download.
2026-01-17 15:30:17,815 | [CRW_SST] coraltemp_v3.1_20170129.nc is MISSING. Will try to re-download.
2026-01-17 15:30:17,815 | [CRW_SST] coraltemp_v3.1_20170130.nc is MISSING. Will try to re-download.
2026-01-17 15:30:17,815 | [CRW_SST] coraltemp_v3.1_20170131.nc is MISSING. Will try to re-download.
2026-01-17 15:30:17,818 | [CRW_SST] coraltemp_v3.1_20170201.nc is MISSING. Will try to re-download.
2026-01-17 15:30:17,818 | [CRW_SST] coraltemp_v3.1_20170202.nc is MISSING. Will try to re-download.
2026-01-17 15:30:17,818 | [CRW_SST] coraltemp_v3.1_20170203.nc is MISSING. Will try to re-download.
2026-01-17 15:30:17,819 | [CRW_SST] coraltemp_v3.1_20170204.nc is MISSING. Will try to re-download.
2026-01-17 15:30:17,819 | [CRW_SST] coraltemp_v3.1_20170205.nc is MISSING. Will try to re-download.
2026-01-17 15:30:17,819 | [CRW_SST] coraltemp_v3.1_20170206.nc is MISSING. Will try to re-download.
2026-01-17 15:30:17,819 | [CRW_SST] coraltemp_v3.1_20170207.nc is MISSING. Will try to re-download.
2026-01-17 15:30:17,819 | [CRW_SST] coraltemp_v3.1_20170208.nc is MISSING. Will try to re-download.
2026-01-17 15:30:17,819 | [CRW_SST] coraltemp_v3.1_20170209.nc is MISSING. Will try to re-download.
2026-01-17 15:30:17,819 | [CRW_SST] coraltemp_v3.1_20170210.nc is MISSING. Will try to re-download.
2026-01-17 15:30:17,819 | [CRW_SST] coraltemp_v3.1_20170212.nc is MISSING. Will try to re-download.
2026-01-17 15:30:17,819 | [CRW_SST] coraltemp_v3.1_20170213.nc is MISSING. Will try to re-download.
2026-01-17 15:30:17,826 | [CRW_SST] coraltemp_v3.1_20170214.nc is MISSING. Will try to re-download.
2026-01-17 15:30:17,826 | [CRW_SST] coraltemp_v3.1_20170215.nc is MISSING. Will try to re-download.
2026-01-17 15:30:17,827 | [CRW_SST] coraltemp_v3.1_20170216.nc is MISSING. Will try to re-download.
2026-01-17 15:30:17,827 | [CRW_SST] coraltemp_v3.1_20170217.nc is MISSING. Will try to re-download.
2026-01-17 15:30:17,827 | [CRW_SST] coraltemp_v3.1_20170218.nc is MISSING. Will try to re-download.
2026-01-17 15:30:17,827 | [CRW_SST] coraltemp_v3.1_20170219.nc is MISSING. Will try to re-download.
2026-01-17 15:30:17,827 | [CRW_SST] coraltemp_v3.1_20170220.nc is MISSING. Will try to re-download.
2026-01-17 15:30:17,827 | [CRW_SST] coraltemp_v3.1_20170221.nc is MISSING. Will try to re-download.
2026-01-17 15:30:17,827 | [CRW_SST] coraltemp_v3.1_20170222.nc is MISSING. Will try to re-download.
2026-01-17 15:30:17,831 | [CRW_SST] coraltemp_v3.1_20170223.nc is MISSING. Will try to re-download.
2026-01-17 15:30:17,832 | [CRW_SST] coraltemp_v3.1_20170224.nc is MISSING. Will try to re-download.
2026-01-17 15:30:17,832 | [CRW_SST] coraltemp_v3.1_20170225.nc is MISSING. Will try to re-download.
2026-01-17 15:30:17,832 | [CRW_SST] coraltemp_v3.1_20170226.nc is MISSING. Will try to re-download.
2026-01-17 15:30:17,832 | [CRW_SST] coraltemp_v3.1_20170227.nc is MISSING. Will try to re-download.
2026-01-17 15:30:17,832 | [CRW_SST] coraltemp_v3.1_20170228.nc is MISSING. Will try to re-download.
2026-01-17 15:30:17,833 | [CRW_SST] coraltemp_v3.1_20170301.nc is MISSING. Will try to re-download.
2026-01-17 15:30:17,833 | [CRW_SST] coraltemp_v3.1_20170302.nc is MISSING. Will try to re-download.
2026-01-17 15:30:17,834 | [CRW_SST] coraltemp_v3.1_20170303.nc is MISSING. Will try to re-download.
2026-01-17 15:30:17,834 | [CRW_SST] coraltemp_v3.1_20170304.nc is MISSING. Will try to re-download.
2026-01-17 15:30:17,834 | [CRW_SST] coraltemp_v3.1_20170305.nc is MISSING. Will try to re-download.
2026-01-17 15:30:17,836 | [CRW_SST] coraltemp_v3.1_20170306.nc is MISSING. Will try to re-download.
2026-01-17 15:30:17,836 | [CRW_SST] coraltemp_v3.1_20170307.nc is MISSING. Will try to re-download.
2026-01-17 15:30:17,838 | [CRW_SST] coraltemp_v3.1_20170308.nc is MISSING. Will try to re-download.
2026-01-17 15:30:17,838 | [CRW_SST] coraltemp_v3.1_20170309.nc is MISSING. Will try to re-download.
2026-01-17 15:30:17,839 | [CRW_SST] coraltemp_v3.1_20170310.nc is MISSING. Will try to re-download.
2026-01-17 15:30:17,839 | [CRW_SST] coraltemp_v3.1_20170312.nc is MISSING. Will try to re-download.
2026-01-17 15:30:17,839 | [CRW_SST] coraltemp_v3.1_20170313.nc is MISSING. Will try to re-download.
2026-01-17 15:30:17,841 | [CRW_SST] coraltemp_v3.1_20170314.nc is MISSING. Will try to re-download.
2026-01-17 15:30:17,842 | [CRW_SST] coraltemp_v3.1_20170315.nc is MISSING. Will try to re-download.
2026-01-17 15:30:17,842 | [CRW_SST] coraltemp_v3.1_20170316.nc is MISSING. Will try to re-download.
2026-01-17 15:30:17,842 | [CRW_SST] coraltemp_v3.1_20170317.nc is MISSING. Will try to re-download.
2026-01-17 15:30:17,842 | [CRW_SST] coraltemp_v3.1_20170318.nc is MISSING. Will try to re-download.
2026-01-17 15:30:17,842 | [CRW_SST] coraltemp_v3.1_20170319.nc is MISSING. Will try to re-download.
2026-01-17 15:30:17,842 | [CRW_SST] coraltemp_v3.1_20170320.nc is MISSING. Will try to re-download.
2026-01-17 15:30:17,842 | [CRW_SST] coraltemp_v3.1_20170321.nc is MISSING. Will try to re-download.
2026-01-17 15:30:17,842 | [CRW_SST] coraltemp_v3.1_20170322.nc is MISSING. Will try to re-download.
2026-01-17 15:30:17,842 | [CRW_SST] coraltemp_v3.1_20170323.nc is MISSING. Will try to re-download.
2026-01-17 15:30:17,842 | [CRW_SST] coraltemp_v3.1_20170324.nc is MISSING. Will try to re-download.
2026-01-17 15:30:17,842 | [CRW_SST] coraltemp_v3.1_20170325.nc is MISSING. Will try to re-download.
2026-01-17 15:30:17,842 | [CRW_SST] coraltemp_v3.1_20170326.nc is MISSING. Will try to re-download.
2026-01-17 15:30:17,847 | [CRW_SST] coraltemp_v3.1_20170327.nc is MISSING. Will try to re-download.
2026-01-17 15:30:17,847 | [CRW_SST] coraltemp_v3.1_20170328.nc is MISSING. Will try to re-download.
2026-01-17 15:30:17,847 | [CRW_SST] coraltemp_v3.1_20170329.nc is MISSING. Will try to re-download.
2026-01-17 15:30:17,847 | [CRW_SST] coraltemp_v3.1_20170330.nc is MISSING. Will try to re-download.
2026-01-17 15:30:17,849 | [CRW_SST] coraltemp_v3.1_20170331.nc is MISSING. Will try to re-download.
2026-01-17 15:30:17,849 | [CRW_SST] coraltemp_v3.1_20170401.nc is MISSING. Will try to re-download.
2026-01-17 15:30:17,850 | [CRW_SST] coraltemp_v3.1_20170402.nc is MISSING. Will try to re-download.
2026-01-17 15:30:17,850 | [CRW_SST] coraltemp_v3.1_20170403.nc is MISSING. Will try to re-download.
2026-01-17 15:30:17,850 | [CRW_SST] coraltemp_v3.1_20170404.nc is MISSING. Will try to re-download.
2026-01-17 15:30:17,850 | [CRW_SST] coraltemp_v3.1_20170405.nc is MISSING. Will try to re-download.
2026-01-17 15:30:17,850 | [CRW_SST] coraltemp_v3.1_20170406.nc is MISSING. Will try to re-download.
2026-01-17 15:30:17,850 | [CRW_SST] coraltemp_v3.1_20170407.nc is MISSING. Will try to re-download.
2026-01-17 15:30:17,853 | [CRW_SST] coraltemp_v3.1_20170408.nc is MISSING. Will try to re-download.
2026-01-17 15:30:17,853 | [CRW_SST] coraltemp_v3.1_20170409.nc is MISSING. Will try to re-download.
2026-01-17 15:30:17,853 | [CRW_SST] coraltemp_v3.1_20170410.nc is MISSING. Will try to re-download.
2026-01-17 15:30:17,853 | [CRW_SST] coraltemp_v3.1_20170412.nc is MISSING. Will try to re-download.
2026-01-17 15:30:17,853 | [CRW_SST] coraltemp_v3.1_20170413.nc is MISSING. Will try to re-download.
2026-01-17 15:30:17,853 | [CRW_SST] coraltemp_v3.1_20170414.nc is MISSING. Will try to re-download.
2026-01-17 15:30:17,853 | [CRW_SST] coraltemp_v3.1_20170415.nc is MISSING. Will try to re-download.
2026-01-17 15:30:17,853 | [CRW_SST] coraltemp_v3.1_20170416.nc is MISSING. Will try to re-download.
2026-01-17 15:30:17,857 | [CRW_SST] coraltemp_v3.1_20170417.nc is MISSING. Will try to re-download.
2026-01-17 15:30:17,857 | [CRW_SST] coraltemp_v3.1_20170418.nc is MISSING. Will try to re-download.
2026-01-17 15:30:17,858 | [CRW_SST] coraltemp_v3.1_20170419.nc is MISSING. Will try to re-download.
2026-01-17 15:30:17,859 | [CRW_SST] coraltemp_v3.1_20170420.nc is MISSING. Will try to re-download.
2026-01-17 15:30:17,860 | [CRW_SST] coraltemp_v3.1_20170421.nc is MISSING. Will try to re-download.
2026-01-17 15:30:17,860 | [CRW_SST] coraltemp_v3.1_20170422.nc is MISSING. Will try to re-download.
2026-01-17 15:30:17,860 | [CRW_SST] coraltemp_v3.1_20170423.nc is MISSING. Will try to re-download.
2026-01-17 15:30:17,860 | [CRW_SST] coraltemp_v3.1_20170424.nc is MISSING. Will try to re-download.
2026-01-17 15:30:17,862 | [CRW_SST] coraltemp_v3.1_20170425.nc is MISSING. Will try to re-download.
2026-01-17 15:30:17,862 | [CRW_SST] coraltemp_v3.1_20170426.nc is MISSING. Will try to re-download.
2026-01-17 15:30:17,863 | [CRW_SST] coraltemp_v3.1_20170427.nc is MISSING. Will try to re-download.
2026-01-17 15:30:17,863 | [CRW_SST] coraltemp_v3.1_20170428.nc is MISSING. Will try to re-download.
2026-01-17 15:30:17,864 | [CRW_SST] coraltemp_v3.1_20170429.nc is MISSING. Will try to re-download.
2026-01-17 15:30:17,864 | [CRW_SST] coraltemp_v3.1_20170430.nc is MISSING. Will try to re-download.
2026-01-17 15:30:17,864 | [CRW_SST] coraltemp_v3.1_20170501.nc is MISSING. Will try to re-download.
2026-01-17 15:30:17,864 | [CRW_SST] coraltemp_v3.1_20170502.nc is MISSING. Will try to re-download.
2026-01-17 15:30:17,864 | [CRW_SST] coraltemp_v3.1_20170503.nc is MISSING. Will try to re-download.
2026-01-17 15:30:17,864 | [CRW_SST] coraltemp_v3.1_20170504.nc is MISSING. Will try to re-download.
2026-01-17 15:30:17,867 | [CRW_SST] coraltemp_v3.1_20170505.nc is MISSING. Will try to re-download.
2026-01-17 15:30:17,867 | [CRW_SST] coraltemp_v3.1_20170506.nc is MISSING. Will try to re-download.
2026-01-17 15:30:17,869 | [CRW_SST] coraltemp_v3.1_20170507.nc is MISSING. Will try to re-download.
2026-01-17 15:30:17,869 | [CRW_SST] coraltemp_v3.1_20170508.nc is MISSING. Will try to re-download.
2026-01-17 15:30:17,869 | [CRW_SST] coraltemp_v3.1_20170509.nc is MISSING. Will try to re-download.
2026-01-17 15:30:17,870 | [CRW_SST] coraltemp_v3.1_20170510.nc is MISSING. Will try to re-download.
2026-01-17 15:30:17,870 | [CRW_SST] coraltemp_v3.1_20170512.nc is MISSING. Will try to re-download.
2026-01-17 15:30:17,870 | [CRW_SST] coraltemp_v3.1_20170513.nc is MISSING. Will try to re-download.
2026-01-17 15:30:17,870 | [CRW_SST] coraltemp_v3.1_20170514.nc is MISSING. Will try to re-download.
2026-01-17 15:30:17,870 | [CRW_SST] coraltemp_v3.1_20170515.nc is MISSING. Will try to re-download.
2026-01-17 15:30:17,873 | [CRW_SST] coraltemp_v3.1_20170516.nc is MISSING. Will try to re-download.
2026-01-17 15:30:17,874 | [CRW_SST] coraltemp_v3.1_20170517.nc is MISSING. Will try to re-download.
2026-01-17 15:30:17,875 | [CRW_SST] coraltemp_v3.1_20170518.nc is MISSING. Will try to re-download.
2026-01-17 15:30:17,875 | [CRW_SST] coraltemp_v3.1_20170519.nc is MISSING. Will try to re-download.
2026-01-17 15:30:17,875 | [CRW_SST] coraltemp_v3.1_20170520.nc is MISSING. Will try to re-download.
2026-01-17 15:30:17,876 | [CRW_SST] coraltemp_v3.1_20170521.nc is MISSING. Will try to re-download.
2026-01-17 15:30:17,876 | [CRW_SST] coraltemp_v3.1_20170522.nc is MISSING. Will try to re-download.
2026-01-17 15:30:17,878 | [CRW_SST] coraltemp_v3.1_20170523.nc is MISSING. Will try to re-download.
2026-01-17 15:30:17,878 | [CRW_SST] coraltemp_v3.1_20170524.nc is MISSING. Will try to re-download.
2026-01-17 15:30:17,878 | [CRW_SST] coraltemp_v3.1_20170525.nc is MISSING. Will try to re-download.
2026-01-17 15:30:17,878 | [CRW_SST] coraltemp_v3.1_20170526.nc is MISSING. Will try to re-download.
2026-01-17 15:30:17,878 | [CRW_SST] coraltemp_v3.1_20170527.nc is MISSING. Will try to re-download.
2026-01-17 15:30:17,878 | [CRW_SST] coraltemp_v3.1_20170528.nc is MISSING. Will try to re-download.
2026-01-17 15:30:17,881 | [CRW_SST] coraltemp_v3.1_20170529.nc is MISSING. Will try to re-download.
2026-01-17 15:30:17,882 | [CRW_SST] coraltemp_v3.1_20170530.nc is MISSING. Will try to re-download.
2026-01-17 15:30:17,882 | [CRW_SST] coraltemp_v3.1_20170531.nc is MISSING. Will try to re-download.
2026-01-17 15:30:17,882 | [CRW_SST] coraltemp_v3.1_20170601.nc is MISSING. Will try to re-download.
2026-01-17 15:30:17,882 | [CRW_SST] coraltemp_v3.1_20170602.nc is MISSING. Will try to re-download.
2026-01-17 15:30:17,883 | [CRW_SST] coraltemp_v3.1_20170603.nc is MISSING. Will try to re-download.
2026-01-17 15:30:17,884 | [CRW_SST] coraltemp_v3.1_20170604.nc is MISSING. Will try to re-download.
2026-01-17 15:30:17,884 | [CRW_SST] coraltemp_v3.1_20170605.nc is MISSING. Will try to re-download.
2026-01-17 15:30:17,884 | [CRW_SST] coraltemp_v3.1_20170606.nc is MISSING. Will try to re-download.
2026-01-17 15:30:17,884 | [CRW_SST] coraltemp_v3.1_20170607.nc is MISSING. Will try to re-download.
2026-01-17 15:30:17,884 | [CRW_SST] coraltemp_v3.1_20170608.nc is MISSING. Will try to re-download.
2026-01-17 15:30:17,887 | [CRW_SST] coraltemp_v3.1_20170609.nc is MISSING. Will try to re-download.
2026-01-17 15:30:17,887 | [CRW_SST] coraltemp_v3.1_20170610.nc is MISSING. Will try to re-download.
2026-01-17 15:30:17,888 | [CRW_SST] coraltemp_v3.1_20170612.nc is MISSING. Will try to re-download.
2026-01-17 15:30:17,888 | [CRW_SST] coraltemp_v3.1_20170613.nc is MISSING. Will try to re-download.
2026-01-17 15:30:17,888 | [CRW_SST] coraltemp_v3.1_20170614.nc is MISSING. Will try to re-download.
2026-01-17 15:30:17,889 | [CRW_SST] coraltemp_v3.1_20170615.nc is MISSING. Will try to re-download.
2026-01-17 15:30:17,889 | [CRW_SST] coraltemp_v3.1_20170616.nc is MISSING. Will try to re-download.
2026-01-17 15:30:17,889 | [CRW_SST] coraltemp_v3.1_20170617.nc is MISSING. Will try to re-download.
2026-01-17 15:30:17,892 | [CRW_SST] coraltemp_v3.1_20170618.nc is MISSING. Will try to re-download.
2026-01-17 15:30:17,892 | [CRW_SST] coraltemp_v3.1_20170619.nc is MISSING. Will try to re-download.
2026-01-17 15:30:17,892 | [CRW_SST] coraltemp_v3.1_20170620.nc is MISSING. Will try to re-download.
2026-01-17 15:30:17,892 | [CRW_SST] coraltemp_v3.1_20170621.nc is MISSING. Will try to re-download.
2026-01-17 15:30:17,892 | [CRW_SST] coraltemp_v3.1_20170622.nc is MISSING. Will try to re-download.
2026-01-17 15:30:17,892 | [CRW_SST] coraltemp_v3.1_20170623.nc is MISSING. Will try to re-download.
2026-01-17 15:30:17,892 | [CRW_SST] coraltemp_v3.1_20170624.nc is MISSING. Will try to re-download.
2026-01-17 15:30:17,892 | [CRW_SST] coraltemp_v3.1_20170625.nc is MISSING. Will try to re-download.
2026-01-17 15:30:17,892 | [CRW_SST] coraltemp_v3.1_20170626.nc is MISSING. Will try to re-download.
2026-01-17 15:30:17,892 | [CRW_SST] coraltemp_v3.1_20170627.nc is MISSING. Will try to re-download.
2026-01-17 15:30:17,897 | [CRW_SST] coraltemp_v3.1_20170628.nc is MISSING. Will try to re-download.
2026-01-17 15:30:17,897 | [CRW_SST] coraltemp_v3.1_20170629.nc is MISSING. Will try to re-download.
2026-01-17 15:30:17,897 | [CRW_SST] coraltemp_v3.1_20170630.nc is MISSING. Will try to re-download.
2026-01-17 15:30:17,897 | [CRW_SST] coraltemp_v3.1_20170701.nc is MISSING. Will try to re-download.
2026-01-17 15:30:17,899 | [CRW_SST] coraltemp_v3.1_20170702.nc is MISSING. Will try to re-download.
2026-01-17 15:30:17,900 | [CRW_SST] coraltemp_v3.1_20170703.nc is MISSING. Will try to re-download.
2026-01-17 15:30:17,900 | [CRW_SST] coraltemp_v3.1_20170704.nc is MISSING. Will try to re-download.
2026-01-17 15:30:17,900 | [CRW_SST] coraltemp_v3.1_20170705.nc is MISSING. Will try to re-download.
2026-01-17 15:30:17,900 | [CRW_SST] coraltemp_v3.1_20170706.nc is MISSING. Will try to re-download.
2026-01-17 15:30:17,900 | [CRW_SST] coraltemp_v3.1_20170707.nc is MISSING. Will try to re-download.
2026-01-17 15:30:17,900 | [CRW_SST] coraltemp_v3.1_20170708.nc is MISSING. Will try to re-download.
2026-01-17 15:30:17,903 | [CRW_SST] coraltemp_v3.1_20170709.nc is MISSING. Will try to re-download.
2026-01-17 15:30:17,903 | [CRW_SST] coraltemp_v3.1_20170710.nc is MISSING. Will try to re-download.
2026-01-17 15:30:17,903 | [CRW_SST] coraltemp_v3.1_20170712.nc is MISSING. Will try to re-download.
2026-01-17 15:30:17,903 | [CRW_SST] coraltemp_v3.1_20170713.nc is MISSING. Will try to re-download.
2026-01-17 15:30:17,903 | [CRW_SST] coraltemp_v3.1_20170714.nc is MISSING. Will try to re-download.
2026-01-17 15:30:17,903 | [CRW_SST] coraltemp_v3.1_20170715.nc is MISSING. Will try to re-download.
2026-01-17 15:30:17,903 | [CRW_SST] coraltemp_v3.1_20170716.nc is MISSING. Will try to re-download.
2026-01-17 15:30:17,903 | [CRW_SST] coraltemp_v3.1_20170717.nc is MISSING. Will try to re-download.
2026-01-17 15:30:17,907 | [CRW_SST] coraltemp_v3.1_20170718.nc is MISSING. Will try to re-download.
2026-01-17 15:30:17,909 | [CRW_SST] coraltemp_v3.1_20170719.nc is MISSING. Will try to re-download.
2026-01-17 15:30:17,910 | [CRW_SST] coraltemp_v3.1_20170720.nc is MISSING. Will try to re-download.
2026-01-17 15:30:17,910 | [CRW_SST] coraltemp_v3.1_20170721.nc is MISSING. Will try to re-download.
2026-01-17 15:30:17,910 | [CRW_SST] coraltemp_v3.1_20170722.nc is MISSING. Will try to re-download.
2026-01-17 15:30:17,910 | [CRW_SST] coraltemp_v3.1_20170723.nc is MISSING. Will try to re-download.
2026-01-17 15:30:17,912 | [CRW_SST] coraltemp_v3.1_20170724.nc is MISSING. Will try to re-download.
2026-01-17 15:30:17,912 | [CRW_SST] coraltemp_v3.1_20170725.nc is MISSING. Will try to re-download.
2026-01-17 15:30:17,913 | [CRW_SST] coraltemp_v3.1_20170726.nc is MISSING. Will try to re-download.
2026-01-17 15:30:17,913 | [CRW_SST] coraltemp_v3.1_20170727.nc is MISSING. Will try to re-download.
2026-01-17 15:30:17,914 | [CRW_SST] coraltemp_v3.1_20170728.nc is MISSING. Will try to re-download.
2026-01-17 15:30:17,914 | [CRW_SST] coraltemp_v3.1_20170729.nc is MISSING. Will try to re-download.
2026-01-17 15:30:17,914 | [CRW_SST] coraltemp_v3.1_20170730.nc is MISSING. Will try to re-download.
2026-01-17 15:30:17,916 | [CRW_SST] coraltemp_v3.1_20170731.nc is MISSING. Will try to re-download.
2026-01-17 15:30:17,916 | [CRW_SST] coraltemp_v3.1_20170801.nc is MISSING. Will try to re-download.
2026-01-17 15:30:17,916 | [CRW_SST] coraltemp_v3.1_20170802.nc is MISSING. Will try to re-download.
2026-01-17 15:30:17,918 | [CRW_SST] coraltemp_v3.1_20170803.nc is MISSING. Will try to re-download.
2026-01-17 15:30:17,918 | [CRW_SST] coraltemp_v3.1_20170804.nc is MISSING. Will try to re-download.
2026-01-17 15:30:17,918 | [CRW_SST] coraltemp_v3.1_20170805.nc is MISSING. Will try to re-download.
2026-01-17 15:30:17,919 | [CRW_SST] coraltemp_v3.1_20170806.nc is MISSING. Will try to re-download.
2026-01-17 15:30:17,919 | [CRW_SST] coraltemp_v3.1_20170807.nc is MISSING. Will try to re-download.
2026-01-17 15:30:17,919 | [CRW_SST] coraltemp_v3.1_20170808.nc is MISSING. Will try to re-download.
2026-01-17 15:30:17,919 | [CRW_SST] coraltemp_v3.1_20170809.nc is MISSING. Will try to re-download.
2026-01-17 15:30:17,919 | [CRW_SST] coraltemp_v3.1_20170810.nc is MISSING. Will try to re-download.
2026-01-17 15:30:17,919 | [CRW_SST] coraltemp_v3.1_20170812.nc is MISSING. Will try to re-download.
2026-01-17 15:30:17,919 | [CRW_SST] coraltemp_v3.1_20170813.nc is MISSING. Will try to re-download.
2026-01-17 15:30:17,926 | [CRW_SST] coraltemp_v3.1_20170814.nc is MISSING. Will try to re-download.
2026-01-17 15:30:17,927 | [CRW_SST] coraltemp_v3.1_20170815.nc is MISSING. Will try to re-download.
2026-01-17 15:30:17,928 | [CRW_SST] coraltemp_v3.1_20170816.nc is MISSING. Will try to re-download.
2026-01-17 15:30:17,928 | [CRW_SST] coraltemp_v3.1_20170817.nc is MISSING. Will try to re-download.
2026-01-17 15:30:17,928 | [CRW_SST] coraltemp_v3.1_20170818.nc is MISSING. Will try to re-download.
2026-01-17 15:30:17,928 | [CRW_SST] coraltemp_v3.1_20170819.nc is MISSING. Will try to re-download.
2026-01-17 15:30:17,928 | [CRW_SST] coraltemp_v3.1_20170820.nc is MISSING. Will try to re-download.
2026-01-17 15:30:17,928 | [CRW_SST] coraltemp_v3.1_20170821.nc is MISSING. Will try to re-download.
2026-01-17 15:30:17,928 | [CRW_SST] coraltemp_v3.1_20170822.nc is MISSING. Will try to re-download.
2026-01-17 15:30:17,931 | [CRW_SST] coraltemp_v3.1_20170823.nc is MISSING. Will try to re-download.
2026-01-17 15:30:17,932 | [CRW_SST] coraltemp_v3.1_20170824.nc is MISSING. Will try to re-download.
2026-01-17 15:30:17,932 | [CRW_SST] coraltemp_v3.1_20170825.nc is MISSING. Will try to re-download.
2026-01-17 15:30:17,932 | [CRW_SST] coraltemp_v3.1_20170826.nc is MISSING. Will try to re-download.
2026-01-17 15:30:17,933 | [CRW_SST] coraltemp_v3.1_20170827.nc is MISSING. Will try to re-download.
2026-01-17 15:30:17,934 | [CRW_SST] coraltemp_v3.1_20170828.nc is MISSING. Will try to re-download.
2026-01-17 15:30:17,934 | [CRW_SST] coraltemp_v3.1_20170829.nc is MISSING. Will try to re-download.
2026-01-17 15:30:17,934 | [CRW_SST] coraltemp_v3.1_20170830.nc is MISSING. Will try to re-download.
2026-01-17 15:30:17,934 | [CRW_SST] coraltemp_v3.1_20170831.nc is MISSING. Will try to re-download.
2026-01-17 15:30:17,934 | [CRW_SST] coraltemp_v3.1_20170901.nc is MISSING. Will try to re-download.
2026-01-17 15:30:17,937 | [CRW_SST] coraltemp_v3.1_20170902.nc is MISSING. Will try to re-download.
2026-01-17 15:30:17,937 | [CRW_SST] coraltemp_v3.1_20170903.nc is MISSING. Will try to re-download.
2026-01-17 15:30:17,937 | [CRW_SST] coraltemp_v3.1_20170904.nc is MISSING. Will try to re-download.
2026-01-17 15:30:17,938 | [CRW_SST] coraltemp_v3.1_20170905.nc is MISSING. Will try to re-download.
2026-01-17 15:30:17,939 | [CRW_SST] coraltemp_v3.1_20170906.nc is MISSING. Will try to re-download.
2026-01-17 15:30:17,939 | [CRW_SST] coraltemp_v3.1_20170907.nc is MISSING. Will try to re-download.
2026-01-17 15:30:17,942 | [CRW_SST] coraltemp_v3.1_20170908.nc is MISSING. Will try to re-download.
2026-01-17 15:30:17,942 | [CRW_SST] coraltemp_v3.1_20170909.nc is MISSING. Will try to re-download.
2026-01-17 15:30:17,942 | [CRW_SST] coraltemp_v3.1_20170910.nc is MISSING. Will try to re-download.
2026-01-17 15:30:17,942 | [CRW_SST] coraltemp_v3.1_20170912.nc is MISSING. Will try to re-download.
2026-01-17 15:30:17,942 | [CRW_SST] coraltemp_v3.1_20170913.nc is MISSING. Will try to re-download.
2026-01-17 15:30:17,942 | [CRW_SST] coraltemp_v3.1_20170914.nc is MISSING. Will try to re-download.
2026-01-17 15:30:17,942 | [CRW_SST] coraltemp_v3.1_20170915.nc is MISSING. Will try to re-download.
2026-01-17 15:30:17,942 | [CRW_SST] coraltemp_v3.1_20170916.nc is MISSING. Will try to re-download.
2026-01-17 15:30:17,947 | [CRW_SST] coraltemp_v3.1_20170917.nc is MISSING. Will try to re-download.
2026-01-17 15:30:17,947 | [CRW_SST] coraltemp_v3.1_20170918.nc is MISSING. Will try to re-download.
2026-01-17 15:30:17,947 | [CRW_SST] coraltemp_v3.1_20170919.nc is MISSING. Will try to re-download.
2026-01-17 15:30:17,949 | [CRW_SST] coraltemp_v3.1_20170920.nc is MISSING. Will try to re-download.
2026-01-17 15:30:17,950 | [CRW_SST] coraltemp_v3.1_20170921.nc is MISSING. Will try to re-download.
2026-01-17 15:30:17,950 | [CRW_SST] coraltemp_v3.1_20170922.nc is MISSING. Will try to re-download.
2026-01-17 15:30:17,950 | [CRW_SST] coraltemp_v3.1_20170923.nc is MISSING. Will try to re-download.
2026-01-17 15:30:17,950 | [CRW_SST] coraltemp_v3.1_20170924.nc is MISSING. Will try to re-download.
2026-01-17 15:30:17,950 | [CRW_SST] coraltemp_v3.1_20170925.nc is MISSING. Will try to re-download.
2026-01-17 15:30:17,953 | [CRW_SST] coraltemp_v3.1_20170926.nc is MISSING. Will try to re-download.
2026-01-17 15:30:17,953 | [CRW_SST] coraltemp_v3.1_20170927.nc is MISSING. Will try to re-download.
2026-01-17 15:30:17,953 | [CRW_SST] coraltemp_v3.1_20170928.nc is MISSING. Will try to re-download.
2026-01-17 15:30:17,955 | [CRW_SST] coraltemp_v3.1_20170929.nc is MISSING. Will try to re-download.
2026-01-17 15:30:17,955 | [CRW_SST] coraltemp_v3.1_20170930.nc is MISSING. Will try to re-download.
2026-01-17 15:30:17,959 | [CRW_SST] coraltemp_v3.1_20171001.nc is MISSING. Will try to re-download.
2026-01-17 15:30:17,960 | [CRW_SST] coraltemp_v3.1_20171002.nc is MISSING. Will try to re-download.
2026-01-17 15:30:17,960 | [CRW_SST] coraltemp_v3.1_20171003.nc is MISSING. Will try to re-download.
2026-01-17 15:30:17,960 | [CRW_SST] coraltemp_v3.1_20171004.nc is MISSING. Will try to re-download.
2026-01-17 15:30:17,962 | [CRW_SST] coraltemp_v3.1_20171005.nc is MISSING. Will try to re-download.
2026-01-17 15:30:17,962 | [CRW_SST] coraltemp_v3.1_20171006.nc is MISSING. Will try to re-download.
2026-01-17 15:30:17,963 | [CRW_SST] coraltemp_v3.1_20171007.nc is MISSING. Will try to re-download.
2026-01-17 15:30:17,963 | [CRW_SST] coraltemp_v3.1_20171008.nc is MISSING. Will try to re-download.
2026-01-17 15:30:17,963 | [CRW_SST] coraltemp_v3.1_20171009.nc is MISSING. Will try to re-download.
2026-01-17 15:30:17,965 | [CRW_SST] coraltemp_v3.1_20171010.nc is MISSING. Will try to re-download.
2026-01-17 15:30:17,965 | [CRW_SST] coraltemp_v3.1_20171012.nc is MISSING. Will try to re-download.
2026-01-17 15:30:17,965 | [CRW_SST] coraltemp_v3.1_20171013.nc is MISSING. Will try to re-download.
2026-01-17 15:30:17,965 | [CRW_SST] coraltemp_v3.1_20171014.nc is MISSING. Will try to re-download.
2026-01-17 15:30:17,967 | [CRW_SST] coraltemp_v3.1_20171015.nc is MISSING. Will try to re-download.
2026-01-17 15:30:17,967 | [CRW_SST] coraltemp_v3.1_20171016.nc is MISSING. Will try to re-download.
2026-01-17 15:30:17,967 | [CRW_SST] coraltemp_v3.1_20171017.nc is MISSING. Will try to re-download.
2026-01-17 15:30:17,967 | [CRW_SST] coraltemp_v3.1_20171018.nc is MISSING. Will try to re-download.
2026-01-17 15:30:17,969 | [CRW_SST] coraltemp_v3.1_20171019.nc is MISSING. Will try to re-download.
2026-01-17 15:30:17,969 | [CRW_SST] coraltemp_v3.1_20171020.nc is MISSING. Will try to re-download.
2026-01-17 15:30:17,970 | [CRW_SST] coraltemp_v3.1_20171021.nc is MISSING. Will try to re-download.
2026-01-17 15:30:17,970 | [CRW_SST] coraltemp_v3.1_20171022.nc is MISSING. Will try to re-download.
2026-01-17 15:30:17,970 | [CRW_SST] coraltemp_v3.1_20171023.nc is MISSING. Will try to re-download.
2026-01-17 15:30:17,970 | [CRW_SST] coraltemp_v3.1_20171024.nc is MISSING. Will try to re-download.
2026-01-17 15:30:17,970 | [CRW_SST] coraltemp_v3.1_20171025.nc is MISSING. Will try to re-download.
2026-01-17 15:30:17,970 | [CRW_SST] coraltemp_v3.1_20171026.nc is MISSING. Will try to re-download.
2026-01-17 15:30:17,974 | [CRW_SST] coraltemp_v3.1_20171027.nc is MISSING. Will try to re-download.
2026-01-17 15:30:17,975 | [CRW_SST] coraltemp_v3.1_20171028.nc is MISSING. Will try to re-download.
2026-01-17 15:30:17,975 | [CRW_SST] coraltemp_v3.1_20171029.nc is MISSING. Will try to re-download.
2026-01-17 15:30:17,975 | [CRW_SST] coraltemp_v3.1_20171030.nc is MISSING. Will try to re-download.
2026-01-17 15:30:17,975 | [CRW_SST] coraltemp_v3.1_20171031.nc is MISSING. Will try to re-download.
2026-01-17 15:30:17,977 | [CRW_SST] coraltemp_v3.1_20171201.nc is MISSING. Will try to re-download.
2026-01-17 15:30:17,977 | [CRW_SST] coraltemp_v3.1_20171202.nc is MISSING. Will try to re-download.
2026-01-17 15:30:17,977 | [CRW_SST] coraltemp_v3.1_20171203.nc is MISSING. Will try to re-download.
2026-01-17 15:30:17,977 | [CRW_SST] coraltemp_v3.1_20171204.nc is MISSING. Will try to re-download.
2026-01-17 15:30:17,977 | [CRW_SST] coraltemp_v3.1_20171205.nc is MISSING. Will try to re-download.
2026-01-17 15:30:17,977 | [CRW_SST] coraltemp_v3.1_20171206.nc is MISSING. Will try to re-download.
2026-01-17 15:30:17,977 | [CRW_SST] coraltemp_v3.1_20171207.nc is MISSING. Will try to re-download.
2026-01-17 15:30:17,981 | [CRW_SST] coraltemp_v3.1_20171208.nc is MISSING. Will try to re-download.
2026-01-17 15:30:17,982 | [CRW_SST] coraltemp_v3.1_20171209.nc is MISSING. Will try to re-download.
2026-01-17 15:30:17,982 | [CRW_SST] coraltemp_v3.1_20171210.nc is MISSING. Will try to re-download.
2026-01-17 15:30:17,983 | [CRW_SST] coraltemp_v3.1_20171212.nc is MISSING. Will try to re-download.
2026-01-17 15:30:17,983 | [CRW_SST] coraltemp_v3.1_20171213.nc is MISSING. Will try to re-download.
2026-01-17 15:30:17,984 | [CRW_SST] coraltemp_v3.1_20171214.nc is MISSING. Will try to re-download.
2026-01-17 15:30:17,984 | [CRW_SST] coraltemp_v3.1_20171215.nc is MISSING. Will try to re-download.
2026-01-17 15:30:17,985 | [CRW_SST] coraltemp_v3.1_20171216.nc is MISSING. Will try to re-download.
2026-01-17 15:30:17,985 | [CRW_SST] coraltemp_v3.1_20171217.nc is MISSING. Will try to re-download.
2026-01-17 15:30:17,985 | [CRW_SST] coraltemp_v3.1_20171218.nc is MISSING. Will try to re-download.
2026-01-17 15:30:17,986 | [CRW_SST] coraltemp_v3.1_20171219.nc is MISSING. Will try to re-download.
2026-01-17 15:30:17,987 | [CRW_SST] coraltemp_v3.1_20171220.nc is MISSING. Will try to re-download.
2026-01-17 15:30:17,988 | [CRW_SST] coraltemp_v3.1_20171221.nc is MISSING. Will try to re-download.
2026-01-17 15:30:17,988 | [CRW_SST] coraltemp_v3.1_20171222.nc is MISSING. Will try to re-download.
2026-01-17 15:30:17,989 | [CRW_SST] coraltemp_v3.1_20171223.nc is MISSING. Will try to re-download.
2026-01-17 15:30:17,989 | [CRW_SST] coraltemp_v3.1_20171224.nc is MISSING. Will try to re-download.
2026-01-17 15:30:17,989 | [CRW_SST] coraltemp_v3.1_20171225.nc is MISSING. Will try to re-download.
2026-01-17 15:30:17,992 | [CRW_SST] coraltemp_v3.1_20171226.nc is MISSING. Will try to re-download.
2026-01-17 15:30:17,992 | [CRW_SST] coraltemp_v3.1_20171227.nc is MISSING. Will try to re-download.
2026-01-17 15:30:17,992 | [CRW_SST] coraltemp_v3.1_20171228.nc is MISSING. Will try to re-download.
2026-01-17 15:30:17,992 | [CRW_SST] coraltemp_v3.1_20171229.nc is MISSING. Will try to re-download.
2026-01-17 15:30:17,992 | [CRW_SST] coraltemp_v3.1_20171230.nc is MISSING. Will try to re-download.
2026-01-17 15:30:17,992 | [CRW_SST] coraltemp_v3.1_20171231.nc is MISSING. Will try to re-download.
2026-01-17 15:30:17,992 | [CRW_SST] coraltemp_v3.1_20180101.nc is MISSING. Will try to re-download.
2026-01-17 15:30:17,992 | [CRW_SST] coraltemp_v3.1_20180102.nc is MISSING. Will try to re-download.
2026-01-17 15:30:17,997 | [CRW_SST] coraltemp_v3.1_20180103.nc is MISSING. Will try to re-download.
2026-01-17 15:30:17,997 | [CRW_SST] coraltemp_v3.1_20180104.nc is MISSING. Will try to re-download.
2026-01-17 15:30:17,997 | [CRW_SST] coraltemp_v3.1_20180105.nc is MISSING. Will try to re-download.
2026-01-17 15:30:17,997 | [CRW_SST] coraltemp_v3.1_20180106.nc is MISSING. Will try to re-download.
2026-01-17 15:30:17,999 | [CRW_SST] coraltemp_v3.1_20180107.nc is MISSING. Will try to re-download.
2026-01-17 15:30:18,000 | [CRW_SST] coraltemp_v3.1_20180108.nc is MISSING. Will try to re-download.
2026-01-17 15:30:18,000 | [CRW_SST] coraltemp_v3.1_20180109.nc is MISSING. Will try to re-download.
2026-01-17 15:30:18,000 | [CRW_SST] coraltemp_v3.1_20180120.nc is MISSING. Will try to re-download.
2026-01-17 15:30:18,000 | [CRW_SST] coraltemp_v3.1_20180121.nc is MISSING. Will try to re-download.
2026-01-17 15:30:18,002 | [CRW_SST] coraltemp_v3.1_20180122.nc is MISSING. Will try to re-download.
2026-01-17 15:30:18,002 | [CRW_SST] coraltemp_v3.1_20180123.nc is MISSING. Will try to re-download.
2026-01-17 15:30:18,003 | [CRW_SST] coraltemp_v3.1_20180124.nc is MISSING. Will try to re-download.
2026-01-17 15:30:18,003 | [CRW_SST] coraltemp_v3.1_20180125.nc is MISSING. Will try to re-download.
2026-01-17 15:30:18,003 | [CRW_SST] coraltemp_v3.1_20180126.nc is MISSING. Will try to re-download.
2026-01-17 15:30:18,003 | [CRW_SST] coraltemp_v3.1_20180127.nc is MISSING. Will try to re-download.
2026-01-17 15:30:18,003 | [CRW_SST] coraltemp_v3.1_20180128.nc is MISSING. Will try to re-download.
2026-01-17 15:30:18,003 | [CRW_SST] coraltemp_v3.1_20180129.nc is MISSING. Will try to re-download.
2026-01-17 15:30:18,003 | [CRW_SST] coraltemp_v3.1_20180130.nc is MISSING. Will try to re-download.
2026-01-17 15:30:18,003 | [CRW_SST] coraltemp_v3.1_20180131.nc is MISSING. Will try to re-download.
2026-01-17 15:30:18,009 | [CRW_SST] coraltemp_v3.1_20180201.nc is MISSING. Will try to re-download.
2026-01-17 15:30:18,009 | [CRW_SST] coraltemp_v3.1_20180202.nc is MISSING. Will try to re-download.
2026-01-17 15:30:18,009 | [CRW_SST] coraltemp_v3.1_20180203.nc is MISSING. Will try to re-download.
2026-01-17 15:30:18,010 | [CRW_SST] coraltemp_v3.1_20180204.nc is MISSING. Will try to re-download.
2026-01-17 15:30:18,010 | [CRW_SST] coraltemp_v3.1_20180205.nc is MISSING. Will try to re-download.
2026-01-17 15:30:18,010 | [CRW_SST] coraltemp_v3.1_20180206.nc is MISSING. Will try to re-download.
2026-01-17 15:30:18,012 | [CRW_SST] coraltemp_v3.1_20180207.nc is MISSING. Will try to re-download.
2026-01-17 15:30:18,012 | [CRW_SST] coraltemp_v3.1_20180208.nc is MISSING. Will try to re-download.
2026-01-17 15:30:18,013 | [CRW_SST] coraltemp_v3.1_20180209.nc is MISSING. Will try to re-download.
2026-01-17 15:30:18,013 | [CRW_SST] coraltemp_v3.1_20180210.nc is MISSING. Will try to re-download.
2026-01-17 15:30:18,014 | [CRW_SST] coraltemp_v3.1_20180212.nc is MISSING. Will try to re-download.
2026-01-17 15:30:18,014 | [CRW_SST] coraltemp_v3.1_20180213.nc is MISSING. Will try to re-download.
2026-01-17 15:30:18,015 | [CRW_SST] coraltemp_v3.1_20180214.nc is MISSING. Will try to re-download.
2026-01-17 15:30:18,015 | [CRW_SST] coraltemp_v3.1_20180215.nc is MISSING. Will try to re-download.
2026-01-17 15:30:18,015 | [CRW_SST] coraltemp_v3.1_20180216.nc is MISSING. Will try to re-download.
2026-01-17 15:30:18,017 | [CRW_SST] coraltemp_v3.1_20180217.nc is MISSING. Will try to re-download.
2026-01-17 15:30:18,017 | [CRW_SST] coraltemp_v3.1_20180218.nc is MISSING. Will try to re-download.
2026-01-17 15:30:18,019 | [CRW_SST] coraltemp_v3.1_20180219.nc is MISSING. Will try to re-download.
2026-01-17 15:30:18,019 | [CRW_SST] coraltemp_v3.1_20180220.nc is MISSING. Will try to re-download.
2026-01-17 15:30:18,019 | [CRW_SST] coraltemp_v3.1_20180221.nc is MISSING. Will try to re-download.
2026-01-17 15:30:18,019 | [CRW_SST] coraltemp_v3.1_20180222.nc is MISSING. Will try to re-download.
2026-01-17 15:30:18,021 | [CRW_SST] coraltemp_v3.1_20180223.nc is MISSING. Will try to re-download.
2026-01-17 15:30:18,021 | [CRW_SST] coraltemp_v3.1_20180224.nc is MISSING. Will try to re-download.
2026-01-17 15:30:18,021 | [CRW_SST] coraltemp_v3.1_20180225.nc is MISSING. Will try to re-download.
2026-01-17 15:30:18,021 | [CRW_SST] coraltemp_v3.1_20180226.nc is MISSING. Will try to re-download.
2026-01-17 15:30:18,025 | [CRW_SST] coraltemp_v3.1_20180227.nc is MISSING. Will try to re-download.
2026-01-17 15:30:18,025 | [CRW_SST] coraltemp_v3.1_20180228.nc is MISSING. Will try to re-download.
2026-01-17 15:30:18,026 | [CRW_SST] coraltemp_v3.1_20180301.nc is MISSING. Will try to re-download.
2026-01-17 15:30:18,028 | [CRW_SST] coraltemp_v3.1_20180302.nc is MISSING. Will try to re-download.
2026-01-17 15:30:18,028 | [CRW_SST] coraltemp_v3.1_20180303.nc is MISSING. Will try to re-download.
2026-01-17 15:30:18,028 | [CRW_SST] coraltemp_v3.1_20180304.nc is MISSING. Will try to re-download.
2026-01-17 15:30:18,029 | [CRW_SST] coraltemp_v3.1_20180305.nc is MISSING. Will try to re-download.
2026-01-17 15:30:18,029 | [CRW_SST] coraltemp_v3.1_20180306.nc is MISSING. Will try to re-download.
2026-01-17 15:30:18,029 | [CRW_SST] coraltemp_v3.1_20180307.nc is MISSING. Will try to re-download.
2026-01-17 15:30:18,031 | [CRW_SST] coraltemp_v3.1_20180308.nc is MISSING. Will try to re-download.
2026-01-17 15:30:18,031 | [CRW_SST] coraltemp_v3.1_20180309.nc is MISSING. Will try to re-download.
2026-01-17 15:30:18,032 | [CRW_SST] coraltemp_v3.1_20180310.nc is MISSING. Will try to re-download.
2026-01-17 15:30:18,032 | [CRW_SST] coraltemp_v3.1_20180312.nc is MISSING. Will try to re-download.
2026-01-17 15:30:18,032 | [CRW_SST] coraltemp_v3.1_20180313.nc is MISSING. Will try to re-download.
2026-01-17 15:30:18,032 | [CRW_SST] coraltemp_v3.1_20180314.nc is MISSING. Will try to re-download.
2026-01-17 15:30:18,033 | [CRW_SST] coraltemp_v3.1_20180315.nc is MISSING. Will try to re-download.
2026-01-17 15:30:18,034 | [CRW_SST] coraltemp_v3.1_20180316.nc is MISSING. Will try to re-download.
2026-01-17 15:30:18,034 | [CRW_SST] coraltemp_v3.1_20180317.nc is MISSING. Will try to re-download.
2026-01-17 15:30:18,034 | [CRW_SST] coraltemp_v3.1_20180318.nc is MISSING. Will try to re-download.
2026-01-17 15:30:18,034 | [CRW_SST] coraltemp_v3.1_20180319.nc is MISSING. Will try to re-download.
2026-01-17 15:30:18,034 | [CRW_SST] coraltemp_v3.1_20180320.nc is MISSING. Will try to re-download.
2026-01-17 15:30:18,034 | [CRW_SST] coraltemp_v3.1_20180321.nc is MISSING. Will try to re-download.
2026-01-17 15:30:18,037 | [CRW_SST] coraltemp_v3.1_20180322.nc is MISSING. Will try to re-download.
2026-01-17 15:30:18,037 | [CRW_SST] coraltemp_v3.1_20180323.nc is MISSING. Will try to re-download.
2026-01-17 15:30:18,038 | [CRW_SST] coraltemp_v3.1_20180324.nc is MISSING. Will try to re-download.
2026-01-17 15:30:18,038 | [CRW_SST] coraltemp_v3.1_20180325.nc is MISSING. Will try to re-download.
2026-01-17 15:30:18,038 | [CRW_SST] coraltemp_v3.1_20180326.nc is MISSING. Will try to re-download.
2026-01-17 15:30:18,039 | [CRW_SST] coraltemp_v3.1_20180327.nc is MISSING. Will try to re-download.
2026-01-17 15:30:18,040 | [CRW_SST] coraltemp_v3.1_20180328.nc is MISSING. Will try to re-download.
2026-01-17 15:30:18,042 | [CRW_SST] coraltemp_v3.1_20180329.nc is MISSING. Will try to re-download.
2026-01-17 15:30:18,042 | [CRW_SST] coraltemp_v3.1_20180330.nc is MISSING. Will try to re-download.
2026-01-17 15:30:18,042 | [CRW_SST] coraltemp_v3.1_20180331.nc is MISSING. Will try to re-download.
2026-01-17 15:30:18,042 | [CRW_SST] coraltemp_v3.1_20180401.nc is MISSING. Will try to re-download.
2026-01-17 15:30:18,042 | [CRW_SST] coraltemp_v3.1_20180402.nc is MISSING. Will try to re-download.
2026-01-17 15:30:18,042 | [CRW_SST] coraltemp_v3.1_20180403.nc is MISSING. Will try to re-download.
2026-01-17 15:30:18,042 | [CRW_SST] coraltemp_v3.1_20180404.nc is MISSING. Will try to re-download.
2026-01-17 15:30:18,042 | [CRW_SST] coraltemp_v3.1_20180405.nc is MISSING. Will try to re-download.
2026-01-17 15:30:18,042 | [CRW_SST] coraltemp_v3.1_20180406.nc is MISSING. Will try to re-download.
2026-01-17 15:30:18,047 | [CRW_SST] coraltemp_v3.1_20180407.nc is MISSING. Will try to re-download.
2026-01-17 15:30:18,047 | [CRW_SST] coraltemp_v3.1_20180408.nc is MISSING. Will try to re-download.
2026-01-17 15:30:18,047 | [CRW_SST] coraltemp_v3.1_20180409.nc is MISSING. Will try to re-download.
2026-01-17 15:30:18,049 | [CRW_SST] coraltemp_v3.1_20180410.nc is MISSING. Will try to re-download.
2026-01-17 15:30:18,050 | [CRW_SST] coraltemp_v3.1_20180412.nc is MISSING. Will try to re-download.
2026-01-17 15:30:18,050 | [CRW_SST] coraltemp_v3.1_20180413.nc is MISSING. Will try to re-download.
2026-01-17 15:30:18,050 | [CRW_SST] coraltemp_v3.1_20180414.nc is MISSING. Will try to re-download.
2026-01-17 15:30:18,051 | [CRW_SST] coraltemp_v3.1_20180415.nc is MISSING. Will try to re-download.
2026-01-17 15:30:18,051 | [CRW_SST] coraltemp_v3.1_20180416.nc is MISSING. Will try to re-download.
2026-01-17 15:30:18,051 | [CRW_SST] coraltemp_v3.1_20180417.nc is MISSING. Will try to re-download.
2026-01-17 15:30:18,051 | [CRW_SST] coraltemp_v3.1_20180418.nc is MISSING. Will try to re-download.
2026-01-17 15:30:18,053 | [CRW_SST] coraltemp_v3.1_20180419.nc is MISSING. Will try to re-download.
2026-01-17 15:30:18,053 | [CRW_SST] coraltemp_v3.1_20180420.nc is MISSING. Will try to re-download.
2026-01-17 15:30:18,053 | [CRW_SST] coraltemp_v3.1_20180421.nc is MISSING. Will try to re-download.
2026-01-17 15:30:18,053 | [CRW_SST] coraltemp_v3.1_20180422.nc is MISSING. Will try to re-download.
2026-01-17 15:30:18,053 | [CRW_SST] coraltemp_v3.1_20180423.nc is MISSING. Will try to re-download.
2026-01-17 15:30:18,053 | [CRW_SST] coraltemp_v3.1_20180424.nc is MISSING. Will try to re-download.
2026-01-17 15:30:18,053 | [CRW_SST] coraltemp_v3.1_20180425.nc is MISSING. Will try to re-download.
2026-01-17 15:30:18,058 | [CRW_SST] coraltemp_v3.1_20180426.nc is MISSING. Will try to re-download.
2026-01-17 15:30:18,059 | [CRW_SST] coraltemp_v3.1_20180427.nc is MISSING. Will try to re-download.
2026-01-17 15:30:18,059 | [CRW_SST] coraltemp_v3.1_20180428.nc is MISSING. Will try to re-download.
2026-01-17 15:30:18,060 | [CRW_SST] coraltemp_v3.1_20180429.nc is MISSING. Will try to re-download.
2026-01-17 15:30:18,060 | [CRW_SST] coraltemp_v3.1_20180430.nc is MISSING. Will try to re-download.
2026-01-17 15:30:18,060 | [CRW_SST] coraltemp_v3.1_20180501.nc is MISSING. Will try to re-download.
2026-01-17 15:30:18,062 | [CRW_SST] coraltemp_v3.1_20180502.nc is MISSING. Will try to re-download.
2026-01-17 15:30:18,062 | [CRW_SST] coraltemp_v3.1_20180503.nc is MISSING. Will try to re-download.
2026-01-17 15:30:18,063 | [CRW_SST] coraltemp_v3.1_20180504.nc is MISSING. Will try to re-download.
2026-01-17 15:30:18,063 | [CRW_SST] coraltemp_v3.1_20180505.nc is MISSING. Will try to re-download.
2026-01-17 15:30:18,064 | [CRW_SST] coraltemp_v3.1_20180506.nc is MISSING. Will try to re-download.
2026-01-17 15:30:18,064 | [CRW_SST] coraltemp_v3.1_20180507.nc is MISSING. Will try to re-download.
2026-01-17 15:30:18,064 | [CRW_SST] coraltemp_v3.1_20180508.nc is MISSING. Will try to re-download.
2026-01-17 15:30:18,066 | [CRW_SST] coraltemp_v3.1_20180509.nc is MISSING. Will try to re-download.
2026-01-17 15:30:18,066 | [CRW_SST] coraltemp_v3.1_20180510.nc is MISSING. Will try to re-download.
2026-01-17 15:30:18,067 | [CRW_SST] coraltemp_v3.1_20180512.nc is MISSING. Will try to re-download.
2026-01-17 15:30:18,067 | [CRW_SST] coraltemp_v3.1_20180513.nc is MISSING. Will try to re-download.
2026-01-17 15:30:18,067 | [CRW_SST] coraltemp_v3.1_20180514.nc is MISSING. Will try to re-download.
2026-01-17 15:30:18,069 | [CRW_SST] coraltemp_v3.1_20180515.nc is MISSING. Will try to re-download.
2026-01-17 15:30:18,069 | [CRW_SST] coraltemp_v3.1_20180516.nc is MISSING. Will try to re-download.
2026-01-17 15:30:18,069 | [CRW_SST] coraltemp_v3.1_20180517.nc is MISSING. Will try to re-download.
2026-01-17 15:30:18,069 | [CRW_SST] coraltemp_v3.1_20180518.nc is MISSING. Will try to re-download.
2026-01-17 15:30:18,069 | [CRW_SST] coraltemp_v3.1_20180519.nc is MISSING. Will try to re-download.
2026-01-17 15:30:18,069 | [CRW_SST] coraltemp_v3.1_20180520.nc is MISSING. Will try to re-download.
2026-01-17 15:30:18,072 | [CRW_SST] coraltemp_v3.1_20180521.nc is MISSING. Will try to re-download.
2026-01-17 15:30:18,072 | [CRW_SST] coraltemp_v3.1_20180522.nc is MISSING. Will try to re-download.
2026-01-17 15:30:18,072 | [CRW_SST] coraltemp_v3.1_20180523.nc is MISSING. Will try to re-download.
2026-01-17 15:30:18,074 | [CRW_SST] coraltemp_v3.1_20180524.nc is MISSING. Will try to re-download.
2026-01-17 15:30:18,074 | [CRW_SST] coraltemp_v3.1_20180525.nc is MISSING. Will try to re-download.
2026-01-17 15:30:18,076 | [CRW_SST] coraltemp_v3.1_20180526.nc is MISSING. Will try to re-download.
2026-01-17 15:30:18,076 | [CRW_SST] coraltemp_v3.1_20180527.nc is MISSING. Will try to re-download.
2026-01-17 15:30:18,077 | [CRW_SST] coraltemp_v3.1_20180528.nc is MISSING. Will try to re-download.
2026-01-17 15:30:18,077 | [CRW_SST] coraltemp_v3.1_20180529.nc is MISSING. Will try to re-download.
2026-01-17 15:30:18,077 | [CRW_SST] coraltemp_v3.1_20180530.nc is MISSING. Will try to re-download.
2026-01-17 15:30:18,077 | [CRW_SST] coraltemp_v3.1_20180531.nc is MISSING. Will try to re-download.
2026-01-17 15:30:18,077 | [CRW_SST] coraltemp_v3.1_20180601.nc is MISSING. Will try to re-download.
2026-01-17 15:30:18,077 | [CRW_SST] coraltemp_v3.1_20180602.nc is MISSING. Will try to re-download.
2026-01-17 15:30:18,077 | [CRW_SST] coraltemp_v3.1_20180603.nc is MISSING. Will try to re-download.
2026-01-17 15:30:18,077 | [CRW_SST] coraltemp_v3.1_20180604.nc is MISSING. Will try to re-download.
2026-01-17 15:30:18,081 | [CRW_SST] coraltemp_v3.1_20180605.nc is MISSING. Will try to re-download.
2026-01-17 15:30:18,081 | [CRW_SST] coraltemp_v3.1_20180606.nc is MISSING. Will try to re-download.
2026-01-17 15:30:18,082 | [CRW_SST] coraltemp_v3.1_20180607.nc is MISSING. Will try to re-download.
2026-01-17 15:30:18,082 | [CRW_SST] coraltemp_v3.1_20180608.nc is MISSING. Will try to re-download.
2026-01-17 15:30:18,083 | [CRW_SST] coraltemp_v3.1_20180609.nc is MISSING. Will try to re-download.
2026-01-17 15:30:18,083 | [CRW_SST] coraltemp_v3.1_20180610.nc is MISSING. Will try to re-download.
2026-01-17 15:30:18,084 | [CRW_SST] coraltemp_v3.1_20180612.nc is MISSING. Will try to re-download.
2026-01-17 15:30:18,085 | [CRW_SST] coraltemp_v3.1_20180613.nc is MISSING. Will try to re-download.
2026-01-17 15:30:18,085 | [CRW_SST] coraltemp_v3.1_20180614.nc is MISSING. Will try to re-download.
2026-01-17 15:30:18,085 | [CRW_SST] coraltemp_v3.1_20180615.nc is MISSING. Will try to re-download.
2026-01-17 15:30:18,086 | [CRW_SST] coraltemp_v3.1_20180616.nc is MISSING. Will try to re-download.
2026-01-17 15:30:18,086 | [CRW_SST] coraltemp_v3.1_20180617.nc is MISSING. Will try to re-download.
2026-01-17 15:30:18,088 | [CRW_SST] coraltemp_v3.1_20180618.nc is MISSING. Will try to re-download.
2026-01-17 15:30:18,088 | [CRW_SST] coraltemp_v3.1_20180619.nc is MISSING. Will try to re-download.
2026-01-17 15:30:18,089 | [CRW_SST] coraltemp_v3.1_20180620.nc is MISSING. Will try to re-download.
2026-01-17 15:30:18,089 | [CRW_SST] coraltemp_v3.1_20180621.nc is MISSING. Will try to re-download.
2026-01-17 15:30:18,090 | [CRW_SST] coraltemp_v3.1_20180622.nc is MISSING. Will try to re-download.
2026-01-17 15:30:18,092 | [CRW_SST] coraltemp_v3.1_20180623.nc is MISSING. Will try to re-download.
2026-01-17 15:30:18,092 | [CRW_SST] coraltemp_v3.1_20180624.nc is MISSING. Will try to re-download.
2026-01-17 15:30:18,092 | [CRW_SST] coraltemp_v3.1_20180625.nc is MISSING. Will try to re-download.
2026-01-17 15:30:18,092 | [CRW_SST] coraltemp_v3.1_20180626.nc is MISSING. Will try to re-download.
2026-01-17 15:30:18,095 | [CRW_SST] coraltemp_v3.1_20180627.nc is MISSING. Will try to re-download.
2026-01-17 15:30:18,095 | [CRW_SST] coraltemp_v3.1_20180628.nc is MISSING. Will try to re-download.
2026-01-17 15:30:18,095 | [CRW_SST] coraltemp_v3.1_20180629.nc is MISSING. Will try to re-download.
2026-01-17 15:30:18,097 | [CRW_SST] coraltemp_v3.1_20180630.nc is MISSING. Will try to re-download.
2026-01-17 15:30:18,097 | [CRW_SST] coraltemp_v3.1_20180701.nc is MISSING. Will try to re-download.
2026-01-17 15:30:18,097 | [CRW_SST] coraltemp_v3.1_20180702.nc is MISSING. Will try to re-download.
2026-01-17 15:30:18,097 | [CRW_SST] coraltemp_v3.1_20180703.nc is MISSING. Will try to re-download.
2026-01-17 15:30:18,099 | [CRW_SST] coraltemp_v3.1_20180704.nc is MISSING. Will try to re-download.
2026-01-17 15:30:18,099 | [CRW_SST] coraltemp_v3.1_20180705.nc is MISSING. Will try to re-download.
2026-01-17 15:30:18,100 | [CRW_SST] coraltemp_v3.1_20180706.nc is MISSING. Will try to re-download.
2026-01-17 15:30:18,100 | [CRW_SST] coraltemp_v3.1_20180707.nc is MISSING. Will try to re-download.
2026-01-17 15:30:18,100 | [CRW_SST] coraltemp_v3.1_20180708.nc is MISSING. Will try to re-download.
2026-01-17 15:30:18,100 | [CRW_SST] coraltemp_v3.1_20180709.nc is MISSING. Will try to re-download.
2026-01-17 15:30:18,102 | [CRW_SST] coraltemp_v3.1_20180710.nc is MISSING. Will try to re-download.
2026-01-17 15:30:18,103 | [CRW_SST] coraltemp_v3.1_20180712.nc is MISSING. Will try to re-download.
2026-01-17 15:30:18,103 | [CRW_SST] coraltemp_v3.1_20180713.nc is MISSING. Will try to re-download.
2026-01-17 15:30:18,103 | [CRW_SST] coraltemp_v3.1_20180714.nc is MISSING. Will try to re-download.
2026-01-17 15:30:18,103 | [CRW_SST] coraltemp_v3.1_20180715.nc is MISSING. Will try to re-download.
2026-01-17 15:30:18,103 | [CRW_SST] coraltemp_v3.1_20180716.nc is MISSING. Will try to re-download.
2026-01-17 15:30:18,103 | [CRW_SST] coraltemp_v3.1_20180717.nc is MISSING. Will try to re-download.
2026-01-17 15:30:18,103 | [CRW_SST] coraltemp_v3.1_20180718.nc is MISSING. Will try to re-download.
2026-01-17 15:30:18,106 | [CRW_SST] coraltemp_v3.1_20180719.nc is MISSING. Will try to re-download.
2026-01-17 15:30:18,111 | [CRW_SST] coraltemp_v3.1_20180720.nc is MISSING. Will try to re-download.
2026-01-17 15:30:18,111 | [CRW_SST] coraltemp_v3.1_20180721.nc is MISSING. Will try to re-download.
2026-01-17 15:30:18,112 | [CRW_SST] coraltemp_v3.1_20180722.nc is MISSING. Will try to re-download.
2026-01-17 15:30:18,112 | [CRW_SST] coraltemp_v3.1_20180723.nc is MISSING. Will try to re-download.
2026-01-17 15:30:18,113 | [CRW_SST] coraltemp_v3.1_20180724.nc is MISSING. Will try to re-download.
2026-01-17 15:30:18,113 | [CRW_SST] coraltemp_v3.1_20180725.nc is MISSING. Will try to re-download.
2026-01-17 15:30:18,113 | [CRW_SST] coraltemp_v3.1_20180726.nc is MISSING. Will try to re-download.
2026-01-17 15:30:18,114 | [CRW_SST] coraltemp_v3.1_20180727.nc is MISSING. Will try to re-download.
2026-01-17 15:30:18,114 | [CRW_SST] coraltemp_v3.1_20180728.nc is MISSING. Will try to re-download.
2026-01-17 15:30:18,114 | [CRW_SST] coraltemp_v3.1_20180729.nc is MISSING. Will try to re-download.
2026-01-17 15:30:18,114 | [CRW_SST] coraltemp_v3.1_20180730.nc is MISSING. Will try to re-download.
2026-01-17 15:30:18,116 | [CRW_SST] coraltemp_v3.1_20180731.nc is MISSING. Will try to re-download.
2026-01-17 15:30:18,116 | [CRW_SST] coraltemp_v3.1_20180801.nc is MISSING. Will try to re-download.
2026-01-17 15:30:18,118 | [CRW_SST] coraltemp_v3.1_20180802.nc is MISSING. Will try to re-download.
2026-01-17 15:30:18,118 | [CRW_SST] coraltemp_v3.1_20180803.nc is MISSING. Will try to re-download.
2026-01-17 15:30:18,119 | [CRW_SST] coraltemp_v3.1_20180804.nc is MISSING. Will try to re-download.
2026-01-17 15:30:18,119 | [CRW_SST] coraltemp_v3.1_20180805.nc is MISSING. Will try to re-download.
2026-01-17 15:30:18,119 | [CRW_SST] coraltemp_v3.1_20180806.nc is MISSING. Will try to re-download.
2026-01-17 15:30:18,119 | [CRW_SST] coraltemp_v3.1_20180807.nc is MISSING. Will try to re-download.
2026-01-17 15:30:18,119 | [CRW_SST] coraltemp_v3.1_20180808.nc is MISSING. Will try to re-download.
2026-01-17 15:30:18,119 | [CRW_SST] coraltemp_v3.1_20180809.nc is MISSING. Will try to re-download.
2026-01-17 15:30:18,119 | [CRW_SST] coraltemp_v3.1_20180810.nc is MISSING. Will try to re-download.
2026-01-17 15:30:18,119 | [CRW_SST] coraltemp_v3.1_20180812.nc is MISSING. Will try to re-download.
2026-01-17 15:30:18,123 | [CRW_SST] coraltemp_v3.1_20180813.nc is MISSING. Will try to re-download.
2026-01-17 15:30:18,124 | [CRW_SST] coraltemp_v3.1_20180814.nc is MISSING. Will try to re-download.
2026-01-17 15:30:18,126 | [CRW_SST] coraltemp_v3.1_20180815.nc is MISSING. Will try to re-download.
2026-01-17 15:30:18,126 | [CRW_SST] coraltemp_v3.1_20180816.nc is MISSING. Will try to re-download.
2026-01-17 15:30:18,127 | [CRW_SST] coraltemp_v3.1_20180817.nc is MISSING. Will try to re-download.
2026-01-17 15:30:18,127 | [CRW_SST] coraltemp_v3.1_20180818.nc is MISSING. Will try to re-download.
2026-01-17 15:30:18,127 | [CRW_SST] coraltemp_v3.1_20180819.nc is MISSING. Will try to re-download.
2026-01-17 15:30:18,127 | [CRW_SST] coraltemp_v3.1_20180820.nc is MISSING. Will try to re-download.
2026-01-17 15:30:18,127 | [CRW_SST] coraltemp_v3.1_20180821.nc is MISSING. Will try to re-download.
2026-01-17 15:30:18,127 | [CRW_SST] coraltemp_v3.1_20180822.nc is MISSING. Will try to re-download.
2026-01-17 15:30:18,127 | [CRW_SST] coraltemp_v3.1_20180823.nc is MISSING. Will try to re-download.
2026-01-17 15:30:18,127 | [CRW_SST] coraltemp_v3.1_20180824.nc is MISSING. Will try to re-download.
2026-01-17 15:30:18,131 | [CRW_SST] coraltemp_v3.1_20180825.nc is MISSING. Will try to re-download.
2026-01-17 15:30:18,131 | [CRW_SST] coraltemp_v3.1_20180826.nc is MISSING. Will try to re-download.
2026-01-17 15:30:18,132 | [CRW_SST] coraltemp_v3.1_20180827.nc is MISSING. Will try to re-download.
2026-01-17 15:30:18,132 | [CRW_SST] coraltemp_v3.1_20180828.nc is MISSING. Will try to re-download.
2026-01-17 15:30:18,132 | [CRW_SST] coraltemp_v3.1_20180829.nc is MISSING. Will try to re-download.
2026-01-17 15:30:18,132 | [CRW_SST] coraltemp_v3.1_20180830.nc is MISSING. Will try to re-download.
2026-01-17 15:30:18,134 | [CRW_SST] coraltemp_v3.1_20180831.nc is MISSING. Will try to re-download.
2026-01-17 15:30:18,134 | [CRW_SST] coraltemp_v3.1_20180901.nc is MISSING. Will try to re-download.
2026-01-17 15:30:18,134 | [CRW_SST] coraltemp_v3.1_20180902.nc is MISSING. Will try to re-download.
2026-01-17 15:30:18,134 | [CRW_SST] coraltemp_v3.1_20180903.nc is MISSING. Will try to re-download.
2026-01-17 15:30:18,134 | [CRW_SST] coraltemp_v3.1_20180904.nc is MISSING. Will try to re-download.
2026-01-17 15:30:18,134 | [CRW_SST] coraltemp_v3.1_20180905.nc is MISSING. Will try to re-download.
2026-01-17 15:30:18,136 | [CRW_SST] coraltemp_v3.1_20180906.nc is MISSING. Will try to re-download.
2026-01-17 15:30:18,136 | [CRW_SST] coraltemp_v3.1_20180907.nc is MISSING. Will try to re-download.
2026-01-17 15:30:18,137 | [CRW_SST] coraltemp_v3.1_20180908.nc is MISSING. Will try to re-download.
2026-01-17 15:30:18,138 | [CRW_SST] coraltemp_v3.1_20180909.nc is MISSING. Will try to re-download.
2026-01-17 15:30:18,139 | [CRW_SST] coraltemp_v3.1_20180912.nc is MISSING. Will try to re-download.
2026-01-17 15:30:18,139 | [CRW_SST] coraltemp_v3.1_20180913.nc is MISSING. Will try to re-download.
2026-01-17 15:30:18,139 | [CRW_SST] coraltemp_v3.1_20180914.nc is MISSING. Will try to re-download.
2026-01-17 15:30:18,141 | [CRW_SST] coraltemp_v3.1_20180915.nc is MISSING. Will try to re-download.
2026-01-17 15:30:18,141 | [CRW_SST] coraltemp_v3.1_20180916.nc is MISSING. Will try to re-download.
2026-01-17 15:30:18,141 | [CRW_SST] coraltemp_v3.1_20180917.nc is MISSING. Will try to re-download.
2026-01-17 15:30:18,141 | [CRW_SST] coraltemp_v3.1_20180918.nc is MISSING. Will try to re-download.
2026-01-17 15:30:18,141 | [CRW_SST] coraltemp_v3.1_20180920.nc is MISSING. Will try to re-download.
2026-01-17 15:30:18,141 | [CRW_SST] coraltemp_v3.1_20180921.nc is MISSING. Will try to re-download.
2026-01-17 15:30:18,144 | [CRW_SST] coraltemp_v3.1_20180922.nc is MISSING. Will try to re-download.
2026-01-17 15:30:18,144 | [CRW_SST] coraltemp_v3.1_20180923.nc is MISSING. Will try to re-download.
2026-01-17 15:30:18,144 | [CRW_SST] coraltemp_v3.1_20180924.nc is MISSING. Will try to re-download.
2026-01-17 15:30:18,144 | [CRW_SST] coraltemp_v3.1_20180925.nc is MISSING. Will try to re-download.
2026-01-17 15:30:18,144 | [CRW_SST] coraltemp_v3.1_20180926.nc is MISSING. Will try to re-download.
2026-01-17 15:30:18,144 | [CRW_SST] coraltemp_v3.1_20180927.nc is MISSING. Will try to re-download.
2026-01-17 15:30:18,147 | [CRW_SST] coraltemp_v3.1_20180928.nc is MISSING. Will try to re-download.
2026-01-17 15:30:18,147 | [CRW_SST] coraltemp_v3.1_20180929.nc is MISSING. Will try to re-download.
2026-01-17 15:30:18,149 | [CRW_SST] coraltemp_v3.1_20180930.nc is MISSING. Will try to re-download.
2026-01-17 15:30:18,150 | [CRW_SST] coraltemp_v3.1_20181001.nc is MISSING. Will try to re-download.
2026-01-17 15:30:18,150 | [CRW_SST] coraltemp_v3.1_20181002.nc is MISSING. Will try to re-download.
2026-01-17 15:30:18,150 | [CRW_SST] coraltemp_v3.1_20181003.nc is MISSING. Will try to re-download.
2026-01-17 15:30:18,150 | [CRW_SST] coraltemp_v3.1_20181004.nc is MISSING. Will try to re-download.
2026-01-17 15:30:18,150 | [CRW_SST] coraltemp_v3.1_20181005.nc is MISSING. Will try to re-download.
2026-01-17 15:30:18,150 | [CRW_SST] coraltemp_v3.1_20181006.nc is MISSING. Will try to re-download.
2026-01-17 15:30:18,153 | [CRW_SST] coraltemp_v3.1_20181007.nc is MISSING. Will try to re-download.
2026-01-17 15:30:18,153 | [CRW_SST] coraltemp_v3.1_20181008.nc is MISSING. Will try to re-download.
2026-01-17 15:30:18,153 | [CRW_SST] coraltemp_v3.1_20181009.nc is MISSING. Will try to re-download.
2026-01-17 15:30:18,153 | [CRW_SST] coraltemp_v3.1_20181010.nc is MISSING. Will try to re-download.
2026-01-17 15:30:18,153 | [CRW_SST] coraltemp_v3.1_20181012.nc is MISSING. Will try to re-download.
2026-01-17 15:30:18,153 | [CRW_SST] coraltemp_v3.1_20181013.nc is MISSING. Will try to re-download.
2026-01-17 15:30:18,153 | [CRW_SST] coraltemp_v3.1_20181014.nc is MISSING. Will try to re-download.
2026-01-17 15:30:18,153 | [CRW_SST] coraltemp_v3.1_20181015.nc is MISSING. Will try to re-download.
2026-01-17 15:30:18,153 | [CRW_SST] coraltemp_v3.1_20181016.nc is MISSING. Will try to re-download.
2026-01-17 15:30:18,159 | [CRW_SST] coraltemp_v3.1_20181017.nc is MISSING. Will try to re-download.
2026-01-17 15:30:18,160 | [CRW_SST] coraltemp_v3.1_20181018.nc is MISSING. Will try to re-download.
2026-01-17 15:30:18,174 | [CRW_SST] coraltemp_v3.1_20181019.nc is MISSING. Will try to re-download.
2026-01-17 15:30:18,176 | [CRW_SST] coraltemp_v3.1_20181020.nc is MISSING. Will try to re-download.
2026-01-17 15:30:18,176 | [CRW_SST] coraltemp_v3.1_20181021.nc is MISSING. Will try to re-download.
2026-01-17 15:30:18,179 | [CRW_SST] coraltemp_v3.1_20181022.nc is MISSING. Will try to re-download.
2026-01-17 15:30:18,180 | [CRW_SST] coraltemp_v3.1_20181023.nc is MISSING. Will try to re-download.
2026-01-17 15:30:18,181 | [CRW_SST] coraltemp_v3.1_20181024.nc is MISSING. Will try to re-download.
2026-01-17 15:30:18,181 | [CRW_SST] coraltemp_v3.1_20181025.nc is MISSING. Will try to re-download.
2026-01-17 15:30:18,182 | [CRW_SST] coraltemp_v3.1_20181026.nc is MISSING. Will try to re-download.
2026-01-17 15:30:18,182 | [CRW_SST] coraltemp_v3.1_20181027.nc is MISSING. Will try to re-download.
2026-01-17 15:30:18,184 | [CRW_SST] coraltemp_v3.1_20181028.nc is MISSING. Will try to re-download.
2026-01-17 15:30:18,184 | [CRW_SST] coraltemp_v3.1_20181029.nc is MISSING. Will try to re-download.
2026-01-17 15:30:18,184 | [CRW_SST] coraltemp_v3.1_20181030.nc is MISSING. Will try to re-download.
2026-01-17 15:30:18,184 | [CRW_SST] coraltemp_v3.1_20181031.nc is MISSING. Will try to re-download.
2026-01-17 15:30:18,186 | [CRW_SST] coraltemp_v3.1_20181201.nc is MISSING. Will try to re-download.
2026-01-17 15:30:18,186 | [CRW_SST] coraltemp_v3.1_20181202.nc is MISSING. Will try to re-download.
2026-01-17 15:30:18,187 | [CRW_SST] coraltemp_v3.1_20181203.nc is MISSING. Will try to re-download.
2026-01-17 15:30:18,188 | [CRW_SST] coraltemp_v3.1_20181204.nc is MISSING. Will try to re-download.
2026-01-17 15:30:18,189 | [CRW_SST] coraltemp_v3.1_20181205.nc is MISSING. Will try to re-download.
2026-01-17 15:30:18,192 | [CRW_SST] coraltemp_v3.1_20181206.nc is MISSING. Will try to re-download.
2026-01-17 15:30:18,192 | [CRW_SST] coraltemp_v3.1_20181207.nc is MISSING. Will try to re-download.
2026-01-17 15:30:18,192 | [CRW_SST] coraltemp_v3.1_20181208.nc is MISSING. Will try to re-download.
2026-01-17 15:30:18,194 | [CRW_SST] coraltemp_v3.1_20181209.nc is MISSING. Will try to re-download.
2026-01-17 15:30:18,194 | [CRW_SST] coraltemp_v3.1_20181210.nc is MISSING. Will try to re-download.
2026-01-17 15:30:18,194 | [CRW_SST] coraltemp_v3.1_20181212.nc is MISSING. Will try to re-download.
2026-01-17 15:30:18,194 | [CRW_SST] coraltemp_v3.1_20181213.nc is MISSING. Will try to re-download.
2026-01-17 15:30:18,196 | [CRW_SST] coraltemp_v3.1_20181214.nc is MISSING. Will try to re-download.
2026-01-17 15:30:18,196 | [CRW_SST] coraltemp_v3.1_20181215.nc is MISSING. Will try to re-download.
2026-01-17 15:30:18,197 | [CRW_SST] coraltemp_v3.1_20181216.nc is MISSING. Will try to re-download.
2026-01-17 15:30:18,197 | [CRW_SST] coraltemp_v3.1_20181217.nc is MISSING. Will try to re-download.
2026-01-17 15:30:18,199 | [CRW_SST] coraltemp_v3.1_20181218.nc is MISSING. Will try to re-download.
2026-01-17 15:30:18,200 | [CRW_SST] coraltemp_v3.1_20181219.nc is MISSING. Will try to re-download.
2026-01-17 15:30:18,200 | [CRW_SST] coraltemp_v3.1_20181220.nc is MISSING. Will try to re-download.
2026-01-17 15:30:18,200 | [CRW_SST] coraltemp_v3.1_20181221.nc is MISSING. Will try to re-download.
2026-01-17 15:30:18,200 | [CRW_SST] coraltemp_v3.1_20181222.nc is MISSING. Will try to re-download.
2026-01-17 15:30:18,200 | [CRW_SST] coraltemp_v3.1_20181223.nc is MISSING. Will try to re-download.
2026-01-17 15:30:18,203 | [CRW_SST] coraltemp_v3.1_20181224.nc is MISSING. Will try to re-download.
2026-01-17 15:30:18,203 | [CRW_SST] coraltemp_v3.1_20181225.nc is MISSING. Will try to re-download.
2026-01-17 15:30:18,203 | [CRW_SST] coraltemp_v3.1_20181226.nc is MISSING. Will try to re-download.
2026-01-17 15:30:18,203 | [CRW_SST] coraltemp_v3.1_20181227.nc is MISSING. Will try to re-download.
2026-01-17 15:30:18,203 | [CRW_SST] coraltemp_v3.1_20181228.nc is MISSING. Will try to re-download.
2026-01-17 15:30:18,203 | [CRW_SST] coraltemp_v3.1_20181229.nc is MISSING. Will try to re-download.
2026-01-17 15:30:18,206 | [CRW_SST] coraltemp_v3.1_20181230.nc is MISSING. Will try to re-download.
2026-01-17 15:30:18,206 | [CRW_SST] coraltemp_v3.1_20181231.nc is MISSING. Will try to re-download.
2026-01-17 15:30:18,208 | [CRW_SST] coraltemp_v3.1_20190101.nc is MISSING. Will try to re-download.
2026-01-17 15:30:18,209 | [CRW_SST] coraltemp_v3.1_20190102.nc is MISSING. Will try to re-download.
2026-01-17 15:30:18,210 | [CRW_SST] coraltemp_v3.1_20190103.nc is MISSING. Will try to re-download.
2026-01-17 15:30:18,210 | [CRW_SST] coraltemp_v3.1_20190104.nc is MISSING. Will try to re-download.
2026-01-17 15:30:18,210 | [CRW_SST] coraltemp_v3.1_20190105.nc is MISSING. Will try to re-download.
2026-01-17 15:30:18,210 | [CRW_SST] coraltemp_v3.1_20190106.nc is MISSING. Will try to re-download.
2026-01-17 15:30:18,211 | [CRW_SST] coraltemp_v3.1_20190107.nc is MISSING. Will try to re-download.
2026-01-17 15:30:18,211 | [CRW_SST] coraltemp_v3.1_20190108.nc is MISSING. Will try to re-download.
2026-01-17 15:30:18,212 | [CRW_SST] coraltemp_v3.1_20190109.nc is MISSING. Will try to re-download.
2026-01-17 15:30:18,213 | [CRW_SST] coraltemp_v3.1_20190120.nc is MISSING. Will try to re-download.
2026-01-17 15:30:18,213 | [CRW_SST] coraltemp_v3.1_20190121.nc is MISSING. Will try to re-download.
2026-01-17 15:30:18,213 | [CRW_SST] coraltemp_v3.1_20190122.nc is MISSING. Will try to re-download.
2026-01-17 15:30:18,214 | [CRW_SST] coraltemp_v3.1_20190123.nc is MISSING. Will try to re-download.
2026-01-17 15:30:18,214 | [CRW_SST] coraltemp_v3.1_20190124.nc is MISSING. Will try to re-download.
2026-01-17 15:30:18,214 | [CRW_SST] coraltemp_v3.1_20190125.nc is MISSING. Will try to re-download.
2026-01-17 15:30:18,214 | [CRW_SST] coraltemp_v3.1_20190126.nc is MISSING. Will try to re-download.
2026-01-17 15:30:18,216 | [CRW_SST] coraltemp_v3.1_20190127.nc is MISSING. Will try to re-download.
2026-01-17 15:30:18,216 | [CRW_SST] coraltemp_v3.1_20190128.nc is MISSING. Will try to re-download.
2026-01-17 15:30:18,217 | [CRW_SST] coraltemp_v3.1_20190129.nc is MISSING. Will try to re-download.
2026-01-17 15:30:18,217 | [CRW_SST] coraltemp_v3.1_20190130.nc is MISSING. Will try to re-download.
2026-01-17 15:30:18,217 | [CRW_SST] coraltemp_v3.1_20190131.nc is MISSING. Will try to re-download.
2026-01-17 15:30:18,219 | [CRW_SST] coraltemp_v3.1_20190201.nc is MISSING. Will try to re-download.
2026-01-17 15:30:18,219 | [CRW_SST] coraltemp_v3.1_20190202.nc is MISSING. Will try to re-download.
2026-01-17 15:30:18,219 | [CRW_SST] coraltemp_v3.1_20190203.nc is MISSING. Will try to re-download.
2026-01-17 15:30:18,219 | [CRW_SST] coraltemp_v3.1_20190204.nc is MISSING. Will try to re-download.
2026-01-17 15:30:18,219 | [CRW_SST] coraltemp_v3.1_20190205.nc is MISSING. Will try to re-download.
2026-01-17 15:30:18,219 | [CRW_SST] coraltemp_v3.1_20190206.nc is MISSING. Will try to re-download.
2026-01-17 15:30:18,223 | [CRW_SST] coraltemp_v3.1_20190207.nc is MISSING. Will try to re-download.
2026-01-17 15:30:18,223 | [CRW_SST] coraltemp_v3.1_20190208.nc is MISSING. Will try to re-download.
2026-01-17 15:30:18,223 | [CRW_SST] coraltemp_v3.1_20190209.nc is MISSING. Will try to re-download.
2026-01-17 15:30:18,225 | [CRW_SST] coraltemp_v3.1_20190210.nc is MISSING. Will try to re-download.
2026-01-17 15:30:18,225 | [CRW_SST] coraltemp_v3.1_20190212.nc is MISSING. Will try to re-download.
2026-01-17 15:30:18,225 | [CRW_SST] coraltemp_v3.1_20190213.nc is MISSING. Will try to re-download.
2026-01-17 15:30:18,227 | [CRW_SST] coraltemp_v3.1_20190214.nc is MISSING. Will try to re-download.
2026-01-17 15:30:18,228 | [CRW_SST] coraltemp_v3.1_20190215.nc is MISSING. Will try to re-download.
2026-01-17 15:30:18,228 | [CRW_SST] coraltemp_v3.1_20190216.nc is MISSING. Will try to re-download.
2026-01-17 15:30:18,228 | [CRW_SST] coraltemp_v3.1_20190217.nc is MISSING. Will try to re-download.
2026-01-17 15:30:18,228 | [CRW_SST] coraltemp_v3.1_20190218.nc is MISSING. Will try to re-download.
2026-01-17 15:30:18,228 | [CRW_SST] coraltemp_v3.1_20190219.nc is MISSING. Will try to re-download.
2026-01-17 15:30:18,228 | [CRW_SST] coraltemp_v3.1_20190220.nc is MISSING. Will try to re-download.
2026-01-17 15:30:18,231 | [CRW_SST] coraltemp_v3.1_20190221.nc is MISSING. Will try to re-download.
2026-01-17 15:30:18,232 | [CRW_SST] coraltemp_v3.1_20190222.nc is MISSING. Will try to re-download.
2026-01-17 15:30:18,232 | [CRW_SST] coraltemp_v3.1_20190223.nc is MISSING. Will try to re-download.
2026-01-17 15:30:18,233 | [CRW_SST] coraltemp_v3.1_20190224.nc is MISSING. Will try to re-download.
2026-01-17 15:30:18,233 | [CRW_SST] coraltemp_v3.1_20190225.nc is MISSING. Will try to re-download.
2026-01-17 15:30:18,233 | [CRW_SST] coraltemp_v3.1_20190226.nc is MISSING. Will try to re-download.
2026-01-17 15:30:18,234 | [CRW_SST] coraltemp_v3.1_20190227.nc is MISSING. Will try to re-download.
2026-01-17 15:30:18,234 | [CRW_SST] coraltemp_v3.1_20190228.nc is MISSING. Will try to re-download.
2026-01-17 15:30:18,234 | [CRW_SST] coraltemp_v3.1_20190301.nc is MISSING. Will try to re-download.
2026-01-17 15:30:18,234 | [CRW_SST] coraltemp_v3.1_20190302.nc is MISSING. Will try to re-download.
2026-01-17 15:30:18,236 | [CRW_SST] coraltemp_v3.1_20190303.nc is MISSING. Will try to re-download.
2026-01-17 15:30:18,237 | [CRW_SST] coraltemp_v3.1_20190304.nc is MISSING. Will try to re-download.
2026-01-17 15:30:18,237 | [CRW_SST] coraltemp_v3.1_20190305.nc is MISSING. Will try to re-download.
2026-01-17 15:30:18,238 | [CRW_SST] coraltemp_v3.1_20190306.nc is MISSING. Will try to re-download.
2026-01-17 15:30:18,239 | [CRW_SST] coraltemp_v3.1_20190307.nc is MISSING. Will try to re-download.
2026-01-17 15:30:18,239 | [CRW_SST] coraltemp_v3.1_20190308.nc is MISSING. Will try to re-download.
2026-01-17 15:30:18,239 | [CRW_SST] coraltemp_v3.1_20190309.nc is MISSING. Will try to re-download.
2026-01-17 15:30:18,239 | [CRW_SST] coraltemp_v3.1_20190310.nc is MISSING. Will try to re-download.
2026-01-17 15:30:18,242 | [CRW_SST] coraltemp_v3.1_20190312.nc is MISSING. Will try to re-download.
2026-01-17 15:30:18,242 | [CRW_SST] coraltemp_v3.1_20190313.nc is MISSING. Will try to re-download.
2026-01-17 15:30:18,242 | [CRW_SST] coraltemp_v3.1_20190314.nc is MISSING. Will try to re-download.
2026-01-17 15:30:18,242 | [CRW_SST] coraltemp_v3.1_20190315.nc is MISSING. Will try to re-download.
2026-01-17 15:30:18,242 | [CRW_SST] coraltemp_v3.1_20190316.nc is MISSING. Will try to re-download.
2026-01-17 15:30:18,242 | [CRW_SST] coraltemp_v3.1_20190317.nc is MISSING. Will try to re-download.
2026-01-17 15:30:18,242 | [CRW_SST] coraltemp_v3.1_20190318.nc is MISSING. Will try to re-download.
2026-01-17 15:30:18,242 | [CRW_SST] coraltemp_v3.1_20190319.nc is MISSING. Will try to re-download.
2026-01-17 15:30:18,242 | [CRW_SST] coraltemp_v3.1_20190320.nc is MISSING. Will try to re-download.
2026-01-17 15:30:18,247 | [CRW_SST] coraltemp_v3.1_20190321.nc is MISSING. Will try to re-download.
2026-01-17 15:30:18,247 | [CRW_SST] coraltemp_v3.1_20190322.nc is MISSING. Will try to re-download.
2026-01-17 15:30:18,247 | [CRW_SST] coraltemp_v3.1_20190323.nc is MISSING. Will try to re-download.
2026-01-17 15:30:18,249 | [CRW_SST] coraltemp_v3.1_20190324.nc is MISSING. Will try to re-download.
2026-01-17 15:30:18,249 | [CRW_SST] coraltemp_v3.1_20190325.nc is MISSING. Will try to re-download.
2026-01-17 15:30:18,250 | [CRW_SST] coraltemp_v3.1_20190326.nc is MISSING. Will try to re-download.
2026-01-17 15:30:18,250 | [CRW_SST] coraltemp_v3.1_20190327.nc is MISSING. Will try to re-download.
2026-01-17 15:30:18,250 | [CRW_SST] coraltemp_v3.1_20190328.nc is MISSING. Will try to re-download.
2026-01-17 15:30:18,250 | [CRW_SST] coraltemp_v3.1_20190329.nc is MISSING. Will try to re-download.
2026-01-17 15:30:18,250 | [CRW_SST] coraltemp_v3.1_20190330.nc is MISSING. Will try to re-download.
2026-01-17 15:30:18,250 | [CRW_SST] coraltemp_v3.1_20190331.nc is MISSING. Will try to re-download.
2026-01-17 15:30:18,253 | [CRW_SST] coraltemp_v3.1_20190401.nc is MISSING. Will try to re-download.
2026-01-17 15:30:18,253 | [CRW_SST] coraltemp_v3.1_20190402.nc is MISSING. Will try to re-download.
2026-01-17 15:30:18,253 | [CRW_SST] coraltemp_v3.1_20190403.nc is MISSING. Will try to re-download.
2026-01-17 15:30:18,253 | [CRW_SST] coraltemp_v3.1_20190404.nc is MISSING. Will try to re-download.
2026-01-17 15:30:18,255 | [CRW_SST] coraltemp_v3.1_20190405.nc is MISSING. Will try to re-download.
2026-01-17 15:30:18,255 | [CRW_SST] coraltemp_v3.1_20190406.nc is MISSING. Will try to re-download.
2026-01-17 15:30:18,255 | [CRW_SST] coraltemp_v3.1_20190407.nc is MISSING. Will try to re-download.
2026-01-17 15:30:18,257 | [CRW_SST] coraltemp_v3.1_20190408.nc is MISSING. Will try to re-download.
2026-01-17 15:30:18,257 | [CRW_SST] coraltemp_v3.1_20190409.nc is MISSING. Will try to re-download.
2026-01-17 15:30:18,260 | [CRW_SST] coraltemp_v3.1_20190410.nc is MISSING. Will try to re-download.
2026-01-17 15:30:18,260 | [CRW_SST] coraltemp_v3.1_20190412.nc is MISSING. Will try to re-download.
2026-01-17 15:30:18,260 | [CRW_SST] coraltemp_v3.1_20190413.nc is MISSING. Will try to re-download.
2026-01-17 15:30:18,260 | [CRW_SST] coraltemp_v3.1_20190414.nc is MISSING. Will try to re-download.
2026-01-17 15:30:18,260 | [CRW_SST] coraltemp_v3.1_20190415.nc is MISSING. Will try to re-download.
2026-01-17 15:30:18,262 | [CRW_SST] coraltemp_v3.1_20190416.nc is MISSING. Will try to re-download.
2026-01-17 15:30:18,262 | [CRW_SST] coraltemp_v3.1_20190417.nc is MISSING. Will try to re-download.
2026-01-17 15:30:18,263 | [CRW_SST] coraltemp_v3.1_20190418.nc is MISSING. Will try to re-download.
2026-01-17 15:30:18,263 | [CRW_SST] coraltemp_v3.1_20190419.nc is MISSING. Will try to re-download.
2026-01-17 15:30:18,264 | [CRW_SST] coraltemp_v3.1_20190420.nc is MISSING. Will try to re-download.
2026-01-17 15:30:18,264 | [CRW_SST] coraltemp_v3.1_20190421.nc is MISSING. Will try to re-download.
2026-01-17 15:30:18,264 | [CRW_SST] coraltemp_v3.1_20190422.nc is MISSING. Will try to re-download.
2026-01-17 15:30:18,266 | [CRW_SST] coraltemp_v3.1_20190423.nc is MISSING. Will try to re-download.
2026-01-17 15:30:18,266 | [CRW_SST] coraltemp_v3.1_20190424.nc is MISSING. Will try to re-download.
2026-01-17 15:30:18,267 | [CRW_SST] coraltemp_v3.1_20190425.nc is MISSING. Will try to re-download.
2026-01-17 15:30:18,267 | [CRW_SST] coraltemp_v3.1_20190426.nc is MISSING. Will try to re-download.
2026-01-17 15:30:18,267 | [CRW_SST] coraltemp_v3.1_20190427.nc is MISSING. Will try to re-download.
2026-01-17 15:30:18,269 | [CRW_SST] coraltemp_v3.1_20190428.nc is MISSING. Will try to re-download.
2026-01-17 15:30:18,269 | [CRW_SST] coraltemp_v3.1_20190429.nc is MISSING. Will try to re-download.
2026-01-17 15:30:18,269 | [CRW_SST] coraltemp_v3.1_20190430.nc is MISSING. Will try to re-download.
2026-01-17 15:30:18,269 | [CRW_SST] coraltemp_v3.1_20190501.nc is MISSING. Will try to re-download.
2026-01-17 15:30:18,269 | [CRW_SST] coraltemp_v3.1_20190502.nc is MISSING. Will try to re-download.
2026-01-17 15:30:18,269 | [CRW_SST] coraltemp_v3.1_20190503.nc is MISSING. Will try to re-download.
2026-01-17 15:30:18,269 | [CRW_SST] coraltemp_v3.1_20190504.nc is MISSING. Will try to re-download.
2026-01-17 15:30:18,269 | [CRW_SST] coraltemp_v3.1_20190505.nc is MISSING. Will try to re-download.
2026-01-17 15:30:18,269 | [CRW_SST] coraltemp_v3.1_20190506.nc is MISSING. Will try to re-download.
2026-01-17 15:30:18,275 | [CRW_SST] coraltemp_v3.1_20190507.nc is MISSING. Will try to re-download.
2026-01-17 15:30:18,277 | [CRW_SST] coraltemp_v3.1_20190508.nc is MISSING. Will try to re-download.
2026-01-17 15:30:18,278 | [CRW_SST] coraltemp_v3.1_20190509.nc is MISSING. Will try to re-download.
2026-01-17 15:30:18,278 | [CRW_SST] coraltemp_v3.1_20190510.nc is MISSING. Will try to re-download.
2026-01-17 15:30:18,278 | [CRW_SST] coraltemp_v3.1_20190512.nc is MISSING. Will try to re-download.
2026-01-17 15:30:18,278 | [CRW_SST] coraltemp_v3.1_20190513.nc is MISSING. Will try to re-download.
2026-01-17 15:30:18,281 | [CRW_SST] coraltemp_v3.1_20190514.nc is MISSING. Will try to re-download.
2026-01-17 15:30:18,281 | [CRW_SST] coraltemp_v3.1_20190515.nc is MISSING. Will try to re-download.
2026-01-17 15:30:18,282 | [CRW_SST] coraltemp_v3.1_20190516.nc is MISSING. Will try to re-download.
2026-01-17 15:30:18,282 | [CRW_SST] coraltemp_v3.1_20190517.nc is MISSING. Will try to re-download.
2026-01-17 15:30:18,282 | [CRW_SST] coraltemp_v3.1_20190518.nc is MISSING. Will try to re-download.
2026-01-17 15:30:18,283 | [CRW_SST] coraltemp_v3.1_20190519.nc is MISSING. Will try to re-download.
2026-01-17 15:30:18,284 | [CRW_SST] coraltemp_v3.1_20190520.nc is MISSING. Will try to re-download.
2026-01-17 15:30:18,284 | [CRW_SST] coraltemp_v3.1_20190521.nc is MISSING. Will try to re-download.
2026-01-17 15:30:18,284 | [CRW_SST] coraltemp_v3.1_20190522.nc is MISSING. Will try to re-download.
2026-01-17 15:30:18,286 | [CRW_SST] coraltemp_v3.1_20190523.nc is MISSING. Will try to re-download.
2026-01-17 15:30:18,287 | [CRW_SST] coraltemp_v3.1_20190524.nc is MISSING. Will try to re-download.
2026-01-17 15:30:18,287 | [CRW_SST] coraltemp_v3.1_20190525.nc is MISSING. Will try to re-download.
2026-01-17 15:30:18,288 | [CRW_SST] coraltemp_v3.1_20190526.nc is MISSING. Will try to re-download.
2026-01-17 15:30:18,288 | [CRW_SST] coraltemp_v3.1_20190527.nc is MISSING. Will try to re-download.
2026-01-17 15:30:18,289 | [CRW_SST] coraltemp_v3.1_20190528.nc is MISSING. Will try to re-download.
2026-01-17 15:30:18,289 | [CRW_SST] coraltemp_v3.1_20190529.nc is MISSING. Will try to re-download.
2026-01-17 15:30:18,290 | [CRW_SST] coraltemp_v3.1_20190530.nc is MISSING. Will try to re-download.
2026-01-17 15:30:18,292 | [CRW_SST] coraltemp_v3.1_20190531.nc is MISSING. Will try to re-download.
2026-01-17 15:30:18,293 | [CRW_SST] coraltemp_v3.1_20190601.nc is MISSING. Will try to re-download.
2026-01-17 15:30:18,293 | [CRW_SST] coraltemp_v3.1_20190602.nc is MISSING. Will try to re-download.
2026-01-17 15:30:18,293 | [CRW_SST] coraltemp_v3.1_20190603.nc is MISSING. Will try to re-download.
2026-01-17 15:30:18,293 | [CRW_SST] coraltemp_v3.1_20190604.nc is MISSING. Will try to re-download.
2026-01-17 15:30:18,293 | [CRW_SST] coraltemp_v3.1_20190605.nc is MISSING. Will try to re-download.
2026-01-17 15:30:18,293 | [CRW_SST] coraltemp_v3.1_20190606.nc is MISSING. Will try to re-download.
2026-01-17 15:30:18,293 | [CRW_SST] coraltemp_v3.1_20190607.nc is MISSING. Will try to re-download.
2026-01-17 15:30:18,293 | [CRW_SST] coraltemp_v3.1_20190608.nc is MISSING. Will try to re-download.
2026-01-17 15:30:18,293 | [CRW_SST] coraltemp_v3.1_20190609.nc is MISSING. Will try to re-download.
2026-01-17 15:30:18,297 | [CRW_SST] coraltemp_v3.1_20190610.nc is MISSING. Will try to re-download.
2026-01-17 15:30:18,297 | [CRW_SST] coraltemp_v3.1_20190612.nc is MISSING. Will try to re-download.
2026-01-17 15:30:18,297 | [CRW_SST] coraltemp_v3.1_20190613.nc is MISSING. Will try to re-download.
2026-01-17 15:30:18,297 | [CRW_SST] coraltemp_v3.1_20190614.nc is MISSING. Will try to re-download.
2026-01-17 15:30:18,299 | [CRW_SST] coraltemp_v3.1_20190615.nc is MISSING. Will try to re-download.
2026-01-17 15:30:18,299 | [CRW_SST] coraltemp_v3.1_20190616.nc is MISSING. Will try to re-download.
2026-01-17 15:30:18,300 | [CRW_SST] coraltemp_v3.1_20190617.nc is MISSING. Will try to re-download.
2026-01-17 15:30:18,300 | [CRW_SST] coraltemp_v3.1_20190618.nc is MISSING. Will try to re-download.
2026-01-17 15:30:18,300 | [CRW_SST] coraltemp_v3.1_20190619.nc is MISSING. Will try to re-download.
2026-01-17 15:30:18,300 | [CRW_SST] coraltemp_v3.1_20190620.nc is MISSING. Will try to re-download.
2026-01-17 15:30:18,300 | [CRW_SST] coraltemp_v3.1_20190621.nc is MISSING. Will try to re-download.
2026-01-17 15:30:18,300 | [CRW_SST] coraltemp_v3.1_20190622.nc is MISSING. Will try to re-download.
2026-01-17 15:30:18,300 | [CRW_SST] coraltemp_v3.1_20190623.nc is MISSING. Will try to re-download.
2026-01-17 15:30:18,303 | [CRW_SST] coraltemp_v3.1_20190624.nc is MISSING. Will try to re-download.
2026-01-17 15:30:18,303 | [CRW_SST] coraltemp_v3.1_20190625.nc is MISSING. Will try to re-download.
2026-01-17 15:30:18,303 | [CRW_SST] coraltemp_v3.1_20190626.nc is MISSING. Will try to re-download.
2026-01-17 15:30:18,303 | [CRW_SST] coraltemp_v3.1_20190627.nc is MISSING. Will try to re-download.
2026-01-17 15:30:18,303 | [CRW_SST] coraltemp_v3.1_20190628.nc is MISSING. Will try to re-download.
2026-01-17 15:30:18,303 | [CRW_SST] coraltemp_v3.1_20190629.nc is MISSING. Will try to re-download.
2026-01-17 15:30:18,303 | [CRW_SST] coraltemp_v3.1_20190630.nc is MISSING. Will try to re-download.
2026-01-17 15:30:18,303 | [CRW_SST] coraltemp_v3.1_20190701.nc is MISSING. Will try to re-download.
2026-01-17 15:30:18,303 | [CRW_SST] coraltemp_v3.1_20190702.nc is MISSING. Will try to re-download.
2026-01-17 15:30:18,303 | [CRW_SST] coraltemp_v3.1_20190703.nc is MISSING. Will try to re-download.
2026-01-17 15:30:18,308 | [CRW_SST] coraltemp_v3.1_20190704.nc is MISSING. Will try to re-download.
2026-01-17 15:30:18,309 | [CRW_SST] coraltemp_v3.1_20190705.nc is MISSING. Will try to re-download.
2026-01-17 15:30:18,309 | [CRW_SST] coraltemp_v3.1_20190706.nc is MISSING. Will try to re-download.
2026-01-17 15:30:18,309 | [CRW_SST] coraltemp_v3.1_20190707.nc is MISSING. Will try to re-download.
2026-01-17 15:30:18,309 | [CRW_SST] coraltemp_v3.1_20190708.nc is MISSING. Will try to re-download.
2026-01-17 15:30:18,311 | [CRW_SST] coraltemp_v3.1_20190709.nc is MISSING. Will try to re-download.
2026-01-17 15:30:18,311 | [CRW_SST] coraltemp_v3.1_20190710.nc is MISSING. Will try to re-download.
2026-01-17 15:30:18,312 | [CRW_SST] coraltemp_v3.1_20190712.nc is MISSING. Will try to re-download.
2026-01-17 15:30:18,312 | [CRW_SST] coraltemp_v3.1_20190713.nc is MISSING. Will try to re-download.
2026-01-17 15:30:18,312 | [CRW_SST] coraltemp_v3.1_20190714.nc is MISSING. Will try to re-download.
2026-01-17 15:30:18,313 | [CRW_SST] coraltemp_v3.1_20190715.nc is MISSING. Will try to re-download.
2026-01-17 15:30:18,313 | [CRW_SST] coraltemp_v3.1_20190716.nc is MISSING. Will try to re-download.
2026-01-17 15:30:18,313 | [CRW_SST] coraltemp_v3.1_20190717.nc is MISSING. Will try to re-download.
2026-01-17 15:30:18,313 | [CRW_SST] coraltemp_v3.1_20190718.nc is MISSING. Will try to re-download.
2026-01-17 15:30:18,315 | [CRW_SST] coraltemp_v3.1_20190719.nc is MISSING. Will try to re-download.
2026-01-17 15:30:18,315 | [CRW_SST] coraltemp_v3.1_20190720.nc is MISSING. Will try to re-download.
2026-01-17 15:30:18,315 | [CRW_SST] coraltemp_v3.1_20190721.nc is MISSING. Will try to re-download.
2026-01-17 15:30:18,316 | [CRW_SST] coraltemp_v3.1_20190722.nc is MISSING. Will try to re-download.
2026-01-17 15:30:18,316 | [CRW_SST] coraltemp_v3.1_20190723.nc is MISSING. Will try to re-download.
2026-01-17 15:30:18,316 | [CRW_SST] coraltemp_v3.1_20190724.nc is MISSING. Will try to re-download.
2026-01-17 15:30:18,316 | [CRW_SST] coraltemp_v3.1_20190725.nc is MISSING. Will try to re-download.
2026-01-17 15:30:18,318 | [CRW_SST] coraltemp_v3.1_20190726.nc is MISSING. Will try to re-download.
2026-01-17 15:30:18,318 | [CRW_SST] coraltemp_v3.1_20190727.nc is MISSING. Will try to re-download.
2026-01-17 15:30:18,318 | [CRW_SST] coraltemp_v3.1_20190728.nc is MISSING. Will try to re-download.
2026-01-17 15:30:18,320 | [CRW_SST] coraltemp_v3.1_20190729.nc is MISSING. Will try to re-download.
2026-01-17 15:30:18,320 | [CRW_SST] coraltemp_v3.1_20190730.nc is MISSING. Will try to re-download.
2026-01-17 15:30:18,320 | [CRW_SST] coraltemp_v3.1_20190731.nc is MISSING. Will try to re-download.
2026-01-17 15:30:18,320 | [CRW_SST] coraltemp_v3.1_20190801.nc is MISSING. Will try to re-download.
2026-01-17 15:30:18,320 | [CRW_SST] coraltemp_v3.1_20190802.nc is MISSING. Will try to re-download.
2026-01-17 15:30:18,320 | [CRW_SST] coraltemp_v3.1_20190803.nc is MISSING. Will try to re-download.
2026-01-17 15:30:18,320 | [CRW_SST] coraltemp_v3.1_20190804.nc is MISSING. Will try to re-download.
2026-01-17 15:30:18,324 | [CRW_SST] coraltemp_v3.1_20190805.nc is MISSING. Will try to re-download.
2026-01-17 15:30:18,325 | [CRW_SST] coraltemp_v3.1_20190806.nc is MISSING. Will try to re-download.
2026-01-17 15:30:18,325 | [CRW_SST] coraltemp_v3.1_20190807.nc is MISSING. Will try to re-download.
2026-01-17 15:30:18,325 | [CRW_SST] coraltemp_v3.1_20190808.nc is MISSING. Will try to re-download.
2026-01-17 15:30:18,326 | [CRW_SST] coraltemp_v3.1_20190809.nc is MISSING. Will try to re-download.
2026-01-17 15:30:18,326 | [CRW_SST] coraltemp_v3.1_20190810.nc is MISSING. Will try to re-download.
2026-01-17 15:30:18,326 | [CRW_SST] coraltemp_v3.1_20190812.nc is MISSING. Will try to re-download.
2026-01-17 15:30:18,327 | [CRW_SST] coraltemp_v3.1_20190813.nc is MISSING. Will try to re-download.
2026-01-17 15:30:18,327 | [CRW_SST] coraltemp_v3.1_20190814.nc is MISSING. Will try to re-download.
2026-01-17 15:30:18,327 | [CRW_SST] coraltemp_v3.1_20190815.nc is MISSING. Will try to re-download.
2026-01-17 15:30:18,327 | [CRW_SST] coraltemp_v3.1_20190816.nc is MISSING. Will try to re-download.
2026-01-17 15:30:18,330 | [CRW_SST] coraltemp_v3.1_20190817.nc is MISSING. Will try to re-download.
2026-01-17 15:30:18,330 | [CRW_SST] coraltemp_v3.1_20190818.nc is MISSING. Will try to re-download.
2026-01-17 15:30:18,331 | [CRW_SST] coraltemp_v3.1_20190819.nc is MISSING. Will try to re-download.
2026-01-17 15:30:18,332 | [CRW_SST] coraltemp_v3.1_20190820.nc is MISSING. Will try to re-download.
2026-01-17 15:30:18,332 | [CRW_SST] coraltemp_v3.1_20190821.nc is MISSING. Will try to re-download.
2026-01-17 15:30:18,332 | [CRW_SST] coraltemp_v3.1_20190822.nc is MISSING. Will try to re-download.
2026-01-17 15:30:18,333 | [CRW_SST] coraltemp_v3.1_20190823.nc is MISSING. Will try to re-download.
2026-01-17 15:30:18,334 | [CRW_SST] coraltemp_v3.1_20190824.nc is MISSING. Will try to re-download.
2026-01-17 15:30:18,334 | [CRW_SST] coraltemp_v3.1_20190825.nc is MISSING. Will try to re-download.
2026-01-17 15:30:18,334 | [CRW_SST] coraltemp_v3.1_20190826.nc is MISSING. Will try to re-download.
2026-01-17 15:30:18,334 | [CRW_SST] coraltemp_v3.1_20190827.nc is MISSING. Will try to re-download.
2026-01-17 15:30:18,334 | [CRW_SST] coraltemp_v3.1_20190828.nc is MISSING. Will try to re-download.
2026-01-17 15:30:18,334 | [CRW_SST] coraltemp_v3.1_20190829.nc is MISSING. Will try to re-download.
2026-01-17 15:30:18,334 | [CRW_SST] coraltemp_v3.1_20190830.nc is MISSING. Will try to re-download.
2026-01-17 15:30:18,337 | [CRW_SST] coraltemp_v3.1_20190831.nc is MISSING. Will try to re-download.
2026-01-17 15:30:18,337 | [CRW_SST] coraltemp_v3.1_20190901.nc is MISSING. Will try to re-download.
2026-01-17 15:30:18,338 | [CRW_SST] coraltemp_v3.1_20190902.nc is MISSING. Will try to re-download.
2026-01-17 15:30:18,338 | [CRW_SST] coraltemp_v3.1_20190903.nc is MISSING. Will try to re-download.
2026-01-17 15:30:18,339 | [CRW_SST] coraltemp_v3.1_20190904.nc is MISSING. Will try to re-download.
2026-01-17 15:30:18,339 | [CRW_SST] coraltemp_v3.1_20190905.nc is MISSING. Will try to re-download.
2026-01-17 15:30:18,341 | [CRW_SST] coraltemp_v3.1_20190906.nc is MISSING. Will try to re-download.
2026-01-17 15:30:18,342 | [CRW_SST] coraltemp_v3.1_20190907.nc is MISSING. Will try to re-download.
2026-01-17 15:30:18,342 | [CRW_SST] coraltemp_v3.1_20190908.nc is MISSING. Will try to re-download.
2026-01-17 15:30:18,342 | [CRW_SST] coraltemp_v3.1_20190909.nc is MISSING. Will try to re-download.
2026-01-17 15:30:18,342 | [CRW_SST] coraltemp_v3.1_20190910.nc is MISSING. Will try to re-download.
2026-01-17 15:30:18,342 | [CRW_SST] coraltemp_v3.1_20190912.nc is MISSING. Will try to re-download.
2026-01-17 15:30:18,344 | [CRW_SST] coraltemp_v3.1_20190913.nc is MISSING. Will try to re-download.
2026-01-17 15:30:18,344 | [CRW_SST] coraltemp_v3.1_20190914.nc is MISSING. Will try to re-download.
2026-01-17 15:30:18,344 | [CRW_SST] coraltemp_v3.1_20190915.nc is MISSING. Will try to re-download.
2026-01-17 15:30:18,344 | [CRW_SST] coraltemp_v3.1_20190916.nc is MISSING. Will try to re-download.
2026-01-17 15:30:18,344 | [CRW_SST] coraltemp_v3.1_20190917.nc is MISSING. Will try to re-download.
2026-01-17 15:30:18,347 | [CRW_SST] coraltemp_v3.1_20190918.nc is MISSING. Will try to re-download.
2026-01-17 15:30:18,347 | [CRW_SST] coraltemp_v3.1_20190919.nc is MISSING. Will try to re-download.
2026-01-17 15:30:18,347 | [CRW_SST] coraltemp_v3.1_20190920.nc is MISSING. Will try to re-download.
2026-01-17 15:30:18,347 | [CRW_SST] coraltemp_v3.1_20190921.nc is MISSING. Will try to re-download.
2026-01-17 15:30:18,349 | [CRW_SST] coraltemp_v3.1_20190922.nc is MISSING. Will try to re-download.
2026-01-17 15:30:18,350 | [CRW_SST] coraltemp_v3.1_20190923.nc is MISSING. Will try to re-download.
2026-01-17 15:30:18,350 | [CRW_SST] coraltemp_v3.1_20190924.nc is MISSING. Will try to re-download.
2026-01-17 15:30:18,350 | [CRW_SST] coraltemp_v3.1_20190925.nc is MISSING. Will try to re-download.
2026-01-17 15:30:18,350 | [CRW_SST] coraltemp_v3.1_20190926.nc is MISSING. Will try to re-download.
2026-01-17 15:30:18,350 | [CRW_SST] coraltemp_v3.1_20190927.nc is MISSING. Will try to re-download.
2026-01-17 15:30:18,350 | [CRW_SST] coraltemp_v3.1_20190928.nc is MISSING. Will try to re-download.
2026-01-17 15:30:18,353 | [CRW_SST] coraltemp_v3.1_20190929.nc is MISSING. Will try to re-download.
2026-01-17 15:30:18,353 | [CRW_SST] coraltemp_v3.1_20190930.nc is MISSING. Will try to re-download.
2026-01-17 15:30:18,353 | [CRW_SST] coraltemp_v3.1_20191001.nc is MISSING. Will try to re-download.
2026-01-17 15:30:18,355 | [CRW_SST] coraltemp_v3.1_20191002.nc is MISSING. Will try to re-download.
2026-01-17 15:30:18,355 | [CRW_SST] coraltemp_v3.1_20191003.nc is MISSING. Will try to re-download.
2026-01-17 15:30:18,355 | [CRW_SST] coraltemp_v3.1_20191004.nc is MISSING. Will try to re-download.
2026-01-17 15:30:18,355 | [CRW_SST] coraltemp_v3.1_20191005.nc is MISSING. Will try to re-download.
2026-01-17 15:30:18,359 | [CRW_SST] coraltemp_v3.1_20191006.nc is MISSING. Will try to re-download.
2026-01-17 15:30:18,360 | [CRW_SST] coraltemp_v3.1_20191007.nc is MISSING. Will try to re-download.
2026-01-17 15:30:18,360 | [CRW_SST] coraltemp_v3.1_20191008.nc is MISSING. Will try to re-download.
2026-01-17 15:30:18,360 | [CRW_SST] coraltemp_v3.1_20191009.nc is MISSING. Will try to re-download.
2026-01-17 15:30:18,362 | [CRW_SST] coraltemp_v3.1_20191010.nc is MISSING. Will try to re-download.
2026-01-17 15:30:18,362 | [CRW_SST] coraltemp_v3.1_20191012.nc is MISSING. Will try to re-download.
2026-01-17 15:30:18,363 | [CRW_SST] coraltemp_v3.1_20191013.nc is MISSING. Will try to re-download.
2026-01-17 15:30:18,363 | [CRW_SST] coraltemp_v3.1_20191014.nc is MISSING. Will try to re-download.
2026-01-17 15:30:18,363 | [CRW_SST] coraltemp_v3.1_20191015.nc is MISSING. Will try to re-download.
2026-01-17 15:30:18,363 | [CRW_SST] coraltemp_v3.1_20191016.nc is MISSING. Will try to re-download.
2026-01-17 15:30:18,365 | [CRW_SST] coraltemp_v3.1_20191017.nc is MISSING. Will try to re-download.
2026-01-17 15:30:18,365 | [CRW_SST] coraltemp_v3.1_20191018.nc is MISSING. Will try to re-download.
2026-01-17 15:30:18,365 | [CRW_SST] coraltemp_v3.1_20191019.nc is MISSING. Will try to re-download.
2026-01-17 15:30:18,365 | [CRW_SST] coraltemp_v3.1_20191020.nc is MISSING. Will try to re-download.
2026-01-17 15:30:18,365 | [CRW_SST] coraltemp_v3.1_20191021.nc is MISSING. Will try to re-download.
2026-01-17 15:30:18,365 | [CRW_SST] coraltemp_v3.1_20191022.nc is MISSING. Will try to re-download.
2026-01-17 15:30:18,368 | [CRW_SST] coraltemp_v3.1_20191023.nc is MISSING. Will try to re-download.
2026-01-17 15:30:18,368 | [CRW_SST] coraltemp_v3.1_20191024.nc is MISSING. Will try to re-download.
2026-01-17 15:30:18,368 | [CRW_SST] coraltemp_v3.1_20191025.nc is MISSING. Will try to re-download.
2026-01-17 15:30:18,369 | [CRW_SST] coraltemp_v3.1_20191026.nc is MISSING. Will try to re-download.
2026-01-17 15:30:18,369 | [CRW_SST] coraltemp_v3.1_20191027.nc is MISSING. Will try to re-download.
2026-01-17 15:30:18,369 | [CRW_SST] coraltemp_v3.1_20191028.nc is MISSING. Will try to re-download.
2026-01-17 15:30:18,369 | [CRW_SST] coraltemp_v3.1_20191029.nc is MISSING. Will try to re-download.
2026-01-17 15:30:18,369 | [CRW_SST] coraltemp_v3.1_20191030.nc is MISSING. Will try to re-download.
2026-01-17 15:30:18,369 | [CRW_SST] coraltemp_v3.1_20191031.nc is MISSING. Will try to re-download.
2026-01-17 15:30:18,369 | [CRW_SST] coraltemp_v3.1_20191201.nc is MISSING. Will try to re-download.
2026-01-17 15:30:18,369 | [CRW_SST] coraltemp_v3.1_20191202.nc is MISSING. Will try to re-download.
2026-01-17 15:30:18,375 | [CRW_SST] coraltemp_v3.1_20191203.nc is MISSING. Will try to re-download.
2026-01-17 15:30:18,376 | [CRW_SST] coraltemp_v3.1_20191204.nc is MISSING. Will try to re-download.
2026-01-17 15:30:18,376 | [CRW_SST] coraltemp_v3.1_20191205.nc is MISSING. Will try to re-download.
2026-01-17 15:30:18,376 | [CRW_SST] coraltemp_v3.1_20191206.nc is MISSING. Will try to re-download.
2026-01-17 15:30:18,377 | [CRW_SST] coraltemp_v3.1_20191207.nc is MISSING. Will try to re-download.
2026-01-17 15:30:18,377 | [CRW_SST] coraltemp_v3.1_20191208.nc is MISSING. Will try to re-download.
2026-01-17 15:30:18,377 | [CRW_SST] coraltemp_v3.1_20191209.nc is MISSING. Will try to re-download.
2026-01-17 15:30:18,377 | [CRW_SST] coraltemp_v3.1_20191210.nc is MISSING. Will try to re-download.
2026-01-17 15:30:18,379 | [CRW_SST] coraltemp_v3.1_20191212.nc is MISSING. Will try to re-download.
2026-01-17 15:30:18,379 | [CRW_SST] coraltemp_v3.1_20191213.nc is MISSING. Will try to re-download.
2026-01-17 15:30:18,379 | [CRW_SST] coraltemp_v3.1_20191214.nc is MISSING. Will try to re-download.
2026-01-17 15:30:18,381 | [CRW_SST] coraltemp_v3.1_20191215.nc is MISSING. Will try to re-download.
2026-01-17 15:30:18,381 | [CRW_SST] coraltemp_v3.1_20191216.nc is MISSING. Will try to re-download.
2026-01-17 15:30:18,382 | [CRW_SST] coraltemp_v3.1_20191217.nc is MISSING. Will try to re-download.
2026-01-17 15:30:18,382 | [CRW_SST] coraltemp_v3.1_20191218.nc is MISSING. Will try to re-download.
2026-01-17 15:30:18,382 | [CRW_SST] coraltemp_v3.1_20191219.nc is MISSING. Will try to re-download.
2026-01-17 15:30:18,382 | [CRW_SST] coraltemp_v3.1_20191220.nc is MISSING. Will try to re-download.
2026-01-17 15:30:18,384 | [CRW_SST] coraltemp_v3.1_20191221.nc is MISSING. Will try to re-download.
2026-01-17 15:30:18,384 | [CRW_SST] coraltemp_v3.1_20191222.nc is MISSING. Will try to re-download.
2026-01-17 15:30:18,384 | [CRW_SST] coraltemp_v3.1_20191223.nc is MISSING. Will try to re-download.
2026-01-17 15:30:18,385 | [CRW_SST] coraltemp_v3.1_20191224.nc is MISSING. Will try to re-download.
2026-01-17 15:30:18,385 | [CRW_SST] coraltemp_v3.1_20191225.nc is MISSING. Will try to re-download.
2026-01-17 15:30:18,386 | [CRW_SST] coraltemp_v3.1_20191226.nc is MISSING. Will try to re-download.
2026-01-17 15:30:18,387 | [CRW_SST] coraltemp_v3.1_20191227.nc is MISSING. Will try to re-download.
2026-01-17 15:30:18,388 | [CRW_SST] coraltemp_v3.1_20191228.nc is MISSING. Will try to re-download.
2026-01-17 15:30:18,388 | [CRW_SST] coraltemp_v3.1_20191229.nc is MISSING. Will try to re-download.
2026-01-17 15:30:18,389 | [CRW_SST] coraltemp_v3.1_20191230.nc is MISSING. Will try to re-download.
2026-01-17 15:30:18,389 | [CRW_SST] coraltemp_v3.1_20191231.nc is MISSING. Will try to re-download.
2026-01-17 15:30:18,389 | [CRW_SST] coraltemp_v3.1_20200101.nc is MISSING. Will try to re-download.
2026-01-17 15:30:18,392 | [CRW_SST] coraltemp_v3.1_20200102.nc is MISSING. Will try to re-download.
2026-01-17 15:30:18,392 | [CRW_SST] coraltemp_v3.1_20200103.nc is MISSING. Will try to re-download.
2026-01-17 15:30:18,392 | [CRW_SST] coraltemp_v3.1_20200104.nc is MISSING. Will try to re-download.
2026-01-17 15:30:18,392 | [CRW_SST] coraltemp_v3.1_20200105.nc is MISSING. Will try to re-download.
2026-01-17 15:30:18,392 | [CRW_SST] coraltemp_v3.1_20200106.nc is MISSING. Will try to re-download.
2026-01-17 15:30:18,392 | [CRW_SST] coraltemp_v3.1_20200107.nc is MISSING. Will try to re-download.
2026-01-17 15:30:18,392 | [CRW_SST] coraltemp_v3.1_20200108.nc is MISSING. Will try to re-download.
2026-01-17 15:30:18,397 | [CRW_SST] coraltemp_v3.1_20200109.nc is MISSING. Will try to re-download.
2026-01-17 15:30:18,397 | [CRW_SST] coraltemp_v3.1_20200120.nc is MISSING. Will try to re-download.
2026-01-17 15:30:18,397 | [CRW_SST] coraltemp_v3.1_20200121.nc is MISSING. Will try to re-download.
2026-01-17 15:30:18,397 | [CRW_SST] coraltemp_v3.1_20200122.nc is MISSING. Will try to re-download.
2026-01-17 15:30:18,399 | [CRW_SST] coraltemp_v3.1_20200123.nc is MISSING. Will try to re-download.
2026-01-17 15:30:18,399 | [CRW_SST] coraltemp_v3.1_20200124.nc is MISSING. Will try to re-download.
2026-01-17 15:30:18,400 | [CRW_SST] coraltemp_v3.1_20200125.nc is MISSING. Will try to re-download.
2026-01-17 15:30:18,400 | [CRW_SST] coraltemp_v3.1_20200126.nc is MISSING. Will try to re-download.
2026-01-17 15:30:18,400 | [CRW_SST] coraltemp_v3.1_20200127.nc is MISSING. Will try to re-download.
2026-01-17 15:30:18,400 | [CRW_SST] coraltemp_v3.1_20200128.nc is MISSING. Will try to re-download.
2026-01-17 15:30:18,400 | [CRW_SST] coraltemp_v3.1_20200129.nc is MISSING. Will try to re-download.
2026-01-17 15:30:18,402 | [CRW_SST] coraltemp_v3.1_20200130.nc is MISSING. Will try to re-download.
2026-01-17 15:30:18,403 | [CRW_SST] coraltemp_v3.1_20200131.nc is MISSING. Will try to re-download.
2026-01-17 15:30:18,403 | [CRW_SST] coraltemp_v3.1_20200201.nc is MISSING. Will try to re-download.
2026-01-17 15:30:18,403 | [CRW_SST] coraltemp_v3.1_20200202.nc is MISSING. Will try to re-download.
2026-01-17 15:30:18,403 | [CRW_SST] coraltemp_v3.1_20200203.nc is MISSING. Will try to re-download.
2026-01-17 15:30:18,403 | [CRW_SST] coraltemp_v3.1_20200204.nc is MISSING. Will try to re-download.
2026-01-17 15:30:18,403 | [CRW_SST] coraltemp_v3.1_20200205.nc is MISSING. Will try to re-download.
2026-01-17 15:30:18,403 | [CRW_SST] coraltemp_v3.1_20200206.nc is MISSING. Will try to re-download.
2026-01-17 15:30:18,403 | [CRW_SST] coraltemp_v3.1_20200207.nc is MISSING. Will try to re-download.
2026-01-17 15:30:18,409 | [CRW_SST] coraltemp_v3.1_20200208.nc is MISSING. Will try to re-download.
2026-01-17 15:30:18,409 | [CRW_SST] coraltemp_v3.1_20200209.nc is MISSING. Will try to re-download.
2026-01-17 15:30:18,409 | [CRW_SST] coraltemp_v3.1_20200210.nc is MISSING. Will try to re-download.
2026-01-17 15:30:18,410 | [CRW_SST] coraltemp_v3.1_20200212.nc is MISSING. Will try to re-download.
2026-01-17 15:30:18,410 | [CRW_SST] coraltemp_v3.1_20200213.nc is MISSING. Will try to re-download.
2026-01-17 15:30:18,410 | [CRW_SST] coraltemp_v3.1_20200214.nc is MISSING. Will try to re-download.
2026-01-17 15:30:18,412 | [CRW_SST] coraltemp_v3.1_20200215.nc is MISSING. Will try to re-download.
2026-01-17 15:30:18,413 | [CRW_SST] coraltemp_v3.1_20200216.nc is MISSING. Will try to re-download.
2026-01-17 15:30:18,413 | [CRW_SST] coraltemp_v3.1_20200217.nc is MISSING. Will try to re-download.
2026-01-17 15:30:18,413 | [CRW_SST] coraltemp_v3.1_20200218.nc is MISSING. Will try to re-download.
2026-01-17 15:30:18,413 | [CRW_SST] coraltemp_v3.1_20200219.nc is MISSING. Will try to re-download.
2026-01-17 15:30:18,415 | [CRW_SST] coraltemp_v3.1_20200220.nc is MISSING. Will try to re-download.
2026-01-17 15:30:18,415 | [CRW_SST] coraltemp_v3.1_20200221.nc is MISSING. Will try to re-download.
2026-01-17 15:30:18,415 | [CRW_SST] coraltemp_v3.1_20200222.nc is MISSING. Will try to re-download.
2026-01-17 15:30:18,415 | [CRW_SST] coraltemp_v3.1_20200223.nc is MISSING. Will try to re-download.
2026-01-17 15:30:18,415 | [CRW_SST] coraltemp_v3.1_20200224.nc is MISSING. Will try to re-download.
2026-01-17 15:30:18,417 | [CRW_SST] coraltemp_v3.1_20200225.nc is MISSING. Will try to re-download.
2026-01-17 15:30:18,417 | [CRW_SST] coraltemp_v3.1_20200226.nc is MISSING. Will try to re-download.
2026-01-17 15:30:18,417 | [CRW_SST] coraltemp_v3.1_20200227.nc is MISSING. Will try to re-download.
2026-01-17 15:30:18,417 | [CRW_SST] coraltemp_v3.1_20200228.nc is MISSING. Will try to re-download.
2026-01-17 15:30:18,419 | [CRW_SST] coraltemp_v3.1_20200229.nc is MISSING. Will try to re-download.
2026-01-17 15:30:18,419 | [CRW_SST] coraltemp_v3.1_20200301.nc is MISSING. Will try to re-download.
2026-01-17 15:30:18,419 | [CRW_SST] coraltemp_v3.1_20200302.nc is MISSING. Will try to re-download.
2026-01-17 15:30:18,419 | [CRW_SST] coraltemp_v3.1_20200303.nc is MISSING. Will try to re-download.
2026-01-17 15:30:18,419 | [CRW_SST] coraltemp_v3.1_20200304.nc is MISSING. Will try to re-download.
2026-01-17 15:30:18,419 | [CRW_SST] coraltemp_v3.1_20200305.nc is MISSING. Will try to re-download.
2026-01-17 15:30:18,419 | [CRW_SST] coraltemp_v3.1_20200306.nc is MISSING. Will try to re-download.
2026-01-17 15:30:18,419 | [CRW_SST] coraltemp_v3.1_20200307.nc is MISSING. Will try to re-download.
2026-01-17 15:30:18,419 | [CRW_SST] coraltemp_v3.1_20200308.nc is MISSING. Will try to re-download.
2026-01-17 15:30:18,419 | [CRW_SST] coraltemp_v3.1_20200309.nc is MISSING. Will try to re-download.
2026-01-17 15:30:18,423 | [CRW_SST] coraltemp_v3.1_20200310.nc is MISSING. Will try to re-download.
2026-01-17 15:30:18,425 | [CRW_SST] coraltemp_v3.1_20200312.nc is MISSING. Will try to re-download.
2026-01-17 15:30:18,425 | [CRW_SST] coraltemp_v3.1_20200313.nc is MISSING. Will try to re-download.
2026-01-17 15:30:18,427 | [CRW_SST] coraltemp_v3.1_20200314.nc is MISSING. Will try to re-download.
2026-01-17 15:30:18,427 | [CRW_SST] coraltemp_v3.1_20200315.nc is MISSING. Will try to re-download.
2026-01-17 15:30:18,427 | [CRW_SST] coraltemp_v3.1_20200316.nc is MISSING. Will try to re-download.
2026-01-17 15:30:18,427 | [CRW_SST] coraltemp_v3.1_20200317.nc is MISSING. Will try to re-download.
2026-01-17 15:30:18,428 | [CRW_SST] coraltemp_v3.1_20200318.nc is MISSING. Will try to re-download.
2026-01-17 15:30:18,428 | [CRW_SST] coraltemp_v3.1_20200319.nc is MISSING. Will try to re-download.
2026-01-17 15:30:18,428 | [CRW_SST] coraltemp_v3.1_20200320.nc is MISSING. Will try to re-download.
2026-01-17 15:30:18,428 | [CRW_SST] coraltemp_v3.1_20200321.nc is MISSING. Will try to re-download.
2026-01-17 15:30:18,428 | [CRW_SST] coraltemp_v3.1_20200322.nc is MISSING. Will try to re-download.
2026-01-17 15:30:18,428 | [CRW_SST] coraltemp_v3.1_20200323.nc is MISSING. Will try to re-download.
2026-01-17 15:30:18,428 | [CRW_SST] coraltemp_v3.1_20200324.nc is MISSING. Will try to re-download.
2026-01-17 15:30:18,428 | [CRW_SST] coraltemp_v3.1_20200325.nc is MISSING. Will try to re-download.
2026-01-17 15:30:18,428 | [CRW_SST] coraltemp_v3.1_20200326.nc is MISSING. Will try to re-download.
2026-01-17 15:30:18,431 | [CRW_SST] coraltemp_v3.1_20200327.nc is MISSING. Will try to re-download.
2026-01-17 15:30:18,432 | [CRW_SST] coraltemp_v3.1_20200328.nc is MISSING. Will try to re-download.
2026-01-17 15:30:18,432 | [CRW_SST] coraltemp_v3.1_20200329.nc is MISSING. Will try to re-download.
2026-01-17 15:30:18,432 | [CRW_SST] coraltemp_v3.1_20200330.nc is MISSING. Will try to re-download.
2026-01-17 15:30:18,432 | [CRW_SST] coraltemp_v3.1_20200331.nc is MISSING. Will try to re-download.
2026-01-17 15:30:18,434 | [CRW_SST] coraltemp_v3.1_20200401.nc is MISSING. Will try to re-download.
2026-01-17 15:30:18,434 | [CRW_SST] coraltemp_v3.1_20200402.nc is MISSING. Will try to re-download.
2026-01-17 15:30:18,434 | [CRW_SST] coraltemp_v3.1_20200403.nc is MISSING. Will try to re-download.
2026-01-17 15:30:18,434 | [CRW_SST] coraltemp_v3.1_20200404.nc is MISSING. Will try to re-download.
2026-01-17 15:30:18,436 | [CRW_SST] coraltemp_v3.1_20200405.nc is MISSING. Will try to re-download.
2026-01-17 15:30:18,437 | [CRW_SST] coraltemp_v3.1_20200406.nc is MISSING. Will try to re-download.
2026-01-17 15:30:18,437 | [CRW_SST] coraltemp_v3.1_20200407.nc is MISSING. Will try to re-download.
2026-01-17 15:30:18,438 | [CRW_SST] coraltemp_v3.1_20200408.nc is MISSING. Will try to re-download.
2026-01-17 15:30:18,440 | [CRW_SST] coraltemp_v3.1_20200409.nc is MISSING. Will try to re-download.
2026-01-17 15:30:18,444 | [CRW_SST] coraltemp_v3.1_20200410.nc is MISSING. Will try to re-download.
2026-01-17 15:30:18,444 | [CRW_SST] coraltemp_v3.1_20200412.nc is MISSING. Will try to re-download.
2026-01-17 15:30:18,444 | [CRW_SST] coraltemp_v3.1_20200413.nc is MISSING. Will try to re-download.
2026-01-17 15:30:18,444 | [CRW_SST] coraltemp_v3.1_20200414.nc is MISSING. Will try to re-download.
2026-01-17 15:30:18,444 | [CRW_SST] coraltemp_v3.1_20200415.nc is MISSING. Will try to re-download.
2026-01-17 15:30:18,449 | [CRW_SST] coraltemp_v3.1_20200416.nc is MISSING. Will try to re-download.
2026-01-17 15:30:18,450 | [CRW_SST] coraltemp_v3.1_20200417.nc is MISSING. Will try to re-download.
2026-01-17 15:30:18,451 | [CRW_SST] coraltemp_v3.1_20200418.nc is MISSING. Will try to re-download.
2026-01-17 15:30:18,451 | [CRW_SST] coraltemp_v3.1_20200419.nc is MISSING. Will try to re-download.
2026-01-17 15:30:18,451 | [CRW_SST] coraltemp_v3.1_20200420.nc is MISSING. Will try to re-download.
2026-01-17 15:30:18,451 | [CRW_SST] coraltemp_v3.1_20200421.nc is MISSING. Will try to re-download.
2026-01-17 15:30:18,453 | [CRW_SST] coraltemp_v3.1_20200422.nc is MISSING. Will try to re-download.
2026-01-17 15:30:18,453 | [CRW_SST] coraltemp_v3.1_20200423.nc is MISSING. Will try to re-download.
2026-01-17 15:30:18,454 | [CRW_SST] coraltemp_v3.1_20200424.nc is MISSING. Will try to re-download.
2026-01-17 15:30:18,454 | [CRW_SST] coraltemp_v3.1_20200425.nc is MISSING. Will try to re-download.
2026-01-17 15:30:18,454 | [CRW_SST] coraltemp_v3.1_20200426.nc is MISSING. Will try to re-download.
2026-01-17 15:30:18,454 | [CRW_SST] coraltemp_v3.1_20200427.nc is MISSING. Will try to re-download.
2026-01-17 15:30:18,454 | [CRW_SST] coraltemp_v3.1_20200428.nc is MISSING. Will try to re-download.
2026-01-17 15:30:18,456 | [CRW_SST] coraltemp_v3.1_20200429.nc is MISSING. Will try to re-download.
2026-01-17 15:30:18,459 | [CRW_SST] coraltemp_v3.1_20200430.nc is MISSING. Will try to re-download.
2026-01-17 15:30:18,460 | [CRW_SST] coraltemp_v3.1_20200501.nc is MISSING. Will try to re-download.
2026-01-17 15:30:18,461 | [CRW_SST] coraltemp_v3.1_20200502.nc is MISSING. Will try to re-download.
2026-01-17 15:30:18,462 | [CRW_SST] coraltemp_v3.1_20200503.nc is MISSING. Will try to re-download.
2026-01-17 15:30:18,462 | [CRW_SST] coraltemp_v3.1_20200504.nc is MISSING. Will try to re-download.
2026-01-17 15:30:18,462 | [CRW_SST] coraltemp_v3.1_20200505.nc is MISSING. Will try to re-download.
2026-01-17 15:30:18,463 | [CRW_SST] coraltemp_v3.1_20200506.nc is MISSING. Will try to re-download.
2026-01-17 15:30:18,463 | [CRW_SST] coraltemp_v3.1_20200507.nc is MISSING. Will try to re-download.
2026-01-17 15:30:18,463 | [CRW_SST] coraltemp_v3.1_20200508.nc is MISSING. Will try to re-download.
2026-01-17 15:30:18,464 | [CRW_SST] coraltemp_v3.1_20200509.nc is MISSING. Will try to re-download.
2026-01-17 15:30:18,464 | [CRW_SST] coraltemp_v3.1_20200510.nc is MISSING. Will try to re-download.
2026-01-17 15:30:18,464 | [CRW_SST] coraltemp_v3.1_20200512.nc is MISSING. Will try to re-download.
2026-01-17 15:30:18,464 | [CRW_SST] coraltemp_v3.1_20200513.nc is MISSING. Will try to re-download.
2026-01-17 15:30:18,464 | [CRW_SST] coraltemp_v3.1_20200514.nc is MISSING. Will try to re-download.
2026-01-17 15:30:18,464 | [CRW_SST] coraltemp_v3.1_20200515.nc is MISSING. Will try to re-download.
2026-01-17 15:30:18,464 | [CRW_SST] coraltemp_v3.1_20200516.nc is MISSING. Will try to re-download.
2026-01-17 15:30:18,468 | [CRW_SST] coraltemp_v3.1_20200517.nc is MISSING. Will try to re-download.
2026-01-17 15:30:18,468 | [CRW_SST] coraltemp_v3.1_20200518.nc is MISSING. Will try to re-download.
2026-01-17 15:30:18,468 | [CRW_SST] coraltemp_v3.1_20200519.nc is MISSING. Will try to re-download.
2026-01-17 15:30:18,468 | [CRW_SST] coraltemp_v3.1_20200520.nc is MISSING. Will try to re-download.
2026-01-17 15:30:18,469 | [CRW_SST] coraltemp_v3.1_20200521.nc is MISSING. Will try to re-download.
2026-01-17 15:30:18,469 | [CRW_SST] coraltemp_v3.1_20200522.nc is MISSING. Will try to re-download.
2026-01-17 15:30:18,470 | [CRW_SST] coraltemp_v3.1_20200523.nc is MISSING. Will try to re-download.
2026-01-17 15:30:18,470 | [CRW_SST] coraltemp_v3.1_20200524.nc is MISSING. Will try to re-download.
2026-01-17 15:30:18,471 | [CRW_SST] coraltemp_v3.1_20200525.nc is MISSING. Will try to re-download.
2026-01-17 15:30:18,471 | [CRW_SST] coraltemp_v3.1_20200526.nc is MISSING. Will try to re-download.
2026-01-17 15:30:18,471 | [CRW_SST] coraltemp_v3.1_20200527.nc is MISSING. Will try to re-download.
2026-01-17 15:30:18,471 | [CRW_SST] coraltemp_v3.1_20200528.nc is MISSING. Will try to re-download.
2026-01-17 15:30:18,471 | [CRW_SST] coraltemp_v3.1_20200529.nc is MISSING. Will try to re-download.
2026-01-17 15:30:18,471 | [CRW_SST] coraltemp_v3.1_20200530.nc is MISSING. Will try to re-download.
2026-01-17 15:30:18,475 | [CRW_SST] coraltemp_v3.1_20200531.nc is MISSING. Will try to re-download.
2026-01-17 15:30:18,476 | [CRW_SST] coraltemp_v3.1_20200601.nc is MISSING. Will try to re-download.
2026-01-17 15:30:18,477 | [CRW_SST] coraltemp_v3.1_20200602.nc is MISSING. Will try to re-download.
2026-01-17 15:30:18,482 | [CRW_SST] coraltemp_v3.1_20200603.nc is MISSING. Will try to re-download.
2026-01-17 15:30:18,482 | [CRW_SST] coraltemp_v3.1_20200604.nc is MISSING. Will try to re-download.
2026-01-17 15:30:18,484 | [CRW_SST] coraltemp_v3.1_20200605.nc is MISSING. Will try to re-download.
2026-01-17 15:30:18,488 | [CRW_SST] coraltemp_v3.1_20200606.nc is MISSING. Will try to re-download.
2026-01-17 15:30:18,491 | [CRW_SST] coraltemp_v3.1_20200607.nc is MISSING. Will try to re-download.
2026-01-17 15:30:18,493 | [CRW_SST] coraltemp_v3.1_20200608.nc is MISSING. Will try to re-download.
2026-01-17 15:30:18,494 | [CRW_SST] coraltemp_v3.1_20200609.nc is MISSING. Will try to re-download.
2026-01-17 15:30:18,495 | [CRW_SST] coraltemp_v3.1_20200610.nc is MISSING. Will try to re-download.
2026-01-17 15:30:18,495 | [CRW_SST] coraltemp_v3.1_20200612.nc is MISSING. Will try to re-download.
2026-01-17 15:30:18,496 | [CRW_SST] coraltemp_v3.1_20200613.nc is MISSING. Will try to re-download.
2026-01-17 15:30:18,496 | [CRW_SST] coraltemp_v3.1_20200614.nc is MISSING. Will try to re-download.
2026-01-17 15:30:18,497 | [CRW_SST] coraltemp_v3.1_20200615.nc is MISSING. Will try to re-download.
2026-01-17 15:30:18,497 | [CRW_SST] coraltemp_v3.1_20200616.nc is MISSING. Will try to re-download.
2026-01-17 15:30:18,499 | [CRW_SST] coraltemp_v3.1_20200617.nc is MISSING. Will try to re-download.
2026-01-17 15:30:18,499 | [CRW_SST] coraltemp_v3.1_20200618.nc is MISSING. Will try to re-download.
2026-01-17 15:30:18,500 | [CRW_SST] coraltemp_v3.1_20200619.nc is MISSING. Will try to re-download.
2026-01-17 15:30:18,500 | [CRW_SST] coraltemp_v3.1_20200620.nc is MISSING. Will try to re-download.
2026-01-17 15:30:18,501 | [CRW_SST] coraltemp_v3.1_20200621.nc is MISSING. Will try to re-download.
2026-01-17 15:30:18,501 | [CRW_SST] coraltemp_v3.1_20200622.nc is MISSING. Will try to re-download.
2026-01-17 15:30:18,502 | [CRW_SST] coraltemp_v3.1_20200623.nc is MISSING. Will try to re-download.
2026-01-17 15:30:18,503 | [CRW_SST] coraltemp_v3.1_20200624.nc is MISSING. Will try to re-download.
2026-01-17 15:30:18,503 | [CRW_SST] coraltemp_v3.1_20200625.nc is MISSING. Will try to re-download.
2026-01-17 15:30:18,503 | [CRW_SST] coraltemp_v3.1_20200626.nc is MISSING. Will try to re-download.
2026-01-17 15:30:18,504 | [CRW_SST] coraltemp_v3.1_20200627.nc is MISSING. Will try to re-download.
2026-01-17 15:30:18,504 | [CRW_SST] coraltemp_v3.1_20200628.nc is MISSING. Will try to re-download.
2026-01-17 15:30:18,504 | [CRW_SST] coraltemp_v3.1_20200629.nc is MISSING. Will try to re-download.
2026-01-17 15:30:18,504 | [CRW_SST] coraltemp_v3.1_20200630.nc is MISSING. Will try to re-download.
2026-01-17 15:30:18,504 | [CRW_SST] coraltemp_v3.1_20200701.nc is MISSING. Will try to re-download.
2026-01-17 15:30:18,504 | [CRW_SST] coraltemp_v3.1_20200702.nc is MISSING. Will try to re-download.
2026-01-17 15:30:18,508 | [CRW_SST] coraltemp_v3.1_20200703.nc is MISSING. Will try to re-download.
2026-01-17 15:30:18,509 | [CRW_SST] coraltemp_v3.1_20200704.nc is MISSING. Will try to re-download.
2026-01-17 15:30:18,510 | [CRW_SST] coraltemp_v3.1_20200705.nc is MISSING. Will try to re-download.
2026-01-17 15:30:18,510 | [CRW_SST] coraltemp_v3.1_20200706.nc is MISSING. Will try to re-download.
2026-01-17 15:30:18,512 | [CRW_SST] coraltemp_v3.1_20200707.nc is MISSING. Will try to re-download.
2026-01-17 15:30:18,512 | [CRW_SST] coraltemp_v3.1_20200708.nc is MISSING. Will try to re-download.
2026-01-17 15:30:18,513 | [CRW_SST] coraltemp_v3.1_20200709.nc is MISSING. Will try to re-download.
2026-01-17 15:30:18,513 | [CRW_SST] coraltemp_v3.1_20200710.nc is MISSING. Will try to re-download.
2026-01-17 15:30:18,513 | [CRW_SST] coraltemp_v3.1_20200712.nc is MISSING. Will try to re-download.
2026-01-17 15:30:18,513 | [CRW_SST] coraltemp_v3.1_20200713.nc is MISSING. Will try to re-download.
2026-01-17 15:30:18,514 | [CRW_SST] coraltemp_v3.1_20200714.nc is MISSING. Will try to re-download.
2026-01-17 15:30:18,514 | [CRW_SST] coraltemp_v3.1_20200715.nc is MISSING. Will try to re-download.
2026-01-17 15:30:18,516 | [CRW_SST] coraltemp_v3.1_20200716.nc is MISSING. Will try to re-download.
2026-01-17 15:30:18,516 | [CRW_SST] coraltemp_v3.1_20200717.nc is MISSING. Will try to re-download.
2026-01-17 15:30:18,516 | [CRW_SST] coraltemp_v3.1_20200718.nc is MISSING. Will try to re-download.
2026-01-17 15:30:18,516 | [CRW_SST] coraltemp_v3.1_20200719.nc is MISSING. Will try to re-download.
2026-01-17 15:30:18,517 | [CRW_SST] coraltemp_v3.1_20200720.nc is MISSING. Will try to re-download.
2026-01-17 15:30:18,517 | [CRW_SST] coraltemp_v3.1_20200721.nc is MISSING. Will try to re-download.
2026-01-17 15:30:18,517 | [CRW_SST] coraltemp_v3.1_20200722.nc is MISSING. Will try to re-download.
2026-01-17 15:30:18,519 | [CRW_SST] coraltemp_v3.1_20200723.nc is MISSING. Will try to re-download.
2026-01-17 15:30:18,519 | [CRW_SST] coraltemp_v3.1_20200724.nc is MISSING. Will try to re-download.
2026-01-17 15:30:18,519 | [CRW_SST] coraltemp_v3.1_20200725.nc is MISSING. Will try to re-download.
2026-01-17 15:30:18,519 | [CRW_SST] coraltemp_v3.1_20200726.nc is MISSING. Will try to re-download.
2026-01-17 15:30:18,521 | [CRW_SST] coraltemp_v3.1_20200727.nc is MISSING. Will try to re-download.
2026-01-17 15:30:18,521 | [CRW_SST] coraltemp_v3.1_20200728.nc is MISSING. Will try to re-download.
2026-01-17 15:30:18,521 | [CRW_SST] coraltemp_v3.1_20200729.nc is MISSING. Will try to re-download.
2026-01-17 15:30:18,521 | [CRW_SST] coraltemp_v3.1_20200730.nc is MISSING. Will try to re-download.
2026-01-17 15:30:18,521 | [CRW_SST] coraltemp_v3.1_20200731.nc is MISSING. Will try to re-download.
2026-01-17 15:30:18,525 | [CRW_SST] coraltemp_v3.1_20200801.nc is MISSING. Will try to re-download.
2026-01-17 15:30:18,526 | [CRW_SST] coraltemp_v3.1_20200802.nc is MISSING. Will try to re-download.
2026-01-17 15:30:18,526 | [CRW_SST] coraltemp_v3.1_20200803.nc is MISSING. Will try to re-download.
2026-01-17 15:30:18,527 | [CRW_SST] coraltemp_v3.1_20200804.nc is MISSING. Will try to re-download.
2026-01-17 15:30:18,527 | [CRW_SST] coraltemp_v3.1_20200805.nc is MISSING. Will try to re-download.
2026-01-17 15:30:18,528 | [CRW_SST] coraltemp_v3.1_20200806.nc is MISSING. Will try to re-download.
2026-01-17 15:30:18,528 | [CRW_SST] coraltemp_v3.1_20200807.nc is MISSING. Will try to re-download.
2026-01-17 15:30:18,528 | [CRW_SST] coraltemp_v3.1_20200808.nc is MISSING. Will try to re-download.
2026-01-17 15:30:18,528 | [CRW_SST] coraltemp_v3.1_20200809.nc is MISSING. Will try to re-download.
2026-01-17 15:30:18,528 | [CRW_SST] coraltemp_v3.1_20200810.nc is MISSING. Will try to re-download.
2026-01-17 15:30:18,528 | [CRW_SST] coraltemp_v3.1_20200812.nc is MISSING. Will try to re-download.
2026-01-17 15:30:18,528 | [CRW_SST] coraltemp_v3.1_20200813.nc is MISSING. Will try to re-download.
2026-01-17 15:30:18,531 | [CRW_SST] coraltemp_v3.1_20200814.nc is MISSING. Will try to re-download.
2026-01-17 15:30:18,532 | [CRW_SST] coraltemp_v3.1_20200815.nc is MISSING. Will try to re-download.
2026-01-17 15:30:18,532 | [CRW_SST] coraltemp_v3.1_20200816.nc is MISSING. Will try to re-download.
2026-01-17 15:30:18,532 | [CRW_SST] coraltemp_v3.1_20200817.nc is MISSING. Will try to re-download.
2026-01-17 15:30:18,532 | [CRW_SST] coraltemp_v3.1_20200818.nc is MISSING. Will try to re-download.
2026-01-17 15:30:18,533 | [CRW_SST] coraltemp_v3.1_20200819.nc is MISSING. Will try to re-download.
2026-01-17 15:30:18,534 | [CRW_SST] coraltemp_v3.1_20200820.nc is MISSING. Will try to re-download.
2026-01-17 15:30:18,534 | [CRW_SST] coraltemp_v3.1_20200821.nc is MISSING. Will try to re-download.
2026-01-17 15:30:18,534 | [CRW_SST] coraltemp_v3.1_20200822.nc is MISSING. Will try to re-download.
2026-01-17 15:30:18,534 | [CRW_SST] coraltemp_v3.1_20200823.nc is MISSING. Will try to re-download.
2026-01-17 15:30:18,534 | [CRW_SST] coraltemp_v3.1_20200824.nc is MISSING. Will try to re-download.
2026-01-17 15:30:18,534 | [CRW_SST] coraltemp_v3.1_20200825.nc is MISSING. Will try to re-download.
2026-01-17 15:30:18,534 | [CRW_SST] coraltemp_v3.1_20200826.nc is MISSING. Will try to re-download.
2026-01-17 15:30:18,536 | [CRW_SST] coraltemp_v3.1_20200827.nc is MISSING. Will try to re-download.
2026-01-17 15:30:18,537 | [CRW_SST] coraltemp_v3.1_20200828.nc is MISSING. Will try to re-download.
2026-01-17 15:30:18,537 | [CRW_SST] coraltemp_v3.1_20200829.nc is MISSING. Will try to re-download.
2026-01-17 15:30:18,538 | [CRW_SST] coraltemp_v3.1_20200830.nc is MISSING. Will try to re-download.
2026-01-17 15:30:18,538 | [CRW_SST] coraltemp_v3.1_20200831.nc is MISSING. Will try to re-download.
2026-01-17 15:30:18,538 | [CRW_SST] coraltemp_v3.1_20200901.nc is MISSING. Will try to re-download.
2026-01-17 15:30:18,538 | [CRW_SST] coraltemp_v3.1_20200902.nc is MISSING. Will try to re-download.
2026-01-17 15:30:18,539 | [CRW_SST] coraltemp_v3.1_20200903.nc is MISSING. Will try to re-download.
2026-01-17 15:30:18,540 | [CRW_SST] coraltemp_v3.1_20200904.nc is MISSING. Will try to re-download.
2026-01-17 15:30:18,540 | [CRW_SST] coraltemp_v3.1_20200905.nc is MISSING. Will try to re-download.
2026-01-17 15:30:18,540 | [CRW_SST] coraltemp_v3.1_20200906.nc is MISSING. Will try to re-download.
2026-01-17 15:30:18,543 | [CRW_SST] coraltemp_v3.1_20200907.nc is MISSING. Will try to re-download.
2026-01-17 15:30:18,545 | [CRW_SST] coraltemp_v3.1_20200908.nc is MISSING. Will try to re-download.
2026-01-17 15:30:18,545 | [CRW_SST] coraltemp_v3.1_20200909.nc is MISSING. Will try to re-download.
2026-01-17 15:30:18,545 | [CRW_SST] coraltemp_v3.1_20200910.nc is MISSING. Will try to re-download.
2026-01-17 15:30:18,547 | [CRW_SST] coraltemp_v3.1_20200912.nc is MISSING. Will try to re-download.
2026-01-17 15:30:18,548 | [CRW_SST] coraltemp_v3.1_20200913.nc is MISSING. Will try to re-download.
2026-01-17 15:30:18,548 | [CRW_SST] coraltemp_v3.1_20200914.nc is MISSING. Will try to re-download.
2026-01-17 15:30:18,549 | [CRW_SST] coraltemp_v3.1_20200915.nc is MISSING. Will try to re-download.
2026-01-17 15:30:18,549 | [CRW_SST] coraltemp_v3.1_20200916.nc is MISSING. Will try to re-download.
2026-01-17 15:30:18,550 | [CRW_SST] coraltemp_v3.1_20200917.nc is MISSING. Will try to re-download.
2026-01-17 15:30:18,550 | [CRW_SST] coraltemp_v3.1_20200918.nc is MISSING. Will try to re-download.
2026-01-17 15:30:18,550 | [CRW_SST] coraltemp_v3.1_20200919.nc is MISSING. Will try to re-download.
2026-01-17 15:30:18,550 | [CRW_SST] coraltemp_v3.1_20200920.nc is MISSING. Will try to re-download.
2026-01-17 15:30:18,569 | [CRW_SST] coraltemp_v3.1_20200921.nc is MISSING. Will try to re-download.
2026-01-17 15:30:18,580 | [CRW_SST] coraltemp_v3.1_20200922.nc is MISSING. Will try to re-download.
2026-01-17 15:30:18,587 | [CRW_SST] coraltemp_v3.1_20200923.nc is MISSING. Will try to re-download.
2026-01-17 15:30:18,609 | [CRW_SST] coraltemp_v3.1_20200924.nc is MISSING. Will try to re-download.
2026-01-17 15:30:18,617 | [CRW_SST] coraltemp_v3.1_20200925.nc is MISSING. Will try to re-download.
2026-01-17 15:30:18,635 | [CRW_SST] coraltemp_v3.1_20200926.nc is MISSING. Will try to re-download.
2026-01-17 15:30:18,646 | [CRW_SST] coraltemp_v3.1_20200927.nc is MISSING. Will try to re-download.
2026-01-17 15:30:18,660 | [CRW_SST] coraltemp_v3.1_20200928.nc is MISSING. Will try to re-download.
2026-01-17 15:30:18,668 | [CRW_SST] coraltemp_v3.1_20200929.nc is MISSING. Will try to re-download.
2026-01-17 15:30:18,694 | [CRW_SST] coraltemp_v3.1_20200930.nc is MISSING. Will try to re-download.
2026-01-17 15:30:18,730 | [CRW_SST] coraltemp_v3.1_20201001.nc is MISSING. Will try to re-download.
2026-01-17 15:30:18,733 | [CRW_SST] coraltemp_v3.1_20201002.nc is MISSING. Will try to re-download.
2026-01-17 15:30:18,743 | [CRW_SST] coraltemp_v3.1_20201003.nc is MISSING. Will try to re-download.
2026-01-17 15:30:18,752 | [CRW_SST] coraltemp_v3.1_20201004.nc is MISSING. Will try to re-download.
2026-01-17 15:30:18,761 | [CRW_SST] coraltemp_v3.1_20201005.nc is MISSING. Will try to re-download.
2026-01-17 15:30:18,763 | [CRW_SST] coraltemp_v3.1_20201006.nc is MISSING. Will try to re-download.
2026-01-17 15:30:18,769 | [CRW_SST] coraltemp_v3.1_20201007.nc is MISSING. Will try to re-download.
2026-01-17 15:30:18,772 | [CRW_SST] coraltemp_v3.1_20201008.nc is MISSING. Will try to re-download.
2026-01-17 15:30:18,778 | [CRW_SST] coraltemp_v3.1_20201009.nc is MISSING. Will try to re-download.
2026-01-17 15:30:18,781 | [CRW_SST] coraltemp_v3.1_20201010.nc is MISSING. Will try to re-download.
2026-01-17 15:30:18,784 | [CRW_SST] coraltemp_v3.1_20201012.nc is MISSING. Will try to re-download.
2026-01-17 15:30:18,786 | [CRW_SST] coraltemp_v3.1_20201013.nc is MISSING. Will try to re-download.
2026-01-17 15:30:18,786 | [CRW_SST] coraltemp_v3.1_20201014.nc is MISSING. Will try to re-download.
2026-01-17 15:30:18,790 | [CRW_SST] coraltemp_v3.1_20201015.nc is MISSING. Will try to re-download.
2026-01-17 15:30:18,797 | [CRW_SST] coraltemp_v3.1_20201016.nc is MISSING. Will try to re-download.
2026-01-17 15:30:18,799 | [CRW_SST] coraltemp_v3.1_20201017.nc is MISSING. Will try to re-download.
2026-01-17 15:30:18,803 | [CRW_SST] coraltemp_v3.1_20201018.nc is MISSING. Will try to re-download.
2026-01-17 15:30:18,803 | [CRW_SST] coraltemp_v3.1_20201019.nc is MISSING. Will try to re-download.
2026-01-17 15:30:18,803 | [CRW_SST] coraltemp_v3.1_20201020.nc is MISSING. Will try to re-download.
2026-01-17 15:30:18,809 | [CRW_SST] coraltemp_v3.1_20201021.nc is MISSING. Will try to re-download.
2026-01-17 15:30:18,810 | [CRW_SST] coraltemp_v3.1_20201022.nc is MISSING. Will try to re-download.
2026-01-17 15:30:18,810 | [CRW_SST] coraltemp_v3.1_20201023.nc is MISSING. Will try to re-download.
2026-01-17 15:30:18,810 | [CRW_SST] coraltemp_v3.1_20201024.nc is MISSING. Will try to re-download.
2026-01-17 15:30:18,813 | [CRW_SST] coraltemp_v3.1_20201025.nc is MISSING. Will try to re-download.
2026-01-17 15:30:18,813 | [CRW_SST] coraltemp_v3.1_20201026.nc is MISSING. Will try to re-download.
2026-01-17 15:30:18,813 | [CRW_SST] coraltemp_v3.1_20201027.nc is MISSING. Will try to re-download.
2026-01-17 15:30:18,815 | [CRW_SST] coraltemp_v3.1_20201028.nc is MISSING. Will try to re-download.
2026-01-17 15:30:18,818 | [CRW_SST] coraltemp_v3.1_20201029.nc is MISSING. Will try to re-download.
2026-01-17 15:30:18,818 | [CRW_SST] coraltemp_v3.1_20201030.nc is MISSING. Will try to re-download.
2026-01-17 15:30:18,821 | [CRW_SST] coraltemp_v3.1_20201031.nc is MISSING. Will try to re-download.
2026-01-17 15:30:18,821 | [CRW_SST] coraltemp_v3.1_20201201.nc is MISSING. Will try to re-download.
2026-01-17 15:30:18,823 | [CRW_SST] coraltemp_v3.1_20201202.nc is MISSING. Will try to re-download.
2026-01-17 15:30:18,825 | [CRW_SST] coraltemp_v3.1_20201203.nc is MISSING. Will try to re-download.
2026-01-17 15:30:18,826 | [CRW_SST] coraltemp_v3.1_20201204.nc is MISSING. Will try to re-download.
2026-01-17 15:30:18,828 | [CRW_SST] coraltemp_v3.1_20201205.nc is MISSING. Will try to re-download.
2026-01-17 15:30:18,828 | [CRW_SST] coraltemp_v3.1_20201206.nc is MISSING. Will try to re-download.
2026-01-17 15:30:18,830 | [CRW_SST] coraltemp_v3.1_20201207.nc is MISSING. Will try to re-download.
2026-01-17 15:30:18,831 | [CRW_SST] coraltemp_v3.1_20201208.nc is MISSING. Will try to re-download.
2026-01-17 15:30:18,831 | [CRW_SST] coraltemp_v3.1_20201209.nc is MISSING. Will try to re-download.
2026-01-17 15:30:18,832 | [CRW_SST] coraltemp_v3.1_20201210.nc is MISSING. Will try to re-download.
2026-01-17 15:30:18,832 | [CRW_SST] coraltemp_v3.1_20201212.nc is MISSING. Will try to re-download.
2026-01-17 15:30:18,832 | [CRW_SST] coraltemp_v3.1_20201213.nc is MISSING. Will try to re-download.
2026-01-17 15:30:18,834 | [CRW_SST] coraltemp_v3.1_20201214.nc is MISSING. Will try to re-download.
2026-01-17 15:30:18,834 | [CRW_SST] coraltemp_v3.1_20201215.nc is MISSING. Will try to re-download.
2026-01-17 15:30:18,835 | [CRW_SST] coraltemp_v3.1_20201216.nc is MISSING. Will try to re-download.
2026-01-17 15:30:18,835 | [CRW_SST] coraltemp_v3.1_20201217.nc is MISSING. Will try to re-download.
2026-01-17 15:30:18,835 | [CRW_SST] coraltemp_v3.1_20201218.nc is MISSING. Will try to re-download.
2026-01-17 15:30:18,835 | [CRW_SST] coraltemp_v3.1_20201219.nc is MISSING. Will try to re-download.
2026-01-17 15:30:18,836 | [CRW_SST] coraltemp_v3.1_20201220.nc is MISSING. Will try to re-download.
2026-01-17 15:30:18,838 | [CRW_SST] coraltemp_v3.1_20201221.nc is MISSING. Will try to re-download.
2026-01-17 15:30:18,839 | [CRW_SST] coraltemp_v3.1_20201222.nc is MISSING. Will try to re-download.
2026-01-17 15:30:18,839 | [CRW_SST] coraltemp_v3.1_20201223.nc is MISSING. Will try to re-download.
2026-01-17 15:30:18,839 | [CRW_SST] coraltemp_v3.1_20201224.nc is MISSING. Will try to re-download.
2026-01-17 15:30:18,841 | [CRW_SST] coraltemp_v3.1_20201225.nc is MISSING. Will try to re-download.
2026-01-17 15:30:18,842 | [CRW_SST] coraltemp_v3.1_20201226.nc is MISSING. Will try to re-download.
2026-01-17 15:30:18,842 | [CRW_SST] coraltemp_v3.1_20201227.nc is MISSING. Will try to re-download.
2026-01-17 15:30:18,843 | [CRW_SST] coraltemp_v3.1_20201228.nc is MISSING. Will try to re-download.
2026-01-17 15:30:18,843 | [CRW_SST] coraltemp_v3.1_20201229.nc is MISSING. Will try to re-download.
2026-01-17 15:30:18,843 | [CRW_SST] coraltemp_v3.1_20201230.nc is MISSING. Will try to re-download.
2026-01-17 15:30:18,843 | [CRW_SST] coraltemp_v3.1_20201231.nc is MISSING. Will try to re-download.
2026-01-17 15:30:18,845 | [CRW_SST] coraltemp_v3.1_20210101.nc is MISSING. Will try to re-download.
2026-01-17 15:30:18,845 | [CRW_SST] coraltemp_v3.1_20210102.nc is MISSING. Will try to re-download.
2026-01-17 15:30:18,845 | [CRW_SST] coraltemp_v3.1_20210103.nc is MISSING. Will try to re-download.
2026-01-17 15:30:18,847 | [CRW_SST] coraltemp_v3.1_20210104.nc is MISSING. Will try to re-download.
2026-01-17 15:30:18,847 | [CRW_SST] coraltemp_v3.1_20210105.nc is MISSING. Will try to re-download.
2026-01-17 15:30:18,847 | [CRW_SST] coraltemp_v3.1_20210106.nc is MISSING. Will try to re-download.
2026-01-17 15:30:18,848 | [CRW_SST] coraltemp_v3.1_20210107.nc is MISSING. Will try to re-download.
2026-01-17 15:30:18,849 | [CRW_SST] coraltemp_v3.1_20210108.nc is MISSING. Will try to re-download.
2026-01-17 15:30:18,850 | [CRW_SST] coraltemp_v3.1_20210109.nc is MISSING. Will try to re-download.
2026-01-17 15:30:18,850 | [CRW_SST] coraltemp_v3.1_20210120.nc is MISSING. Will try to re-download.
2026-01-17 15:30:18,850 | [CRW_SST] coraltemp_v3.1_20210121.nc is MISSING. Will try to re-download.
2026-01-17 15:30:18,850 | [CRW_SST] coraltemp_v3.1_20210122.nc is MISSING. Will try to re-download.
2026-01-17 15:30:18,852 | [CRW_SST] coraltemp_v3.1_20210123.nc is MISSING. Will try to re-download.
2026-01-17 15:30:18,852 | [CRW_SST] coraltemp_v3.1_20210124.nc is MISSING. Will try to re-download.
2026-01-17 15:30:18,853 | [CRW_SST] coraltemp_v3.1_20210125.nc is MISSING. Will try to re-download.
2026-01-17 15:30:18,853 | [CRW_SST] coraltemp_v3.1_20210126.nc is MISSING. Will try to re-download.
2026-01-17 15:30:18,854 | [CRW_SST] coraltemp_v3.1_20210127.nc is MISSING. Will try to re-download.
2026-01-17 15:30:18,855 | [CRW_SST] coraltemp_v3.1_20210128.nc is MISSING. Will try to re-download.
2026-01-17 15:30:18,855 | [CRW_SST] coraltemp_v3.1_20210129.nc is MISSING. Will try to re-download.
2026-01-17 15:30:18,856 | [CRW_SST] coraltemp_v3.1_20210130.nc is MISSING. Will try to re-download.
2026-01-17 15:30:18,858 | [CRW_SST] coraltemp_v3.1_20210131.nc is MISSING. Will try to re-download.
2026-01-17 15:30:18,860 | [CRW_SST] coraltemp_v3.1_20210201.nc is MISSING. Will try to re-download.
2026-01-17 15:30:18,860 | [CRW_SST] coraltemp_v3.1_20210202.nc is MISSING. Will try to re-download.
2026-01-17 15:30:18,860 | [CRW_SST] coraltemp_v3.1_20210203.nc is MISSING. Will try to re-download.
2026-01-17 15:30:18,861 | [CRW_SST] coraltemp_v3.1_20210204.nc is MISSING. Will try to re-download.
2026-01-17 15:30:18,861 | [CRW_SST] coraltemp_v3.1_20210205.nc is MISSING. Will try to re-download.
2026-01-17 15:30:18,861 | [CRW_SST] coraltemp_v3.1_20210206.nc is MISSING. Will try to re-download.
2026-01-17 15:30:18,863 | [CRW_SST] coraltemp_v3.1_20210207.nc is MISSING. Will try to re-download.
2026-01-17 15:30:18,863 | [CRW_SST] coraltemp_v3.1_20210208.nc is MISSING. Will try to re-download.
2026-01-17 15:30:18,864 | [CRW_SST] coraltemp_v3.1_20210209.nc is MISSING. Will try to re-download.
2026-01-17 15:30:18,864 | [CRW_SST] coraltemp_v3.1_20210210.nc is MISSING. Will try to re-download.
2026-01-17 15:30:18,864 | [CRW_SST] coraltemp_v3.1_20210212.nc is MISSING. Will try to re-download.
2026-01-17 15:30:18,864 | [CRW_SST] coraltemp_v3.1_20210213.nc is MISSING. Will try to re-download.
2026-01-17 15:30:18,864 | [CRW_SST] coraltemp_v3.1_20210214.nc is MISSING. Will try to re-download.
2026-01-17 15:30:18,868 | [CRW_SST] coraltemp_v3.1_20210215.nc is MISSING. Will try to re-download.
2026-01-17 15:30:18,868 | [CRW_SST] coraltemp_v3.1_20210216.nc is MISSING. Will try to re-download.
2026-01-17 15:30:18,868 | [CRW_SST] coraltemp_v3.1_20210217.nc is MISSING. Will try to re-download.
2026-01-17 15:30:18,870 | [CRW_SST] coraltemp_v3.1_20210218.nc is MISSING. Will try to re-download.
2026-01-17 15:30:18,870 | [CRW_SST] coraltemp_v3.1_20210219.nc is MISSING. Will try to re-download.
2026-01-17 15:30:18,870 | [CRW_SST] coraltemp_v3.1_20210220.nc is MISSING. Will try to re-download.
2026-01-17 15:30:18,872 | [CRW_SST] coraltemp_v3.1_20210221.nc is MISSING. Will try to re-download.
2026-01-17 15:30:18,872 | [CRW_SST] coraltemp_v3.1_20210222.nc is MISSING. Will try to re-download.
2026-01-17 15:30:18,872 | [CRW_SST] coraltemp_v3.1_20210223.nc is MISSING. Will try to re-download.
2026-01-17 15:30:18,874 | [CRW_SST] coraltemp_v3.1_20210224.nc is MISSING. Will try to re-download.
2026-01-17 15:30:18,874 | [CRW_SST] coraltemp_v3.1_20210225.nc is MISSING. Will try to re-download.
2026-01-17 15:30:18,875 | [CRW_SST] coraltemp_v3.1_20210226.nc is MISSING. Will try to re-download.
2026-01-17 15:30:18,875 | [CRW_SST] coraltemp_v3.1_20210227.nc is MISSING. Will try to re-download.
2026-01-17 15:30:18,876 | [CRW_SST] coraltemp_v3.1_20210228.nc is MISSING. Will try to re-download.
2026-01-17 15:30:18,876 | [CRW_SST] coraltemp_v3.1_20210301.nc is MISSING. Will try to re-download.
2026-01-17 15:30:18,876 | [CRW_SST] coraltemp_v3.1_20210302.nc is MISSING. Will try to re-download.
2026-01-17 15:30:18,878 | [CRW_SST] coraltemp_v3.1_20210303.nc is MISSING. Will try to re-download.
2026-01-17 15:30:18,878 | [CRW_SST] coraltemp_v3.1_20210304.nc is MISSING. Will try to re-download.
2026-01-17 15:30:18,879 | [CRW_SST] coraltemp_v3.1_20210305.nc is MISSING. Will try to re-download.
2026-01-17 15:30:18,879 | [CRW_SST] coraltemp_v3.1_20210306.nc is MISSING. Will try to re-download.
2026-01-17 15:30:18,879 | [CRW_SST] coraltemp_v3.1_20210307.nc is MISSING. Will try to re-download.
2026-01-17 15:30:18,881 | [CRW_SST] coraltemp_v3.1_20210308.nc is MISSING. Will try to re-download.
2026-01-17 15:30:18,881 | [CRW_SST] coraltemp_v3.1_20210309.nc is MISSING. Will try to re-download.
2026-01-17 15:30:18,882 | [CRW_SST] coraltemp_v3.1_20210310.nc is MISSING. Will try to re-download.
2026-01-17 15:30:18,882 | [CRW_SST] coraltemp_v3.1_20210312.nc is MISSING. Will try to re-download.
2026-01-17 15:30:18,882 | [CRW_SST] coraltemp_v3.1_20210313.nc is MISSING. Will try to re-download.
2026-01-17 15:30:18,884 | [CRW_SST] coraltemp_v3.1_20210314.nc is MISSING. Will try to re-download.
2026-01-17 15:30:18,884 | [CRW_SST] coraltemp_v3.1_20210315.nc is MISSING. Will try to re-download.
2026-01-17 15:30:18,885 | [CRW_SST] coraltemp_v3.1_20210316.nc is MISSING. Will try to re-download.
2026-01-17 15:30:18,885 | [CRW_SST] coraltemp_v3.1_20210317.nc is MISSING. Will try to re-download.
2026-01-17 15:30:18,886 | [CRW_SST] coraltemp_v3.1_20210318.nc is MISSING. Will try to re-download.
2026-01-17 15:30:18,886 | [CRW_SST] coraltemp_v3.1_20210319.nc is MISSING. Will try to re-download.
2026-01-17 15:30:18,887 | [CRW_SST] coraltemp_v3.1_20210320.nc is MISSING. Will try to re-download.
2026-01-17 15:30:18,888 | [CRW_SST] coraltemp_v3.1_20210321.nc is MISSING. Will try to re-download.
2026-01-17 15:30:18,889 | [CRW_SST] coraltemp_v3.1_20210322.nc is MISSING. Will try to re-download.
2026-01-17 15:30:18,889 | [CRW_SST] coraltemp_v3.1_20210323.nc is MISSING. Will try to re-download.
2026-01-17 15:30:18,889 | [CRW_SST] coraltemp_v3.1_20210324.nc is MISSING. Will try to re-download.
2026-01-17 15:30:18,891 | [CRW_SST] coraltemp_v3.1_20210325.nc is MISSING. Will try to re-download.
2026-01-17 15:30:18,891 | [CRW_SST] coraltemp_v3.1_20210326.nc is MISSING. Will try to re-download.
2026-01-17 15:30:18,891 | [CRW_SST] coraltemp_v3.1_20210327.nc is MISSING. Will try to re-download.
2026-01-17 15:30:18,892 | [CRW_SST] coraltemp_v3.1_20210328.nc is MISSING. Will try to re-download.
2026-01-17 15:30:18,893 | [CRW_SST] coraltemp_v3.1_20210329.nc is MISSING. Will try to re-download.
2026-01-17 15:30:18,893 | [CRW_SST] coraltemp_v3.1_20210330.nc is MISSING. Will try to re-download.
2026-01-17 15:30:18,893 | [CRW_SST] coraltemp_v3.1_20210331.nc is MISSING. Will try to re-download.
2026-01-17 15:30:18,895 | [CRW_SST] coraltemp_v3.1_20210401.nc is MISSING. Will try to re-download.
2026-01-17 15:30:18,895 | [CRW_SST] coraltemp_v3.1_20210402.nc is MISSING. Will try to re-download.
2026-01-17 15:30:18,897 | [CRW_SST] coraltemp_v3.1_20210403.nc is MISSING. Will try to re-download.
2026-01-17 15:30:18,897 | [CRW_SST] coraltemp_v3.1_20210404.nc is MISSING. Will try to re-download.
2026-01-17 15:30:18,897 | [CRW_SST] coraltemp_v3.1_20210405.nc is MISSING. Will try to re-download.
2026-01-17 15:30:18,900 | [CRW_SST] coraltemp_v3.1_20210406.nc is MISSING. Will try to re-download.
2026-01-17 15:30:18,900 | [CRW_SST] coraltemp_v3.1_20210407.nc is MISSING. Will try to re-download.
2026-01-17 15:30:18,900 | [CRW_SST] coraltemp_v3.1_20210408.nc is MISSING. Will try to re-download.
2026-01-17 15:30:18,901 | [CRW_SST] coraltemp_v3.1_20210409.nc is MISSING. Will try to re-download.
2026-01-17 15:30:18,901 | [CRW_SST] coraltemp_v3.1_20210410.nc is MISSING. Will try to re-download.
2026-01-17 15:30:18,902 | [CRW_SST] coraltemp_v3.1_20210412.nc is MISSING. Will try to re-download.
2026-01-17 15:30:18,902 | [CRW_SST] coraltemp_v3.1_20210413.nc is MISSING. Will try to re-download.
2026-01-17 15:30:18,903 | [CRW_SST] coraltemp_v3.1_20210414.nc is MISSING. Will try to re-download.
2026-01-17 15:30:18,903 | [CRW_SST] coraltemp_v3.1_20210415.nc is MISSING. Will try to re-download.
2026-01-17 15:30:18,904 | [CRW_SST] coraltemp_v3.1_20210416.nc is MISSING. Will try to re-download.
2026-01-17 15:30:18,904 | [CRW_SST] coraltemp_v3.1_20210417.nc is MISSING. Will try to re-download.
2026-01-17 15:30:18,905 | [CRW_SST] coraltemp_v3.1_20210418.nc is MISSING. Will try to re-download.
2026-01-17 15:30:18,906 | [CRW_SST] coraltemp_v3.1_20210419.nc is MISSING. Will try to re-download.
2026-01-17 15:30:18,906 | [CRW_SST] coraltemp_v3.1_20210420.nc is MISSING. Will try to re-download.
2026-01-17 15:30:18,906 | [CRW_SST] coraltemp_v3.1_20210421.nc is MISSING. Will try to re-download.
2026-01-17 15:30:18,907 | [CRW_SST] coraltemp_v3.1_20210422.nc is MISSING. Will try to re-download.
2026-01-17 15:30:18,909 | [CRW_SST] coraltemp_v3.1_20210423.nc is MISSING. Will try to re-download.
2026-01-17 15:30:18,911 | [CRW_SST] coraltemp_v3.1_20210424.nc is MISSING. Will try to re-download.
2026-01-17 15:30:18,911 | [CRW_SST] coraltemp_v3.1_20210425.nc is MISSING. Will try to re-download.
2026-01-17 15:30:18,911 | [CRW_SST] coraltemp_v3.1_20210426.nc is MISSING. Will try to re-download.
2026-01-17 15:30:18,911 | [CRW_SST] coraltemp_v3.1_20210427.nc is MISSING. Will try to re-download.
2026-01-17 15:30:18,912 | [CRW_SST] coraltemp_v3.1_20210428.nc is MISSING. Will try to re-download.
2026-01-17 15:30:18,913 | [CRW_SST] coraltemp_v3.1_20210429.nc is MISSING. Will try to re-download.
2026-01-17 15:30:18,913 | [CRW_SST] coraltemp_v3.1_20210430.nc is MISSING. Will try to re-download.
2026-01-17 15:30:18,915 | [CRW_SST] coraltemp_v3.1_20210501.nc is MISSING. Will try to re-download.
2026-01-17 15:30:18,915 | [CRW_SST] coraltemp_v3.1_20210502.nc is MISSING. Will try to re-download.
2026-01-17 15:30:18,915 | [CRW_SST] coraltemp_v3.1_20210503.nc is MISSING. Will try to re-download.
2026-01-17 15:30:18,917 | [CRW_SST] coraltemp_v3.1_20210504.nc is MISSING. Will try to re-download.
2026-01-17 15:30:18,917 | [CRW_SST] coraltemp_v3.1_20210505.nc is MISSING. Will try to re-download.
2026-01-17 15:30:18,918 | [CRW_SST] coraltemp_v3.1_20210506.nc is MISSING. Will try to re-download.
2026-01-17 15:30:18,918 | [CRW_SST] coraltemp_v3.1_20210507.nc is MISSING. Will try to re-download.
2026-01-17 15:30:18,919 | [CRW_SST] coraltemp_v3.1_20210508.nc is MISSING. Will try to re-download.
2026-01-17 15:30:18,919 | [CRW_SST] coraltemp_v3.1_20210509.nc is MISSING. Will try to re-download.
2026-01-17 15:30:18,920 | [CRW_SST] coraltemp_v3.1_20210510.nc is MISSING. Will try to re-download.
2026-01-17 15:30:18,920 | [CRW_SST] coraltemp_v3.1_20210512.nc is MISSING. Will try to re-download.
2026-01-17 15:30:18,920 | [CRW_SST] coraltemp_v3.1_20210513.nc is MISSING. Will try to re-download.
2026-01-17 15:30:18,920 | [CRW_SST] coraltemp_v3.1_20210514.nc is MISSING. Will try to re-download.
2026-01-17 15:30:18,920 | [CRW_SST] coraltemp_v3.1_20210515.nc is MISSING. Will try to re-download.
2026-01-17 15:30:18,920 | [CRW_SST] coraltemp_v3.1_20210516.nc is MISSING. Will try to re-download.
2026-01-17 15:30:18,923 | [CRW_SST] coraltemp_v3.1_20210517.nc is MISSING. Will try to re-download.
2026-01-17 15:30:18,923 | [CRW_SST] coraltemp_v3.1_20210518.nc is MISSING. Will try to re-download.
2026-01-17 15:30:18,924 | [CRW_SST] coraltemp_v3.1_20210519.nc is MISSING. Will try to re-download.
2026-01-17 15:30:18,925 | [CRW_SST] coraltemp_v3.1_20210520.nc is MISSING. Will try to re-download.
2026-01-17 15:30:18,925 | [CRW_SST] coraltemp_v3.1_20210521.nc is MISSING. Will try to re-download.
2026-01-17 15:30:18,927 | [CRW_SST] coraltemp_v3.1_20210522.nc is MISSING. Will try to re-download.
2026-01-17 15:30:18,927 | [CRW_SST] coraltemp_v3.1_20210523.nc is MISSING. Will try to re-download.
2026-01-17 15:30:18,927 | [CRW_SST] coraltemp_v3.1_20210524.nc is MISSING. Will try to re-download.
2026-01-17 15:30:18,928 | [CRW_SST] coraltemp_v3.1_20210525.nc is MISSING. Will try to re-download.
2026-01-17 15:30:18,928 | [CRW_SST] coraltemp_v3.1_20210526.nc is MISSING. Will try to re-download.
2026-01-17 15:30:18,928 | [CRW_SST] coraltemp_v3.1_20210527.nc is MISSING. Will try to re-download.
2026-01-17 15:30:18,930 | [CRW_SST] coraltemp_v3.1_20210528.nc is MISSING. Will try to re-download.
2026-01-17 15:30:18,930 | [CRW_SST] coraltemp_v3.1_20210529.nc is MISSING. Will try to re-download.
2026-01-17 15:30:18,931 | [CRW_SST] coraltemp_v3.1_20210530.nc is MISSING. Will try to re-download.
2026-01-17 15:30:18,931 | [CRW_SST] coraltemp_v3.1_20210531.nc is MISSING. Will try to re-download.
2026-01-17 15:30:18,932 | [CRW_SST] coraltemp_v3.1_20210601.nc is MISSING. Will try to re-download.
2026-01-17 15:30:18,932 | [CRW_SST] coraltemp_v3.1_20210602.nc is MISSING. Will try to re-download.
2026-01-17 15:30:18,933 | [CRW_SST] coraltemp_v3.1_20210603.nc is MISSING. Will try to re-download.
2026-01-17 15:30:18,933 | [CRW_SST] coraltemp_v3.1_20210604.nc is MISSING. Will try to re-download.
2026-01-17 15:30:18,935 | [CRW_SST] coraltemp_v3.1_20210605.nc is MISSING. Will try to re-download.
2026-01-17 15:30:18,935 | [CRW_SST] coraltemp_v3.1_20210606.nc is MISSING. Will try to re-download.
2026-01-17 15:30:18,935 | [CRW_SST] coraltemp_v3.1_20210607.nc is MISSING. Will try to re-download.
2026-01-17 15:30:18,935 | [CRW_SST] coraltemp_v3.1_20210608.nc is MISSING. Will try to re-download.
2026-01-17 15:30:18,936 | [CRW_SST] coraltemp_v3.1_20210609.nc is MISSING. Will try to re-download.
2026-01-17 15:30:18,936 | [CRW_SST] coraltemp_v3.1_20210610.nc is MISSING. Will try to re-download.
2026-01-17 15:30:18,938 | [CRW_SST] coraltemp_v3.1_20210612.nc is MISSING. Will try to re-download.
2026-01-17 15:30:18,939 | [CRW_SST] coraltemp_v3.1_20210613.nc is MISSING. Will try to re-download.
2026-01-17 15:30:18,939 | [CRW_SST] coraltemp_v3.1_20210614.nc is MISSING. Will try to re-download.
2026-01-17 15:30:18,939 | [CRW_SST] coraltemp_v3.1_20210615.nc is MISSING. Will try to re-download.
2026-01-17 15:30:18,941 | [CRW_SST] coraltemp_v3.1_20210616.nc is MISSING. Will try to re-download.
2026-01-17 15:30:18,942 | [CRW_SST] coraltemp_v3.1_20210617.nc is MISSING. Will try to re-download.
2026-01-17 15:30:18,944 | [CRW_SST] coraltemp_v3.1_20210618.nc is MISSING. Will try to re-download.
2026-01-17 15:30:18,944 | [CRW_SST] coraltemp_v3.1_20210619.nc is MISSING. Will try to re-download.
2026-01-17 15:30:18,944 | [CRW_SST] coraltemp_v3.1_20210620.nc is MISSING. Will try to re-download.
2026-01-17 15:30:18,944 | [CRW_SST] coraltemp_v3.1_20210621.nc is MISSING. Will try to re-download.
2026-01-17 15:30:18,944 | [CRW_SST] coraltemp_v3.1_20210622.nc is MISSING. Will try to re-download.
2026-01-17 15:30:18,944 | [CRW_SST] coraltemp_v3.1_20210623.nc is MISSING. Will try to re-download.
2026-01-17 15:30:18,947 | [CRW_SST] coraltemp_v3.1_20210624.nc is MISSING. Will try to re-download.
2026-01-17 15:30:18,947 | [CRW_SST] coraltemp_v3.1_20210625.nc is MISSING. Will try to re-download.
2026-01-17 15:30:18,949 | [CRW_SST] coraltemp_v3.1_20210626.nc is MISSING. Will try to re-download.
2026-01-17 15:30:18,950 | [CRW_SST] coraltemp_v3.1_20210627.nc is MISSING. Will try to re-download.
2026-01-17 15:30:18,950 | [CRW_SST] coraltemp_v3.1_20210628.nc is MISSING. Will try to re-download.
2026-01-17 15:30:18,950 | [CRW_SST] coraltemp_v3.1_20210629.nc is MISSING. Will try to re-download.
2026-01-17 15:30:18,950 | [CRW_SST] coraltemp_v3.1_20210630.nc is MISSING. Will try to re-download.
2026-01-17 15:30:18,953 | [CRW_SST] coraltemp_v3.1_20210701.nc is MISSING. Will try to re-download.
2026-01-17 15:30:18,953 | [CRW_SST] coraltemp_v3.1_20210702.nc is MISSING. Will try to re-download.
2026-01-17 15:30:18,953 | [CRW_SST] coraltemp_v3.1_20210703.nc is MISSING. Will try to re-download.
2026-01-17 15:30:18,953 | [CRW_SST] coraltemp_v3.1_20210704.nc is MISSING. Will try to re-download.
2026-01-17 15:30:18,953 | [CRW_SST] coraltemp_v3.1_20210705.nc is MISSING. Will try to re-download.
2026-01-17 15:30:18,956 | [CRW_SST] coraltemp_v3.1_20210706.nc is MISSING. Will try to re-download.
2026-01-17 15:30:18,956 | [CRW_SST] coraltemp_v3.1_20210707.nc is MISSING. Will try to re-download.
2026-01-17 15:30:18,956 | [CRW_SST] coraltemp_v3.1_20210708.nc is MISSING. Will try to re-download.
2026-01-17 15:30:18,956 | [CRW_SST] coraltemp_v3.1_20210709.nc is MISSING. Will try to re-download.
2026-01-17 15:30:18,958 | [CRW_SST] coraltemp_v3.1_20210710.nc is MISSING. Will try to re-download.
2026-01-17 15:30:18,958 | [CRW_SST] coraltemp_v3.1_20210712.nc is MISSING. Will try to re-download.
2026-01-17 15:30:18,960 | [CRW_SST] coraltemp_v3.1_20210713.nc is MISSING. Will try to re-download.
2026-01-17 15:30:18,960 | [CRW_SST] coraltemp_v3.1_20210714.nc is MISSING. Will try to re-download.
2026-01-17 15:30:18,961 | [CRW_SST] coraltemp_v3.1_20210715.nc is MISSING. Will try to re-download.
2026-01-17 15:30:18,962 | [CRW_SST] coraltemp_v3.1_20210716.nc is MISSING. Will try to re-download.
2026-01-17 15:30:18,962 | [CRW_SST] coraltemp_v3.1_20210717.nc is MISSING. Will try to re-download.
2026-01-17 15:30:18,962 | [CRW_SST] coraltemp_v3.1_20210718.nc is MISSING. Will try to re-download.
2026-01-17 15:30:18,963 | [CRW_SST] coraltemp_v3.1_20210719.nc is MISSING. Will try to re-download.
2026-01-17 15:30:18,963 | [CRW_SST] coraltemp_v3.1_20210720.nc is MISSING. Will try to re-download.
2026-01-17 15:30:18,964 | [CRW_SST] coraltemp_v3.1_20210721.nc is MISSING. Will try to re-download.
2026-01-17 15:30:18,964 | [CRW_SST] coraltemp_v3.1_20210722.nc is MISSING. Will try to re-download.
2026-01-17 15:30:18,964 | [CRW_SST] coraltemp_v3.1_20210723.nc is MISSING. Will try to re-download.
2026-01-17 15:30:18,964 | [CRW_SST] coraltemp_v3.1_20210724.nc is MISSING. Will try to re-download.
2026-01-17 15:30:18,964 | [CRW_SST] coraltemp_v3.1_20210725.nc is MISSING. Will try to re-download.
2026-01-17 15:30:18,967 | [CRW_SST] coraltemp_v3.1_20210726.nc is MISSING. Will try to re-download.
2026-01-17 15:30:18,967 | [CRW_SST] coraltemp_v3.1_20210727.nc is MISSING. Will try to re-download.
2026-01-17 15:30:18,967 | [CRW_SST] coraltemp_v3.1_20210728.nc is MISSING. Will try to re-download.
2026-01-17 15:30:18,969 | [CRW_SST] coraltemp_v3.1_20210729.nc is MISSING. Will try to re-download.
2026-01-17 15:30:18,969 | [CRW_SST] coraltemp_v3.1_20210730.nc is MISSING. Will try to re-download.
2026-01-17 15:30:18,970 | [CRW_SST] coraltemp_v3.1_20210731.nc is MISSING. Will try to re-download.
2026-01-17 15:30:18,970 | [CRW_SST] coraltemp_v3.1_20210801.nc is MISSING. Will try to re-download.
2026-01-17 15:30:18,970 | [CRW_SST] coraltemp_v3.1_20210802.nc is MISSING. Will try to re-download.
2026-01-17 15:30:18,970 | [CRW_SST] coraltemp_v3.1_20210803.nc is MISSING. Will try to re-download.
2026-01-17 15:30:18,970 | [CRW_SST] coraltemp_v3.1_20210804.nc is MISSING. Will try to re-download.
2026-01-17 15:30:18,970 | [CRW_SST] coraltemp_v3.1_20210805.nc is MISSING. Will try to re-download.
2026-01-17 15:30:18,974 | [CRW_SST] coraltemp_v3.1_20210806.nc is MISSING. Will try to re-download.
2026-01-17 15:30:18,976 | [CRW_SST] coraltemp_v3.1_20210807.nc is MISSING. Will try to re-download.
2026-01-17 15:30:18,976 | [CRW_SST] coraltemp_v3.1_20210808.nc is MISSING. Will try to re-download.
2026-01-17 15:30:18,976 | [CRW_SST] coraltemp_v3.1_20210809.nc is MISSING. Will try to re-download.
2026-01-17 15:30:18,976 | [CRW_SST] coraltemp_v3.1_20210810.nc is MISSING. Will try to re-download.
2026-01-17 15:30:18,978 | [CRW_SST] coraltemp_v3.1_20210812.nc is MISSING. Will try to re-download.
2026-01-17 15:30:18,978 | [CRW_SST] coraltemp_v3.1_20210813.nc is MISSING. Will try to re-download.
2026-01-17 15:30:18,978 | [CRW_SST] coraltemp_v3.1_20210814.nc is MISSING. Will try to re-download.
2026-01-17 15:30:18,980 | [CRW_SST] coraltemp_v3.1_20210815.nc is MISSING. Will try to re-download.
2026-01-17 15:30:18,980 | [CRW_SST] coraltemp_v3.1_20210816.nc is MISSING. Will try to re-download.
2026-01-17 15:30:18,980 | [CRW_SST] coraltemp_v3.1_20210817.nc is MISSING. Will try to re-download.
2026-01-17 15:30:18,981 | [CRW_SST] coraltemp_v3.1_20210818.nc is MISSING. Will try to re-download.
2026-01-17 15:30:18,981 | [CRW_SST] coraltemp_v3.1_20210819.nc is MISSING. Will try to re-download.
2026-01-17 15:30:18,982 | [CRW_SST] coraltemp_v3.1_20210820.nc is MISSING. Will try to re-download.
2026-01-17 15:30:18,982 | [CRW_SST] coraltemp_v3.1_20210821.nc is MISSING. Will try to re-download.
2026-01-17 15:30:18,982 | [CRW_SST] coraltemp_v3.1_20210822.nc is MISSING. Will try to re-download.
2026-01-17 15:30:18,983 | [CRW_SST] coraltemp_v3.1_20210823.nc is MISSING. Will try to re-download.
2026-01-17 15:30:18,983 | [CRW_SST] coraltemp_v3.1_20210824.nc is MISSING. Will try to re-download.
2026-01-17 15:30:18,984 | [CRW_SST] coraltemp_v3.1_20210825.nc is MISSING. Will try to re-download.
2026-01-17 15:30:18,984 | [CRW_SST] coraltemp_v3.1_20210826.nc is MISSING. Will try to re-download.
2026-01-17 15:30:18,984 | [CRW_SST] coraltemp_v3.1_20210827.nc is MISSING. Will try to re-download.
2026-01-17 15:30:18,986 | [CRW_SST] coraltemp_v3.1_20210828.nc is MISSING. Will try to re-download.
2026-01-17 15:30:18,986 | [CRW_SST] coraltemp_v3.1_20210829.nc is MISSING. Will try to re-download.
2026-01-17 15:30:18,987 | [CRW_SST] coraltemp_v3.1_20210830.nc is MISSING. Will try to re-download.
2026-01-17 15:30:18,988 | [CRW_SST] coraltemp_v3.1_20210831.nc is MISSING. Will try to re-download.
2026-01-17 15:30:18,988 | [CRW_SST] coraltemp_v3.1_20210901.nc is MISSING. Will try to re-download.
2026-01-17 15:30:18,989 | [CRW_SST] coraltemp_v3.1_20210902.nc is MISSING. Will try to re-download.
2026-01-17 15:30:18,989 | [CRW_SST] coraltemp_v3.1_20210903.nc is MISSING. Will try to re-download.
2026-01-17 15:30:18,989 | [CRW_SST] coraltemp_v3.1_20210904.nc is MISSING. Will try to re-download.
2026-01-17 15:30:18,989 | [CRW_SST] coraltemp_v3.1_20210905.nc is MISSING. Will try to re-download.
2026-01-17 15:30:18,992 | [CRW_SST] coraltemp_v3.1_20210906.nc is MISSING. Will try to re-download.
2026-01-17 15:30:18,992 | [CRW_SST] coraltemp_v3.1_20210907.nc is MISSING. Will try to re-download.
2026-01-17 15:30:18,992 | [CRW_SST] coraltemp_v3.1_20210908.nc is MISSING. Will try to re-download.
2026-01-17 15:30:18,992 | [CRW_SST] coraltemp_v3.1_20210909.nc is MISSING. Will try to re-download.
2026-01-17 15:30:18,992 | [CRW_SST] coraltemp_v3.1_20210910.nc is MISSING. Will try to re-download.
2026-01-17 15:30:18,995 | [CRW_SST] coraltemp_v3.1_20210912.nc is MISSING. Will try to re-download.
2026-01-17 15:30:18,995 | [CRW_SST] coraltemp_v3.1_20210913.nc is MISSING. Will try to re-download.
2026-01-17 15:30:18,995 | [CRW_SST] coraltemp_v3.1_20210914.nc is MISSING. Will try to re-download.
2026-01-17 15:30:18,997 | [CRW_SST] coraltemp_v3.1_20210915.nc is MISSING. Will try to re-download.
2026-01-17 15:30:18,997 | [CRW_SST] coraltemp_v3.1_20210916.nc is MISSING. Will try to re-download.
2026-01-17 15:30:18,997 | [CRW_SST] coraltemp_v3.1_20210917.nc is MISSING. Will try to re-download.
2026-01-17 15:30:18,997 | [CRW_SST] coraltemp_v3.1_20210918.nc is MISSING. Will try to re-download.
2026-01-17 15:30:18,999 | [CRW_SST] coraltemp_v3.1_20210919.nc is MISSING. Will try to re-download.
2026-01-17 15:30:18,999 | [CRW_SST] coraltemp_v3.1_20210920.nc is MISSING. Will try to re-download.
2026-01-17 15:30:19,000 | [CRW_SST] coraltemp_v3.1_20210921.nc is MISSING. Will try to re-download.
2026-01-17 15:30:19,000 | [CRW_SST] coraltemp_v3.1_20210922.nc is MISSING. Will try to re-download.
2026-01-17 15:30:19,000 | [CRW_SST] coraltemp_v3.1_20210923.nc is MISSING. Will try to re-download.
2026-01-17 15:30:19,000 | [CRW_SST] coraltemp_v3.1_20210924.nc is MISSING. Will try to re-download.
2026-01-17 15:30:19,000 | [CRW_SST] coraltemp_v3.1_20210925.nc is MISSING. Will try to re-download.
2026-01-17 15:30:19,000 | [CRW_SST] coraltemp_v3.1_20210926.nc is MISSING. Will try to re-download.
2026-01-17 15:30:19,003 | [CRW_SST] coraltemp_v3.1_20210927.nc is MISSING. Will try to re-download.
2026-01-17 15:30:19,003 | [CRW_SST] coraltemp_v3.1_20210928.nc is MISSING. Will try to re-download.
2026-01-17 15:30:19,003 | [CRW_SST] coraltemp_v3.1_20210929.nc is MISSING. Will try to re-download.
2026-01-17 15:30:19,005 | [CRW_SST] coraltemp_v3.1_20210930.nc is MISSING. Will try to re-download.
2026-01-17 15:30:19,005 | [CRW_SST] coraltemp_v3.1_20220101.nc is MISSING. Will try to re-download.
2026-01-17 15:30:19,007 | [CRW_SST] coraltemp_v3.1_20220102.nc is MISSING. Will try to re-download.
2026-01-17 15:30:19,009 | [CRW_SST] coraltemp_v3.1_20220103.nc is MISSING. Will try to re-download.
2026-01-17 15:30:19,009 | [CRW_SST] coraltemp_v3.1_20220104.nc is MISSING. Will try to re-download.
2026-01-17 15:30:19,010 | [CRW_SST] coraltemp_v3.1_20220105.nc is MISSING. Will try to re-download.
2026-01-17 15:30:19,010 | [CRW_SST] coraltemp_v3.1_20220106.nc is MISSING. Will try to re-download.
2026-01-17 15:30:19,010 | [CRW_SST] coraltemp_v3.1_20220107.nc is MISSING. Will try to re-download.
2026-01-17 15:30:19,012 | [CRW_SST] coraltemp_v3.1_20220108.nc is MISSING. Will try to re-download.
2026-01-17 15:30:19,012 | [CRW_SST] coraltemp_v3.1_20220109.nc is MISSING. Will try to re-download.
2026-01-17 15:30:19,013 | [CRW_SST] coraltemp_v3.1_20220120.nc is MISSING. Will try to re-download.
2026-01-17 15:30:19,013 | [CRW_SST] coraltemp_v3.1_20220121.nc is MISSING. Will try to re-download.
2026-01-17 15:30:19,014 | [CRW_SST] coraltemp_v3.1_20220122.nc is MISSING. Will try to re-download.
2026-01-17 15:30:19,014 | [CRW_SST] coraltemp_v3.1_20220123.nc is MISSING. Will try to re-download.
2026-01-17 15:30:19,014 | [CRW_SST] coraltemp_v3.1_20220124.nc is MISSING. Will try to re-download.
2026-01-17 15:30:19,014 | [CRW_SST] coraltemp_v3.1_20220125.nc is MISSING. Will try to re-download.
2026-01-17 15:30:19,014 | [CRW_SST] coraltemp_v3.1_20220126.nc is MISSING. Will try to re-download.
2026-01-17 15:30:19,018 | [CRW_SST] coraltemp_v3.1_20220127.nc is MISSING. Will try to re-download.
2026-01-17 15:30:19,018 | [CRW_SST] coraltemp_v3.1_20220128.nc is MISSING. Will try to re-download.
2026-01-17 15:30:19,018 | [CRW_SST] coraltemp_v3.1_20220129.nc is MISSING. Will try to re-download.
2026-01-17 15:30:19,018 | [CRW_SST] coraltemp_v3.1_20220130.nc is MISSING. Will try to re-download.
2026-01-17 15:30:19,019 | [CRW_SST] coraltemp_v3.1_20220131.nc is MISSING. Will try to re-download.
2026-01-17 15:30:19,019 | [CRW_SST] coraltemp_v3.1_20220201.nc is MISSING. Will try to re-download.
2026-01-17 15:30:19,019 | [CRW_SST] coraltemp_v3.1_20220202.nc is MISSING. Will try to re-download.
2026-01-17 15:30:19,022 | [CRW_SST] coraltemp_v3.1_20220203.nc is MISSING. Will try to re-download.
2026-01-17 15:30:19,022 | [CRW_SST] coraltemp_v3.1_20220204.nc is MISSING. Will try to re-download.
2026-01-17 15:30:19,022 | [CRW_SST] coraltemp_v3.1_20220205.nc is MISSING. Will try to re-download.
2026-01-17 15:30:19,022 | [CRW_SST] coraltemp_v3.1_20220206.nc is MISSING. Will try to re-download.
2026-01-17 15:30:19,024 | [CRW_SST] coraltemp_v3.1_20220207.nc is MISSING. Will try to re-download.
2026-01-17 15:30:19,025 | [CRW_SST] coraltemp_v3.1_20220208.nc is MISSING. Will try to re-download.
2026-01-17 15:30:19,026 | [CRW_SST] coraltemp_v3.1_20220209.nc is MISSING. Will try to re-download.
2026-01-17 15:30:19,027 | [CRW_SST] coraltemp_v3.1_20220210.nc is MISSING. Will try to re-download.
2026-01-17 15:30:19,027 | [CRW_SST] coraltemp_v3.1_20220212.nc is MISSING. Will try to re-download.
2026-01-17 15:30:19,028 | [CRW_SST] coraltemp_v3.1_20220213.nc is MISSING. Will try to re-download.
2026-01-17 15:30:19,028 | [CRW_SST] coraltemp_v3.1_20220214.nc is MISSING. Will try to re-download.
2026-01-17 15:30:19,028 | [CRW_SST] coraltemp_v3.1_20220215.nc is MISSING. Will try to re-download.
2026-01-17 15:30:19,028 | [CRW_SST] coraltemp_v3.1_20220216.nc is MISSING. Will try to re-download.
2026-01-17 15:30:19,030 | [CRW_SST] coraltemp_v3.1_20220217.nc is MISSING. Will try to re-download.
2026-01-17 15:30:19,030 | [CRW_SST] coraltemp_v3.1_20220218.nc is MISSING. Will try to re-download.
2026-01-17 15:30:19,031 | [CRW_SST] coraltemp_v3.1_20220219.nc is MISSING. Will try to re-download.
2026-01-17 15:30:19,031 | [CRW_SST] coraltemp_v3.1_20220220.nc is MISSING. Will try to re-download.
2026-01-17 15:30:19,032 | [CRW_SST] coraltemp_v3.1_20220221.nc is MISSING. Will try to re-download.
2026-01-17 15:30:19,032 | [CRW_SST] coraltemp_v3.1_20220222.nc is MISSING. Will try to re-download.
2026-01-17 15:30:19,032 | [CRW_SST] coraltemp_v3.1_20220223.nc is MISSING. Will try to re-download.
2026-01-17 15:30:19,034 | [CRW_SST] coraltemp_v3.1_20220224.nc is MISSING. Will try to re-download.
2026-01-17 15:30:19,034 | [CRW_SST] coraltemp_v3.1_20220225.nc is MISSING. Will try to re-download.
2026-01-17 15:30:19,035 | [CRW_SST] coraltemp_v3.1_20220226.nc is MISSING. Will try to re-download.
2026-01-17 15:30:19,035 | [CRW_SST] coraltemp_v3.1_20220227.nc is MISSING. Will try to re-download.
2026-01-17 15:30:19,036 | [CRW_SST] coraltemp_v3.1_20220228.nc is MISSING. Will try to re-download.
2026-01-17 15:30:19,036 | [CRW_SST] coraltemp_v3.1_20220301.nc is MISSING. Will try to re-download.
2026-01-17 15:30:19,038 | [CRW_SST] coraltemp_v3.1_20220302.nc is MISSING. Will try to re-download.
2026-01-17 15:30:19,038 | [CRW_SST] coraltemp_v3.1_20220303.nc is MISSING. Will try to re-download.
2026-01-17 15:30:19,038 | [CRW_SST] coraltemp_v3.1_20220304.nc is MISSING. Will try to re-download.
2026-01-17 15:30:19,039 | [CRW_SST] coraltemp_v3.1_20220305.nc is MISSING. Will try to re-download.
2026-01-17 15:30:19,040 | [CRW_SST] coraltemp_v3.1_20220306.nc is MISSING. Will try to re-download.
2026-01-17 15:30:19,040 | [CRW_SST] coraltemp_v3.1_20220307.nc is MISSING. Will try to re-download.
2026-01-17 15:30:19,041 | [CRW_SST] coraltemp_v3.1_20220308.nc is MISSING. Will try to re-download.
2026-01-17 15:30:19,042 | [CRW_SST] coraltemp_v3.1_20220309.nc is MISSING. Will try to re-download.
2026-01-17 15:30:19,042 | [CRW_SST] coraltemp_v3.1_20220310.nc is MISSING. Will try to re-download.
2026-01-17 15:30:19,042 | [CRW_SST] coraltemp_v3.1_20220312.nc is MISSING. Will try to re-download.
2026-01-17 15:30:19,042 | [CRW_SST] coraltemp_v3.1_20220313.nc is MISSING. Will try to re-download.
2026-01-17 15:30:19,042 | [CRW_SST] coraltemp_v3.1_20220314.nc is MISSING. Will try to re-download.
2026-01-17 15:30:19,042 | [CRW_SST] coraltemp_v3.1_20220315.nc is MISSING. Will try to re-download.
2026-01-17 15:30:19,042 | [CRW_SST] coraltemp_v3.1_20220316.nc is MISSING. Will try to re-download.
2026-01-17 15:30:19,042 | [CRW_SST] coraltemp_v3.1_20220317.nc is MISSING. Will try to re-download.
2026-01-17 15:30:19,042 | [CRW_SST] coraltemp_v3.1_20220318.nc is MISSING. Will try to re-download.
2026-01-17 15:30:19,042 | [CRW_SST] coraltemp_v3.1_20220319.nc is MISSING. Will try to re-download.
2026-01-17 15:30:19,047 | [CRW_SST] coraltemp_v3.1_20220320.nc is MISSING. Will try to re-download.
2026-01-17 15:30:19,047 | [CRW_SST] coraltemp_v3.1_20220321.nc is MISSING. Will try to re-download.
2026-01-17 15:30:19,047 | [CRW_SST] coraltemp_v3.1_20220322.nc is MISSING. Will try to re-download.
2026-01-17 15:30:19,047 | [CRW_SST] coraltemp_v3.1_20220323.nc is MISSING. Will try to re-download.
2026-01-17 15:30:19,047 | [CRW_SST] coraltemp_v3.1_20220324.nc is MISSING. Will try to re-download.
2026-01-17 15:30:19,049 | [CRW_SST] coraltemp_v3.1_20220325.nc is MISSING. Will try to re-download.
2026-01-17 15:30:19,050 | [CRW_SST] coraltemp_v3.1_20220326.nc is MISSING. Will try to re-download.
2026-01-17 15:30:19,050 | [CRW_SST] coraltemp_v3.1_20220327.nc is MISSING. Will try to re-download.
2026-01-17 15:30:19,050 | [CRW_SST] coraltemp_v3.1_20220328.nc is MISSING. Will try to re-download.
2026-01-17 15:30:19,050 | [CRW_SST] coraltemp_v3.1_20220329.nc is MISSING. Will try to re-download.
2026-01-17 15:30:19,050 | [CRW_SST] coraltemp_v3.1_20220330.nc is MISSING. Will try to re-download.
2026-01-17 15:30:19,052 | [CRW_SST] coraltemp_v3.1_20220331.nc is MISSING. Will try to re-download.
2026-01-17 15:30:19,053 | [CRW_SST] coraltemp_v3.1_20220401.nc is MISSING. Will try to re-download.
2026-01-17 15:30:19,053 | [CRW_SST] coraltemp_v3.1_20220402.nc is MISSING. Will try to re-download.
2026-01-17 15:30:19,053 | [CRW_SST] coraltemp_v3.1_20220403.nc is MISSING. Will try to re-download.
2026-01-17 15:30:19,053 | [CRW_SST] coraltemp_v3.1_20220404.nc is MISSING. Will try to re-download.
2026-01-17 15:30:19,053 | [CRW_SST] coraltemp_v3.1_20220405.nc is MISSING. Will try to re-download.
2026-01-17 15:30:19,053 | [CRW_SST] coraltemp_v3.1_20220406.nc is MISSING. Will try to re-download.
2026-01-17 15:30:19,053 | [CRW_SST] coraltemp_v3.1_20220407.nc is MISSING. Will try to re-download.
2026-01-17 15:30:19,053 | [CRW_SST] coraltemp_v3.1_20220408.nc is MISSING. Will try to re-download.
2026-01-17 15:30:19,053 | [CRW_SST] coraltemp_v3.1_20220409.nc is MISSING. Will try to re-download.
2026-01-17 15:30:19,053 | [CRW_SST] coraltemp_v3.1_20220410.nc is MISSING. Will try to re-download.
2026-01-17 15:30:19,053 | [CRW_SST] coraltemp_v3.1_20220412.nc is MISSING. Will try to re-download.
2026-01-17 15:30:19,053 | [CRW_SST] coraltemp_v3.1_20220413.nc is MISSING. Will try to re-download.
2026-01-17 15:30:19,059 | [CRW_SST] coraltemp_v3.1_20220414.nc is MISSING. Will try to re-download.
2026-01-17 15:30:19,060 | [CRW_SST] coraltemp_v3.1_20220415.nc is MISSING. Will try to re-download.
2026-01-17 15:30:19,060 | [CRW_SST] coraltemp_v3.1_20220416.nc is MISSING. Will try to re-download.
2026-01-17 15:30:19,060 | [CRW_SST] coraltemp_v3.1_20220417.nc is MISSING. Will try to re-download.
2026-01-17 15:30:19,060 | [CRW_SST] coraltemp_v3.1_20220418.nc is MISSING. Will try to re-download.
2026-01-17 15:30:19,062 | [CRW_SST] coraltemp_v3.1_20220419.nc is MISSING. Will try to re-download.
2026-01-17 15:30:19,063 | [CRW_SST] coraltemp_v3.1_20220420.nc is MISSING. Will try to re-download.
2026-01-17 15:30:19,063 | [CRW_SST] coraltemp_v3.1_20220421.nc is MISSING. Will try to re-download.
2026-01-17 15:30:19,063 | [CRW_SST] coraltemp_v3.1_20220422.nc is MISSING. Will try to re-download.
2026-01-17 15:30:19,065 | [CRW_SST] coraltemp_v3.1_20220423.nc is MISSING. Will try to re-download.
2026-01-17 15:30:19,065 | [CRW_SST] coraltemp_v3.1_20220424.nc is MISSING. Will try to re-download.
2026-01-17 15:30:19,065 | [CRW_SST] coraltemp_v3.1_20220425.nc is MISSING. Will try to re-download.
2026-01-17 15:30:19,065 | [CRW_SST] coraltemp_v3.1_20220426.nc is MISSING. Will try to re-download.
2026-01-17 15:30:19,065 | [CRW_SST] coraltemp_v3.1_20220427.nc is MISSING. Will try to re-download.
2026-01-17 15:30:19,065 | [CRW_SST] coraltemp_v3.1_20220428.nc is MISSING. Will try to re-download.
2026-01-17 15:30:19,068 | [CRW_SST] coraltemp_v3.1_20220429.nc is MISSING. Will try to re-download.
2026-01-17 15:30:19,068 | [CRW_SST] coraltemp_v3.1_20220430.nc is MISSING. Will try to re-download.
2026-01-17 15:30:19,068 | [CRW_SST] coraltemp_v3.1_20220501.nc is MISSING. Will try to re-download.
2026-01-17 15:30:19,069 | [CRW_SST] coraltemp_v3.1_20220502.nc is MISSING. Will try to re-download.
2026-01-17 15:30:19,069 | [CRW_SST] coraltemp_v3.1_20220503.nc is MISSING. Will try to re-download.
2026-01-17 15:30:19,069 | [CRW_SST] coraltemp_v3.1_20220504.nc is MISSING. Will try to re-download.
2026-01-17 15:30:19,069 | [CRW_SST] coraltemp_v3.1_20220505.nc is MISSING. Will try to re-download.
2026-01-17 15:30:19,069 | [CRW_SST] coraltemp_v3.1_20220506.nc is MISSING. Will try to re-download.
2026-01-17 15:30:19,069 | [CRW_SST] coraltemp_v3.1_20220507.nc is MISSING. Will try to re-download.
2026-01-17 15:30:19,072 | [CRW_SST] coraltemp_v3.1_20220508.nc is MISSING. Will try to re-download.
2026-01-17 15:30:19,072 | [CRW_SST] coraltemp_v3.1_20220509.nc is MISSING. Will try to re-download.
2026-01-17 15:30:19,072 | [CRW_SST] coraltemp_v3.1_20220510.nc is MISSING. Will try to re-download.
2026-01-17 15:30:19,075 | [CRW_SST] coraltemp_v3.1_20220512.nc is MISSING. Will try to re-download.
2026-01-17 15:30:19,075 | [CRW_SST] coraltemp_v3.1_20220513.nc is MISSING. Will try to re-download.
2026-01-17 15:30:19,077 | [CRW_SST] coraltemp_v3.1_20220514.nc is MISSING. Will try to re-download.
2026-01-17 15:30:19,077 | [CRW_SST] coraltemp_v3.1_20220515.nc is MISSING. Will try to re-download.
2026-01-17 15:30:19,077 | [CRW_SST] coraltemp_v3.1_20220516.nc is MISSING. Will try to re-download.
2026-01-17 15:30:19,077 | [CRW_SST] coraltemp_v3.1_20220517.nc is MISSING. Will try to re-download.
2026-01-17 15:30:19,077 | [CRW_SST] coraltemp_v3.1_20220518.nc is MISSING. Will try to re-download.
2026-01-17 15:30:19,077 | [CRW_SST] coraltemp_v3.1_20220519.nc is MISSING. Will try to re-download.
2026-01-17 15:30:19,077 | [CRW_SST] coraltemp_v3.1_20220520.nc is MISSING. Will try to re-download.
2026-01-17 15:30:19,077 | [CRW_SST] coraltemp_v3.1_20220521.nc is MISSING. Will try to re-download.
2026-01-17 15:30:19,081 | [CRW_SST] coraltemp_v3.1_20220522.nc is MISSING. Will try to re-download.
2026-01-17 15:30:19,082 | [CRW_SST] coraltemp_v3.1_20220523.nc is MISSING. Will try to re-download.
2026-01-17 15:30:19,082 | [CRW_SST] coraltemp_v3.1_20220524.nc is MISSING. Will try to re-download.
2026-01-17 15:30:19,082 | [CRW_SST] coraltemp_v3.1_20220525.nc is MISSING. Will try to re-download.
2026-01-17 15:30:19,082 | [CRW_SST] coraltemp_v3.1_20220526.nc is MISSING. Will try to re-download.
2026-01-17 15:30:19,084 | [CRW_SST] coraltemp_v3.1_20220527.nc is MISSING. Will try to re-download.
2026-01-17 15:30:19,084 | [CRW_SST] coraltemp_v3.1_20220528.nc is MISSING. Will try to re-download.
2026-01-17 15:30:19,085 | [CRW_SST] coraltemp_v3.1_20220529.nc is MISSING. Will try to re-download.
2026-01-17 15:30:19,085 | [CRW_SST] coraltemp_v3.1_20220530.nc is MISSING. Will try to re-download.
2026-01-17 15:30:19,086 | [CRW_SST] coraltemp_v3.1_20220531.nc is MISSING. Will try to re-download.
2026-01-17 15:30:19,086 | [CRW_SST] coraltemp_v3.1_20220601.nc is MISSING. Will try to re-download.
2026-01-17 15:30:19,087 | [CRW_SST] coraltemp_v3.1_20220602.nc is MISSING. Will try to re-download.
2026-01-17 15:30:19,088 | [CRW_SST] coraltemp_v3.1_20220603.nc is MISSING. Will try to re-download.
2026-01-17 15:30:19,089 | [CRW_SST] coraltemp_v3.1_20220604.nc is MISSING. Will try to re-download.
2026-01-17 15:30:19,089 | [CRW_SST] coraltemp_v3.1_20220605.nc is MISSING. Will try to re-download.
2026-01-17 15:30:19,090 | [CRW_SST] coraltemp_v3.1_20220606.nc is MISSING. Will try to re-download.
2026-01-17 15:30:19,091 | [CRW_SST] coraltemp_v3.1_20220607.nc is MISSING. Will try to re-download.
2026-01-17 15:30:19,091 | [CRW_SST] coraltemp_v3.1_20220608.nc is MISSING. Will try to re-download.
2026-01-17 15:30:19,091 | [CRW_SST] coraltemp_v3.1_20220609.nc is MISSING. Will try to re-download.
2026-01-17 15:30:19,091 | [CRW_SST] coraltemp_v3.1_20220610.nc is MISSING. Will try to re-download.
2026-01-17 15:30:19,091 | [CRW_SST] coraltemp_v3.1_20220612.nc is MISSING. Will try to re-download.
2026-01-17 15:30:19,091 | [CRW_SST] coraltemp_v3.1_20220613.nc is MISSING. Will try to re-download.
2026-01-17 15:30:19,091 | [CRW_SST] coraltemp_v3.1_20220614.nc is MISSING. Will try to re-download.
2026-01-17 15:30:19,091 | [CRW_SST] coraltemp_v3.1_20220615.nc is MISSING. Will try to re-download.
2026-01-17 15:30:19,091 | [CRW_SST] coraltemp_v3.1_20220616.nc is MISSING. Will try to re-download.
2026-01-17 15:30:19,091 | [CRW_SST] coraltemp_v3.1_20220617.nc is MISSING. Will try to re-download.
2026-01-17 15:30:19,091 | [CRW_SST] coraltemp_v3.1_20220618.nc is MISSING. Will try to re-download.
2026-01-17 15:30:19,091 | [CRW_SST] coraltemp_v3.1_20220619.nc is MISSING. Will try to re-download.
2026-01-17 15:30:19,091 | [CRW_SST] coraltemp_v3.1_20220620.nc is MISSING. Will try to re-download.
2026-01-17 15:30:19,097 | [CRW_SST] coraltemp_v3.1_20220621.nc is MISSING. Will try to re-download.
2026-01-17 15:30:19,099 | [CRW_SST] coraltemp_v3.1_20220622.nc is MISSING. Will try to re-download.
2026-01-17 15:30:19,099 | [CRW_SST] coraltemp_v3.1_20220623.nc is MISSING. Will try to re-download.
2026-01-17 15:30:19,100 | [CRW_SST] coraltemp_v3.1_20220624.nc is MISSING. Will try to re-download.
2026-01-17 15:30:19,100 | [CRW_SST] coraltemp_v3.1_20220625.nc is MISSING. Will try to re-download.
2026-01-17 15:30:19,100 | [CRW_SST] coraltemp_v3.1_20220626.nc is MISSING. Will try to re-download.
2026-01-17 15:30:19,100 | [CRW_SST] coraltemp_v3.1_20220627.nc is MISSING. Will try to re-download.
2026-01-17 15:30:19,100 | [CRW_SST] coraltemp_v3.1_20220628.nc is MISSING. Will try to re-download.
2026-01-17 15:30:19,100 | [CRW_SST] coraltemp_v3.1_20220629.nc is MISSING. Will try to re-download.
2026-01-17 15:30:19,103 | [CRW_SST] coraltemp_v3.1_20220630.nc is MISSING. Will try to re-download.
2026-01-17 15:30:19,103 | [CRW_SST] coraltemp_v3.1_20220701.nc is MISSING. Will try to re-download.
2026-01-17 15:30:19,103 | [CRW_SST] coraltemp_v3.1_20220702.nc is MISSING. Will try to re-download.
2026-01-17 15:30:19,103 | [CRW_SST] coraltemp_v3.1_20220703.nc is MISSING. Will try to re-download.
2026-01-17 15:30:19,105 | [CRW_SST] coraltemp_v3.1_20220704.nc is MISSING. Will try to re-download.
2026-01-17 15:30:19,105 | [CRW_SST] coraltemp_v3.1_20220705.nc is MISSING. Will try to re-download.
2026-01-17 15:30:19,105 | [CRW_SST] coraltemp_v3.1_20220706.nc is MISSING. Will try to re-download.
2026-01-17 15:30:19,105 | [CRW_SST] coraltemp_v3.1_20220707.nc is MISSING. Will try to re-download.
2026-01-17 15:30:19,109 | [CRW_SST] coraltemp_v3.1_20220708.nc is MISSING. Will try to re-download.
2026-01-17 15:30:19,110 | [CRW_SST] coraltemp_v3.1_20220709.nc is MISSING. Will try to re-download.
2026-01-17 15:30:19,110 | [CRW_SST] coraltemp_v3.1_20220710.nc is MISSING. Will try to re-download.
2026-01-17 15:30:19,112 | [CRW_SST] coraltemp_v3.1_20220712.nc is MISSING. Will try to re-download.
2026-01-17 15:30:19,112 | [CRW_SST] coraltemp_v3.1_20220713.nc is MISSING. Will try to re-download.
2026-01-17 15:30:19,113 | [CRW_SST] coraltemp_v3.1_20220714.nc is MISSING. Will try to re-download.
2026-01-17 15:30:19,113 | [CRW_SST] coraltemp_v3.1_20220715.nc is MISSING. Will try to re-download.
2026-01-17 15:30:19,113 | [CRW_SST] coraltemp_v3.1_20220716.nc is MISSING. Will try to re-download.
2026-01-17 15:30:19,114 | [CRW_SST] coraltemp_v3.1_20220717.nc is MISSING. Will try to re-download.
2026-01-17 15:30:19,114 | [CRW_SST] coraltemp_v3.1_20220718.nc is MISSING. Will try to re-download.
2026-01-17 15:30:19,114 | [CRW_SST] coraltemp_v3.1_20220719.nc is MISSING. Will try to re-download.
2026-01-17 15:30:19,114 | [CRW_SST] coraltemp_v3.1_20220720.nc is MISSING. Will try to re-download.
2026-01-17 15:30:19,114 | [CRW_SST] coraltemp_v3.1_20220721.nc is MISSING. Will try to re-download.
2026-01-17 15:30:19,114 | [CRW_SST] coraltemp_v3.1_20220722.nc is MISSING. Will try to re-download.
2026-01-17 15:30:19,118 | [CRW_SST] coraltemp_v3.1_20220723.nc is MISSING. Will try to re-download.
2026-01-17 15:30:19,118 | [CRW_SST] coraltemp_v3.1_20220724.nc is MISSING. Will try to re-download.
2026-01-17 15:30:19,118 | [CRW_SST] coraltemp_v3.1_20220725.nc is MISSING. Will try to re-download.
2026-01-17 15:30:19,119 | [CRW_SST] coraltemp_v3.1_20220726.nc is MISSING. Will try to re-download.
2026-01-17 15:30:19,119 | [CRW_SST] coraltemp_v3.1_20220727.nc is MISSING. Will try to re-download.
2026-01-17 15:30:19,120 | [CRW_SST] coraltemp_v3.1_20220728.nc is MISSING. Will try to re-download.
2026-01-17 15:30:19,120 | [CRW_SST] coraltemp_v3.1_20220729.nc is MISSING. Will try to re-download.
2026-01-17 15:30:19,122 | [CRW_SST] coraltemp_v3.1_20220730.nc is MISSING. Will try to re-download.
2026-01-17 15:30:19,122 | [CRW_SST] coraltemp_v3.1_20220731.nc is MISSING. Will try to re-download.
2026-01-17 15:30:19,122 | [CRW_SST] coraltemp_v3.1_20220801.nc is MISSING. Will try to re-download.
2026-01-17 15:30:19,125 | [CRW_SST] coraltemp_v3.1_20220802.nc is MISSING. Will try to re-download.
2026-01-17 15:30:19,125 | [CRW_SST] coraltemp_v3.1_20220803.nc is MISSING. Will try to re-download.
2026-01-17 15:30:19,126 | [CRW_SST] coraltemp_v3.1_20220804.nc is MISSING. Will try to re-download.
2026-01-17 15:30:19,126 | [CRW_SST] coraltemp_v3.1_20220805.nc is MISSING. Will try to re-download.
2026-01-17 15:30:19,128 | [CRW_SST] coraltemp_v3.1_20220806.nc is MISSING. Will try to re-download.
2026-01-17 15:30:19,128 | [CRW_SST] coraltemp_v3.1_20220807.nc is MISSING. Will try to re-download.
2026-01-17 15:30:19,128 | [CRW_SST] coraltemp_v3.1_20220808.nc is MISSING. Will try to re-download.
2026-01-17 15:30:19,128 | [CRW_SST] coraltemp_v3.1_20220809.nc is MISSING. Will try to re-download.
2026-01-17 15:30:19,128 | [CRW_SST] coraltemp_v3.1_20220810.nc is MISSING. Will try to re-download.
2026-01-17 15:30:19,128 | [CRW_SST] coraltemp_v3.1_20220812.nc is MISSING. Will try to re-download.
2026-01-17 15:30:19,131 | [CRW_SST] coraltemp_v3.1_20220813.nc is MISSING. Will try to re-download.
2026-01-17 15:30:19,131 | [CRW_SST] coraltemp_v3.1_20220814.nc is MISSING. Will try to re-download.
2026-01-17 15:30:19,132 | [CRW_SST] coraltemp_v3.1_20220815.nc is MISSING. Will try to re-download.
2026-01-17 15:30:19,132 | [CRW_SST] coraltemp_v3.1_20220816.nc is MISSING. Will try to re-download.
2026-01-17 15:30:19,133 | [CRW_SST] coraltemp_v3.1_20220817.nc is MISSING. Will try to re-download.
2026-01-17 15:30:19,134 | [CRW_SST] coraltemp_v3.1_20220818.nc is MISSING. Will try to re-download.
2026-01-17 15:30:19,134 | [CRW_SST] coraltemp_v3.1_20220819.nc is MISSING. Will try to re-download.
2026-01-17 15:30:19,135 | [CRW_SST] coraltemp_v3.1_20220820.nc is MISSING. Will try to re-download.
2026-01-17 15:30:19,135 | [CRW_SST] coraltemp_v3.1_20220821.nc is MISSING. Will try to re-download.
2026-01-17 15:30:19,135 | [CRW_SST] coraltemp_v3.1_20220822.nc is MISSING. Will try to re-download.
2026-01-17 15:30:19,136 | [CRW_SST] coraltemp_v3.1_20220823.nc is MISSING. Will try to re-download.
2026-01-17 15:30:19,136 | [CRW_SST] coraltemp_v3.1_20220824.nc is MISSING. Will try to re-download.
2026-01-17 15:30:19,138 | [CRW_SST] coraltemp_v3.1_20220825.nc is MISSING. Will try to re-download.
2026-01-17 15:30:19,138 | [CRW_SST] coraltemp_v3.1_20220826.nc is MISSING. Will try to re-download.
2026-01-17 15:30:19,139 | [CRW_SST] coraltemp_v3.1_20220827.nc is MISSING. Will try to re-download.
2026-01-17 15:30:19,139 | [CRW_SST] coraltemp_v3.1_20220828.nc is MISSING. Will try to re-download.
2026-01-17 15:30:19,140 | [CRW_SST] coraltemp_v3.1_20220829.nc is MISSING. Will try to re-download.
2026-01-17 15:30:19,142 | [CRW_SST] coraltemp_v3.1_20220830.nc is MISSING. Will try to re-download.
2026-01-17 15:30:19,142 | [CRW_SST] coraltemp_v3.1_20220831.nc is MISSING. Will try to re-download.
2026-01-17 15:30:19,142 | [CRW_SST] coraltemp_v3.1_20220901.nc is MISSING. Will try to re-download.
2026-01-17 15:30:19,142 | [CRW_SST] coraltemp_v3.1_20220902.nc is MISSING. Will try to re-download.
2026-01-17 15:30:19,142 | [CRW_SST] coraltemp_v3.1_20220903.nc is MISSING. Will try to re-download.
2026-01-17 15:30:19,142 | [CRW_SST] coraltemp_v3.1_20220904.nc is MISSING. Will try to re-download.
2026-01-17 15:30:19,142 | [CRW_SST] coraltemp_v3.1_20220905.nc is MISSING. Will try to re-download.
2026-01-17 15:30:19,142 | [CRW_SST] coraltemp_v3.1_20220906.nc is MISSING. Will try to re-download.
2026-01-17 15:30:19,147 | [CRW_SST] coraltemp_v3.1_20220907.nc is MISSING. Will try to re-download.
2026-01-17 15:30:19,147 | [CRW_SST] coraltemp_v3.1_20220908.nc is MISSING. Will try to re-download.
2026-01-17 15:30:19,147 | [CRW_SST] coraltemp_v3.1_20220909.nc is MISSING. Will try to re-download.
2026-01-17 15:30:19,149 | [CRW_SST] coraltemp_v3.1_20220910.nc is MISSING. Will try to re-download.
2026-01-17 15:30:19,149 | [CRW_SST] coraltemp_v3.1_20220912.nc is MISSING. Will try to re-download.
2026-01-17 15:30:19,150 | [CRW_SST] coraltemp_v3.1_20220913.nc is MISSING. Will try to re-download.
2026-01-17 15:30:19,151 | [CRW_SST] coraltemp_v3.1_20220914.nc is MISSING. Will try to re-download.
2026-01-17 15:30:19,151 | [CRW_SST] coraltemp_v3.1_20220915.nc is MISSING. Will try to re-download.
2026-01-17 15:30:19,151 | [CRW_SST] coraltemp_v3.1_20220916.nc is MISSING. Will try to re-download.
2026-01-17 15:30:19,152 | [CRW_SST] coraltemp_v3.1_20220917.nc is MISSING. Will try to re-download.
2026-01-17 15:30:19,153 | [CRW_SST] coraltemp_v3.1_20220918.nc is MISSING. Will try to re-download.
2026-01-17 15:30:19,153 | [CRW_SST] coraltemp_v3.1_20220919.nc is MISSING. Will try to re-download.
2026-01-17 15:30:19,156 | [CRW_SST] coraltemp_v3.1_20220920.nc is MISSING. Will try to re-download.
2026-01-17 15:30:19,156 | [CRW_SST] coraltemp_v3.1_20220921.nc is MISSING. Will try to re-download.
2026-01-17 15:30:19,156 | [CRW_SST] coraltemp_v3.1_20220922.nc is MISSING. Will try to re-download.
2026-01-17 15:30:19,158 | [CRW_SST] coraltemp_v3.1_20220923.nc is MISSING. Will try to re-download.
2026-01-17 15:30:19,160 | [CRW_SST] coraltemp_v3.1_20220924.nc is MISSING. Will try to re-download.
2026-01-17 15:30:19,160 | [CRW_SST] coraltemp_v3.1_20220925.nc is MISSING. Will try to re-download.
2026-01-17 15:30:19,160 | [CRW_SST] coraltemp_v3.1_20220926.nc is MISSING. Will try to re-download.
2026-01-17 15:30:19,160 | [CRW_SST] coraltemp_v3.1_20220927.nc is MISSING. Will try to re-download.
2026-01-17 15:30:19,162 | [CRW_SST] coraltemp_v3.1_20220928.nc is MISSING. Will try to re-download.
2026-01-17 15:30:19,162 | [CRW_SST] coraltemp_v3.1_20220929.nc is MISSING. Will try to re-download.
2026-01-17 15:30:19,163 | [CRW_SST] coraltemp_v3.1_20220930.nc is MISSING. Will try to re-download.
2026-01-17 15:30:19,163 | [CRW_SST] coraltemp_v3.1_20221001.nc is MISSING. Will try to re-download.
2026-01-17 15:30:19,163 | [CRW_SST] coraltemp_v3.1_20221002.nc is MISSING. Will try to re-download.
2026-01-17 15:30:19,163 | [CRW_SST] coraltemp_v3.1_20221003.nc is MISSING. Will try to re-download.
2026-01-17 15:30:19,164 | [CRW_SST] coraltemp_v3.1_20221004.nc is MISSING. Will try to re-download.
2026-01-17 15:30:19,164 | [CRW_SST] coraltemp_v3.1_20221005.nc is MISSING. Will try to re-download.
2026-01-17 15:30:19,164 | [CRW_SST] coraltemp_v3.1_20221006.nc is MISSING. Will try to re-download.
2026-01-17 15:30:19,164 | [CRW_SST] coraltemp_v3.1_20221007.nc is MISSING. Will try to re-download.
2026-01-17 15:30:19,164 | [CRW_SST] coraltemp_v3.1_20221008.nc is MISSING. Will try to re-download.
2026-01-17 15:30:19,166 | [CRW_SST] coraltemp_v3.1_20221009.nc is MISSING. Will try to re-download.
2026-01-17 15:30:19,166 | [CRW_SST] coraltemp_v3.1_20221010.nc is MISSING. Will try to re-download.
2026-01-17 15:30:19,166 | [CRW_SST] coraltemp_v3.1_20221012.nc is MISSING. Will try to re-download.
2026-01-17 15:30:19,168 | [CRW_SST] coraltemp_v3.1_20221013.nc is MISSING. Will try to re-download.
2026-01-17 15:30:19,168 | [CRW_SST] coraltemp_v3.1_20221014.nc is MISSING. Will try to re-download.
2026-01-17 15:30:19,168 | [CRW_SST] coraltemp_v3.1_20221015.nc is MISSING. Will try to re-download.
2026-01-17 15:30:19,168 | [CRW_SST] coraltemp_v3.1_20221016.nc is MISSING. Will try to re-download.
2026-01-17 15:30:19,170 | [CRW_SST] coraltemp_v3.1_20221017.nc is MISSING. Will try to re-download.
2026-01-17 15:30:19,170 | [CRW_SST] coraltemp_v3.1_20221018.nc is MISSING. Will try to re-download.
2026-01-17 15:30:19,170 | [CRW_SST] coraltemp_v3.1_20221019.nc is MISSING. Will try to re-download.
2026-01-17 15:30:19,170 | [CRW_SST] coraltemp_v3.1_20221020.nc is MISSING. Will try to re-download.
2026-01-17 15:30:19,170 | [CRW_SST] coraltemp_v3.1_20221021.nc is MISSING. Will try to re-download.
2026-01-17 15:30:19,170 | [CRW_SST] coraltemp_v3.1_20221022.nc is MISSING. Will try to re-download.
2026-01-17 15:30:19,170 | [CRW_SST] coraltemp_v3.1_20221023.nc is MISSING. Will try to re-download.
2026-01-17 15:30:19,174 | [CRW_SST] coraltemp_v3.1_20221024.nc is MISSING. Will try to re-download.
2026-01-17 15:30:19,174 | [CRW_SST] coraltemp_v3.1_20221025.nc is MISSING. Will try to re-download.
2026-01-17 15:30:19,175 | [CRW_SST] coraltemp_v3.1_20221026.nc is MISSING. Will try to re-download.
2026-01-17 15:30:19,175 | [CRW_SST] coraltemp_v3.1_20221027.nc is MISSING. Will try to re-download.
2026-01-17 15:30:19,175 | [CRW_SST] coraltemp_v3.1_20221028.nc is MISSING. Will try to re-download.
2026-01-17 15:30:19,175 | [CRW_SST] coraltemp_v3.1_20221029.nc is MISSING. Will try to re-download.
2026-01-17 15:30:19,175 | [CRW_SST] coraltemp_v3.1_20221030.nc is MISSING. Will try to re-download.
2026-01-17 15:30:19,177 | [CRW_SST] coraltemp_v3.1_20221031.nc is MISSING. Will try to re-download.
2026-01-17 15:30:19,177 | [CRW_SST] coraltemp_v3.1_20221201.nc is MISSING. Will try to re-download.
2026-01-17 15:30:19,177 | [CRW_SST] coraltemp_v3.1_20221202.nc is MISSING. Will try to re-download.
2026-01-17 15:30:19,178 | [CRW_SST] coraltemp_v3.1_20221203.nc is MISSING. Will try to re-download.
2026-01-17 15:30:19,178 | [CRW_SST] coraltemp_v3.1_20221204.nc is MISSING. Will try to re-download.
2026-01-17 15:30:19,178 | [CRW_SST] coraltemp_v3.1_20221205.nc is MISSING. Will try to re-download.
2026-01-17 15:30:19,178 | [CRW_SST] coraltemp_v3.1_20221206.nc is MISSING. Will try to re-download.
2026-01-17 15:30:19,178 | [CRW_SST] coraltemp_v3.1_20221207.nc is MISSING. Will try to re-download.
2026-01-17 15:30:19,181 | [CRW_SST] coraltemp_v3.1_20221208.nc is MISSING. Will try to re-download.
2026-01-17 15:30:19,182 | [CRW_SST] coraltemp_v3.1_20221209.nc is MISSING. Will try to re-download.
2026-01-17 15:30:19,182 | [CRW_SST] coraltemp_v3.1_20221210.nc is MISSING. Will try to re-download.
2026-01-17 15:30:19,182 | [CRW_SST] coraltemp_v3.1_20221212.nc is MISSING. Will try to re-download.
2026-01-17 15:30:19,183 | [CRW_SST] coraltemp_v3.1_20221213.nc is MISSING. Will try to re-download.
2026-01-17 15:30:19,183 | [CRW_SST] coraltemp_v3.1_20221214.nc is MISSING. Will try to re-download.
2026-01-17 15:30:19,184 | [CRW_SST] coraltemp_v3.1_20221215.nc is MISSING. Will try to re-download.
2026-01-17 15:30:19,184 | [CRW_SST] coraltemp_v3.1_20221216.nc is MISSING. Will try to re-download.
2026-01-17 15:30:19,184 | [CRW_SST] coraltemp_v3.1_20221217.nc is MISSING. Will try to re-download.
2026-01-17 15:30:19,184 | [CRW_SST] coraltemp_v3.1_20221218.nc is MISSING. Will try to re-download.
2026-01-17 15:30:19,187 | [CRW_SST] coraltemp_v3.1_20221219.nc is MISSING. Will try to re-download.
2026-01-17 15:30:19,187 | [CRW_SST] coraltemp_v3.1_20221220.nc is MISSING. Will try to re-download.
2026-01-17 15:30:19,187 | [CRW_SST] coraltemp_v3.1_20221221.nc is MISSING. Will try to re-download.
2026-01-17 15:30:19,188 | [CRW_SST] coraltemp_v3.1_20221222.nc is MISSING. Will try to re-download.
2026-01-17 15:30:19,188 | [CRW_SST] coraltemp_v3.1_20221223.nc is MISSING. Will try to re-download.
2026-01-17 15:30:19,189 | [CRW_SST] coraltemp_v3.1_20221224.nc is MISSING. Will try to re-download.
2026-01-17 15:30:19,189 | [CRW_SST] coraltemp_v3.1_20221225.nc is MISSING. Will try to re-download.
2026-01-17 15:30:19,189 | [CRW_SST] coraltemp_v3.1_20221226.nc is MISSING. Will try to re-download.
2026-01-17 15:30:19,189 | [CRW_SST] coraltemp_v3.1_20221227.nc is MISSING. Will try to re-download.
2026-01-17 15:30:19,192 | [CRW_SST] coraltemp_v3.1_20221228.nc is MISSING. Will try to re-download.
2026-01-17 15:30:19,192 | [CRW_SST] coraltemp_v3.1_20221229.nc is MISSING. Will try to re-download.
2026-01-17 15:30:19,192 | [CRW_SST] coraltemp_v3.1_20221230.nc is MISSING. Will try to re-download.
2026-01-17 15:30:19,192 | [CRW_SST] coraltemp_v3.1_20221231.nc is MISSING. Will try to re-download.
2026-01-17 15:30:19,194 | [CRW_SST] coraltemp_v3.1_20230101.nc is MISSING. Will try to re-download.
2026-01-17 15:30:19,194 | [CRW_SST] coraltemp_v3.1_20230102.nc is MISSING. Will try to re-download.
2026-01-17 15:30:19,194 | [CRW_SST] coraltemp_v3.1_20230103.nc is MISSING. Will try to re-download.
2026-01-17 15:30:19,194 | [CRW_SST] coraltemp_v3.1_20230104.nc is MISSING. Will try to re-download.
2026-01-17 15:30:19,197 | [CRW_SST] coraltemp_v3.1_20230105.nc is MISSING. Will try to re-download.
2026-01-17 15:30:19,197 | [CRW_SST] coraltemp_v3.1_20230106.nc is MISSING. Will try to re-download.
2026-01-17 15:30:19,197 | [CRW_SST] coraltemp_v3.1_20230107.nc is MISSING. Will try to re-download.
2026-01-17 15:30:19,200 | [CRW_SST] coraltemp_v3.1_20230108.nc is MISSING. Will try to re-download.
2026-01-17 15:30:19,200 | [CRW_SST] coraltemp_v3.1_20230109.nc is MISSING. Will try to re-download.
2026-01-17 15:30:19,200 | [CRW_SST] coraltemp_v3.1_20230120.nc is MISSING. Will try to re-download.
2026-01-17 15:30:19,200 | [CRW_SST] coraltemp_v3.1_20230121.nc is MISSING. Will try to re-download.
2026-01-17 15:30:19,200 | [CRW_SST] coraltemp_v3.1_20230122.nc is MISSING. Will try to re-download.
2026-01-17 15:30:19,203 | [CRW_SST] coraltemp_v3.1_20230123.nc is MISSING. Will try to re-download.
2026-01-17 15:30:19,203 | [CRW_SST] coraltemp_v3.1_20230124.nc is MISSING. Will try to re-download.
2026-01-17 15:30:19,203 | [CRW_SST] coraltemp_v3.1_20230125.nc is MISSING. Will try to re-download.
2026-01-17 15:30:19,203 | [CRW_SST] coraltemp_v3.1_20230126.nc is MISSING. Will try to re-download.
2026-01-17 15:30:19,203 | [CRW_SST] coraltemp_v3.1_20230127.nc is MISSING. Will try to re-download.
2026-01-17 15:30:19,203 | [CRW_SST] coraltemp_v3.1_20230128.nc is MISSING. Will try to re-download.
2026-01-17 15:30:19,203 | [CRW_SST] coraltemp_v3.1_20230129.nc is MISSING. Will try to re-download.
2026-01-17 15:30:19,203 | [CRW_SST] coraltemp_v3.1_20230130.nc is MISSING. Will try to re-download.
2026-01-17 15:30:19,208 | [CRW_SST] coraltemp_v3.1_20230131.nc is MISSING. Will try to re-download.
2026-01-17 15:30:19,209 | [CRW_SST] coraltemp_v3.1_20230201.nc is MISSING. Will try to re-download.
2026-01-17 15:30:19,210 | [CRW_SST] coraltemp_v3.1_20230202.nc is MISSING. Will try to re-download.
2026-01-17 15:30:19,210 | [CRW_SST] coraltemp_v3.1_20230203.nc is MISSING. Will try to re-download.
2026-01-17 15:30:19,210 | [CRW_SST] coraltemp_v3.1_20230204.nc is MISSING. Will try to re-download.
2026-01-17 15:30:19,212 | [CRW_SST] coraltemp_v3.1_20230205.nc is MISSING. Will try to re-download.
2026-01-17 15:30:19,212 | [CRW_SST] coraltemp_v3.1_20230206.nc is MISSING. Will try to re-download.
2026-01-17 15:30:19,212 | [CRW_SST] coraltemp_v3.1_20230207.nc is MISSING. Will try to re-download.
2026-01-17 15:30:19,212 | [CRW_SST] coraltemp_v3.1_20230208.nc is MISSING. Will try to re-download.
2026-01-17 15:30:19,213 | [CRW_SST] coraltemp_v3.1_20230209.nc is MISSING. Will try to re-download.
2026-01-17 15:30:19,213 | [CRW_SST] coraltemp_v3.1_20230210.nc is MISSING. Will try to re-download.
2026-01-17 15:30:19,214 | [CRW_SST] coraltemp_v3.1_20230212.nc is MISSING. Will try to re-download.
2026-01-17 15:30:19,214 | [CRW_SST] coraltemp_v3.1_20230213.nc is MISSING. Will try to re-download.
2026-01-17 15:30:19,214 | [CRW_SST] coraltemp_v3.1_20230214.nc is MISSING. Will try to re-download.
2026-01-17 15:30:19,214 | [CRW_SST] coraltemp_v3.1_20230215.nc is MISSING. Will try to re-download.
2026-01-17 15:30:19,214 | [CRW_SST] coraltemp_v3.1_20230216.nc is MISSING. Will try to re-download.
2026-01-17 15:30:19,217 | [CRW_SST] coraltemp_v3.1_20230217.nc is MISSING. Will try to re-download.
2026-01-17 15:30:19,217 | [CRW_SST] coraltemp_v3.1_20230218.nc is MISSING. Will try to re-download.
2026-01-17 15:30:19,218 | [CRW_SST] coraltemp_v3.1_20230219.nc is MISSING. Will try to re-download.
2026-01-17 15:30:19,218 | [CRW_SST] coraltemp_v3.1_20230220.nc is MISSING. Will try to re-download.
2026-01-17 15:30:19,219 | [CRW_SST] coraltemp_v3.1_20230221.nc is MISSING. Will try to re-download.
2026-01-17 15:30:19,219 | [CRW_SST] coraltemp_v3.1_20230222.nc is MISSING. Will try to re-download.
2026-01-17 15:30:19,219 | [CRW_SST] coraltemp_v3.1_20230223.nc is MISSING. Will try to re-download.
2026-01-17 15:30:19,219 | [CRW_SST] coraltemp_v3.1_20230224.nc is MISSING. Will try to re-download.
2026-01-17 15:30:19,219 | [CRW_SST] coraltemp_v3.1_20230225.nc is MISSING. Will try to re-download.
2026-01-17 15:30:19,219 | [CRW_SST] coraltemp_v3.1_20230226.nc is MISSING. Will try to re-download.
2026-01-17 15:30:19,219 | [CRW_SST] coraltemp_v3.1_20230227.nc is MISSING. Will try to re-download.
2026-01-17 15:30:19,223 | [CRW_SST] coraltemp_v3.1_20230228.nc is MISSING. Will try to re-download.
2026-01-17 15:30:19,224 | [CRW_SST] coraltemp_v3.1_20230301.nc is MISSING. Will try to re-download.
2026-01-17 15:30:19,224 | [CRW_SST] coraltemp_v3.1_20230302.nc is MISSING. Will try to re-download.
2026-01-17 15:30:19,224 | [CRW_SST] coraltemp_v3.1_20230303.nc is MISSING. Will try to re-download.
2026-01-17 15:30:19,226 | [CRW_SST] coraltemp_v3.1_20230304.nc is MISSING. Will try to re-download.
2026-01-17 15:30:19,226 | [CRW_SST] coraltemp_v3.1_20230305.nc is MISSING. Will try to re-download.
2026-01-17 15:30:19,226 | [CRW_SST] coraltemp_v3.1_20230306.nc is MISSING. Will try to re-download.
2026-01-17 15:30:19,228 | [CRW_SST] coraltemp_v3.1_20230307.nc is MISSING. Will try to re-download.
2026-01-17 15:30:19,228 | [CRW_SST] coraltemp_v3.1_20230308.nc is MISSING. Will try to re-download.
2026-01-17 15:30:19,228 | [CRW_SST] coraltemp_v3.1_20230309.nc is MISSING. Will try to re-download.
2026-01-17 15:30:19,228 | [CRW_SST] coraltemp_v3.1_20230310.nc is MISSING. Will try to re-download.
2026-01-17 15:30:19,228 | [CRW_SST] coraltemp_v3.1_20230312.nc is MISSING. Will try to re-download.
2026-01-17 15:30:19,228 | [CRW_SST] coraltemp_v3.1_20230313.nc is MISSING. Will try to re-download.
2026-01-17 15:30:19,228 | [CRW_SST] coraltemp_v3.1_20230314.nc is MISSING. Will try to re-download.
2026-01-17 15:30:19,231 | [CRW_SST] coraltemp_v3.1_20230315.nc is MISSING. Will try to re-download.
2026-01-17 15:30:19,232 | [CRW_SST] coraltemp_v3.1_20230316.nc is MISSING. Will try to re-download.
2026-01-17 15:30:19,232 | [CRW_SST] coraltemp_v3.1_20230317.nc is MISSING. Will try to re-download.
2026-01-17 15:30:19,232 | [CRW_SST] coraltemp_v3.1_20230318.nc is MISSING. Will try to re-download.
2026-01-17 15:30:19,232 | [CRW_SST] coraltemp_v3.1_20230319.nc is MISSING. Will try to re-download.
2026-01-17 15:30:19,232 | [CRW_SST] coraltemp_v3.1_20230320.nc is MISSING. Will try to re-download.
2026-01-17 15:30:19,234 | [CRW_SST] coraltemp_v3.1_20230321.nc is MISSING. Will try to re-download.
2026-01-17 15:30:19,234 | [CRW_SST] coraltemp_v3.1_20230322.nc is MISSING. Will try to re-download.
2026-01-17 15:30:19,234 | [CRW_SST] coraltemp_v3.1_20230323.nc is MISSING. Will try to re-download.
2026-01-17 15:30:19,234 | [CRW_SST] coraltemp_v3.1_20230324.nc is MISSING. Will try to re-download.
2026-01-17 15:30:19,236 | [CRW_SST] coraltemp_v3.1_20230325.nc is MISSING. Will try to re-download.
2026-01-17 15:30:19,236 | [CRW_SST] coraltemp_v3.1_20230326.nc is MISSING. Will try to re-download.
2026-01-17 15:30:19,237 | [CRW_SST] coraltemp_v3.1_20230327.nc is MISSING. Will try to re-download.
2026-01-17 15:30:19,238 | [CRW_SST] coraltemp_v3.1_20230328.nc is MISSING. Will try to re-download.
2026-01-17 15:30:19,238 | [CRW_SST] coraltemp_v3.1_20230329.nc is MISSING. Will try to re-download.
2026-01-17 15:30:19,239 | [CRW_SST] coraltemp_v3.1_20230330.nc is MISSING. Will try to re-download.
2026-01-17 15:30:19,239 | [CRW_SST] coraltemp_v3.1_20230331.nc is MISSING. Will try to re-download.
2026-01-17 15:30:19,239 | [CRW_SST] coraltemp_v3.1_20230401.nc is MISSING. Will try to re-download.
2026-01-17 15:30:19,239 | [CRW_SST] coraltemp_v3.1_20230402.nc is MISSING. Will try to re-download.
2026-01-17 15:30:19,241 | [CRW_SST] coraltemp_v3.1_20230403.nc is MISSING. Will try to re-download.
2026-01-17 15:30:19,242 | [CRW_SST] coraltemp_v3.1_20230404.nc is MISSING. Will try to re-download.
2026-01-17 15:30:19,242 | [CRW_SST] coraltemp_v3.1_20230405.nc is MISSING. Will try to re-download.
2026-01-17 15:30:19,242 | [CRW_SST] coraltemp_v3.1_20230406.nc is MISSING. Will try to re-download.
2026-01-17 15:30:19,242 | [CRW_SST] coraltemp_v3.1_20230407.nc is MISSING. Will try to re-download.
2026-01-17 15:30:19,242 | [CRW_SST] coraltemp_v3.1_20230408.nc is MISSING. Will try to re-download.
2026-01-17 15:30:19,242 | [CRW_SST] coraltemp_v3.1_20230409.nc is MISSING. Will try to re-download.
2026-01-17 15:30:19,245 | [CRW_SST] coraltemp_v3.1_20230410.nc is MISSING. Will try to re-download.
2026-01-17 15:30:19,245 | [CRW_SST] coraltemp_v3.1_20230412.nc is MISSING. Will try to re-download.
2026-01-17 15:30:19,245 | [CRW_SST] coraltemp_v3.1_20230413.nc is MISSING. Will try to re-download.
2026-01-17 15:30:19,247 | [CRW_SST] coraltemp_v3.1_20230414.nc is MISSING. Will try to re-download.
2026-01-17 15:30:19,247 | [CRW_SST] coraltemp_v3.1_20230415.nc is MISSING. Will try to re-download.
2026-01-17 15:30:19,247 | [CRW_SST] coraltemp_v3.1_20230416.nc is MISSING. Will try to re-download.
2026-01-17 15:30:19,247 | [CRW_SST] coraltemp_v3.1_20230417.nc is MISSING. Will try to re-download.
2026-01-17 15:30:19,249 | [CRW_SST] coraltemp_v3.1_20230418.nc is MISSING. Will try to re-download.
2026-01-17 15:30:19,249 | [CRW_SST] coraltemp_v3.1_20230419.nc is MISSING. Will try to re-download.
2026-01-17 15:30:19,250 | [CRW_SST] coraltemp_v3.1_20230420.nc is MISSING. Will try to re-download.
2026-01-17 15:30:19,250 | [CRW_SST] coraltemp_v3.1_20230421.nc is MISSING. Will try to re-download.
2026-01-17 15:30:19,250 | [CRW_SST] coraltemp_v3.1_20230422.nc is MISSING. Will try to re-download.
2026-01-17 15:30:19,250 | [CRW_SST] coraltemp_v3.1_20230423.nc is MISSING. Will try to re-download.
2026-01-17 15:30:19,250 | [CRW_SST] coraltemp_v3.1_20230424.nc is MISSING. Will try to re-download.
2026-01-17 15:30:19,250 | [CRW_SST] coraltemp_v3.1_20230425.nc is MISSING. Will try to re-download.
2026-01-17 15:30:19,253 | [CRW_SST] coraltemp_v3.1_20230426.nc is MISSING. Will try to re-download.
2026-01-17 15:30:19,253 | [CRW_SST] coraltemp_v3.1_20230427.nc is MISSING. Will try to re-download.
2026-01-17 15:30:19,253 | [CRW_SST] coraltemp_v3.1_20230428.nc is MISSING. Will try to re-download.
2026-01-17 15:30:19,253 | [CRW_SST] coraltemp_v3.1_20230429.nc is MISSING. Will try to re-download.
2026-01-17 15:30:19,255 | [CRW_SST] coraltemp_v3.1_20230430.nc is MISSING. Will try to re-download.
2026-01-17 15:30:19,255 | [CRW_SST] coraltemp_v3.1_20230501.nc is MISSING. Will try to re-download.
2026-01-17 15:30:19,255 | [CRW_SST] coraltemp_v3.1_20230502.nc is MISSING. Will try to re-download.
2026-01-17 15:30:19,255 | [CRW_SST] coraltemp_v3.1_20230503.nc is MISSING. Will try to re-download.
2026-01-17 15:30:19,257 | [CRW_SST] coraltemp_v3.1_20230504.nc is MISSING. Will try to re-download.
2026-01-17 15:30:19,257 | [CRW_SST] coraltemp_v3.1_20230505.nc is MISSING. Will try to re-download.
2026-01-17 15:30:19,257 | [CRW_SST] coraltemp_v3.1_20230506.nc is MISSING. Will try to re-download.
2026-01-17 15:30:19,258 | [CRW_SST] coraltemp_v3.1_20230507.nc is MISSING. Will try to re-download.
2026-01-17 15:30:19,258 | [CRW_SST] coraltemp_v3.1_20230508.nc is MISSING. Will try to re-download.
2026-01-17 15:30:19,259 | [CRW_SST] coraltemp_v3.1_20230509.nc is MISSING. Will try to re-download.
2026-01-17 15:30:19,260 | [CRW_SST] coraltemp_v3.1_20230510.nc is MISSING. Will try to re-download.
2026-01-17 15:30:19,260 | [CRW_SST] coraltemp_v3.1_20230512.nc is MISSING. Will try to re-download.
2026-01-17 15:30:19,260 | [CRW_SST] coraltemp_v3.1_20230513.nc is MISSING. Will try to re-download.
2026-01-17 15:30:19,260 | [CRW_SST] coraltemp_v3.1_20230514.nc is MISSING. Will try to re-download.
2026-01-17 15:30:19,262 | [CRW_SST] coraltemp_v3.1_20230515.nc is MISSING. Will try to re-download.
2026-01-17 15:30:19,262 | [CRW_SST] coraltemp_v3.1_20230516.nc is MISSING. Will try to re-download.
2026-01-17 15:30:19,263 | [CRW_SST] coraltemp_v3.1_20230517.nc is MISSING. Will try to re-download.
2026-01-17 15:30:19,263 | [CRW_SST] coraltemp_v3.1_20230518.nc is MISSING. Will try to re-download.
2026-01-17 15:30:19,263 | [CRW_SST] coraltemp_v3.1_20230519.nc is MISSING. Will try to re-download.
2026-01-17 15:30:19,265 | [CRW_SST] coraltemp_v3.1_20230520.nc is MISSING. Will try to re-download.
2026-01-17 15:30:19,265 | [CRW_SST] coraltemp_v3.1_20230521.nc is MISSING. Will try to re-download.
2026-01-17 15:30:19,266 | [CRW_SST] coraltemp_v3.1_20230522.nc is MISSING. Will try to re-download.
2026-01-17 15:30:19,266 | [CRW_SST] coraltemp_v3.1_20230523.nc is MISSING. Will try to re-download.
2026-01-17 15:30:19,266 | [CRW_SST] coraltemp_v3.1_20230524.nc is MISSING. Will try to re-download.
2026-01-17 15:30:19,266 | [CRW_SST] coraltemp_v3.1_20230525.nc is MISSING. Will try to re-download.
2026-01-17 15:30:19,268 | [CRW_SST] coraltemp_v3.1_20230526.nc is MISSING. Will try to re-download.
2026-01-17 15:30:19,268 | [CRW_SST] coraltemp_v3.1_20230527.nc is MISSING. Will try to re-download.
2026-01-17 15:30:19,268 | [CRW_SST] coraltemp_v3.1_20230528.nc is MISSING. Will try to re-download.
2026-01-17 15:30:19,269 | [CRW_SST] coraltemp_v3.1_20230529.nc is MISSING. Will try to re-download.
2026-01-17 15:30:19,269 | [CRW_SST] coraltemp_v3.1_20230530.nc is MISSING. Will try to re-download.
2026-01-17 15:30:19,269 | [CRW_SST] coraltemp_v3.1_20230531.nc is MISSING. Will try to re-download.
2026-01-17 15:30:19,271 | [CRW_SST] coraltemp_v3.1_20230601.nc is MISSING. Will try to re-download.
2026-01-17 15:30:19,271 | [CRW_SST] coraltemp_v3.1_20230602.nc is MISSING. Will try to re-download.
2026-01-17 15:30:19,271 | [CRW_SST] coraltemp_v3.1_20230603.nc is MISSING. Will try to re-download.
2026-01-17 15:30:19,271 | [CRW_SST] coraltemp_v3.1_20230604.nc is MISSING. Will try to re-download.
2026-01-17 15:30:19,271 | [CRW_SST] coraltemp_v3.1_20230605.nc is MISSING. Will try to re-download.
2026-01-17 15:30:19,274 | [CRW_SST] coraltemp_v3.1_20230606.nc is MISSING. Will try to re-download.
2026-01-17 15:30:19,274 | [CRW_SST] coraltemp_v3.1_20230607.nc is MISSING. Will try to re-download.
2026-01-17 15:30:19,275 | [CRW_SST] coraltemp_v3.1_20230608.nc is MISSING. Will try to re-download.
2026-01-17 15:30:19,275 | [CRW_SST] coraltemp_v3.1_20230609.nc is MISSING. Will try to re-download.
2026-01-17 15:30:19,275 | [CRW_SST] coraltemp_v3.1_20230610.nc is MISSING. Will try to re-download.
2026-01-17 15:30:19,277 | [CRW_SST] coraltemp_v3.1_20230612.nc is MISSING. Will try to re-download.
2026-01-17 15:30:19,277 | [CRW_SST] coraltemp_v3.1_20230613.nc is MISSING. Will try to re-download.
2026-01-17 15:30:19,278 | [CRW_SST] coraltemp_v3.1_20230614.nc is MISSING. Will try to re-download.
2026-01-17 15:30:19,278 | [CRW_SST] coraltemp_v3.1_20230615.nc is MISSING. Will try to re-download.
2026-01-17 15:30:19,278 | [CRW_SST] coraltemp_v3.1_20230616.nc is MISSING. Will try to re-download.
2026-01-17 15:30:19,278 | [CRW_SST] coraltemp_v3.1_20230617.nc is MISSING. Will try to re-download.
2026-01-17 15:30:19,278 | [CRW_SST] coraltemp_v3.1_20230618.nc is MISSING. Will try to re-download.
2026-01-17 15:30:19,281 | [CRW_SST] coraltemp_v3.1_20230619.nc is MISSING. Will try to re-download.
2026-01-17 15:30:19,281 | [CRW_SST] coraltemp_v3.1_20230620.nc is MISSING. Will try to re-download.
2026-01-17 15:30:19,282 | [CRW_SST] coraltemp_v3.1_20230621.nc is MISSING. Will try to re-download.
2026-01-17 15:30:19,282 | [CRW_SST] coraltemp_v3.1_20230622.nc is MISSING. Will try to re-download.
2026-01-17 15:30:19,282 | [CRW_SST] coraltemp_v3.1_20230623.nc is MISSING. Will try to re-download.
2026-01-17 15:30:19,283 | [CRW_SST] coraltemp_v3.1_20230624.nc is MISSING. Will try to re-download.
2026-01-17 15:30:19,284 | [CRW_SST] coraltemp_v3.1_20230625.nc is MISSING. Will try to re-download.
2026-01-17 15:30:19,284 | [CRW_SST] coraltemp_v3.1_20230626.nc is MISSING. Will try to re-download.
2026-01-17 15:30:19,284 | [CRW_SST] coraltemp_v3.1_20230627.nc is MISSING. Will try to re-download.
2026-01-17 15:30:19,284 | [CRW_SST] coraltemp_v3.1_20230628.nc is MISSING. Will try to re-download.
2026-01-17 15:30:19,286 | [CRW_SST] coraltemp_v3.1_20230629.nc is MISSING. Will try to re-download.
2026-01-17 15:30:19,287 | [CRW_SST] coraltemp_v3.1_20230630.nc is MISSING. Will try to re-download.
2026-01-17 15:30:19,287 | [CRW_SST] coraltemp_v3.1_20230701.nc is MISSING. Will try to re-download.
2026-01-17 15:30:19,287 | [CRW_SST] coraltemp_v3.1_20230702.nc is MISSING. Will try to re-download.
2026-01-17 15:30:19,288 | [CRW_SST] coraltemp_v3.1_20230703.nc is MISSING. Will try to re-download.
2026-01-17 15:30:19,289 | [CRW_SST] coraltemp_v3.1_20230704.nc is MISSING. Will try to re-download.
2026-01-17 15:30:19,289 | [CRW_SST] coraltemp_v3.1_20230705.nc is MISSING. Will try to re-download.
2026-01-17 15:30:19,289 | [CRW_SST] coraltemp_v3.1_20230706.nc is MISSING. Will try to re-download.
2026-01-17 15:30:19,289 | [CRW_SST] coraltemp_v3.1_20230707.nc is MISSING. Will try to re-download.
2026-01-17 15:30:19,289 | [CRW_SST] coraltemp_v3.1_20230708.nc is MISSING. Will try to re-download.
2026-01-17 15:30:19,292 | [CRW_SST] coraltemp_v3.1_20230709.nc is MISSING. Will try to re-download.
2026-01-17 15:30:19,292 | [CRW_SST] coraltemp_v3.1_20230710.nc is MISSING. Will try to re-download.
2026-01-17 15:30:19,292 | [CRW_SST] coraltemp_v3.1_20230712.nc is MISSING. Will try to re-download.
2026-01-17 15:30:19,292 | [CRW_SST] coraltemp_v3.1_20230713.nc is MISSING. Will try to re-download.
2026-01-17 15:30:19,292 | [CRW_SST] coraltemp_v3.1_20230714.nc is MISSING. Will try to re-download.
2026-01-17 15:30:19,292 | [CRW_SST] coraltemp_v3.1_20230715.nc is MISSING. Will try to re-download.
2026-01-17 15:30:19,292 | [CRW_SST] coraltemp_v3.1_20230716.nc is MISSING. Will try to re-download.
2026-01-17 15:30:19,292 | [CRW_SST] coraltemp_v3.1_20230717.nc is MISSING. Will try to re-download.
2026-01-17 15:30:19,292 | [CRW_SST] coraltemp_v3.1_20230718.nc is MISSING. Will try to re-download.
2026-01-17 15:30:19,297 | [CRW_SST] coraltemp_v3.1_20230719.nc is MISSING. Will try to re-download.
2026-01-17 15:30:19,297 | [CRW_SST] coraltemp_v3.1_20230720.nc is MISSING. Will try to re-download.
2026-01-17 15:30:19,297 | [CRW_SST] coraltemp_v3.1_20230721.nc is MISSING. Will try to re-download.
2026-01-17 15:30:19,297 | [CRW_SST] coraltemp_v3.1_20230722.nc is MISSING. Will try to re-download.
2026-01-17 15:30:19,299 | [CRW_SST] coraltemp_v3.1_20230723.nc is MISSING. Will try to re-download.
2026-01-17 15:30:19,299 | [CRW_SST] coraltemp_v3.1_20230724.nc is MISSING. Will try to re-download.
2026-01-17 15:30:19,300 | [CRW_SST] coraltemp_v3.1_20230725.nc is MISSING. Will try to re-download.
2026-01-17 15:30:19,300 | [CRW_SST] coraltemp_v3.1_20230726.nc is MISSING. Will try to re-download.
2026-01-17 15:30:19,300 | [CRW_SST] coraltemp_v3.1_20230727.nc is MISSING. Will try to re-download.
2026-01-17 15:30:19,303 | [CRW_SST] coraltemp_v3.1_20230728.nc is MISSING. Will try to re-download.
2026-01-17 15:30:19,303 | [CRW_SST] coraltemp_v3.1_20230729.nc is MISSING. Will try to re-download.
2026-01-17 15:30:19,303 | [CRW_SST] coraltemp_v3.1_20230730.nc is MISSING. Will try to re-download.
2026-01-17 15:30:19,303 | [CRW_SST] coraltemp_v3.1_20230731.nc is MISSING. Will try to re-download.
2026-01-17 15:30:19,303 | [CRW_SST] coraltemp_v3.1_20230801.nc is MISSING. Will try to re-download.
2026-01-17 15:30:19,303 | [CRW_SST] coraltemp_v3.1_20230802.nc is MISSING. Will try to re-download.
2026-01-17 15:30:19,303 | [CRW_SST] coraltemp_v3.1_20230803.nc is MISSING. Will try to re-download.
2026-01-17 15:30:19,303 | [CRW_SST] coraltemp_v3.1_20230804.nc is MISSING. Will try to re-download.
2026-01-17 15:30:19,307 | [CRW_SST] coraltemp_v3.1_20230805.nc is MISSING. Will try to re-download.
2026-01-17 15:30:19,307 | [CRW_SST] coraltemp_v3.1_20230806.nc is MISSING. Will try to re-download.
2026-01-17 15:30:19,307 | [CRW_SST] coraltemp_v3.1_20230807.nc is MISSING. Will try to re-download.
2026-01-17 15:30:19,309 | [CRW_SST] coraltemp_v3.1_20230808.nc is MISSING. Will try to re-download.
2026-01-17 15:30:19,309 | [CRW_SST] coraltemp_v3.1_20230809.nc is MISSING. Will try to re-download.
2026-01-17 15:30:19,310 | [CRW_SST] coraltemp_v3.1_20230810.nc is MISSING. Will try to re-download.
2026-01-17 15:30:19,310 | [CRW_SST] coraltemp_v3.1_20230812.nc is MISSING. Will try to re-download.
2026-01-17 15:30:19,310 | [CRW_SST] coraltemp_v3.1_20230813.nc is MISSING. Will try to re-download.
2026-01-17 15:30:19,310 | [CRW_SST] coraltemp_v3.1_20230814.nc is MISSING. Will try to re-download.
2026-01-17 15:30:19,313 | [CRW_SST] coraltemp_v3.1_20230815.nc is MISSING. Will try to re-download.
2026-01-17 15:30:19,313 | [CRW_SST] coraltemp_v3.1_20230816.nc is MISSING. Will try to re-download.
2026-01-17 15:30:19,313 | [CRW_SST] coraltemp_v3.1_20230817.nc is MISSING. Will try to re-download.
2026-01-17 15:30:19,313 | [CRW_SST] coraltemp_v3.1_20230818.nc is MISSING. Will try to re-download.
2026-01-17 15:30:19,314 | [CRW_SST] coraltemp_v3.1_20230819.nc is MISSING. Will try to re-download.
2026-01-17 15:30:19,314 | [CRW_SST] coraltemp_v3.1_20230820.nc is MISSING. Will try to re-download.
2026-01-17 15:30:19,314 | [CRW_SST] coraltemp_v3.1_20230821.nc is MISSING. Will try to re-download.
2026-01-17 15:30:19,314 | [CRW_SST] coraltemp_v3.1_20230822.nc is MISSING. Will try to re-download.
2026-01-17 15:30:19,314 | [CRW_SST] coraltemp_v3.1_20230823.nc is MISSING. Will try to re-download.
2026-01-17 15:30:19,317 | [CRW_SST] coraltemp_v3.1_20230824.nc is MISSING. Will try to re-download.
2026-01-17 15:30:19,318 | [CRW_SST] coraltemp_v3.1_20230825.nc is MISSING. Will try to re-download.
2026-01-17 15:30:19,318 | [CRW_SST] coraltemp_v3.1_20230826.nc is MISSING. Will try to re-download.
2026-01-17 15:30:19,319 | [CRW_SST] coraltemp_v3.1_20230827.nc is MISSING. Will try to re-download.
2026-01-17 15:30:19,319 | [CRW_SST] coraltemp_v3.1_20230828.nc is MISSING. Will try to re-download.
2026-01-17 15:30:19,319 | [CRW_SST] coraltemp_v3.1_20230829.nc is MISSING. Will try to re-download.
2026-01-17 15:30:19,319 | [CRW_SST] coraltemp_v3.1_20230830.nc is MISSING. Will try to re-download.
2026-01-17 15:30:19,319 | [CRW_SST] coraltemp_v3.1_20230831.nc is MISSING. Will try to re-download.
2026-01-17 15:30:19,319 | [CRW_SST] coraltemp_v3.1_20230901.nc is MISSING. Will try to re-download.
2026-01-17 15:30:19,323 | [CRW_SST] coraltemp_v3.1_20230902.nc is MISSING. Will try to re-download.
2026-01-17 15:30:19,323 | [CRW_SST] coraltemp_v3.1_20230903.nc is MISSING. Will try to re-download.
2026-01-17 15:30:19,324 | [CRW_SST] coraltemp_v3.1_20230904.nc is MISSING. Will try to re-download.
2026-01-17 15:30:19,324 | [CRW_SST] coraltemp_v3.1_20230905.nc is MISSING. Will try to re-download.
2026-01-17 15:30:19,325 | [CRW_SST] coraltemp_v3.1_20230906.nc is MISSING. Will try to re-download.
2026-01-17 15:30:19,325 | [CRW_SST] coraltemp_v3.1_20230907.nc is MISSING. Will try to re-download.
2026-01-17 15:30:19,327 | [CRW_SST] coraltemp_v3.1_20230908.nc is MISSING. Will try to re-download.
2026-01-17 15:30:19,327 | [CRW_SST] coraltemp_v3.1_20230909.nc is MISSING. Will try to re-download.
2026-01-17 15:30:19,328 | [CRW_SST] coraltemp_v3.1_20230910.nc is MISSING. Will try to re-download.
2026-01-17 15:30:19,328 | [CRW_SST] coraltemp_v3.1_20230912.nc is MISSING. Will try to re-download.
2026-01-17 15:30:19,328 | [CRW_SST] coraltemp_v3.1_20230913.nc is MISSING. Will try to re-download.
2026-01-17 15:30:19,328 | [CRW_SST] coraltemp_v3.1_20230914.nc is MISSING. Will try to re-download.
2026-01-17 15:30:19,328 | [CRW_SST] coraltemp_v3.1_20230915.nc is MISSING. Will try to re-download.
2026-01-17 15:30:19,331 | [CRW_SST] coraltemp_v3.1_20230916.nc is MISSING. Will try to re-download.
2026-01-17 15:30:19,332 | [CRW_SST] coraltemp_v3.1_20230917.nc is MISSING. Will try to re-download.
2026-01-17 15:30:19,332 | [CRW_SST] coraltemp_v3.1_20230918.nc is MISSING. Will try to re-download.
2026-01-17 15:30:19,332 | [CRW_SST] coraltemp_v3.1_20230919.nc is MISSING. Will try to re-download.
2026-01-17 15:30:19,333 | [CRW_SST] coraltemp_v3.1_20230920.nc is MISSING. Will try to re-download.
2026-01-17 15:30:19,333 | [CRW_SST] coraltemp_v3.1_20230921.nc is MISSING. Will try to re-download.
2026-01-17 15:30:19,334 | [CRW_SST] coraltemp_v3.1_20230922.nc is MISSING. Will try to re-download.
2026-01-17 15:30:19,334 | [CRW_SST] coraltemp_v3.1_20230923.nc is MISSING. Will try to re-download.
2026-01-17 15:30:19,334 | [CRW_SST] coraltemp_v3.1_20230924.nc is MISSING. Will try to re-download.
2026-01-17 15:30:19,334 | [CRW_SST] coraltemp_v3.1_20230925.nc is MISSING. Will try to re-download.
2026-01-17 15:30:19,336 | [CRW_SST] coraltemp_v3.1_20230926.nc is MISSING. Will try to re-download.
2026-01-17 15:30:19,336 | [CRW_SST] coraltemp_v3.1_20230927.nc is MISSING. Will try to re-download.
2026-01-17 15:30:19,336 | [CRW_SST] coraltemp_v3.1_20230928.nc is MISSING. Will try to re-download.
2026-01-17 15:30:19,337 | [CRW_SST] coraltemp_v3.1_20230929.nc is MISSING. Will try to re-download.
2026-01-17 15:30:19,338 | [CRW_SST] coraltemp_v3.1_20230930.nc is MISSING. Will try to re-download.
2026-01-17 15:30:19,338 | [CRW_SST] coraltemp_v3.1_20231001.nc is MISSING. Will try to re-download.
2026-01-17 15:30:19,339 | [CRW_SST] coraltemp_v3.1_20231002.nc is MISSING. Will try to re-download.
2026-01-17 15:30:19,339 | [CRW_SST] coraltemp_v3.1_20231003.nc is MISSING. Will try to re-download.
2026-01-17 15:30:19,339 | [CRW_SST] coraltemp_v3.1_20231004.nc is MISSING. Will try to re-download.
2026-01-17 15:30:19,339 | [CRW_SST] coraltemp_v3.1_20231005.nc is MISSING. Will try to re-download.
2026-01-17 15:30:19,339 | [CRW_SST] coraltemp_v3.1_20231006.nc is MISSING. Will try to re-download.
2026-01-17 15:30:19,339 | [CRW_SST] coraltemp_v3.1_20231007.nc is MISSING. Will try to re-download.
2026-01-17 15:30:19,342 | [CRW_SST] coraltemp_v3.1_20231008.nc is MISSING. Will try to re-download.
2026-01-17 15:30:19,342 | [CRW_SST] coraltemp_v3.1_20231009.nc is MISSING. Will try to re-download.
2026-01-17 15:30:19,342 | [CRW_SST] coraltemp_v3.1_20231010.nc is MISSING. Will try to re-download.
2026-01-17 15:30:19,342 | [CRW_SST] coraltemp_v3.1_20231012.nc is MISSING. Will try to re-download.
2026-01-17 15:30:19,344 | [CRW_SST] coraltemp_v3.1_20231013.nc is MISSING. Will try to re-download.
2026-01-17 15:30:19,344 | [CRW_SST] coraltemp_v3.1_20231014.nc is MISSING. Will try to re-download.
2026-01-17 15:30:19,344 | [CRW_SST] coraltemp_v3.1_20231015.nc is MISSING. Will try to re-download.
2026-01-17 15:30:19,344 | [CRW_SST] coraltemp_v3.1_20231016.nc is MISSING. Will try to re-download.
2026-01-17 15:30:19,344 | [CRW_SST] coraltemp_v3.1_20231017.nc is MISSING. Will try to re-download.
2026-01-17 15:30:19,347 | [CRW_SST] coraltemp_v3.1_20231018.nc is MISSING. Will try to re-download.
2026-01-17 15:30:19,347 | [CRW_SST] coraltemp_v3.1_20231019.nc is MISSING. Will try to re-download.
2026-01-17 15:30:19,347 | [CRW_SST] coraltemp_v3.1_20231020.nc is MISSING. Will try to re-download.
2026-01-17 15:30:19,347 | [CRW_SST] coraltemp_v3.1_20231021.nc is MISSING. Will try to re-download.
2026-01-17 15:30:19,350 | [CRW_SST] coraltemp_v3.1_20231022.nc is MISSING. Will try to re-download.
2026-01-17 15:30:19,350 | [CRW_SST] coraltemp_v3.1_20231023.nc is MISSING. Will try to re-download.
2026-01-17 15:30:19,351 | [CRW_SST] coraltemp_v3.1_20231024.nc is MISSING. Will try to re-download.
2026-01-17 15:30:19,351 | [CRW_SST] coraltemp_v3.1_20231025.nc is MISSING. Will try to re-download.
2026-01-17 15:30:19,351 | [CRW_SST] coraltemp_v3.1_20231026.nc is MISSING. Will try to re-download.
2026-01-17 15:30:19,351 | [CRW_SST] coraltemp_v3.1_20231027.nc is MISSING. Will try to re-download.
2026-01-17 15:30:19,353 | [CRW_SST] coraltemp_v3.1_20231028.nc is MISSING. Will try to re-download.
2026-01-17 15:30:19,353 | [CRW_SST] coraltemp_v3.1_20231029.nc is MISSING. Will try to re-download.
2026-01-17 15:30:19,353 | [CRW_SST] coraltemp_v3.1_20231030.nc is MISSING. Will try to re-download.
2026-01-17 15:30:19,353 | [CRW_SST] coraltemp_v3.1_20231031.nc is MISSING. Will try to re-download.
2026-01-17 15:30:19,353 | [CRW_SST] coraltemp_v3.1_20231201.nc is MISSING. Will try to re-download.
2026-01-17 15:30:19,353 | [CRW_SST] coraltemp_v3.1_20231202.nc is MISSING. Will try to re-download.
2026-01-17 15:30:19,353 | [CRW_SST] coraltemp_v3.1_20231203.nc is MISSING. Will try to re-download.
2026-01-17 15:30:19,353 | [CRW_SST] coraltemp_v3.1_20231204.nc is MISSING. Will try to re-download.
2026-01-17 15:30:19,353 | [CRW_SST] coraltemp_v3.1_20231205.nc is MISSING. Will try to re-download.
2026-01-17 15:30:19,353 | [CRW_SST] coraltemp_v3.1_20231206.nc is MISSING. Will try to re-download.
2026-01-17 15:30:19,353 | [CRW_SST] coraltemp_v3.1_20231207.nc is MISSING. Will try to re-download.
2026-01-17 15:30:19,353 | [CRW_SST] coraltemp_v3.1_20231208.nc is MISSING. Will try to re-download.
2026-01-17 15:30:19,359 | [CRW_SST] coraltemp_v3.1_20231209.nc is MISSING. Will try to re-download.
2026-01-17 15:30:19,360 | [CRW_SST] coraltemp_v3.1_20231210.nc is MISSING. Will try to re-download.
2026-01-17 15:30:19,360 | [CRW_SST] coraltemp_v3.1_20231212.nc is MISSING. Will try to re-download.
2026-01-17 15:30:19,360 | [CRW_SST] coraltemp_v3.1_20231213.nc is MISSING. Will try to re-download.
2026-01-17 15:30:19,362 | [CRW_SST] coraltemp_v3.1_20231214.nc is MISSING. Will try to re-download.
2026-01-17 15:30:19,362 | [CRW_SST] coraltemp_v3.1_20231215.nc is MISSING. Will try to re-download.
2026-01-17 15:30:19,363 | [CRW_SST] coraltemp_v3.1_20231216.nc is MISSING. Will try to re-download.
2026-01-17 15:30:19,363 | [CRW_SST] coraltemp_v3.1_20231217.nc is MISSING. Will try to re-download.
2026-01-17 15:30:19,363 | [CRW_SST] coraltemp_v3.1_20231218.nc is MISSING. Will try to re-download.
2026-01-17 15:30:19,363 | [CRW_SST] coraltemp_v3.1_20231219.nc is MISSING. Will try to re-download.
2026-01-17 15:30:19,365 | [CRW_SST] coraltemp_v3.1_20231220.nc is MISSING. Will try to re-download.
2026-01-17 15:30:19,366 | [CRW_SST] coraltemp_v3.1_20231221.nc is MISSING. Will try to re-download.
2026-01-17 15:30:19,366 | [CRW_SST] coraltemp_v3.1_20231222.nc is MISSING. Will try to re-download.
2026-01-17 15:30:19,366 | [CRW_SST] coraltemp_v3.1_20231223.nc is MISSING. Will try to re-download.
2026-01-17 15:30:19,366 | [CRW_SST] coraltemp_v3.1_20231224.nc is MISSING. Will try to re-download.
2026-01-17 15:30:19,368 | [CRW_SST] coraltemp_v3.1_20231225.nc is MISSING. Will try to re-download.
2026-01-17 15:30:19,368 | [CRW_SST] coraltemp_v3.1_20231226.nc is MISSING. Will try to re-download.
2026-01-17 15:30:19,369 | [CRW_SST] coraltemp_v3.1_20231227.nc is MISSING. Will try to re-download.
2026-01-17 15:30:19,370 | [CRW_SST] coraltemp_v3.1_20231228.nc is MISSING. Will try to re-download.
2026-01-17 15:30:19,370 | [CRW_SST] coraltemp_v3.1_20231229.nc is MISSING. Will try to re-download.
2026-01-17 15:30:19,370 | [CRW_SST] coraltemp_v3.1_20231230.nc is MISSING. Will try to re-download.
2026-01-17 15:30:19,370 | [CRW_SST] coraltemp_v3.1_20231231.nc is MISSING. Will try to re-download.
2026-01-17 15:30:19,372 | [CRW_SST] coraltemp_v3.1_20240101.nc is MISSING. Will try to re-download.
2026-01-17 15:30:19,372 | [CRW_SST] coraltemp_v3.1_20240102.nc is MISSING. Will try to re-download.
2026-01-17 15:30:19,372 | [CRW_SST] coraltemp_v3.1_20240103.nc is MISSING. Will try to re-download.
2026-01-17 15:30:19,372 | [CRW_SST] coraltemp_v3.1_20240104.nc is MISSING. Will try to re-download.
2026-01-17 15:30:19,375 | [CRW_SST] coraltemp_v3.1_20240105.nc is MISSING. Will try to re-download.
2026-01-17 15:30:19,375 | [CRW_SST] coraltemp_v3.1_20240106.nc is MISSING. Will try to re-download.
2026-01-17 15:30:19,375 | [CRW_SST] coraltemp_v3.1_20240107.nc is MISSING. Will try to re-download.
2026-01-17 15:30:19,376 | [CRW_SST] coraltemp_v3.1_20240108.nc is MISSING. Will try to re-download.
2026-01-17 15:30:19,376 | [CRW_SST] coraltemp_v3.1_20240109.nc is MISSING. Will try to re-download.
2026-01-17 15:30:19,378 | [CRW_SST] coraltemp_v3.1_20240120.nc is MISSING. Will try to re-download.
2026-01-17 15:30:19,378 | [CRW_SST] coraltemp_v3.1_20240121.nc is MISSING. Will try to re-download.
2026-01-17 15:30:19,378 | [CRW_SST] coraltemp_v3.1_20240122.nc is MISSING. Will try to re-download.
2026-01-17 15:30:19,378 | [CRW_SST] coraltemp_v3.1_20240123.nc is MISSING. Will try to re-download.
2026-01-17 15:30:19,378 | [CRW_SST] coraltemp_v3.1_20240124.nc is MISSING. Will try to re-download.
2026-01-17 15:30:19,381 | [CRW_SST] coraltemp_v3.1_20240125.nc is MISSING. Will try to re-download.
2026-01-17 15:30:19,382 | [CRW_SST] coraltemp_v3.1_20240126.nc is MISSING. Will try to re-download.
2026-01-17 15:30:19,382 | [CRW_SST] coraltemp_v3.1_20240127.nc is MISSING. Will try to re-download.
2026-01-17 15:30:19,382 | [CRW_SST] coraltemp_v3.1_20240128.nc is MISSING. Will try to re-download.
2026-01-17 15:30:19,383 | [CRW_SST] coraltemp_v3.1_20240129.nc is MISSING. Will try to re-download.
2026-01-17 15:30:19,384 | [CRW_SST] coraltemp_v3.1_20240130.nc is MISSING. Will try to re-download.
2026-01-17 15:30:19,384 | [CRW_SST] coraltemp_v3.1_20240131.nc is MISSING. Will try to re-download.
2026-01-17 15:30:19,384 | [CRW_SST] coraltemp_v3.1_20240201.nc is MISSING. Will try to re-download.
2026-01-17 15:30:19,384 | [CRW_SST] coraltemp_v3.1_20240202.nc is MISSING. Will try to re-download.
2026-01-17 15:30:19,384 | [CRW_SST] coraltemp_v3.1_20240203.nc is MISSING. Will try to re-download.
2026-01-17 15:30:19,387 | [CRW_SST] coraltemp_v3.1_20240204.nc is MISSING. Will try to re-download.
2026-01-17 15:30:19,387 | [CRW_SST] coraltemp_v3.1_20240205.nc is MISSING. Will try to re-download.
2026-01-17 15:30:19,388 | [CRW_SST] coraltemp_v3.1_20240206.nc is MISSING. Will try to re-download.
2026-01-17 15:30:19,388 | [CRW_SST] coraltemp_v3.1_20240207.nc is MISSING. Will try to re-download.
2026-01-17 15:30:19,389 | [CRW_SST] coraltemp_v3.1_20240208.nc is MISSING. Will try to re-download.
2026-01-17 15:30:19,389 | [CRW_SST] coraltemp_v3.1_20240209.nc is MISSING. Will try to re-download.
2026-01-17 15:30:19,389 | [CRW_SST] coraltemp_v3.1_20240210.nc is MISSING. Will try to re-download.
2026-01-17 15:30:19,389 | [CRW_SST] coraltemp_v3.1_20240212.nc is MISSING. Will try to re-download.
2026-01-17 15:30:19,389 | [CRW_SST] coraltemp_v3.1_20240213.nc is MISSING. Will try to re-download.
2026-01-17 15:30:19,391 | [CRW_SST] coraltemp_v3.1_20240214.nc is MISSING. Will try to re-download.
2026-01-17 15:30:19,391 | [CRW_SST] coraltemp_v3.1_20240215.nc is MISSING. Will try to re-download.
2026-01-17 15:30:19,391 | [CRW_SST] coraltemp_v3.1_20240216.nc is MISSING. Will try to re-download.
2026-01-17 15:30:19,391 | [CRW_SST] coraltemp_v3.1_20240217.nc is MISSING. Will try to re-download.
2026-01-17 15:30:19,391 | [CRW_SST] coraltemp_v3.1_20240218.nc is MISSING. Will try to re-download.
2026-01-17 15:30:19,391 | [CRW_SST] coraltemp_v3.1_20240219.nc is MISSING. Will try to re-download.
2026-01-17 15:30:19,391 | [CRW_SST] coraltemp_v3.1_20240220.nc is MISSING. Will try to re-download.
2026-01-17 15:30:19,391 | [CRW_SST] coraltemp_v3.1_20240221.nc is MISSING. Will try to re-download.
2026-01-17 15:30:19,391 | [CRW_SST] coraltemp_v3.1_20240222.nc is MISSING. Will try to re-download.
2026-01-17 15:30:19,391 | [CRW_SST] coraltemp_v3.1_20240223.nc is MISSING. Will try to re-download.
2026-01-17 15:30:19,397 | [CRW_SST] coraltemp_v3.1_20240224.nc is MISSING. Will try to re-download.
2026-01-17 15:30:19,397 | [CRW_SST] coraltemp_v3.1_20240225.nc is MISSING. Will try to re-download.
2026-01-17 15:30:19,397 | [CRW_SST] coraltemp_v3.1_20240226.nc is MISSING. Will try to re-download.
2026-01-17 15:30:19,397 | [CRW_SST] coraltemp_v3.1_20240227.nc is MISSING. Will try to re-download.
2026-01-17 15:30:19,399 | [CRW_SST] coraltemp_v3.1_20240228.nc is MISSING. Will try to re-download.
2026-01-17 15:30:19,400 | [CRW_SST] coraltemp_v3.1_20240229.nc is MISSING. Will try to re-download.
2026-01-17 15:30:19,400 | [CRW_SST] coraltemp_v3.1_20240301.nc is MISSING. Will try to re-download.
2026-01-17 15:30:19,400 | [CRW_SST] coraltemp_v3.1_20240302.nc is MISSING. Will try to re-download.
2026-01-17 15:30:19,400 | [CRW_SST] coraltemp_v3.1_20240303.nc is MISSING. Will try to re-download.
2026-01-17 15:30:19,400 | [CRW_SST] coraltemp_v3.1_20240304.nc is MISSING. Will try to re-download.
2026-01-17 15:30:19,403 | [CRW_SST] coraltemp_v3.1_20240305.nc is MISSING. Will try to re-download.
2026-01-17 15:30:19,403 | [CRW_SST] coraltemp_v3.1_20240306.nc is MISSING. Will try to re-download.
2026-01-17 15:30:19,403 | [CRW_SST] coraltemp_v3.1_20240307.nc is MISSING. Will try to re-download.
2026-01-17 15:30:19,403 | [CRW_SST] coraltemp_v3.1_20240308.nc is MISSING. Will try to re-download.
2026-01-17 15:30:19,403 | [CRW_SST] coraltemp_v3.1_20240309.nc is MISSING. Will try to re-download.
2026-01-17 15:30:19,403 | [CRW_SST] coraltemp_v3.1_20240310.nc is MISSING. Will try to re-download.
2026-01-17 15:30:19,403 | [CRW_SST] coraltemp_v3.1_20240312.nc is MISSING. Will try to re-download.
2026-01-17 15:30:19,403 | [CRW_SST] coraltemp_v3.1_20240313.nc is MISSING. Will try to re-download.
2026-01-17 15:30:19,407 | [CRW_SST] coraltemp_v3.1_20240314.nc is MISSING. Will try to re-download.
2026-01-17 15:30:19,407 | [CRW_SST] coraltemp_v3.1_20240315.nc is MISSING. Will try to re-download.
2026-01-17 15:30:19,408 | [CRW_SST] coraltemp_v3.1_20240316.nc is MISSING. Will try to re-download.
2026-01-17 15:30:19,408 | [CRW_SST] coraltemp_v3.1_20240317.nc is MISSING. Will try to re-download.
2026-01-17 15:30:19,409 | [CRW_SST] coraltemp_v3.1_20240318.nc is MISSING. Will try to re-download.
2026-01-17 15:30:19,409 | [CRW_SST] coraltemp_v3.1_20240319.nc is MISSING. Will try to re-download.
2026-01-17 15:30:19,409 | [CRW_SST] coraltemp_v3.1_20240320.nc is MISSING. Will try to re-download.
2026-01-17 15:30:19,410 | [CRW_SST] coraltemp_v3.1_20240321.nc is MISSING. Will try to re-download.
2026-01-17 15:30:19,410 | [CRW_SST] coraltemp_v3.1_20240322.nc is MISSING. Will try to re-download.
2026-01-17 15:30:19,410 | [CRW_SST] coraltemp_v3.1_20240323.nc is MISSING. Will try to re-download.
2026-01-17 15:30:19,410 | [CRW_SST] coraltemp_v3.1_20240324.nc is MISSING. Will try to re-download.
2026-01-17 15:30:19,412 | [CRW_SST] coraltemp_v3.1_20240325.nc is MISSING. Will try to re-download.
2026-01-17 15:30:19,412 | [CRW_SST] coraltemp_v3.1_20240326.nc is MISSING. Will try to re-download.
2026-01-17 15:30:19,413 | [CRW_SST] coraltemp_v3.1_20240327.nc is MISSING. Will try to re-download.
2026-01-17 15:30:19,413 | [CRW_SST] coraltemp_v3.1_20240328.nc is MISSING. Will try to re-download.
2026-01-17 15:30:19,413 | [CRW_SST] coraltemp_v3.1_20240329.nc is MISSING. Will try to re-download.
2026-01-17 15:30:19,415 | [CRW_SST] coraltemp_v3.1_20240330.nc is MISSING. Will try to re-download.
2026-01-17 15:30:19,415 | [CRW_SST] coraltemp_v3.1_20240331.nc is MISSING. Will try to re-download.
2026-01-17 15:30:19,415 | [CRW_SST] coraltemp_v3.1_20240401.nc is MISSING. Will try to re-download.
2026-01-17 15:30:19,415 | [CRW_SST] coraltemp_v3.1_20240402.nc is MISSING. Will try to re-download.
2026-01-17 15:30:19,417 | [CRW_SST] coraltemp_v3.1_20240403.nc is MISSING. Will try to re-download.
2026-01-17 15:30:19,417 | [CRW_SST] coraltemp_v3.1_20240404.nc is MISSING. Will try to re-download.
2026-01-17 15:30:19,417 | [CRW_SST] coraltemp_v3.1_20240405.nc is MISSING. Will try to re-download.
2026-01-17 15:30:19,418 | [CRW_SST] coraltemp_v3.1_20240406.nc is MISSING. Will try to re-download.
2026-01-17 15:30:19,418 | [CRW_SST] coraltemp_v3.1_20240407.nc is MISSING. Will try to re-download.
2026-01-17 15:30:19,418 | [CRW_SST] coraltemp_v3.1_20240408.nc is MISSING. Will try to re-download.
2026-01-17 15:30:19,418 | [CRW_SST] coraltemp_v3.1_20240409.nc is MISSING. Will try to re-download.
2026-01-17 15:30:19,419 | [CRW_SST] coraltemp_v3.1_20240410.nc is MISSING. Will try to re-download.
2026-01-17 15:30:19,419 | [CRW_SST] coraltemp_v3.1_20240412.nc is MISSING. Will try to re-download.
2026-01-17 15:30:19,419 | [CRW_SST] coraltemp_v3.1_20240413.nc is MISSING. Will try to re-download.
2026-01-17 15:30:19,419 | [CRW_SST] coraltemp_v3.1_20240414.nc is MISSING. Will try to re-download.
2026-01-17 15:30:19,419 | [CRW_SST] coraltemp_v3.1_20240415.nc is MISSING. Will try to re-download.
2026-01-17 15:30:19,419 | [CRW_SST] coraltemp_v3.1_20240416.nc is MISSING. Will try to re-download.
2026-01-17 15:30:19,422 | [CRW_SST] coraltemp_v3.1_20240417.nc is MISSING. Will try to re-download.
2026-01-17 15:30:19,423 | [CRW_SST] coraltemp_v3.1_20240418.nc is MISSING. Will try to re-download.
2026-01-17 15:30:19,423 | [CRW_SST] coraltemp_v3.1_20240419.nc is MISSING. Will try to re-download.
2026-01-17 15:30:19,423 | [CRW_SST] coraltemp_v3.1_20240420.nc is MISSING. Will try to re-download.
2026-01-17 15:30:19,424 | [CRW_SST] coraltemp_v3.1_20240421.nc is MISSING. Will try to re-download.
2026-01-17 15:30:19,424 | [CRW_SST] coraltemp_v3.1_20240422.nc is MISSING. Will try to re-download.
2026-01-17 15:30:19,425 | [CRW_SST] coraltemp_v3.1_20240423.nc is MISSING. Will try to re-download.
2026-01-17 15:30:19,425 | [CRW_SST] coraltemp_v3.1_20240424.nc is MISSING. Will try to re-download.
2026-01-17 15:30:19,425 | [CRW_SST] coraltemp_v3.1_20240425.nc is MISSING. Will try to re-download.
2026-01-17 15:30:19,427 | [CRW_SST] coraltemp_v3.1_20240426.nc is MISSING. Will try to re-download.
2026-01-17 15:30:19,428 | [CRW_SST] coraltemp_v3.1_20240427.nc is MISSING. Will try to re-download.
2026-01-17 15:30:19,428 | [CRW_SST] coraltemp_v3.1_20240428.nc is MISSING. Will try to re-download.
2026-01-17 15:30:19,428 | [CRW_SST] coraltemp_v3.1_20240429.nc is MISSING. Will try to re-download.
2026-01-17 15:30:19,428 | [CRW_SST] coraltemp_v3.1_20240430.nc is MISSING. Will try to re-download.
2026-01-17 15:30:19,428 | [CRW_SST] coraltemp_v3.1_20240501.nc is MISSING. Will try to re-download.
2026-01-17 15:30:19,428 | [CRW_SST] coraltemp_v3.1_20240502.nc is MISSING. Will try to re-download.
2026-01-17 15:30:19,428 | [CRW_SST] coraltemp_v3.1_20240503.nc is MISSING. Will try to re-download.
2026-01-17 15:30:19,431 | [CRW_SST] coraltemp_v3.1_20240504.nc is MISSING. Will try to re-download.
2026-01-17 15:30:19,431 | [CRW_SST] coraltemp_v3.1_20240505.nc is MISSING. Will try to re-download.
2026-01-17 15:30:19,432 | [CRW_SST] coraltemp_v3.1_20240506.nc is MISSING. Will try to re-download.
2026-01-17 15:30:19,432 | [CRW_SST] coraltemp_v3.1_20240507.nc is MISSING. Will try to re-download.
2026-01-17 15:30:19,432 | [CRW_SST] coraltemp_v3.1_20240508.nc is MISSING. Will try to re-download.
2026-01-17 15:30:19,433 | [CRW_SST] coraltemp_v3.1_20240509.nc is MISSING. Will try to re-download.
2026-01-17 15:30:19,434 | [CRW_SST] coraltemp_v3.1_20240510.nc is MISSING. Will try to re-download.
2026-01-17 15:30:19,434 | [CRW_SST] coraltemp_v3.1_20240512.nc is MISSING. Will try to re-download.
2026-01-17 15:30:19,434 | [CRW_SST] coraltemp_v3.1_20240513.nc is MISSING. Will try to re-download.
2026-01-17 15:30:19,434 | [CRW_SST] coraltemp_v3.1_20240514.nc is MISSING. Will try to re-download.
2026-01-17 15:30:19,434 | [CRW_SST] coraltemp_v3.1_20240515.nc is MISSING. Will try to re-download.
2026-01-17 15:30:19,434 | [CRW_SST] coraltemp_v3.1_20240516.nc is MISSING. Will try to re-download.
2026-01-17 15:30:19,437 | [CRW_SST] coraltemp_v3.1_20240517.nc is MISSING. Will try to re-download.
2026-01-17 15:30:19,437 | [CRW_SST] coraltemp_v3.1_20240518.nc is MISSING. Will try to re-download.
2026-01-17 15:30:19,437 | [CRW_SST] coraltemp_v3.1_20240519.nc is MISSING. Will try to re-download.
2026-01-17 15:30:19,438 | [CRW_SST] coraltemp_v3.1_20240520.nc is MISSING. Will try to re-download.
2026-01-17 15:30:19,439 | [CRW_SST] coraltemp_v3.1_20240521.nc is MISSING. Will try to re-download.
2026-01-17 15:30:19,439 | [CRW_SST] coraltemp_v3.1_20240522.nc is MISSING. Will try to re-download.
2026-01-17 15:30:19,439 | [CRW_SST] coraltemp_v3.1_20240523.nc is MISSING. Will try to re-download.
2026-01-17 15:30:19,439 | [CRW_SST] coraltemp_v3.1_20240524.nc is MISSING. Will try to re-download.
2026-01-17 15:30:19,439 | [CRW_SST] coraltemp_v3.1_20240525.nc is MISSING. Will try to re-download.
2026-01-17 15:30:19,442 | [CRW_SST] coraltemp_v3.1_20240526.nc is MISSING. Will try to re-download.
2026-01-17 15:30:19,442 | [CRW_SST] coraltemp_v3.1_20240527.nc is MISSING. Will try to re-download.
2026-01-17 15:30:19,442 | [CRW_SST] coraltemp_v3.1_20240528.nc is MISSING. Will try to re-download.
2026-01-17 15:30:19,444 | [CRW_SST] coraltemp_v3.1_20240529.nc is MISSING. Will try to re-download.
2026-01-17 15:30:19,444 | [CRW_SST] coraltemp_v3.1_20240530.nc is MISSING. Will try to re-download.
2026-01-17 15:30:19,445 | [CRW_SST] coraltemp_v3.1_20240531.nc is MISSING. Will try to re-download.
2026-01-17 15:30:19,445 | [CRW_SST] coraltemp_v3.1_20240601.nc is MISSING. Will try to re-download.
2026-01-17 15:30:19,445 | [CRW_SST] coraltemp_v3.1_20240602.nc is MISSING. Will try to re-download.
2026-01-17 15:30:19,445 | [CRW_SST] coraltemp_v3.1_20240603.nc is MISSING. Will try to re-download.
2026-01-17 15:30:19,447 | [CRW_SST] coraltemp_v3.1_20240604.nc is MISSING. Will try to re-download.
2026-01-17 15:30:19,447 | [CRW_SST] coraltemp_v3.1_20240605.nc is MISSING. Will try to re-download.
2026-01-17 15:30:19,447 | [CRW_SST] coraltemp_v3.1_20240606.nc is MISSING. Will try to re-download.
2026-01-17 15:30:19,449 | [CRW_SST] coraltemp_v3.1_20240607.nc is MISSING. Will try to re-download.
2026-01-17 15:30:19,449 | [CRW_SST] coraltemp_v3.1_20240608.nc is MISSING. Will try to re-download.
2026-01-17 15:30:19,450 | [CRW_SST] coraltemp_v3.1_20240609.nc is MISSING. Will try to re-download.
2026-01-17 15:30:19,450 | [CRW_SST] coraltemp_v3.1_20240610.nc is MISSING. Will try to re-download.
2026-01-17 15:30:19,450 | [CRW_SST] coraltemp_v3.1_20240612.nc is MISSING. Will try to re-download.
2026-01-17 15:30:19,450 | [CRW_SST] coraltemp_v3.1_20240613.nc is MISSING. Will try to re-download.
2026-01-17 15:30:19,450 | [CRW_SST] coraltemp_v3.1_20240614.nc is MISSING. Will try to re-download.
2026-01-17 15:30:19,450 | [CRW_SST] coraltemp_v3.1_20240615.nc is MISSING. Will try to re-download.
2026-01-17 15:30:19,450 | [CRW_SST] coraltemp_v3.1_20240616.nc is MISSING. Will try to re-download.
2026-01-17 15:30:19,453 | [CRW_SST] coraltemp_v3.1_20240617.nc is MISSING. Will try to re-download.
2026-01-17 15:30:19,453 | [CRW_SST] coraltemp_v3.1_20240618.nc is MISSING. Will try to re-download.
2026-01-17 15:30:19,453 | [CRW_SST] coraltemp_v3.1_20240619.nc is MISSING. Will try to re-download.
2026-01-17 15:30:19,453 | [CRW_SST] coraltemp_v3.1_20240620.nc is MISSING. Will try to re-download.
2026-01-17 15:30:19,453 | [CRW_SST] coraltemp_v3.1_20240621.nc is MISSING. Will try to re-download.
2026-01-17 15:30:19,453 | [CRW_SST] coraltemp_v3.1_20240622.nc is MISSING. Will try to re-download.
2026-01-17 15:30:19,453 | [CRW_SST] coraltemp_v3.1_20240623.nc is MISSING. Will try to re-download.
2026-01-17 15:30:19,453 | [CRW_SST] coraltemp_v3.1_20240624.nc is MISSING. Will try to re-download.
2026-01-17 15:30:19,453 | [CRW_SST] coraltemp_v3.1_20240625.nc is MISSING. Will try to re-download.
2026-01-17 15:30:19,453 | [CRW_SST] coraltemp_v3.1_20240626.nc is MISSING. Will try to re-download.
2026-01-17 15:30:19,453 | [CRW_SST] coraltemp_v3.1_20240627.nc is MISSING. Will try to re-download.
2026-01-17 15:30:19,459 | [CRW_SST] coraltemp_v3.1_20240628.nc is MISSING. Will try to re-download.
2026-01-17 15:30:19,459 | [CRW_SST] coraltemp_v3.1_20240629.nc is MISSING. Will try to re-download.
2026-01-17 15:30:19,460 | [CRW_SST] coraltemp_v3.1_20240630.nc is MISSING. Will try to re-download.
2026-01-17 15:30:19,460 | [CRW_SST] coraltemp_v3.1_20240701.nc is MISSING. Will try to re-download.
2026-01-17 15:30:19,460 | [CRW_SST] coraltemp_v3.1_20240702.nc is MISSING. Will try to re-download.
2026-01-17 15:30:19,460 | [CRW_SST] coraltemp_v3.1_20240703.nc is MISSING. Will try to re-download.
2026-01-17 15:30:19,460 | [CRW_SST] coraltemp_v3.1_20240704.nc is MISSING. Will try to re-download.
2026-01-17 15:30:19,461 | [CRW_SST] coraltemp_v3.1_20240705.nc is MISSING. Will try to re-download.
2026-01-17 15:30:19,462 | [CRW_SST] coraltemp_v3.1_20240706.nc is MISSING. Will try to re-download.
2026-01-17 15:30:19,462 | [CRW_SST] coraltemp_v3.1_20240707.nc is MISSING. Will try to re-download.
2026-01-17 15:30:19,463 | [CRW_SST] coraltemp_v3.1_20240708.nc is MISSING. Will try to re-download.
2026-01-17 15:30:19,463 | [CRW_SST] coraltemp_v3.1_20240709.nc is MISSING. Will try to re-download.
2026-01-17 15:30:19,464 | [CRW_SST] coraltemp_v3.1_20240710.nc is MISSING. Will try to re-download.
2026-01-17 15:30:19,464 | [CRW_SST] coraltemp_v3.1_20240712.nc is MISSING. Will try to re-download.
2026-01-17 15:30:19,464 | [CRW_SST] coraltemp_v3.1_20240713.nc is MISSING. Will try to re-download.
2026-01-17 15:30:19,464 | [CRW_SST] coraltemp_v3.1_20240714.nc is MISSING. Will try to re-download.
2026-01-17 15:30:19,464 | [CRW_SST] coraltemp_v3.1_20240715.nc is MISSING. Will try to re-download.
2026-01-17 15:30:19,464 | [CRW_SST] coraltemp_v3.1_20240716.nc is MISSING. Will try to re-download.
2026-01-17 15:30:19,464 | [CRW_SST] coraltemp_v3.1_20240717.nc is MISSING. Will try to re-download.
2026-01-17 15:30:19,468 | [CRW_SST] coraltemp_v3.1_20240718.nc is MISSING. Will try to re-download.
2026-01-17 15:30:19,468 | [CRW_SST] coraltemp_v3.1_20240719.nc is MISSING. Will try to re-download.
2026-01-17 15:30:19,468 | [CRW_SST] coraltemp_v3.1_20240720.nc is MISSING. Will try to re-download.
2026-01-17 15:30:19,469 | [CRW_SST] coraltemp_v3.1_20240721.nc is MISSING. Will try to re-download.
2026-01-17 15:30:19,469 | [CRW_SST] coraltemp_v3.1_20240722.nc is MISSING. Will try to re-download.
2026-01-17 15:30:19,469 | [CRW_SST] coraltemp_v3.1_20240723.nc is MISSING. Will try to re-download.
2026-01-17 15:30:19,469 | [CRW_SST] coraltemp_v3.1_20240724.nc is MISSING. Will try to re-download.
2026-01-17 15:30:19,469 | [CRW_SST] coraltemp_v3.1_20240725.nc is MISSING. Will try to re-download.
2026-01-17 15:30:19,469 | [CRW_SST] coraltemp_v3.1_20240726.nc is MISSING. Will try to re-download.
2026-01-17 15:30:19,469 | [CRW_SST] coraltemp_v3.1_20240727.nc is MISSING. Will try to re-download.
2026-01-17 15:30:19,469 | [CRW_SST] coraltemp_v3.1_20240728.nc is MISSING. Will try to re-download.
2026-01-17 15:30:19,469 | [CRW_SST] coraltemp_v3.1_20240729.nc is MISSING. Will try to re-download.
2026-01-17 15:30:19,474 | [CRW_SST] coraltemp_v3.1_20240730.nc is MISSING. Will try to re-download.
2026-01-17 15:30:19,475 | [CRW_SST] coraltemp_v3.1_20240731.nc is MISSING. Will try to re-download.
2026-01-17 15:30:19,475 | [CRW_SST] coraltemp_v3.1_20240801.nc is MISSING. Will try to re-download.
2026-01-17 15:30:19,475 | [CRW_SST] coraltemp_v3.1_20240802.nc is MISSING. Will try to re-download.
2026-01-17 15:30:19,476 | [CRW_SST] coraltemp_v3.1_20240803.nc is MISSING. Will try to re-download.
2026-01-17 15:30:19,476 | [CRW_SST] coraltemp_v3.1_20240804.nc is MISSING. Will try to re-download.
2026-01-17 15:30:19,476 | [CRW_SST] coraltemp_v3.1_20240805.nc is MISSING. Will try to re-download.
2026-01-17 15:30:19,476 | [CRW_SST] coraltemp_v3.1_20240806.nc is MISSING. Will try to re-download.
2026-01-17 15:30:19,478 | [CRW_SST] coraltemp_v3.1_20240807.nc is MISSING. Will try to re-download.
2026-01-17 15:30:19,478 | [CRW_SST] coraltemp_v3.1_20240808.nc is MISSING. Will try to re-download.
2026-01-17 15:30:19,478 | [CRW_SST] coraltemp_v3.1_20240809.nc is MISSING. Will try to re-download.
2026-01-17 15:30:19,478 | [CRW_SST] coraltemp_v3.1_20240810.nc is MISSING. Will try to re-download.
2026-01-17 15:30:19,478 | [CRW_SST] coraltemp_v3.1_20240812.nc is MISSING. Will try to re-download.
2026-01-17 15:30:19,478 | [CRW_SST] coraltemp_v3.1_20240813.nc is MISSING. Will try to re-download.
2026-01-17 15:30:19,480 | [CRW_SST] coraltemp_v3.1_20240814.nc is MISSING. Will try to re-download.
2026-01-17 15:30:19,480 | [CRW_SST] coraltemp_v3.1_20240815.nc is MISSING. Will try to re-download.
2026-01-17 15:30:19,480 | [CRW_SST] coraltemp_v3.1_20240816.nc is MISSING. Will try to re-download.
2026-01-17 15:30:19,481 | [CRW_SST] coraltemp_v3.1_20240817.nc is MISSING. Will try to re-download.
2026-01-17 15:30:19,481 | [CRW_SST] coraltemp_v3.1_20240818.nc is MISSING. Will try to re-download.
2026-01-17 15:30:19,482 | [CRW_SST] coraltemp_v3.1_20240819.nc is MISSING. Will try to re-download.
2026-01-17 15:30:19,482 | [CRW_SST] coraltemp_v3.1_20240820.nc is MISSING. Will try to re-download.
2026-01-17 15:30:19,482 | [CRW_SST] coraltemp_v3.1_20240821.nc is MISSING. Will try to re-download.
2026-01-17 15:30:19,482 | [CRW_SST] coraltemp_v3.1_20240822.nc is MISSING. Will try to re-download.
2026-01-17 15:30:19,483 | [CRW_SST] coraltemp_v3.1_20240823.nc is MISSING. Will try to re-download.
2026-01-17 15:30:19,484 | [CRW_SST] coraltemp_v3.1_20240824.nc is MISSING. Will try to re-download.
2026-01-17 15:30:19,484 | [CRW_SST] coraltemp_v3.1_20240825.nc is MISSING. Will try to re-download.
2026-01-17 15:30:19,484 | [CRW_SST] coraltemp_v3.1_20240826.nc is MISSING. Will try to re-download.
2026-01-17 15:30:19,484 | [CRW_SST] coraltemp_v3.1_20240827.nc is MISSING. Will try to re-download.
2026-01-17 15:30:19,484 | [CRW_SST] coraltemp_v3.1_20240828.nc is MISSING. Will try to re-download.
2026-01-17 15:30:19,486 | [CRW_SST] coraltemp_v3.1_20240829.nc is MISSING. Will try to re-download.
2026-01-17 15:30:19,487 | [CRW_SST] coraltemp_v3.1_20240830.nc is MISSING. Will try to re-download.
2026-01-17 15:30:19,488 | [CRW_SST] coraltemp_v3.1_20240831.nc is MISSING. Will try to re-download.
2026-01-17 15:30:19,489 | [CRW_SST] coraltemp_v3.1_20240901.nc is MISSING. Will try to re-download.
2026-01-17 15:30:19,489 | [CRW_SST] coraltemp_v3.1_20240902.nc is MISSING. Will try to re-download.
2026-01-17 15:30:19,489 | [CRW_SST] coraltemp_v3.1_20240903.nc is MISSING. Will try to re-download.
2026-01-17 15:30:19,489 | [CRW_SST] coraltemp_v3.1_20240904.nc is MISSING. Will try to re-download.
2026-01-17 15:30:19,491 | [CRW_SST] coraltemp_v3.1_20240905.nc is MISSING. Will try to re-download.
2026-01-17 15:30:19,492 | [CRW_SST] coraltemp_v3.1_20240906.nc is MISSING. Will try to re-download.
2026-01-17 15:30:19,492 | [CRW_SST] coraltemp_v3.1_20240907.nc is MISSING. Will try to re-download.
2026-01-17 15:30:19,492 | [CRW_SST] coraltemp_v3.1_20240908.nc is MISSING. Will try to re-download.
2026-01-17 15:30:19,492 | [CRW_SST] coraltemp_v3.1_20240909.nc is MISSING. Will try to re-download.
2026-01-17 15:30:19,492 | [CRW_SST] coraltemp_v3.1_20240910.nc is MISSING. Will try to re-download.
2026-01-17 15:30:19,492 | [CRW_SST] coraltemp_v3.1_20240912.nc is MISSING. Will try to re-download.
2026-01-17 15:30:19,492 | [CRW_SST] coraltemp_v3.1_20240913.nc is MISSING. Will try to re-download.
2026-01-17 15:30:19,492 | [CRW_SST] coraltemp_v3.1_20240914.nc is MISSING. Will try to re-download.
2026-01-17 15:30:19,492 | [CRW_SST] coraltemp_v3.1_20240915.nc is MISSING. Will try to re-download.
2026-01-17 15:30:19,497 | [CRW_SST] coraltemp_v3.1_20240916.nc is MISSING. Will try to re-download.
2026-01-17 15:30:19,497 | [CRW_SST] coraltemp_v3.1_20240917.nc is MISSING. Will try to re-download.
2026-01-17 15:30:19,497 | [CRW_SST] coraltemp_v3.1_20240918.nc is MISSING. Will try to re-download.
2026-01-17 15:30:19,497 | [CRW_SST] coraltemp_v3.1_20240919.nc is MISSING. Will try to re-download.
2026-01-17 15:30:19,504 | [CRW_SST] coraltemp_v3.1_20240920.nc is MISSING. Will try to re-download.
2026-01-17 15:30:19,504 | [CRW_SST] coraltemp_v3.1_20240921.nc is MISSING. Will try to re-download.
2026-01-17 15:30:19,504 | [CRW_SST] coraltemp_v3.1_20240922.nc is MISSING. Will try to re-download.
2026-01-17 15:30:19,504 | [CRW_SST] coraltemp_v3.1_20240923.nc is MISSING. Will try to re-download.
2026-01-17 15:30:19,504 | [CRW_SST] coraltemp_v3.1_20240924.nc is MISSING. Will try to re-download.
2026-01-17 15:30:19,504 | [CRW_SST] coraltemp_v3.1_20240925.nc is MISSING. Will try to re-download.
2026-01-17 15:30:19,504 | [CRW_SST] coraltemp_v3.1_20240926.nc is MISSING. Will try to re-download.
2026-01-17 15:30:19,507 | [CRW_SST] coraltemp_v3.1_20240927.nc is MISSING. Will try to re-download.
2026-01-17 15:30:19,507 | [CRW_SST] coraltemp_v3.1_20240928.nc is MISSING. Will try to re-download.
2026-01-17 15:30:19,507 | [CRW_SST] coraltemp_v3.1_20240929.nc is MISSING. Will try to re-download.
2026-01-17 15:30:19,509 | [CRW_SST] coraltemp_v3.1_20240930.nc is MISSING. Will try to re-download.
2026-01-17 15:30:19,509 | [CRW_SST] coraltemp_v3.1_20241001.nc is MISSING. Will try to re-download.
2026-01-17 15:30:19,510 | [CRW_SST] coraltemp_v3.1_20241002.nc is MISSING. Will try to re-download.
2026-01-17 15:30:19,510 | [CRW_SST] coraltemp_v3.1_20241003.nc is MISSING. Will try to re-download.
2026-01-17 15:30:19,510 | [CRW_SST] coraltemp_v3.1_20241004.nc is MISSING. Will try to re-download.
2026-01-17 15:30:19,510 | [CRW_SST] coraltemp_v3.1_20241005.nc is MISSING. Will try to re-download.
2026-01-17 15:30:19,512 | [CRW_SST] coraltemp_v3.1_20241006.nc is MISSING. Will try to re-download.
2026-01-17 15:30:19,512 | [CRW_SST] coraltemp_v3.1_20241007.nc is MISSING. Will try to re-download.
2026-01-17 15:30:19,512 | [CRW_SST] coraltemp_v3.1_20241008.nc is MISSING. Will try to re-download.
2026-01-17 15:30:19,513 | [CRW_SST] coraltemp_v3.1_20241009.nc is MISSING. Will try to re-download.
2026-01-17 15:30:19,514 | [CRW_SST] coraltemp_v3.1_20241010.nc is MISSING. Will try to re-download.
2026-01-17 15:30:19,514 | [CRW_SST] coraltemp_v3.1_20241012.nc is MISSING. Will try to re-download.
2026-01-17 15:30:19,514 | [CRW_SST] coraltemp_v3.1_20241013.nc is MISSING. Will try to re-download.
2026-01-17 15:30:19,516 | [CRW_SST] coraltemp_v3.1_20241014.nc is MISSING. Will try to re-download.
2026-01-17 15:30:19,516 | [CRW_SST] coraltemp_v3.1_20241015.nc is MISSING. Will try to re-download.
2026-01-17 15:30:19,516 | [CRW_SST] coraltemp_v3.1_20241016.nc is MISSING. Will try to re-download.
2026-01-17 15:30:19,516 | [CRW_SST] coraltemp_v3.1_20241017.nc is MISSING. Will try to re-download.
2026-01-17 15:30:19,517 | [CRW_SST] coraltemp_v3.1_20241018.nc is MISSING. Will try to re-download.
2026-01-17 15:30:19,517 | [CRW_SST] coraltemp_v3.1_20241019.nc is MISSING. Will try to re-download.
2026-01-17 15:30:19,519 | [CRW_SST] coraltemp_v3.1_20241020.nc is MISSING. Will try to re-download.
2026-01-17 15:30:19,519 | [CRW_SST] coraltemp_v3.1_20241021.nc is MISSING. Will try to re-download.
2026-01-17 15:30:19,519 | [CRW_SST] coraltemp_v3.1_20241022.nc is MISSING. Will try to re-download.
2026-01-17 15:30:19,519 | [CRW_SST] coraltemp_v3.1_20241023.nc is MISSING. Will try to re-download.
2026-01-17 15:30:19,519 | [CRW_SST] coraltemp_v3.1_20241024.nc is MISSING. Will try to re-download.
2026-01-17 15:30:19,519 | [CRW_SST] coraltemp_v3.1_20241025.nc is MISSING. Will try to re-download.
2026-01-17 15:30:19,519 | [CRW_SST] coraltemp_v3.1_20241026.nc is MISSING. Will try to re-download.
2026-01-17 15:30:19,519 | [CRW_SST] coraltemp_v3.1_20241027.nc is MISSING. Will try to re-download.
2026-01-17 15:30:19,519 | [CRW_SST] coraltemp_v3.1_20241028.nc is MISSING. Will try to re-download.
2026-01-17 15:30:19,519 | [CRW_SST] coraltemp_v3.1_20241029.nc is MISSING. Will try to re-download.
2026-01-17 15:30:19,524 | [CRW_SST] coraltemp_v3.1_20241030.nc is MISSING. Will try to re-download.
2026-01-17 15:30:19,526 | [CRW_SST] coraltemp_v3.1_20241031.nc is MISSING. Will try to re-download.
2026-01-17 15:30:19,526 | [CRW_SST] coraltemp_v3.1_20241201.nc is MISSING. Will try to re-download.
2026-01-17 15:30:19,527 | [CRW_SST] coraltemp_v3.1_20241202.nc is MISSING. Will try to re-download.
2026-01-17 15:30:19,527 | [CRW_SST] coraltemp_v3.1_20241203.nc is MISSING. Will try to re-download.
2026-01-17 15:30:19,527 | [CRW_SST] coraltemp_v3.1_20241204.nc is MISSING. Will try to re-download.
2026-01-17 15:30:19,527 | [CRW_SST] coraltemp_v3.1_20241205.nc is MISSING. Will try to re-download.
2026-01-17 15:30:19,527 | [CRW_SST] coraltemp_v3.1_20241206.nc is MISSING. Will try to re-download.
2026-01-17 15:30:19,527 | [CRW_SST] coraltemp_v3.1_20241207.nc is MISSING. Will try to re-download.
2026-01-17 15:30:19,527 | [CRW_SST] coraltemp_v3.1_20241208.nc is MISSING. Will try to re-download.
2026-01-17 15:30:19,527 | [CRW_SST] coraltemp_v3.1_20241209.nc is MISSING. Will try to re-download.
2026-01-17 15:30:19,527 | [CRW_SST] coraltemp_v3.1_20241210.nc is MISSING. Will try to re-download.
2026-01-17 15:30:19,531 | [CRW_SST] coraltemp_v3.1_20241212.nc is MISSING. Will try to re-download.
2026-01-17 15:30:19,532 | [CRW_SST] coraltemp_v3.1_20241213.nc is MISSING. Will try to re-download.
2026-01-17 15:30:19,532 | [CRW_SST] coraltemp_v3.1_20241214.nc is MISSING. Will try to re-download.
2026-01-17 15:30:19,532 | [CRW_SST] coraltemp_v3.1_20241215.nc is MISSING. Will try to re-download.
2026-01-17 15:30:19,532 | [CRW_SST] coraltemp_v3.1_20241216.nc is MISSING. Will try to re-download.
2026-01-17 15:30:19,533 | [CRW_SST] coraltemp_v3.1_20241217.nc is MISSING. Will try to re-download.
2026-01-17 15:30:19,534 | [CRW_SST] coraltemp_v3.1_20241218.nc is MISSING. Will try to re-download.
2026-01-17 15:30:19,534 | [CRW_SST] coraltemp_v3.1_20241219.nc is MISSING. Will try to re-download.
2026-01-17 15:30:19,534 | [CRW_SST] coraltemp_v3.1_20241220.nc is MISSING. Will try to re-download.
2026-01-17 15:30:19,536 | [CRW_SST] coraltemp_v3.1_20241221.nc is MISSING. Will try to re-download.
2026-01-17 15:30:19,536 | [CRW_SST] coraltemp_v3.1_20241222.nc is MISSING. Will try to re-download.
2026-01-17 15:30:19,537 | [CRW_SST] coraltemp_v3.1_20241223.nc is MISSING. Will try to re-download.
2026-01-17 15:30:19,538 | [CRW_SST] coraltemp_v3.1_20241224.nc is MISSING. Will try to re-download.
2026-01-17 15:30:19,538 | [CRW_SST] coraltemp_v3.1_20241225.nc is MISSING. Will try to re-download.
2026-01-17 15:30:19,539 | [CRW_SST] coraltemp_v3.1_20241226.nc is MISSING. Will try to re-download.
2026-01-17 15:30:19,539 | [CRW_SST] coraltemp_v3.1_20241227.nc is MISSING. Will try to re-download.
2026-01-17 15:30:19,541 | [CRW_SST] coraltemp_v3.1_20241228.nc is MISSING. Will try to re-download.
2026-01-17 15:30:19,541 | [CRW_SST] coraltemp_v3.1_20241229.nc is MISSING. Will try to re-download.
2026-01-17 15:30:19,542 | [CRW_SST] coraltemp_v3.1_20241230.nc is MISSING. Will try to re-download.
2026-01-17 15:30:19,542 | [CRW_SST] coraltemp_v3.1_20241231.nc is MISSING. Will try to re-download.
2026-01-17 15:30:19,542 | [CRW_SST] coraltemp_v3.1_20250101.nc is MISSING. Will try to re-download.
2026-01-17 15:30:19,542 | [CRW_SST] coraltemp_v3.1_20250102.nc is MISSING. Will try to re-download.
2026-01-17 15:30:19,542 | [CRW_SST] coraltemp_v3.1_20250103.nc is MISSING. Will try to re-download.
2026-01-17 15:30:19,542 | [CRW_SST] coraltemp_v3.1_20250104.nc is MISSING. Will try to re-download.
2026-01-17 15:30:19,542 | [CRW_SST] coraltemp_v3.1_20250105.nc is MISSING. Will try to re-download.
2026-01-17 15:30:19,542 | [CRW_SST] coraltemp_v3.1_20250106.nc is MISSING. Will try to re-download.
2026-01-17 15:30:19,542 | [CRW_SST] coraltemp_v3.1_20250107.nc is MISSING. Will try to re-download.
2026-01-17 15:30:19,542 | [CRW_SST] coraltemp_v3.1_20250108.nc is MISSING. Will try to re-download.
2026-01-17 15:30:19,542 | [CRW_SST] coraltemp_v3.1_20250109.nc is MISSING. Will try to re-download.
2026-01-17 15:30:19,547 | [CRW_SST] coraltemp_v3.1_20250120.nc is MISSING. Will try to re-download.
2026-01-17 15:30:19,547 | [CRW_SST] coraltemp_v3.1_20250121.nc is MISSING. Will try to re-download.
2026-01-17 15:30:19,547 | [CRW_SST] coraltemp_v3.1_20250122.nc is MISSING. Will try to re-download.
2026-01-17 15:30:19,548 | [CRW_SST] coraltemp_v3.1_20250123.nc is MISSING. Will try to re-download.
2026-01-17 15:30:19,548 | [CRW_SST] coraltemp_v3.1_20250124.nc is MISSING. Will try to re-download.
2026-01-17 15:30:19,548 | [CRW_SST] coraltemp_v3.1_20250125.nc is MISSING. Will try to re-download.
2026-01-17 15:30:19,548 | [CRW_SST] coraltemp_v3.1_20250126.nc is MISSING. Will try to re-download.
2026-01-17 15:30:19,550 | [CRW_SST] coraltemp_v3.1_20250127.nc is MISSING. Will try to re-download.
2026-01-17 15:30:19,550 | [CRW_SST] coraltemp_v3.1_20250128.nc is MISSING. Will try to re-download.
2026-01-17 15:30:19,550 | [CRW_SST] coraltemp_v3.1_20250129.nc is MISSING. Will try to re-download.
2026-01-17 15:30:19,550 | [CRW_SST] coraltemp_v3.1_20250130.nc is MISSING. Will try to re-download.
2026-01-17 15:30:19,550 | [CRW_SST] coraltemp_v3.1_20250131.nc is MISSING. Will try to re-download.
2026-01-17 15:30:19,550 | [CRW_SST] coraltemp_v3.1_20250201.nc is MISSING. Will try to re-download.
2026-01-17 15:30:19,553 | [CRW_SST] coraltemp_v3.1_20250202.nc is MISSING. Will try to re-download.
2026-01-17 15:30:19,553 | [CRW_SST] coraltemp_v3.1_20250203.nc is MISSING. Will try to re-download.
2026-01-17 15:30:19,553 | [CRW_SST] coraltemp_v3.1_20250204.nc is MISSING. Will try to re-download.
2026-01-17 15:30:19,553 | [CRW_SST] coraltemp_v3.1_20250205.nc is MISSING. Will try to re-download.
2026-01-17 15:30:19,553 | [CRW_SST] coraltemp_v3.1_20250206.nc is MISSING. Will try to re-download.
2026-01-17 15:30:19,553 | [CRW_SST] coraltemp_v3.1_20250207.nc is MISSING. Will try to re-download.
2026-01-17 15:30:19,553 | [CRW_SST] coraltemp_v3.1_20250208.nc is MISSING. Will try to re-download.
2026-01-17 15:30:19,553 | [CRW_SST] coraltemp_v3.1_20250209.nc is MISSING. Will try to re-download.
2026-01-17 15:30:19,557 | [CRW_SST] coraltemp_v3.1_20250210.nc is MISSING. Will try to re-download.
2026-01-17 15:30:19,558 | [CRW_SST] coraltemp_v3.1_20250212.nc is MISSING. Will try to re-download.
2026-01-17 15:30:19,558 | [CRW_SST] coraltemp_v3.1_20250213.nc is MISSING. Will try to re-download.
2026-01-17 15:30:19,559 | [CRW_SST] coraltemp_v3.1_20250214.nc is MISSING. Will try to re-download.
2026-01-17 15:30:19,559 | [CRW_SST] coraltemp_v3.1_20250215.nc is MISSING. Will try to re-download.
2026-01-17 15:30:19,560 | [CRW_SST] coraltemp_v3.1_20250216.nc is MISSING. Will try to re-download.
2026-01-17 15:30:19,560 | [CRW_SST] coraltemp_v3.1_20250217.nc is MISSING. Will try to re-download.
2026-01-17 15:30:19,560 | [CRW_SST] coraltemp_v3.1_20250218.nc is MISSING. Will try to re-download.
2026-01-17 15:30:19,562 | [CRW_SST] coraltemp_v3.1_20250219.nc is MISSING. Will try to re-download.
2026-01-17 15:30:19,562 | [CRW_SST] coraltemp_v3.1_20250220.nc is MISSING. Will try to re-download.
2026-01-17 15:30:19,562 | [CRW_SST] coraltemp_v3.1_20250221.nc is MISSING. Will try to re-download.
2026-01-17 15:30:19,563 | [CRW_SST] coraltemp_v3.1_20250222.nc is MISSING. Will try to re-download.
2026-01-17 15:30:19,563 | [CRW_SST] coraltemp_v3.1_20250223.nc is MISSING. Will try to re-download.
2026-01-17 15:30:19,564 | [CRW_SST] coraltemp_v3.1_20250224.nc is MISSING. Will try to re-download.
2026-01-17 15:30:19,565 | [CRW_SST] coraltemp_v3.1_20250225.nc is MISSING. Will try to re-download.
2026-01-17 15:30:19,565 | [CRW_SST] coraltemp_v3.1_20250226.nc is MISSING. Will try to re-download.
2026-01-17 15:30:19,565 | [CRW_SST] coraltemp_v3.1_20250227.nc is MISSING. Will try to re-download.
2026-01-17 15:30:19,565 | [CRW_SST] coraltemp_v3.1_20250228.nc is MISSING. Will try to re-download.
2026-01-17 15:30:19,565 | [CRW_SST] coraltemp_v3.1_20250301.nc is MISSING. Will try to re-download.
2026-01-17 15:30:19,565 | [CRW_SST] coraltemp_v3.1_20250302.nc is MISSING. Will try to re-download.
2026-01-17 15:30:19,568 | [CRW_SST] coraltemp_v3.1_20250303.nc is MISSING. Will try to re-download.
2026-01-17 15:30:19,568 | [CRW_SST] coraltemp_v3.1_20250304.nc is MISSING. Will try to re-download.
2026-01-17 15:30:19,568 | [CRW_SST] coraltemp_v3.1_20250305.nc is MISSING. Will try to re-download.
2026-01-17 15:30:19,569 | [CRW_SST] coraltemp_v3.1_20250306.nc is MISSING. Will try to re-download.
2026-01-17 15:30:19,569 | [CRW_SST] coraltemp_v3.1_20250307.nc is MISSING. Will try to re-download.
2026-01-17 15:30:19,569 | [CRW_SST] coraltemp_v3.1_20250308.nc is MISSING. Will try to re-download.
2026-01-17 15:30:19,569 | [CRW_SST] coraltemp_v3.1_20250309.nc is MISSING. Will try to re-download.
2026-01-17 15:30:19,569 | [CRW_SST] coraltemp_v3.1_20250310.nc is MISSING. Will try to re-download.
2026-01-17 15:30:19,572 | [CRW_SST] coraltemp_v3.1_20250312.nc is MISSING. Will try to re-download.
2026-01-17 15:30:19,572 | [CRW_SST] coraltemp_v3.1_20250313.nc is MISSING. Will try to re-download.
2026-01-17 15:30:19,572 | [CRW_SST] coraltemp_v3.1_20250314.nc is MISSING. Will try to re-download.
2026-01-17 15:30:19,574 | [CRW_SST] coraltemp_v3.1_20250315.nc is MISSING. Will try to re-download.
2026-01-17 15:30:19,574 | [CRW_SST] coraltemp_v3.1_20250316.nc is MISSING. Will try to re-download.
2026-01-17 15:30:19,574 | [CRW_SST] coraltemp_v3.1_20250317.nc is MISSING. Will try to re-download.
2026-01-17 15:30:19,574 | [CRW_SST] coraltemp_v3.1_20250318.nc is MISSING. Will try to re-download.
2026-01-17 15:30:19,575 | [CRW_SST] coraltemp_v3.1_20250319.nc is MISSING. Will try to re-download.
2026-01-17 15:30:19,575 | [CRW_SST] coraltemp_v3.1_20250320.nc is MISSING. Will try to re-download.
2026-01-17 15:30:19,575 | [CRW_SST] coraltemp_v3.1_20250321.nc is MISSING. Will try to re-download.
2026-01-17 15:30:19,575 | [CRW_SST] coraltemp_v3.1_20250322.nc is MISSING. Will try to re-download.
2026-01-17 15:30:19,577 | [CRW_SST] coraltemp_v3.1_20250323.nc is MISSING. Will try to re-download.
2026-01-17 15:30:19,577 | [CRW_SST] coraltemp_v3.1_20250324.nc is MISSING. Will try to re-download.
2026-01-17 15:30:19,578 | [CRW_SST] coraltemp_v3.1_20250325.nc is MISSING. Will try to re-download.
2026-01-17 15:30:19,578 | [CRW_SST] coraltemp_v3.1_20250326.nc is MISSING. Will try to re-download.
2026-01-17 15:30:19,578 | [CRW_SST] coraltemp_v3.1_20250327.nc is MISSING. Will try to re-download.
2026-01-17 15:30:19,578 | [CRW_SST] coraltemp_v3.1_20250328.nc is MISSING. Will try to re-download.
2026-01-17 15:30:19,578 | [CRW_SST] coraltemp_v3.1_20250329.nc is MISSING. Will try to re-download.
2026-01-17 15:30:19,581 | [CRW_SST] coraltemp_v3.1_20250330.nc is MISSING. Will try to re-download.
2026-01-17 15:30:19,581 | [CRW_SST] coraltemp_v3.1_20250331.nc is MISSING. Will try to re-download.
2026-01-17 15:30:19,581 | [CRW_SST] coraltemp_v3.1_20250401.nc is MISSING. Will try to re-download.
2026-01-17 15:30:19,582 | [CRW_SST] coraltemp_v3.1_20250402.nc is MISSING. Will try to re-download.
2026-01-17 15:30:19,582 | [CRW_SST] coraltemp_v3.1_20250403.nc is MISSING. Will try to re-download.
2026-01-17 15:30:19,582 | [CRW_SST] coraltemp_v3.1_20250404.nc is MISSING. Will try to re-download.
2026-01-17 15:30:19,584 | [CRW_SST] coraltemp_v3.1_20250405.nc is MISSING. Will try to re-download.
2026-01-17 15:30:19,584 | [CRW_SST] coraltemp_v3.1_20250406.nc is MISSING. Will try to re-download.
2026-01-17 15:30:19,585 | [CRW_SST] coraltemp_v3.1_20250407.nc is MISSING. Will try to re-download.
2026-01-17 15:30:19,585 | [CRW_SST] coraltemp_v3.1_20250408.nc is MISSING. Will try to re-download.
2026-01-17 15:30:19,585 | [CRW_SST] coraltemp_v3.1_20250409.nc is MISSING. Will try to re-download.
2026-01-17 15:30:19,586 | [CRW_SST] coraltemp_v3.1_20250410.nc is MISSING. Will try to re-download.
2026-01-17 15:30:19,586 | [CRW_SST] coraltemp_v3.1_20250412.nc is MISSING. Will try to re-download.
2026-01-17 15:30:19,587 | [CRW_SST] coraltemp_v3.1_20250413.nc is MISSING. Will try to re-download.
2026-01-17 15:30:19,588 | [CRW_SST] coraltemp_v3.1_20250414.nc is MISSING. Will try to re-download.
2026-01-17 15:30:19,589 | [CRW_SST] coraltemp_v3.1_20250415.nc is MISSING. Will try to re-download.
2026-01-17 15:30:19,589 | [CRW_SST] coraltemp_v3.1_20250416.nc is MISSING. Will try to re-download.
2026-01-17 15:30:19,589 | [CRW_SST] coraltemp_v3.1_20250417.nc is MISSING. Will try to re-download.
2026-01-17 15:30:19,589 | [CRW_SST] coraltemp_v3.1_20250418.nc is MISSING. Will try to re-download.
2026-01-17 15:30:19,589 | [CRW_SST] coraltemp_v3.1_20250419.nc is MISSING. Will try to re-download.
2026-01-17 15:30:19,589 | [CRW_SST] coraltemp_v3.1_20250420.nc is MISSING. Will try to re-download.
2026-01-17 15:30:19,589 | [CRW_SST] coraltemp_v3.1_20250421.nc is MISSING. Will try to re-download.
2026-01-17 15:30:19,589 | [CRW_SST] coraltemp_v3.1_20250422.nc is MISSING. Will try to re-download.
2026-01-17 15:30:19,589 | [CRW_SST] coraltemp_v3.1_20250423.nc is MISSING. Will try to re-download.
2026-01-17 15:30:19,589 | [CRW_SST] coraltemp_v3.1_20250424.nc is MISSING. Will try to re-download.
2026-01-17 15:30:19,589 | [CRW_SST] coraltemp_v3.1_20250425.nc is MISSING. Will try to re-download.
2026-01-17 15:30:19,589 | [CRW_SST] coraltemp_v3.1_20250426.nc is MISSING. Will try to re-download.
2026-01-17 15:30:19,589 | [CRW_SST] coraltemp_v3.1_20250427.nc is MISSING. Will try to re-download.
2026-01-17 15:30:19,589 | [CRW_SST] coraltemp_v3.1_20250428.nc is MISSING. Will try to re-download.
2026-01-17 15:30:19,589 | [CRW_SST] coraltemp_v3.1_19850110.nc is MISSING. Will try to re-download.
2026-01-17 15:30:19,589 | [CRW_SST] coraltemp_v3.1_19850111.nc is MISSING. Will try to re-download.
2026-01-17 15:30:19,589 | [CRW_SST] coraltemp_v3.1_19850112.nc is MISSING. Will try to re-download.
2026-01-17 15:30:19,589 | [CRW_SST] coraltemp_v3.1_19850113.nc is MISSING. Will try to re-download.
2026-01-17 15:30:19,597 | [CRW_SST] coraltemp_v3.1_19850114.nc is MISSING. Will try to re-download.
2026-01-17 15:30:19,597 | [CRW_SST] coraltemp_v3.1_19850115.nc is MISSING. Will try to re-download.
2026-01-17 15:30:19,597 | [CRW_SST] coraltemp_v3.1_19850116.nc is MISSING. Will try to re-download.
2026-01-17 15:30:19,597 | [CRW_SST] coraltemp_v3.1_19850117.nc is MISSING. Will try to re-download.
2026-01-17 15:30:19,599 | [CRW_SST] coraltemp_v3.1_19850118.nc is MISSING. Will try to re-download.
2026-01-17 15:30:19,599 | [CRW_SST] coraltemp_v3.1_19850119.nc is MISSING. Will try to re-download.
2026-01-17 15:30:19,600 | [CRW_SST] coraltemp_v3.1_19850211.nc is MISSING. Will try to re-download.
2026-01-17 15:30:19,600 | [CRW_SST] coraltemp_v3.1_19850311.nc is MISSING. Will try to re-download.
2026-01-17 15:30:19,600 | [CRW_SST] coraltemp_v3.1_19850411.nc is MISSING. Will try to re-download.
2026-01-17 15:30:19,600 | [CRW_SST] coraltemp_v3.1_19850511.nc is MISSING. Will try to re-download.
2026-01-17 15:30:19,600 | [CRW_SST] coraltemp_v3.1_19850611.nc is MISSING. Will try to re-download.
2026-01-17 15:30:19,600 | [CRW_SST] coraltemp_v3.1_19850711.nc is MISSING. Will try to re-download.
2026-01-17 15:30:19,603 | [CRW_SST] coraltemp_v3.1_19850811.nc is MISSING. Will try to re-download.
2026-01-17 15:30:19,603 | [CRW_SST] coraltemp_v3.1_19850911.nc is MISSING. Will try to re-download.
2026-01-17 15:30:19,603 | [CRW_SST] coraltemp_v3.1_19851011.nc is MISSING. Will try to re-download.
2026-01-17 15:30:19,603 | [CRW_SST] coraltemp_v3.1_19851101.nc is MISSING. Will try to re-download.
2026-01-17 15:30:19,603 | [CRW_SST] coraltemp_v3.1_19851102.nc is MISSING. Will try to re-download.
2026-01-17 15:30:19,603 | [CRW_SST] coraltemp_v3.1_19851103.nc is MISSING. Will try to re-download.
2026-01-17 15:30:19,603 | [CRW_SST] coraltemp_v3.1_19851104.nc is MISSING. Will try to re-download.
2026-01-17 15:30:19,608 | [CRW_SST] coraltemp_v3.1_19851105.nc is MISSING. Will try to re-download.
2026-01-17 15:30:19,609 | [CRW_SST] coraltemp_v3.1_19851106.nc is MISSING. Will try to re-download.
2026-01-17 15:30:19,609 | [CRW_SST] coraltemp_v3.1_19851107.nc is MISSING. Will try to re-download.
2026-01-17 15:30:19,610 | [CRW_SST] coraltemp_v3.1_19851108.nc is MISSING. Will try to re-download.
2026-01-17 15:30:19,610 | [CRW_SST] coraltemp_v3.1_19851109.nc is MISSING. Will try to re-download.
2026-01-17 15:30:19,610 | [CRW_SST] coraltemp_v3.1_19851110.nc is MISSING. Will try to re-download.
2026-01-17 15:30:19,610 | [CRW_SST] coraltemp_v3.1_19851111.nc is MISSING. Will try to re-download.
2026-01-17 15:30:19,612 | [CRW_SST] coraltemp_v3.1_19851112.nc is MISSING. Will try to re-download.
2026-01-17 15:30:19,612 | [CRW_SST] coraltemp_v3.1_19851113.nc is MISSING. Will try to re-download.
2026-01-17 15:30:19,613 | [CRW_SST] coraltemp_v3.1_19851114.nc is MISSING. Will try to re-download.
2026-01-17 15:30:19,613 | [CRW_SST] coraltemp_v3.1_19851115.nc is MISSING. Will try to re-download.
2026-01-17 15:30:19,613 | [CRW_SST] coraltemp_v3.1_19851116.nc is MISSING. Will try to re-download.
2026-01-17 15:30:19,615 | [CRW_SST] coraltemp_v3.1_19851117.nc is MISSING. Will try to re-download.
2026-01-17 15:30:19,615 | [CRW_SST] coraltemp_v3.1_19851118.nc is MISSING. Will try to re-download.
2026-01-17 15:30:19,616 | [CRW_SST] coraltemp_v3.1_19851119.nc is MISSING. Will try to re-download.
2026-01-17 15:30:19,616 | [CRW_SST] coraltemp_v3.1_19851120.nc is MISSING. Will try to re-download.
2026-01-17 15:30:19,616 | [CRW_SST] coraltemp_v3.1_19851121.nc is MISSING. Will try to re-download.
2026-01-17 15:30:19,617 | [CRW_SST] coraltemp_v3.1_19851122.nc is MISSING. Will try to re-download.
2026-01-17 15:30:19,617 | [CRW_SST] coraltemp_v3.1_19851123.nc is MISSING. Will try to re-download.
2026-01-17 15:30:19,617 | [CRW_SST] coraltemp_v3.1_19851124.nc is MISSING. Will try to re-download.
2026-01-17 15:30:19,619 | [CRW_SST] coraltemp_v3.1_19851125.nc is MISSING. Will try to re-download.
2026-01-17 15:30:19,620 | [CRW_SST] coraltemp_v3.1_19851126.nc is MISSING. Will try to re-download.
2026-01-17 15:30:19,620 | [CRW_SST] coraltemp_v3.1_19851127.nc is MISSING. Will try to re-download.
2026-01-17 15:30:19,620 | [CRW_SST] coraltemp_v3.1_19851128.nc is MISSING. Will try to re-download.
2026-01-17 15:30:19,620 | [CRW_SST] coraltemp_v3.1_19851129.nc is MISSING. Will try to re-download.
2026-01-17 15:30:19,620 | [CRW_SST] coraltemp_v3.1_19851130.nc is MISSING. Will try to re-download.
2026-01-17 15:30:19,620 | [CRW_SST] coraltemp_v3.1_19851211.nc is MISSING. Will try to re-download.
2026-01-17 15:30:19,620 | [CRW_SST] coraltemp_v3.1_19860110.nc is MISSING. Will try to re-download.
2026-01-17 15:30:19,620 | [CRW_SST] coraltemp_v3.1_19860111.nc is MISSING. Will try to re-download.
2026-01-17 15:30:19,625 | [CRW_SST] coraltemp_v3.1_19860112.nc is MISSING. Will try to re-download.
2026-01-17 15:30:19,626 | [CRW_SST] coraltemp_v3.1_19860113.nc is MISSING. Will try to re-download.
2026-01-17 15:30:19,626 | [CRW_SST] coraltemp_v3.1_19860114.nc is MISSING. Will try to re-download.
2026-01-17 15:30:19,626 | [CRW_SST] coraltemp_v3.1_19860115.nc is MISSING. Will try to re-download.
2026-01-17 15:30:19,627 | [CRW_SST] coraltemp_v3.1_19860116.nc is MISSING. Will try to re-download.
2026-01-17 15:30:19,627 | [CRW_SST] coraltemp_v3.1_19860117.nc is MISSING. Will try to re-download.
2026-01-17 15:30:19,627 | [CRW_SST] coraltemp_v3.1_19860118.nc is MISSING. Will try to re-download.
2026-01-17 15:30:19,627 | [CRW_SST] coraltemp_v3.1_19860119.nc is MISSING. Will try to re-download.
2026-01-17 15:30:19,627 | [CRW_SST] coraltemp_v3.1_19860211.nc is MISSING. Will try to re-download.
2026-01-17 15:30:19,627 | [CRW_SST] coraltemp_v3.1_19860311.nc is MISSING. Will try to re-download.
2026-01-17 15:30:19,631 | [CRW_SST] coraltemp_v3.1_19860411.nc is MISSING. Will try to re-download.
2026-01-17 15:30:19,631 | [CRW_SST] coraltemp_v3.1_19860511.nc is MISSING. Will try to re-download.
2026-01-17 15:30:19,632 | [CRW_SST] coraltemp_v3.1_19860611.nc is MISSING. Will try to re-download.
2026-01-17 15:30:19,632 | [CRW_SST] coraltemp_v3.1_19860711.nc is MISSING. Will try to re-download.
2026-01-17 15:30:19,632 | [CRW_SST] coraltemp_v3.1_19860811.nc is MISSING. Will try to re-download.
2026-01-17 15:30:19,634 | [CRW_SST] coraltemp_v3.1_19860911.nc is MISSING. Will try to re-download.
2026-01-17 15:30:19,634 | [CRW_SST] coraltemp_v3.1_19861011.nc is MISSING. Will try to re-download.
2026-01-17 15:30:19,634 | [CRW_SST] coraltemp_v3.1_19861101.nc is MISSING. Will try to re-download.
2026-01-17 15:30:19,634 | [CRW_SST] coraltemp_v3.1_19861102.nc is MISSING. Will try to re-download.
2026-01-17 15:30:19,636 | [CRW_SST] coraltemp_v3.1_19861103.nc is MISSING. Will try to re-download.
2026-01-17 15:30:19,636 | [CRW_SST] coraltemp_v3.1_19861104.nc is MISSING. Will try to re-download.
2026-01-17 15:30:19,636 | [CRW_SST] coraltemp_v3.1_19861105.nc is MISSING. Will try to re-download.
2026-01-17 15:30:19,637 | [CRW_SST] coraltemp_v3.1_19861106.nc is MISSING. Will try to re-download.
2026-01-17 15:30:19,638 | [CRW_SST] coraltemp_v3.1_19861107.nc is MISSING. Will try to re-download.
2026-01-17 15:30:19,638 | [CRW_SST] coraltemp_v3.1_19861108.nc is MISSING. Will try to re-download.
2026-01-17 15:30:19,638 | [CRW_SST] coraltemp_v3.1_19861109.nc is MISSING. Will try to re-download.
2026-01-17 15:30:19,639 | [CRW_SST] coraltemp_v3.1_19861110.nc is MISSING. Will try to re-download.
2026-01-17 15:30:19,639 | [CRW_SST] coraltemp_v3.1_19861111.nc is MISSING. Will try to re-download.
2026-01-17 15:30:19,641 | [CRW_SST] coraltemp_v3.1_19861112.nc is MISSING. Will try to re-download.
2026-01-17 15:30:19,642 | [CRW_SST] coraltemp_v3.1_19861113.nc is MISSING. Will try to re-download.
2026-01-17 15:30:19,642 | [CRW_SST] coraltemp_v3.1_19861114.nc is MISSING. Will try to re-download.
2026-01-17 15:30:19,642 | [CRW_SST] coraltemp_v3.1_19861115.nc is MISSING. Will try to re-download.
2026-01-17 15:30:19,642 | [CRW_SST] coraltemp_v3.1_19861116.nc is MISSING. Will try to re-download.
2026-01-17 15:30:19,642 | [CRW_SST] coraltemp_v3.1_19861117.nc is MISSING. Will try to re-download.
2026-01-17 15:30:19,642 | [CRW_SST] coraltemp_v3.1_19861118.nc is MISSING. Will try to re-download.
2026-01-17 15:30:19,642 | [CRW_SST] coraltemp_v3.1_19861119.nc is MISSING. Will try to re-download.
2026-01-17 15:30:19,642 | [CRW_SST] coraltemp_v3.1_19861120.nc is MISSING. Will try to re-download.
2026-01-17 15:30:19,642 | [CRW_SST] coraltemp_v3.1_19861121.nc is MISSING. Will try to re-download.
2026-01-17 15:30:19,642 | [CRW_SST] coraltemp_v3.1_19861122.nc is MISSING. Will try to re-download.
2026-01-17 15:30:19,642 | [CRW_SST] coraltemp_v3.1_19861123.nc is MISSING. Will try to re-download.
2026-01-17 15:30:19,647 | [CRW_SST] coraltemp_v3.1_19861124.nc is MISSING. Will try to re-download.
2026-01-17 15:30:19,647 | [CRW_SST] coraltemp_v3.1_19861125.nc is MISSING. Will try to re-download.
2026-01-17 15:30:19,647 | [CRW_SST] coraltemp_v3.1_19861126.nc is MISSING. Will try to re-download.
2026-01-17 15:30:19,647 | [CRW_SST] coraltemp_v3.1_19861127.nc is MISSING. Will try to re-download.
2026-01-17 15:30:19,649 | [CRW_SST] coraltemp_v3.1_19861128.nc is MISSING. Will try to re-download.
2026-01-17 15:30:19,649 | [CRW_SST] coraltemp_v3.1_19861129.nc is MISSING. Will try to re-download.
2026-01-17 15:30:19,650 | [CRW_SST] coraltemp_v3.1_19861130.nc is MISSING. Will try to re-download.
2026-01-17 15:30:19,650 | [CRW_SST] coraltemp_v3.1_19861211.nc is MISSING. Will try to re-download.
2026-01-17 15:30:19,650 | [CRW_SST] coraltemp_v3.1_19870110.nc is MISSING. Will try to re-download.
2026-01-17 15:30:19,650 | [CRW_SST] coraltemp_v3.1_19870111.nc is MISSING. Will try to re-download.
2026-01-17 15:30:19,650 | [CRW_SST] coraltemp_v3.1_19870112.nc is MISSING. Will try to re-download.
2026-01-17 15:30:19,650 | [CRW_SST] coraltemp_v3.1_19870113.nc is MISSING. Will try to re-download.
2026-01-17 15:30:19,653 | [CRW_SST] coraltemp_v3.1_19870114.nc is MISSING. Will try to re-download.
2026-01-17 15:30:19,653 | [CRW_SST] coraltemp_v3.1_19870115.nc is MISSING. Will try to re-download.
2026-01-17 15:30:19,653 | [CRW_SST] coraltemp_v3.1_19870116.nc is MISSING. Will try to re-download.
2026-01-17 15:30:19,653 | [CRW_SST] coraltemp_v3.1_19870117.nc is MISSING. Will try to re-download.
2026-01-17 15:30:19,653 | [CRW_SST] coraltemp_v3.1_19870118.nc is MISSING. Will try to re-download.
2026-01-17 15:30:19,653 | [CRW_SST] coraltemp_v3.1_19870119.nc is MISSING. Will try to re-download.
2026-01-17 15:30:19,653 | [CRW_SST] coraltemp_v3.1_19870211.nc is MISSING. Will try to re-download.
2026-01-17 15:30:19,658 | [CRW_SST] coraltemp_v3.1_19870311.nc is MISSING. Will try to re-download.
2026-01-17 15:30:19,659 | [CRW_SST] coraltemp_v3.1_19870411.nc is MISSING. Will try to re-download.
2026-01-17 15:30:19,660 | [CRW_SST] coraltemp_v3.1_19870511.nc is MISSING. Will try to re-download.
2026-01-17 15:30:19,660 | [CRW_SST] coraltemp_v3.1_19870611.nc is MISSING. Will try to re-download.
2026-01-17 15:30:19,660 | [CRW_SST] coraltemp_v3.1_19870711.nc is MISSING. Will try to re-download.
2026-01-17 15:30:19,662 | [CRW_SST] coraltemp_v3.1_19870811.nc is MISSING. Will try to re-download.
2026-01-17 15:30:19,662 | [CRW_SST] coraltemp_v3.1_19870911.nc is MISSING. Will try to re-download.
2026-01-17 15:30:19,663 | [CRW_SST] coraltemp_v3.1_19871011.nc is MISSING. Will try to re-download.
2026-01-17 15:30:19,664 | [CRW_SST] coraltemp_v3.1_19871101.nc is MISSING. Will try to re-download.
2026-01-17 15:30:19,664 | [CRW_SST] coraltemp_v3.1_19871102.nc is MISSING. Will try to re-download.
2026-01-17 15:30:19,664 | [CRW_SST] coraltemp_v3.1_19871103.nc is MISSING. Will try to re-download.
2026-01-17 15:30:19,666 | [CRW_SST] coraltemp_v3.1_19871104.nc is MISSING. Will try to re-download.
2026-01-17 15:30:19,666 | [CRW_SST] coraltemp_v3.1_19871105.nc is MISSING. Will try to re-download.
2026-01-17 15:30:19,666 | [CRW_SST] coraltemp_v3.1_19871106.nc is MISSING. Will try to re-download.
2026-01-17 15:30:19,666 | [CRW_SST] coraltemp_v3.1_19871107.nc is MISSING. Will try to re-download.
2026-01-17 15:30:19,668 | [CRW_SST] coraltemp_v3.1_19871108.nc is MISSING. Will try to re-download.
2026-01-17 15:30:19,668 | [CRW_SST] coraltemp_v3.1_19871109.nc is MISSING. Will try to re-download.
2026-01-17 15:30:19,669 | [CRW_SST] coraltemp_v3.1_19871110.nc is MISSING. Will try to re-download.
2026-01-17 15:30:19,669 | [CRW_SST] coraltemp_v3.1_19871111.nc is MISSING. Will try to re-download.
2026-01-17 15:30:19,669 | [CRW_SST] coraltemp_v3.1_19871112.nc is MISSING. Will try to re-download.
2026-01-17 15:30:19,669 | [CRW_SST] coraltemp_v3.1_19871113.nc is MISSING. Will try to re-download.
2026-01-17 15:30:19,669 | [CRW_SST] coraltemp_v3.1_19871114.nc is MISSING. Will try to re-download.
2026-01-17 15:30:19,669 | [CRW_SST] coraltemp_v3.1_19871115.nc is MISSING. Will try to re-download.
2026-01-17 15:30:19,669 | [CRW_SST] coraltemp_v3.1_19871116.nc is MISSING. Will try to re-download.
2026-01-17 15:30:19,669 | [CRW_SST] coraltemp_v3.1_19871117.nc is MISSING. Will try to re-download.
2026-01-17 15:30:19,669 | [CRW_SST] coraltemp_v3.1_19871118.nc is MISSING. Will try to re-download.
2026-01-17 15:30:19,674 | [CRW_SST] coraltemp_v3.1_19871119.nc is MISSING. Will try to re-download.
2026-01-17 15:30:19,675 | [CRW_SST] coraltemp_v3.1_19871120.nc is MISSING. Will try to re-download.
2026-01-17 15:30:19,675 | [CRW_SST] coraltemp_v3.1_19871121.nc is MISSING. Will try to re-download.
2026-01-17 15:30:19,677 | [CRW_SST] coraltemp_v3.1_19871122.nc is MISSING. Will try to re-download.
2026-01-17 15:30:19,678 | [CRW_SST] coraltemp_v3.1_19871123.nc is MISSING. Will try to re-download.
2026-01-17 15:30:19,678 | [CRW_SST] coraltemp_v3.1_19871124.nc is MISSING. Will try to re-download.
2026-01-17 15:30:19,678 | [CRW_SST] coraltemp_v3.1_19871125.nc is MISSING. Will try to re-download.
2026-01-17 15:30:19,680 | [CRW_SST] coraltemp_v3.1_19871126.nc is MISSING. Will try to re-download.
2026-01-17 15:30:19,680 | [CRW_SST] coraltemp_v3.1_19871127.nc is MISSING. Will try to re-download.
2026-01-17 15:30:19,680 | [CRW_SST] coraltemp_v3.1_19871128.nc is MISSING. Will try to re-download.
2026-01-17 15:30:19,681 | [CRW_SST] coraltemp_v3.1_19871129.nc is MISSING. Will try to re-download.
2026-01-17 15:30:19,681 | [CRW_SST] coraltemp_v3.1_19871130.nc is MISSING. Will try to re-download.
2026-01-17 15:30:19,682 | [CRW_SST] coraltemp_v3.1_19871211.nc is MISSING. Will try to re-download.
2026-01-17 15:30:19,682 | [CRW_SST] coraltemp_v3.1_19880110.nc is MISSING. Will try to re-download.
2026-01-17 15:30:19,682 | [CRW_SST] coraltemp_v3.1_19880111.nc is MISSING. Will try to re-download.
2026-01-17 15:30:19,684 | [CRW_SST] coraltemp_v3.1_19880112.nc is MISSING. Will try to re-download.
2026-01-17 15:30:19,684 | [CRW_SST] coraltemp_v3.1_19880113.nc is MISSING. Will try to re-download.
2026-01-17 15:30:19,684 | [CRW_SST] coraltemp_v3.1_19880114.nc is MISSING. Will try to re-download.
2026-01-17 15:30:19,684 | [CRW_SST] coraltemp_v3.1_19880115.nc is MISSING. Will try to re-download.
2026-01-17 15:30:19,684 | [CRW_SST] coraltemp_v3.1_19880116.nc is MISSING. Will try to re-download.
2026-01-17 15:30:19,686 | [CRW_SST] coraltemp_v3.1_19880117.nc is MISSING. Will try to re-download.
2026-01-17 15:30:19,686 | [CRW_SST] coraltemp_v3.1_19880118.nc is MISSING. Will try to re-download.
2026-01-17 15:30:19,686 | [CRW_SST] coraltemp_v3.1_19880119.nc is MISSING. Will try to re-download.
2026-01-17 15:30:19,687 | [CRW_SST] coraltemp_v3.1_19880211.nc is MISSING. Will try to re-download.
2026-01-17 15:30:19,688 | [CRW_SST] coraltemp_v3.1_19880311.nc is MISSING. Will try to re-download.
2026-01-17 15:30:19,689 | [CRW_SST] coraltemp_v3.1_19880411.nc is MISSING. Will try to re-download.
2026-01-17 15:30:19,689 | [CRW_SST] coraltemp_v3.1_19880511.nc is MISSING. Will try to re-download.
2026-01-17 15:30:19,689 | [CRW_SST] coraltemp_v3.1_19880611.nc is MISSING. Will try to re-download.
2026-01-17 15:30:19,691 | [CRW_SST] coraltemp_v3.1_19880711.nc is MISSING. Will try to re-download.
2026-01-17 15:30:19,691 | [CRW_SST] coraltemp_v3.1_19880811.nc is MISSING. Will try to re-download.
2026-01-17 15:30:19,692 | [CRW_SST] coraltemp_v3.1_19880911.nc is MISSING. Will try to re-download.
2026-01-17 15:30:19,692 | [CRW_SST] coraltemp_v3.1_19881011.nc is MISSING. Will try to re-download.
2026-01-17 15:30:19,694 | [CRW_SST] coraltemp_v3.1_19881101.nc is MISSING. Will try to re-download.
2026-01-17 15:30:19,694 | [CRW_SST] coraltemp_v3.1_19881102.nc is MISSING. Will try to re-download.
2026-01-17 15:30:19,694 | [CRW_SST] coraltemp_v3.1_19881103.nc is MISSING. Will try to re-download.
2026-01-17 15:30:19,694 | [CRW_SST] coraltemp_v3.1_19881104.nc is MISSING. Will try to re-download.
2026-01-17 15:30:19,694 | [CRW_SST] coraltemp_v3.1_19881105.nc is MISSING. Will try to re-download.
2026-01-17 15:30:19,694 | [CRW_SST] coraltemp_v3.1_19881106.nc is MISSING. Will try to re-download.
2026-01-17 15:30:19,697 | [CRW_SST] coraltemp_v3.1_19881107.nc is MISSING. Will try to re-download.
2026-01-17 15:30:19,697 | [CRW_SST] coraltemp_v3.1_19881108.nc is MISSING. Will try to re-download.
2026-01-17 15:30:19,697 | [CRW_SST] coraltemp_v3.1_19881109.nc is MISSING. Will try to re-download.
2026-01-17 15:30:19,697 | [CRW_SST] coraltemp_v3.1_19881110.nc is MISSING. Will try to re-download.
2026-01-17 15:30:19,699 | [CRW_SST] coraltemp_v3.1_19881111.nc is MISSING. Will try to re-download.
2026-01-17 15:30:19,700 | [CRW_SST] coraltemp_v3.1_19881112.nc is MISSING. Will try to re-download.
2026-01-17 15:30:19,700 | [CRW_SST] coraltemp_v3.1_19881113.nc is MISSING. Will try to re-download.
2026-01-17 15:30:19,700 | [CRW_SST] coraltemp_v3.1_19881114.nc is MISSING. Will try to re-download.
2026-01-17 15:30:19,700 | [CRW_SST] coraltemp_v3.1_19881115.nc is MISSING. Will try to re-download.
2026-01-17 15:30:19,703 | [CRW_SST] coraltemp_v3.1_19881116.nc is MISSING. Will try to re-download.
2026-01-17 15:30:19,703 | [CRW_SST] coraltemp_v3.1_19881117.nc is MISSING. Will try to re-download.
2026-01-17 15:30:19,703 | [CRW_SST] coraltemp_v3.1_19881118.nc is MISSING. Will try to re-download.
2026-01-17 15:30:19,703 | [CRW_SST] coraltemp_v3.1_19881119.nc is MISSING. Will try to re-download.
2026-01-17 15:30:19,703 | [CRW_SST] coraltemp_v3.1_19881120.nc is MISSING. Will try to re-download.
2026-01-17 15:30:19,705 | [CRW_SST] coraltemp_v3.1_19881121.nc is MISSING. Will try to re-download.
2026-01-17 15:30:19,706 | [CRW_SST] coraltemp_v3.1_19881122.nc is MISSING. Will try to re-download.
2026-01-17 15:30:19,707 | [CRW_SST] coraltemp_v3.1_19881123.nc is MISSING. Will try to re-download.
2026-01-17 15:30:19,708 | [CRW_SST] coraltemp_v3.1_19881124.nc is MISSING. Will try to re-download.
2026-01-17 15:30:19,709 | [CRW_SST] coraltemp_v3.1_19881125.nc is MISSING. Will try to re-download.
2026-01-17 15:30:19,710 | [CRW_SST] coraltemp_v3.1_19881126.nc is MISSING. Will try to re-download.
2026-01-17 15:30:19,710 | [CRW_SST] coraltemp_v3.1_19881127.nc is MISSING. Will try to re-download.
2026-01-17 15:30:19,710 | [CRW_SST] coraltemp_v3.1_19881128.nc is MISSING. Will try to re-download.
2026-01-17 15:30:19,710 | [CRW_SST] coraltemp_v3.1_19881129.nc is MISSING. Will try to re-download.
2026-01-17 15:30:19,710 | [CRW_SST] coraltemp_v3.1_19881130.nc is MISSING. Will try to re-download.
2026-01-17 15:30:19,712 | [CRW_SST] coraltemp_v3.1_19881211.nc is MISSING. Will try to re-download.
2026-01-17 15:30:19,713 | [CRW_SST] coraltemp_v3.1_19890110.nc is MISSING. Will try to re-download.
2026-01-17 15:30:19,713 | [CRW_SST] coraltemp_v3.1_19890111.nc is MISSING. Will try to re-download.
2026-01-17 15:30:19,713 | [CRW_SST] coraltemp_v3.1_19890112.nc is MISSING. Will try to re-download.
2026-01-17 15:30:19,713 | [CRW_SST] coraltemp_v3.1_19890113.nc is MISSING. Will try to re-download.
2026-01-17 15:30:19,713 | [CRW_SST] coraltemp_v3.1_19890114.nc is MISSING. Will try to re-download.
2026-01-17 15:30:19,714 | [CRW_SST] coraltemp_v3.1_19890115.nc is MISSING. Will try to re-download.
2026-01-17 15:30:19,714 | [CRW_SST] coraltemp_v3.1_19890116.nc is MISSING. Will try to re-download.
2026-01-17 15:30:19,714 | [CRW_SST] coraltemp_v3.1_19890117.nc is MISSING. Will try to re-download.
2026-01-17 15:30:19,715 | [CRW_SST] coraltemp_v3.1_19890118.nc is MISSING. Will try to re-download.
2026-01-17 15:30:19,715 | [CRW_SST] coraltemp_v3.1_19890119.nc is MISSING. Will try to re-download.
2026-01-17 15:30:19,716 | [CRW_SST] coraltemp_v3.1_19890211.nc is MISSING. Will try to re-download.
2026-01-17 15:30:19,716 | [CRW_SST] coraltemp_v3.1_19890311.nc is MISSING. Will try to re-download.
2026-01-17 15:30:19,717 | [CRW_SST] coraltemp_v3.1_19890411.nc is MISSING. Will try to re-download.
2026-01-17 15:30:19,717 | [CRW_SST] coraltemp_v3.1_19890511.nc is MISSING. Will try to re-download.
2026-01-17 15:30:19,717 | [CRW_SST] coraltemp_v3.1_19890611.nc is MISSING. Will try to re-download.
2026-01-17 15:30:19,719 | [CRW_SST] coraltemp_v3.1_19890711.nc is MISSING. Will try to re-download.
2026-01-17 15:30:19,719 | [CRW_SST] coraltemp_v3.1_19890811.nc is MISSING. Will try to re-download.
2026-01-17 15:30:19,719 | [CRW_SST] coraltemp_v3.1_19890911.nc is MISSING. Will try to re-download.
2026-01-17 15:30:19,719 | [CRW_SST] coraltemp_v3.1_19891011.nc is MISSING. Will try to re-download.
2026-01-17 15:30:19,722 | [CRW_SST] coraltemp_v3.1_19891101.nc is MISSING. Will try to re-download.
2026-01-17 15:30:19,722 | [CRW_SST] coraltemp_v3.1_19891102.nc is MISSING. Will try to re-download.
2026-01-17 15:30:19,722 | [CRW_SST] coraltemp_v3.1_19891103.nc is MISSING. Will try to re-download.
2026-01-17 15:30:19,722 | [CRW_SST] coraltemp_v3.1_19891104.nc is MISSING. Will try to re-download.
2026-01-17 15:30:19,722 | [CRW_SST] coraltemp_v3.1_19891105.nc is MISSING. Will try to re-download.
2026-01-17 15:30:19,726 | [CRW_SST] coraltemp_v3.1_19891106.nc is MISSING. Will try to re-download.
2026-01-17 15:30:19,726 | [CRW_SST] coraltemp_v3.1_19891107.nc is MISSING. Will try to re-download.
2026-01-17 15:30:19,727 | [CRW_SST] coraltemp_v3.1_19891108.nc is MISSING. Will try to re-download.
2026-01-17 15:30:19,727 | [CRW_SST] coraltemp_v3.1_19891109.nc is MISSING. Will try to re-download.
2026-01-17 15:30:19,727 | [CRW_SST] coraltemp_v3.1_19891110.nc is MISSING. Will try to re-download.
2026-01-17 15:30:19,727 | [CRW_SST] coraltemp_v3.1_19891111.nc is MISSING. Will try to re-download.
2026-01-17 15:30:19,727 | [CRW_SST] coraltemp_v3.1_19891112.nc is MISSING. Will try to re-download.
2026-01-17 15:30:19,727 | [CRW_SST] coraltemp_v3.1_19891113.nc is MISSING. Will try to re-download.
2026-01-17 15:30:19,731 | [CRW_SST] coraltemp_v3.1_19891114.nc is MISSING. Will try to re-download.
2026-01-17 15:30:19,732 | [CRW_SST] coraltemp_v3.1_19891115.nc is MISSING. Will try to re-download.
2026-01-17 15:30:19,732 | [CRW_SST] coraltemp_v3.1_19891116.nc is MISSING. Will try to re-download.
2026-01-17 15:30:19,732 | [CRW_SST] coraltemp_v3.1_19891117.nc is MISSING. Will try to re-download.
2026-01-17 15:30:19,734 | [CRW_SST] coraltemp_v3.1_19891118.nc is MISSING. Will try to re-download.
2026-01-17 15:30:19,734 | [CRW_SST] coraltemp_v3.1_19891119.nc is MISSING. Will try to re-download.
2026-01-17 15:30:19,734 | [CRW_SST] coraltemp_v3.1_19891120.nc is MISSING. Will try to re-download.
2026-01-17 15:30:19,735 | [CRW_SST] coraltemp_v3.1_19891121.nc is MISSING. Will try to re-download.
2026-01-17 15:30:19,735 | [CRW_SST] coraltemp_v3.1_19891122.nc is MISSING. Will try to re-download.
2026-01-17 15:30:19,737 | [CRW_SST] coraltemp_v3.1_19891123.nc is MISSING. Will try to re-download.
2026-01-17 15:30:19,737 | [CRW_SST] coraltemp_v3.1_19891124.nc is MISSING. Will try to re-download.
2026-01-17 15:30:19,737 | [CRW_SST] coraltemp_v3.1_19891125.nc is MISSING. Will try to re-download.
2026-01-17 15:30:19,738 | [CRW_SST] coraltemp_v3.1_19891126.nc is MISSING. Will try to re-download.
2026-01-17 15:30:19,738 | [CRW_SST] coraltemp_v3.1_19891127.nc is MISSING. Will try to re-download.
2026-01-17 15:30:19,739 | [CRW_SST] coraltemp_v3.1_19891128.nc is MISSING. Will try to re-download.
2026-01-17 15:30:19,741 | [CRW_SST] coraltemp_v3.1_19891129.nc is MISSING. Will try to re-download.
2026-01-17 15:30:19,742 | [CRW_SST] coraltemp_v3.1_19891130.nc is MISSING. Will try to re-download.
2026-01-17 15:30:19,742 | [CRW_SST] coraltemp_v3.1_19891211.nc is MISSING. Will try to re-download.
2026-01-17 15:30:19,744 | [CRW_SST] coraltemp_v3.1_19900110.nc is MISSING. Will try to re-download.
2026-01-17 15:30:19,744 | [CRW_SST] coraltemp_v3.1_19900111.nc is MISSING. Will try to re-download.
2026-01-17 15:30:19,744 | [CRW_SST] coraltemp_v3.1_19900112.nc is MISSING. Will try to re-download.
2026-01-17 15:30:19,744 | [CRW_SST] coraltemp_v3.1_19900113.nc is MISSING. Will try to re-download.
2026-01-17 15:30:19,744 | [CRW_SST] coraltemp_v3.1_19900114.nc is MISSING. Will try to re-download.
2026-01-17 15:30:19,744 | [CRW_SST] coraltemp_v3.1_19900115.nc is MISSING. Will try to re-download.
2026-01-17 15:30:19,744 | [CRW_SST] coraltemp_v3.1_19900116.nc is MISSING. Will try to re-download.
2026-01-17 15:30:19,744 | [CRW_SST] coraltemp_v3.1_19900117.nc is MISSING. Will try to re-download.
2026-01-17 15:30:19,747 | [CRW_SST] coraltemp_v3.1_19900118.nc is MISSING. Will try to re-download.
2026-01-17 15:30:19,747 | [CRW_SST] coraltemp_v3.1_19900119.nc is MISSING. Will try to re-download.
2026-01-17 15:30:19,749 | [CRW_SST] coraltemp_v3.1_19900211.nc is MISSING. Will try to re-download.
2026-01-17 15:30:19,749 | [CRW_SST] coraltemp_v3.1_19900311.nc is MISSING. Will try to re-download.
2026-01-17 15:30:19,750 | [CRW_SST] coraltemp_v3.1_19900411.nc is MISSING. Will try to re-download.
2026-01-17 15:30:19,750 | [CRW_SST] coraltemp_v3.1_19900511.nc is MISSING. Will try to re-download.
2026-01-17 15:30:19,751 | [CRW_SST] coraltemp_v3.1_19900611.nc is MISSING. Will try to re-download.
2026-01-17 15:30:19,751 | [CRW_SST] coraltemp_v3.1_19900711.nc is MISSING. Will try to re-download.
2026-01-17 15:30:19,752 | [CRW_SST] coraltemp_v3.1_19900811.nc is MISSING. Will try to re-download.
2026-01-17 15:30:19,753 | [CRW_SST] coraltemp_v3.1_19900911.nc is MISSING. Will try to re-download.
2026-01-17 15:30:19,753 | [CRW_SST] coraltemp_v3.1_19901011.nc is MISSING. Will try to re-download.
2026-01-17 15:30:19,753 | [CRW_SST] coraltemp_v3.1_19901101.nc is MISSING. Will try to re-download.
2026-01-17 15:30:19,753 | [CRW_SST] coraltemp_v3.1_19901102.nc is MISSING. Will try to re-download.
2026-01-17 15:30:19,753 | [CRW_SST] coraltemp_v3.1_19901103.nc is MISSING. Will try to re-download.
2026-01-17 15:30:19,753 | [CRW_SST] coraltemp_v3.1_19901104.nc is MISSING. Will try to re-download.
2026-01-17 15:30:19,753 | [CRW_SST] coraltemp_v3.1_19901105.nc is MISSING. Will try to re-download.
2026-01-17 15:30:19,753 | [CRW_SST] coraltemp_v3.1_19901106.nc is MISSING. Will try to re-download.
2026-01-17 15:30:19,753 | [CRW_SST] coraltemp_v3.1_19901107.nc is MISSING. Will try to re-download.
2026-01-17 15:30:19,753 | [CRW_SST] coraltemp_v3.1_19901108.nc is MISSING. Will try to re-download.
2026-01-17 15:30:19,760 | [CRW_SST] coraltemp_v3.1_19901109.nc is MISSING. Will try to re-download.
2026-01-17 15:30:19,761 | [CRW_SST] coraltemp_v3.1_19901110.nc is MISSING. Will try to re-download.
2026-01-17 15:30:19,762 | [CRW_SST] coraltemp_v3.1_19901111.nc is MISSING. Will try to re-download.
2026-01-17 15:30:19,762 | [CRW_SST] coraltemp_v3.1_19901112.nc is MISSING. Will try to re-download.
2026-01-17 15:30:19,762 | [CRW_SST] coraltemp_v3.1_19901113.nc is MISSING. Will try to re-download.
2026-01-17 15:30:19,763 | [CRW_SST] coraltemp_v3.1_19901114.nc is MISSING. Will try to re-download.
2026-01-17 15:30:19,763 | [CRW_SST] coraltemp_v3.1_19901115.nc is MISSING. Will try to re-download.
2026-01-17 15:30:19,764 | [CRW_SST] coraltemp_v3.1_19901116.nc is MISSING. Will try to re-download.
2026-01-17 15:30:19,764 | [CRW_SST] coraltemp_v3.1_19901117.nc is MISSING. Will try to re-download.
2026-01-17 15:30:19,764 | [CRW_SST] coraltemp_v3.1_19901118.nc is MISSING. Will try to re-download.
2026-01-17 15:30:19,764 | [CRW_SST] coraltemp_v3.1_19901119.nc is MISSING. Will try to re-download.
2026-01-17 15:30:19,766 | [CRW_SST] coraltemp_v3.1_19901120.nc is MISSING. Will try to re-download.
2026-01-17 15:30:19,766 | [CRW_SST] coraltemp_v3.1_19901121.nc is MISSING. Will try to re-download.
2026-01-17 15:30:19,766 | [CRW_SST] coraltemp_v3.1_19901122.nc is MISSING. Will try to re-download.
2026-01-17 15:30:19,768 | [CRW_SST] coraltemp_v3.1_19901123.nc is MISSING. Will try to re-download.
2026-01-17 15:30:19,768 | [CRW_SST] coraltemp_v3.1_19901124.nc is MISSING. Will try to re-download.
2026-01-17 15:30:19,768 | [CRW_SST] coraltemp_v3.1_19901125.nc is MISSING. Will try to re-download.
2026-01-17 15:30:19,769 | [CRW_SST] coraltemp_v3.1_19901126.nc is MISSING. Will try to re-download.
2026-01-17 15:30:19,769 | [CRW_SST] coraltemp_v3.1_19901127.nc is MISSING. Will try to re-download.
2026-01-17 15:30:19,769 | [CRW_SST] coraltemp_v3.1_19901128.nc is MISSING. Will try to re-download.
2026-01-17 15:30:19,769 | [CRW_SST] coraltemp_v3.1_19901129.nc is MISSING. Will try to re-download.
2026-01-17 15:30:19,771 | [CRW_SST] coraltemp_v3.1_19901130.nc is MISSING. Will try to re-download.
2026-01-17 15:30:19,771 | [CRW_SST] coraltemp_v3.1_19901211.nc is MISSING. Will try to re-download.
2026-01-17 15:30:19,771 | [CRW_SST] coraltemp_v3.1_19910110.nc is MISSING. Will try to re-download.
2026-01-17 15:30:19,774 | [CRW_SST] coraltemp_v3.1_19910111.nc is MISSING. Will try to re-download.
2026-01-17 15:30:19,775 | [CRW_SST] coraltemp_v3.1_19910112.nc is MISSING. Will try to re-download.
2026-01-17 15:30:19,775 | [CRW_SST] coraltemp_v3.1_19910113.nc is MISSING. Will try to re-download.
2026-01-17 15:30:19,776 | [CRW_SST] coraltemp_v3.1_19910114.nc is MISSING. Will try to re-download.
2026-01-17 15:30:19,778 | [CRW_SST] coraltemp_v3.1_19910115.nc is MISSING. Will try to re-download.
2026-01-17 15:30:19,778 | [CRW_SST] coraltemp_v3.1_19910116.nc is MISSING. Will try to re-download.
2026-01-17 15:30:19,778 | [CRW_SST] coraltemp_v3.1_19910117.nc is MISSING. Will try to re-download.
2026-01-17 15:30:19,779 | [CRW_SST] coraltemp_v3.1_19910118.nc is MISSING. Will try to re-download.
2026-01-17 15:30:19,779 | [CRW_SST] coraltemp_v3.1_19910119.nc is MISSING. Will try to re-download.
2026-01-17 15:30:19,779 | [CRW_SST] coraltemp_v3.1_19910211.nc is MISSING. Will try to re-download.
2026-01-17 15:30:19,779 | [CRW_SST] coraltemp_v3.1_19910311.nc is MISSING. Will try to re-download.
2026-01-17 15:30:19,781 | [CRW_SST] coraltemp_v3.1_19910411.nc is MISSING. Will try to re-download.
2026-01-17 15:30:19,781 | [CRW_SST] coraltemp_v3.1_19910511.nc is MISSING. Will try to re-download.
2026-01-17 15:30:19,781 | [CRW_SST] coraltemp_v3.1_19910611.nc is MISSING. Will try to re-download.
2026-01-17 15:30:19,782 | [CRW_SST] coraltemp_v3.1_19910711.nc is MISSING. Will try to re-download.
2026-01-17 15:30:19,782 | [CRW_SST] coraltemp_v3.1_19910811.nc is MISSING. Will try to re-download.
2026-01-17 15:30:19,782 | [CRW_SST] coraltemp_v3.1_19910911.nc is MISSING. Will try to re-download.
2026-01-17 15:30:19,783 | [CRW_SST] coraltemp_v3.1_19911001.nc is MISSING. Will try to re-download.
2026-01-17 15:30:19,784 | [CRW_SST] coraltemp_v3.1_19911002.nc is MISSING. Will try to re-download.
2026-01-17 15:30:19,785 | [CRW_SST] coraltemp_v3.1_19911003.nc is MISSING. Will try to re-download.
2026-01-17 15:30:19,785 | [CRW_SST] coraltemp_v3.1_19911004.nc is MISSING. Will try to re-download.
2026-01-17 15:30:19,785 | [CRW_SST] coraltemp_v3.1_19911005.nc is MISSING. Will try to re-download.
2026-01-17 15:30:19,786 | [CRW_SST] coraltemp_v3.1_19911006.nc is MISSING. Will try to re-download.
2026-01-17 15:30:19,786 | [CRW_SST] coraltemp_v3.1_19911007.nc is MISSING. Will try to re-download.
2026-01-17 15:30:19,786 | [CRW_SST] coraltemp_v3.1_19911008.nc is MISSING. Will try to re-download.
2026-01-17 15:30:19,787 | [CRW_SST] coraltemp_v3.1_19911009.nc is MISSING. Will try to re-download.
2026-01-17 15:30:19,788 | [CRW_SST] coraltemp_v3.1_19911010.nc is MISSING. Will try to re-download.
2026-01-17 15:30:19,788 | [CRW_SST] coraltemp_v3.1_19911011.nc is MISSING. Will try to re-download.
2026-01-17 15:30:19,789 | [CRW_SST] coraltemp_v3.1_19911012.nc is MISSING. Will try to re-download.
2026-01-17 15:30:19,789 | [CRW_SST] coraltemp_v3.1_19911013.nc is MISSING. Will try to re-download.
2026-01-17 15:30:19,792 | [CRW_SST] coraltemp_v3.1_19911014.nc is MISSING. Will try to re-download.
2026-01-17 15:30:19,792 | [CRW_SST] coraltemp_v3.1_19911015.nc is MISSING. Will try to re-download.
2026-01-17 15:30:19,794 | [CRW_SST] coraltemp_v3.1_19911016.nc is MISSING. Will try to re-download.
2026-01-17 15:30:19,794 | [CRW_SST] coraltemp_v3.1_19911017.nc is MISSING. Will try to re-download.
2026-01-17 15:30:19,794 | [CRW_SST] coraltemp_v3.1_19911018.nc is MISSING. Will try to re-download.
2026-01-17 15:30:19,794 | [CRW_SST] coraltemp_v3.1_19911019.nc is MISSING. Will try to re-download.
2026-01-17 15:30:19,794 | [CRW_SST] coraltemp_v3.1_19911020.nc is MISSING. Will try to re-download.
2026-01-17 15:30:19,797 | [CRW_SST] coraltemp_v3.1_19911021.nc is MISSING. Will try to re-download.
2026-01-17 15:30:19,798 | [CRW_SST] coraltemp_v3.1_19911022.nc is MISSING. Will try to re-download.
2026-01-17 15:30:19,799 | [CRW_SST] coraltemp_v3.1_19911023.nc is MISSING. Will try to re-download.
2026-01-17 15:30:19,799 | [CRW_SST] coraltemp_v3.1_19911024.nc is MISSING. Will try to re-download.
2026-01-17 15:30:19,800 | [CRW_SST] coraltemp_v3.1_19911025.nc is MISSING. Will try to re-download.
2026-01-17 15:30:19,800 | [CRW_SST] coraltemp_v3.1_19911026.nc is MISSING. Will try to re-download.
2026-01-17 15:30:19,801 | [CRW_SST] coraltemp_v3.1_19911027.nc is MISSING. Will try to re-download.
2026-01-17 15:30:19,801 | [CRW_SST] coraltemp_v3.1_19911028.nc is MISSING. Will try to re-download.
2026-01-17 15:30:19,801 | [CRW_SST] coraltemp_v3.1_19911029.nc is MISSING. Will try to re-download.
2026-01-17 15:30:19,803 | [CRW_SST] coraltemp_v3.1_19911030.nc is MISSING. Will try to re-download.
2026-01-17 15:30:19,803 | [CRW_SST] coraltemp_v3.1_19911031.nc is MISSING. Will try to re-download.
2026-01-17 15:30:19,803 | [CRW_SST] coraltemp_v3.1_19911101.nc is MISSING. Will try to re-download.
2026-01-17 15:30:19,803 | [CRW_SST] coraltemp_v3.1_19911102.nc is MISSING. Will try to re-download.
2026-01-17 15:30:19,803 | [CRW_SST] coraltemp_v3.1_19911103.nc is MISSING. Will try to re-download.
2026-01-17 15:30:19,806 | [CRW_SST] coraltemp_v3.1_19911104.nc is MISSING. Will try to re-download.
2026-01-17 15:30:19,808 | [CRW_SST] coraltemp_v3.1_19911105.nc is MISSING. Will try to re-download.
2026-01-17 15:30:19,809 | [CRW_SST] coraltemp_v3.1_19911106.nc is MISSING. Will try to re-download.
2026-01-17 15:30:19,811 | [CRW_SST] coraltemp_v3.1_19911107.nc is MISSING. Will try to re-download.
2026-01-17 15:30:19,811 | [CRW_SST] coraltemp_v3.1_19911108.nc is MISSING. Will try to re-download.
2026-01-17 15:30:19,812 | [CRW_SST] coraltemp_v3.1_19911109.nc is MISSING. Will try to re-download.
2026-01-17 15:30:19,812 | [CRW_SST] coraltemp_v3.1_19911110.nc is MISSING. Will try to re-download.
2026-01-17 15:30:19,813 | [CRW_SST] coraltemp_v3.1_19911111.nc is MISSING. Will try to re-download.
2026-01-17 15:30:19,813 | [CRW_SST] coraltemp_v3.1_19911112.nc is MISSING. Will try to re-download.
2026-01-17 15:30:19,813 | [CRW_SST] coraltemp_v3.1_19911113.nc is MISSING. Will try to re-download.
2026-01-17 15:30:19,815 | [CRW_SST] coraltemp_v3.1_19911114.nc is MISSING. Will try to re-download.
2026-01-17 15:30:19,815 | [CRW_SST] coraltemp_v3.1_19911115.nc is MISSING. Will try to re-download.
2026-01-17 15:30:19,815 | [CRW_SST] coraltemp_v3.1_19911116.nc is MISSING. Will try to re-download.
2026-01-17 15:30:19,815 | [CRW_SST] coraltemp_v3.1_19911117.nc is MISSING. Will try to re-download.
2026-01-17 15:30:19,817 | [CRW_SST] coraltemp_v3.1_19911118.nc is MISSING. Will try to re-download.
2026-01-17 15:30:19,818 | [CRW_SST] coraltemp_v3.1_19911119.nc is MISSING. Will try to re-download.
2026-01-17 15:30:19,818 | [CRW_SST] coraltemp_v3.1_19911120.nc is MISSING. Will try to re-download.
2026-01-17 15:30:19,819 | [CRW_SST] coraltemp_v3.1_19911121.nc is MISSING. Will try to re-download.
2026-01-17 15:30:19,819 | [CRW_SST] coraltemp_v3.1_19911122.nc is MISSING. Will try to re-download.
2026-01-17 15:30:19,819 | [CRW_SST] coraltemp_v3.1_19911123.nc is MISSING. Will try to re-download.
2026-01-17 15:30:19,821 | [CRW_SST] coraltemp_v3.1_19911124.nc is MISSING. Will try to re-download.
2026-01-17 15:30:19,821 | [CRW_SST] coraltemp_v3.1_19911125.nc is MISSING. Will try to re-download.
2026-01-17 15:30:19,821 | [CRW_SST] coraltemp_v3.1_19911126.nc is MISSING. Will try to re-download.
2026-01-17 15:30:19,821 | [CRW_SST] coraltemp_v3.1_19911127.nc is MISSING. Will try to re-download.
2026-01-17 15:30:19,824 | [CRW_SST] coraltemp_v3.1_19911128.nc is MISSING. Will try to re-download.
2026-01-17 15:30:19,826 | [CRW_SST] coraltemp_v3.1_19911129.nc is MISSING. Will try to re-download.
2026-01-17 15:30:19,827 | [CRW_SST] coraltemp_v3.1_19911130.nc is MISSING. Will try to re-download.
2026-01-17 15:30:19,827 | [CRW_SST] coraltemp_v3.1_19911201.nc is MISSING. Will try to re-download.
2026-01-17 15:30:19,828 | [CRW_SST] coraltemp_v3.1_19911202.nc is MISSING. Will try to re-download.
2026-01-17 15:30:19,828 | [CRW_SST] coraltemp_v3.1_19911203.nc is MISSING. Will try to re-download.
2026-01-17 15:30:19,828 | [CRW_SST] coraltemp_v3.1_19911204.nc is MISSING. Will try to re-download.
2026-01-17 15:30:19,830 | [CRW_SST] coraltemp_v3.1_19911205.nc is MISSING. Will try to re-download.
2026-01-17 15:30:19,830 | [CRW_SST] coraltemp_v3.1_19911206.nc is MISSING. Will try to re-download.
2026-01-17 15:30:19,830 | [CRW_SST] coraltemp_v3.1_19911207.nc is MISSING. Will try to re-download.
2026-01-17 15:30:19,832 | [CRW_SST] coraltemp_v3.1_19911208.nc is MISSING. Will try to re-download.
2026-01-17 15:30:19,833 | [CRW_SST] coraltemp_v3.1_19911209.nc is MISSING. Will try to re-download.
2026-01-17 15:30:19,834 | [CRW_SST] coraltemp_v3.1_19911210.nc is MISSING. Will try to re-download.
2026-01-17 15:30:19,834 | [CRW_SST] coraltemp_v3.1_19911211.nc is MISSING. Will try to re-download.
2026-01-17 15:30:19,835 | [CRW_SST] coraltemp_v3.1_19911212.nc is MISSING. Will try to re-download.
2026-01-17 15:30:19,835 | [CRW_SST] coraltemp_v3.1_19911213.nc is MISSING. Will try to re-download.
2026-01-17 15:30:19,836 | [CRW_SST] coraltemp_v3.1_19911214.nc is MISSING. Will try to re-download.
2026-01-17 15:30:19,836 | [CRW_SST] coraltemp_v3.1_19911215.nc is MISSING. Will try to re-download.
2026-01-17 15:30:19,837 | [CRW_SST] coraltemp_v3.1_19911216.nc is MISSING. Will try to re-download.
2026-01-17 15:30:19,838 | [CRW_SST] coraltemp_v3.1_19911217.nc is MISSING. Will try to re-download.
2026-01-17 15:30:19,839 | [CRW_SST] coraltemp_v3.1_19911218.nc is MISSING. Will try to re-download.
2026-01-17 15:30:19,839 | [CRW_SST] coraltemp_v3.1_19911219.nc is MISSING. Will try to re-download.
2026-01-17 15:30:19,842 | [CRW_SST] coraltemp_v3.1_19911220.nc is MISSING. Will try to re-download.
2026-01-17 15:30:19,842 | [CRW_SST] coraltemp_v3.1_19911221.nc is MISSING. Will try to re-download.
2026-01-17 15:30:19,843 | [CRW_SST] coraltemp_v3.1_19911222.nc is MISSING. Will try to re-download.
2026-01-17 15:30:19,843 | [CRW_SST] coraltemp_v3.1_19911223.nc is MISSING. Will try to re-download.
2026-01-17 15:30:19,843 | [CRW_SST] coraltemp_v3.1_19911224.nc is MISSING. Will try to re-download.
2026-01-17 15:30:19,843 | [CRW_SST] coraltemp_v3.1_19911225.nc is MISSING. Will try to re-download.
2026-01-17 15:30:19,843 | [CRW_SST] coraltemp_v3.1_19911226.nc is MISSING. Will try to re-download.
2026-01-17 15:30:19,843 | [CRW_SST] coraltemp_v3.1_19911227.nc is MISSING. Will try to re-download.
2026-01-17 15:30:19,847 | [CRW_SST] coraltemp_v3.1_19911228.nc is MISSING. Will try to re-download.
2026-01-17 15:30:19,847 | [CRW_SST] coraltemp_v3.1_19911229.nc is MISSING. Will try to re-download.
2026-01-17 15:30:19,847 | [CRW_SST] coraltemp_v3.1_19911230.nc is MISSING. Will try to re-download.
2026-01-17 15:30:19,849 | [CRW_SST] coraltemp_v3.1_19911231.nc is MISSING. Will try to re-download.
2026-01-17 15:30:19,850 | [CRW_SST] coraltemp_v3.1_19920110.nc is MISSING. Will try to re-download.
2026-01-17 15:30:19,850 | [CRW_SST] coraltemp_v3.1_19920111.nc is MISSING. Will try to re-download.
2026-01-17 15:30:19,850 | [CRW_SST] coraltemp_v3.1_19920112.nc is MISSING. Will try to re-download.
2026-01-17 15:30:19,850 | [CRW_SST] coraltemp_v3.1_19920113.nc is MISSING. Will try to re-download.
2026-01-17 15:30:19,850 | [CRW_SST] coraltemp_v3.1_19920114.nc is MISSING. Will try to re-download.
2026-01-17 15:30:19,850 | [CRW_SST] coraltemp_v3.1_19920115.nc is MISSING. Will try to re-download.
2026-01-17 15:30:19,850 | [CRW_SST] coraltemp_v3.1_19920116.nc is MISSING. Will try to re-download.
2026-01-17 15:30:19,853 | [CRW_SST] coraltemp_v3.1_19920117.nc is MISSING. Will try to re-download.
2026-01-17 15:30:19,853 | [CRW_SST] coraltemp_v3.1_19920118.nc is MISSING. Will try to re-download.
2026-01-17 15:30:19,853 | [CRW_SST] coraltemp_v3.1_19920119.nc is MISSING. Will try to re-download.
2026-01-17 15:30:19,853 | [CRW_SST] coraltemp_v3.1_19920211.nc is MISSING. Will try to re-download.
2026-01-17 15:30:19,853 | [CRW_SST] coraltemp_v3.1_19920311.nc is MISSING. Will try to re-download.
2026-01-17 15:30:19,853 | [CRW_SST] coraltemp_v3.1_19920411.nc is MISSING. Will try to re-download.
2026-01-17 15:30:19,856 | [CRW_SST] coraltemp_v3.1_19920511.nc is MISSING. Will try to re-download.
2026-01-17 15:30:19,856 | [CRW_SST] coraltemp_v3.1_19920611.nc is MISSING. Will try to re-download.
2026-01-17 15:30:19,858 | [CRW_SST] coraltemp_v3.1_19920711.nc is MISSING. Will try to re-download.
2026-01-17 15:30:19,859 | [CRW_SST] coraltemp_v3.1_19920811.nc is MISSING. Will try to re-download.
2026-01-17 15:30:19,859 | [CRW_SST] coraltemp_v3.1_19920911.nc is MISSING. Will try to re-download.
2026-01-17 15:30:19,861 | [CRW_SST] coraltemp_v3.1_19921011.nc is MISSING. Will try to re-download.
2026-01-17 15:30:19,862 | [CRW_SST] coraltemp_v3.1_19921101.nc is MISSING. Will try to re-download.
2026-01-17 15:30:19,862 | [CRW_SST] coraltemp_v3.1_19921102.nc is MISSING. Will try to re-download.
2026-01-17 15:30:19,862 | [CRW_SST] coraltemp_v3.1_19921103.nc is MISSING. Will try to re-download.
2026-01-17 15:30:19,863 | [CRW_SST] coraltemp_v3.1_19921104.nc is MISSING. Will try to re-download.
2026-01-17 15:30:19,863 | [CRW_SST] coraltemp_v3.1_19921105.nc is MISSING. Will try to re-download.
2026-01-17 15:30:19,863 | [CRW_SST] coraltemp_v3.1_19921106.nc is MISSING. Will try to re-download.
2026-01-17 15:30:19,864 | [CRW_SST] coraltemp_v3.1_19921107.nc is MISSING. Will try to re-download.
2026-01-17 15:30:19,864 | [CRW_SST] coraltemp_v3.1_19921108.nc is MISSING. Will try to re-download.
2026-01-17 15:30:19,866 | [CRW_SST] coraltemp_v3.1_19921109.nc is MISSING. Will try to re-download.
2026-01-17 15:30:19,866 | [CRW_SST] coraltemp_v3.1_19921110.nc is MISSING. Will try to re-download.
2026-01-17 15:30:19,866 | [CRW_SST] coraltemp_v3.1_19921111.nc is MISSING. Will try to re-download.
2026-01-17 15:30:19,868 | [CRW_SST] coraltemp_v3.1_19921112.nc is MISSING. Will try to re-download.
2026-01-17 15:30:19,868 | [CRW_SST] coraltemp_v3.1_19921113.nc is MISSING. Will try to re-download.
2026-01-17 15:30:19,869 | [CRW_SST] coraltemp_v3.1_19921114.nc is MISSING. Will try to re-download.
2026-01-17 15:30:19,869 | [CRW_SST] coraltemp_v3.1_19921115.nc is MISSING. Will try to re-download.
2026-01-17 15:30:19,869 | [CRW_SST] coraltemp_v3.1_19921116.nc is MISSING. Will try to re-download.
2026-01-17 15:30:19,869 | [CRW_SST] coraltemp_v3.1_19921117.nc is MISSING. Will try to re-download.
2026-01-17 15:30:19,869 | [CRW_SST] coraltemp_v3.1_19921118.nc is MISSING. Will try to re-download.
2026-01-17 15:30:19,869 | [CRW_SST] coraltemp_v3.1_19921119.nc is MISSING. Will try to re-download.
2026-01-17 15:30:19,869 | [CRW_SST] coraltemp_v3.1_19921120.nc is MISSING. Will try to re-download.
2026-01-17 15:30:19,873 | [CRW_SST] coraltemp_v3.1_19921121.nc is MISSING. Will try to re-download.
2026-01-17 15:30:19,874 | [CRW_SST] coraltemp_v3.1_19921122.nc is MISSING. Will try to re-download.
2026-01-17 15:30:19,876 | [CRW_SST] coraltemp_v3.1_19921123.nc is MISSING. Will try to re-download.
2026-01-17 15:30:19,877 | [CRW_SST] coraltemp_v3.1_19921124.nc is MISSING. Will try to re-download.
2026-01-17 15:30:19,877 | [CRW_SST] coraltemp_v3.1_19921125.nc is MISSING. Will try to re-download.
2026-01-17 15:30:19,877 | [CRW_SST] coraltemp_v3.1_19921126.nc is MISSING. Will try to re-download.
2026-01-17 15:30:19,878 | [CRW_SST] coraltemp_v3.1_19921127.nc is MISSING. Will try to re-download.
2026-01-17 15:30:19,878 | [CRW_SST] coraltemp_v3.1_19921128.nc is MISSING. Will try to re-download.
2026-01-17 15:30:19,878 | [CRW_SST] coraltemp_v3.1_19921129.nc is MISSING. Will try to re-download.
2026-01-17 15:30:19,878 | [CRW_SST] coraltemp_v3.1_19921130.nc is MISSING. Will try to re-download.
2026-01-17 15:30:19,878 | [CRW_SST] coraltemp_v3.1_19921211.nc is MISSING. Will try to re-download.
2026-01-17 15:30:19,878 | [CRW_SST] coraltemp_v3.1_19930110.nc is MISSING. Will try to re-download.
2026-01-17 15:30:19,881 | [CRW_SST] coraltemp_v3.1_19930111.nc is MISSING. Will try to re-download.
2026-01-17 15:30:19,882 | [CRW_SST] coraltemp_v3.1_19930112.nc is MISSING. Will try to re-download.
2026-01-17 15:30:19,882 | [CRW_SST] coraltemp_v3.1_19930113.nc is MISSING. Will try to re-download.
2026-01-17 15:30:19,882 | [CRW_SST] coraltemp_v3.1_19930114.nc is MISSING. Will try to re-download.
2026-01-17 15:30:19,883 | [CRW_SST] coraltemp_v3.1_19930115.nc is MISSING. Will try to re-download.
2026-01-17 15:30:19,883 | [CRW_SST] coraltemp_v3.1_19930116.nc is MISSING. Will try to re-download.
2026-01-17 15:30:19,884 | [CRW_SST] coraltemp_v3.1_19930117.nc is MISSING. Will try to re-download.
2026-01-17 15:30:19,884 | [CRW_SST] coraltemp_v3.1_19930118.nc is MISSING. Will try to re-download.
2026-01-17 15:30:19,884 | [CRW_SST] coraltemp_v3.1_19930119.nc is MISSING. Will try to re-download.
2026-01-17 15:30:19,884 | [CRW_SST] coraltemp_v3.1_19930211.nc is MISSING. Will try to re-download.
2026-01-17 15:30:19,887 | [CRW_SST] coraltemp_v3.1_19930311.nc is MISSING. Will try to re-download.
2026-01-17 15:30:19,887 | [CRW_SST] coraltemp_v3.1_19930411.nc is MISSING. Will try to re-download.
2026-01-17 15:30:19,887 | [CRW_SST] coraltemp_v3.1_19930511.nc is MISSING. Will try to re-download.
2026-01-17 15:30:19,888 | [CRW_SST] coraltemp_v3.1_19930611.nc is MISSING. Will try to re-download.
2026-01-17 15:30:19,888 | [CRW_SST] coraltemp_v3.1_19930711.nc is MISSING. Will try to re-download.
2026-01-17 15:30:19,889 | [CRW_SST] coraltemp_v3.1_19930811.nc is MISSING. Will try to re-download.
2026-01-17 15:30:19,889 | [CRW_SST] coraltemp_v3.1_19930911.nc is MISSING. Will try to re-download.
2026-01-17 15:30:19,891 | [CRW_SST] coraltemp_v3.1_19931011.nc is MISSING. Will try to re-download.
2026-01-17 15:30:19,891 | [CRW_SST] coraltemp_v3.1_19931101.nc is MISSING. Will try to re-download.
2026-01-17 15:30:19,891 | [CRW_SST] coraltemp_v3.1_19931102.nc is MISSING. Will try to re-download.
2026-01-17 15:30:19,891 | [CRW_SST] coraltemp_v3.1_19931103.nc is MISSING. Will try to re-download.
2026-01-17 15:30:19,891 | [CRW_SST] coraltemp_v3.1_19931104.nc is MISSING. Will try to re-download.
2026-01-17 15:30:19,891 | [CRW_SST] coraltemp_v3.1_19931105.nc is MISSING. Will try to re-download.
2026-01-17 15:30:19,891 | [CRW_SST] coraltemp_v3.1_19931106.nc is MISSING. Will try to re-download.
2026-01-17 15:30:19,891 | [CRW_SST] coraltemp_v3.1_19931107.nc is MISSING. Will try to re-download.
2026-01-17 15:30:19,891 | [CRW_SST] coraltemp_v3.1_19931108.nc is MISSING. Will try to re-download.
2026-01-17 15:30:19,891 | [CRW_SST] coraltemp_v3.1_19931109.nc is MISSING. Will try to re-download.
2026-01-17 15:30:19,891 | [CRW_SST] coraltemp_v3.1_19931110.nc is MISSING. Will try to re-download.
2026-01-17 15:30:19,891 | [CRW_SST] coraltemp_v3.1_19931111.nc is MISSING. Will try to re-download.
2026-01-17 15:30:19,897 | [CRW_SST] coraltemp_v3.1_19931112.nc is MISSING. Will try to re-download.
2026-01-17 15:30:19,897 | [CRW_SST] coraltemp_v3.1_19931113.nc is MISSING. Will try to re-download.
2026-01-17 15:30:19,898 | [CRW_SST] coraltemp_v3.1_19931114.nc is MISSING. Will try to re-download.
2026-01-17 15:30:19,899 | [CRW_SST] coraltemp_v3.1_19931115.nc is MISSING. Will try to re-download.
2026-01-17 15:30:19,899 | [CRW_SST] coraltemp_v3.1_19931116.nc is MISSING. Will try to re-download.
2026-01-17 15:30:19,899 | [CRW_SST] coraltemp_v3.1_19931117.nc is MISSING. Will try to re-download.
2026-01-17 15:30:19,900 | [CRW_SST] coraltemp_v3.1_19931118.nc is MISSING. Will try to re-download.
2026-01-17 15:30:19,900 | [CRW_SST] coraltemp_v3.1_19931119.nc is MISSING. Will try to re-download.
2026-01-17 15:30:19,900 | [CRW_SST] coraltemp_v3.1_19931120.nc is MISSING. Will try to re-download.
2026-01-17 15:30:19,902 | [CRW_SST] coraltemp_v3.1_19931121.nc is MISSING. Will try to re-download.
2026-01-17 15:30:19,903 | [CRW_SST] coraltemp_v3.1_19931122.nc is MISSING. Will try to re-download.
2026-01-17 15:30:19,903 | [CRW_SST] coraltemp_v3.1_19931123.nc is MISSING. Will try to re-download.
2026-01-17 15:30:19,903 | [CRW_SST] coraltemp_v3.1_19931124.nc is MISSING. Will try to re-download.
2026-01-17 15:30:19,903 | [CRW_SST] coraltemp_v3.1_19931125.nc is MISSING. Will try to re-download.
2026-01-17 15:30:19,905 | [CRW_SST] coraltemp_v3.1_19931126.nc is MISSING. Will try to re-download.
2026-01-17 15:30:19,905 | [CRW_SST] coraltemp_v3.1_19931127.nc is MISSING. Will try to re-download.
2026-01-17 15:30:19,905 | [CRW_SST] coraltemp_v3.1_19931128.nc is MISSING. Will try to re-download.
2026-01-17 15:30:19,905 | [CRW_SST] coraltemp_v3.1_19931129.nc is MISSING. Will try to re-download.
2026-01-17 15:30:19,909 | [CRW_SST] coraltemp_v3.1_19931130.nc is MISSING. Will try to re-download.
2026-01-17 15:30:19,909 | [CRW_SST] coraltemp_v3.1_19931211.nc is MISSING. Will try to re-download.
2026-01-17 15:30:19,909 | [CRW_SST] coraltemp_v3.1_19940110.nc is MISSING. Will try to re-download.
2026-01-17 15:30:19,909 | [CRW_SST] coraltemp_v3.1_19940111.nc is MISSING. Will try to re-download.
2026-01-17 15:30:19,910 | [CRW_SST] coraltemp_v3.1_19940112.nc is MISSING. Will try to re-download.
2026-01-17 15:30:19,910 | [CRW_SST] coraltemp_v3.1_19940113.nc is MISSING. Will try to re-download.
2026-01-17 15:30:19,912 | [CRW_SST] coraltemp_v3.1_19940114.nc is MISSING. Will try to re-download.
2026-01-17 15:30:19,912 | [CRW_SST] coraltemp_v3.1_19940115.nc is MISSING. Will try to re-download.
2026-01-17 15:30:19,912 | [CRW_SST] coraltemp_v3.1_19940116.nc is MISSING. Will try to re-download.
2026-01-17 15:30:19,913 | [CRW_SST] coraltemp_v3.1_19940117.nc is MISSING. Will try to re-download.
2026-01-17 15:30:19,913 | [CRW_SST] coraltemp_v3.1_19940118.nc is MISSING. Will try to re-download.
2026-01-17 15:30:19,913 | [CRW_SST] coraltemp_v3.1_19940119.nc is MISSING. Will try to re-download.
2026-01-17 15:30:19,914 | [CRW_SST] coraltemp_v3.1_19940211.nc is MISSING. Will try to re-download.
2026-01-17 15:30:19,914 | [CRW_SST] coraltemp_v3.1_19940311.nc is MISSING. Will try to re-download.
2026-01-17 15:30:19,914 | [CRW_SST] coraltemp_v3.1_19940317.nc is MISSING. Will try to re-download.
2026-01-17 15:30:19,914 | [CRW_SST] coraltemp_v3.1_19940411.nc is MISSING. Will try to re-download.
2026-01-17 15:30:19,914 | [CRW_SST] coraltemp_v3.1_19940511.nc is MISSING. Will try to re-download.
2026-01-17 15:30:19,914 | [CRW_SST] coraltemp_v3.1_19940611.nc is MISSING. Will try to re-download.
2026-01-17 15:30:19,914 | [CRW_SST] coraltemp_v3.1_19940711.nc is MISSING. Will try to re-download.
2026-01-17 15:30:19,918 | [CRW_SST] coraltemp_v3.1_19940811.nc is MISSING. Will try to re-download.
2026-01-17 15:30:19,918 | [CRW_SST] coraltemp_v3.1_19940911.nc is MISSING. Will try to re-download.
2026-01-17 15:30:19,918 | [CRW_SST] coraltemp_v3.1_19941011.nc is MISSING. Will try to re-download.
2026-01-17 15:30:19,919 | [CRW_SST] coraltemp_v3.1_19941101.nc is MISSING. Will try to re-download.
2026-01-17 15:30:19,919 | [CRW_SST] coraltemp_v3.1_19941102.nc is MISSING. Will try to re-download.
2026-01-17 15:30:19,919 | [CRW_SST] coraltemp_v3.1_19941103.nc is MISSING. Will try to re-download.
2026-01-17 15:30:19,919 | [CRW_SST] coraltemp_v3.1_19941104.nc is MISSING. Will try to re-download.
2026-01-17 15:30:19,921 | [CRW_SST] coraltemp_v3.1_19941105.nc is MISSING. Will try to re-download.
2026-01-17 15:30:19,921 | [CRW_SST] coraltemp_v3.1_19941106.nc is MISSING. Will try to re-download.
2026-01-17 15:30:19,921 | [CRW_SST] coraltemp_v3.1_19941107.nc is MISSING. Will try to re-download.
2026-01-17 15:30:19,923 | [CRW_SST] coraltemp_v3.1_19941108.nc is MISSING. Will try to re-download.
2026-01-17 15:30:19,923 | [CRW_SST] coraltemp_v3.1_19941109.nc is MISSING. Will try to re-download.
2026-01-17 15:30:19,926 | [CRW_SST] coraltemp_v3.1_19941110.nc is MISSING. Will try to re-download.
2026-01-17 15:30:19,927 | [CRW_SST] coraltemp_v3.1_19941111.nc is MISSING. Will try to re-download.
2026-01-17 15:30:19,927 | [CRW_SST] coraltemp_v3.1_19941112.nc is MISSING. Will try to re-download.
2026-01-17 15:30:19,927 | [CRW_SST] coraltemp_v3.1_19941113.nc is MISSING. Will try to re-download.
2026-01-17 15:30:19,928 | [CRW_SST] coraltemp_v3.1_19941114.nc is MISSING. Will try to re-download.
2026-01-17 15:30:19,928 | [CRW_SST] coraltemp_v3.1_19941115.nc is MISSING. Will try to re-download.
2026-01-17 15:30:19,928 | [CRW_SST] coraltemp_v3.1_19941116.nc is MISSING. Will try to re-download.
2026-01-17 15:30:19,929 | [CRW_SST] coraltemp_v3.1_19941117.nc is MISSING. Will try to re-download.
2026-01-17 15:30:19,929 | [CRW_SST] coraltemp_v3.1_19941118.nc is MISSING. Will try to re-download.
2026-01-17 15:30:19,931 | [CRW_SST] coraltemp_v3.1_19941119.nc is MISSING. Will try to re-download.
2026-01-17 15:30:19,932 | [CRW_SST] coraltemp_v3.1_19941120.nc is MISSING. Will try to re-download.
2026-01-17 15:30:19,932 | [CRW_SST] coraltemp_v3.1_19941121.nc is MISSING. Will try to re-download.
2026-01-17 15:30:19,932 | [CRW_SST] coraltemp_v3.1_19941122.nc is MISSING. Will try to re-download.
2026-01-17 15:30:19,932 | [CRW_SST] coraltemp_v3.1_19941123.nc is MISSING. Will try to re-download.
2026-01-17 15:30:19,933 | [CRW_SST] coraltemp_v3.1_19941124.nc is MISSING. Will try to re-download.
2026-01-17 15:30:19,934 | [CRW_SST] coraltemp_v3.1_19941125.nc is MISSING. Will try to re-download.
2026-01-17 15:30:19,934 | [CRW_SST] coraltemp_v3.1_19941126.nc is MISSING. Will try to re-download.
2026-01-17 15:30:19,934 | [CRW_SST] coraltemp_v3.1_19941127.nc is MISSING. Will try to re-download.
2026-01-17 15:30:19,934 | [CRW_SST] coraltemp_v3.1_19941128.nc is MISSING. Will try to re-download.
2026-01-17 15:30:19,934 | [CRW_SST] coraltemp_v3.1_19941129.nc is MISSING. Will try to re-download.
2026-01-17 15:30:19,936 | [CRW_SST] coraltemp_v3.1_19941130.nc is MISSING. Will try to re-download.
2026-01-17 15:30:19,936 | [CRW_SST] coraltemp_v3.1_19941211.nc is MISSING. Will try to re-download.
2026-01-17 15:30:19,938 | [CRW_SST] coraltemp_v3.1_19950110.nc is MISSING. Will try to re-download.
2026-01-17 15:30:19,938 | [CRW_SST] coraltemp_v3.1_19950111.nc is MISSING. Will try to re-download.
2026-01-17 15:30:19,939 | [CRW_SST] coraltemp_v3.1_19950112.nc is MISSING. Will try to re-download.
2026-01-17 15:30:19,939 | [CRW_SST] coraltemp_v3.1_19950113.nc is MISSING. Will try to re-download.
2026-01-17 15:30:19,939 | [CRW_SST] coraltemp_v3.1_19950114.nc is MISSING. Will try to re-download.
2026-01-17 15:30:19,940 | [CRW_SST] coraltemp_v3.1_19950115.nc is MISSING. Will try to re-download.
2026-01-17 15:30:19,940 | [CRW_SST] coraltemp_v3.1_19950116.nc is MISSING. Will try to re-download.
2026-01-17 15:30:19,943 | [CRW_SST] coraltemp_v3.1_19950117.nc is MISSING. Will try to re-download.
2026-01-17 15:30:19,943 | [CRW_SST] coraltemp_v3.1_19950118.nc is MISSING. Will try to re-download.
2026-01-17 15:30:19,943 | [CRW_SST] coraltemp_v3.1_19950119.nc is MISSING. Will try to re-download.
2026-01-17 15:30:19,943 | [CRW_SST] coraltemp_v3.1_19950211.nc is MISSING. Will try to re-download.
2026-01-17 15:30:19,944 | [CRW_SST] coraltemp_v3.1_19950311.nc is MISSING. Will try to re-download.
2026-01-17 15:30:19,944 | [CRW_SST] coraltemp_v3.1_19950411.nc is MISSING. Will try to re-download.
2026-01-17 15:30:19,944 | [CRW_SST] coraltemp_v3.1_19950511.nc is MISSING. Will try to re-download.
2026-01-17 15:30:19,944 | [CRW_SST] coraltemp_v3.1_19950611.nc is MISSING. Will try to re-download.
2026-01-17 15:30:19,946 | [CRW_SST] coraltemp_v3.1_19950711.nc is MISSING. Will try to re-download.
2026-01-17 15:30:19,947 | [CRW_SST] coraltemp_v3.1_19950811.nc is MISSING. Will try to re-download.
2026-01-17 15:30:19,947 | [CRW_SST] coraltemp_v3.1_19950911.nc is MISSING. Will try to re-download.
2026-01-17 15:30:19,947 | [CRW_SST] coraltemp_v3.1_19951011.nc is MISSING. Will try to re-download.
2026-01-17 15:30:19,947 | [CRW_SST] coraltemp_v3.1_19951101.nc is MISSING. Will try to re-download.
2026-01-17 15:30:19,949 | [CRW_SST] coraltemp_v3.1_19951102.nc is MISSING. Will try to re-download.
2026-01-17 15:30:19,950 | [CRW_SST] coraltemp_v3.1_19951103.nc is MISSING. Will try to re-download.
2026-01-17 15:30:19,950 | [CRW_SST] coraltemp_v3.1_19951104.nc is MISSING. Will try to re-download.
2026-01-17 15:30:19,950 | [CRW_SST] coraltemp_v3.1_19951105.nc is MISSING. Will try to re-download.
2026-01-17 15:30:19,950 | [CRW_SST] coraltemp_v3.1_19951106.nc is MISSING. Will try to re-download.
2026-01-17 15:30:19,950 | [CRW_SST] coraltemp_v3.1_19951107.nc is MISSING. Will try to re-download.
2026-01-17 15:30:19,950 | [CRW_SST] coraltemp_v3.1_19951108.nc is MISSING. Will try to re-download.
2026-01-17 15:30:19,950 | [CRW_SST] coraltemp_v3.1_19951109.nc is MISSING. Will try to re-download.
2026-01-17 15:30:19,953 | [CRW_SST] coraltemp_v3.1_19951110.nc is MISSING. Will try to re-download.
2026-01-17 15:30:19,953 | [CRW_SST] coraltemp_v3.1_19951111.nc is MISSING. Will try to re-download.
2026-01-17 15:30:19,953 | [CRW_SST] coraltemp_v3.1_19951112.nc is MISSING. Will try to re-download.
2026-01-17 15:30:19,953 | [CRW_SST] coraltemp_v3.1_19951113.nc is MISSING. Will try to re-download.
2026-01-17 15:30:19,953 | [CRW_SST] coraltemp_v3.1_19951114.nc is MISSING. Will try to re-download.
2026-01-17 15:30:19,953 | [CRW_SST] coraltemp_v3.1_19951115.nc is MISSING. Will try to re-download.
2026-01-17 15:30:19,953 | [CRW_SST] coraltemp_v3.1_19951116.nc is MISSING. Will try to re-download.
2026-01-17 15:30:19,953 | [CRW_SST] coraltemp_v3.1_19951117.nc is MISSING. Will try to re-download.
2026-01-17 15:30:19,959 | [CRW_SST] coraltemp_v3.1_19951118.nc is MISSING. Will try to re-download.
2026-01-17 15:30:19,959 | [CRW_SST] coraltemp_v3.1_19951119.nc is MISSING. Will try to re-download.
2026-01-17 15:30:19,960 | [CRW_SST] coraltemp_v3.1_19951120.nc is MISSING. Will try to re-download.
2026-01-17 15:30:19,960 | [CRW_SST] coraltemp_v3.1_19951121.nc is MISSING. Will try to re-download.
2026-01-17 15:30:19,961 | [CRW_SST] coraltemp_v3.1_19951122.nc is MISSING. Will try to re-download.
2026-01-17 15:30:19,962 | [CRW_SST] coraltemp_v3.1_19951123.nc is MISSING. Will try to re-download.
2026-01-17 15:30:19,962 | [CRW_SST] coraltemp_v3.1_19951124.nc is MISSING. Will try to re-download.
2026-01-17 15:30:19,962 | [CRW_SST] coraltemp_v3.1_19951125.nc is MISSING. Will try to re-download.
2026-01-17 15:30:19,962 | [CRW_SST] coraltemp_v3.1_19951126.nc is MISSING. Will try to re-download.
2026-01-17 15:30:19,963 | [CRW_SST] coraltemp_v3.1_19951127.nc is MISSING. Will try to re-download.
2026-01-17 15:30:19,963 | [CRW_SST] coraltemp_v3.1_19951128.nc is MISSING. Will try to re-download.
2026-01-17 15:30:19,964 | [CRW_SST] coraltemp_v3.1_19951129.nc is MISSING. Will try to re-download.
2026-01-17 15:30:19,964 | [CRW_SST] coraltemp_v3.1_19951130.nc is MISSING. Will try to re-download.
2026-01-17 15:30:19,964 | [CRW_SST] coraltemp_v3.1_19951211.nc is MISSING. Will try to re-download.
2026-01-17 15:30:19,964 | [CRW_SST] coraltemp_v3.1_19960110.nc is MISSING. Will try to re-download.
2026-01-17 15:30:19,966 | [CRW_SST] coraltemp_v3.1_19960111.nc is MISSING. Will try to re-download.
2026-01-17 15:30:19,966 | [CRW_SST] coraltemp_v3.1_19960112.nc is MISSING. Will try to re-download.
2026-01-17 15:30:19,968 | [CRW_SST] coraltemp_v3.1_19960113.nc is MISSING. Will try to re-download.
2026-01-17 15:30:19,968 | [CRW_SST] coraltemp_v3.1_19960114.nc is MISSING. Will try to re-download.
2026-01-17 15:30:19,968 | [CRW_SST] coraltemp_v3.1_19960115.nc is MISSING. Will try to re-download.
2026-01-17 15:30:19,969 | [CRW_SST] coraltemp_v3.1_19960116.nc is MISSING. Will try to re-download.
2026-01-17 15:30:19,969 | [CRW_SST] coraltemp_v3.1_19960117.nc is MISSING. Will try to re-download.
2026-01-17 15:30:19,969 | [CRW_SST] coraltemp_v3.1_19960118.nc is MISSING. Will try to re-download.
2026-01-17 15:30:19,969 | [CRW_SST] coraltemp_v3.1_19960119.nc is MISSING. Will try to re-download.
2026-01-17 15:30:19,969 | [CRW_SST] coraltemp_v3.1_19960211.nc is MISSING. Will try to re-download.
2026-01-17 15:30:19,969 | [CRW_SST] coraltemp_v3.1_19960311.nc is MISSING. Will try to re-download.
2026-01-17 15:30:19,969 | [CRW_SST] coraltemp_v3.1_19960411.nc is MISSING. Will try to re-download.
2026-01-17 15:30:19,969 | [CRW_SST] coraltemp_v3.1_19960511.nc is MISSING. Will try to re-download.
2026-01-17 15:30:19,969 | [CRW_SST] coraltemp_v3.1_19960611.nc is MISSING. Will try to re-download.
2026-01-17 15:30:19,975 | [CRW_SST] coraltemp_v3.1_19960711.nc is MISSING. Will try to re-download.
2026-01-17 15:30:19,975 | [CRW_SST] coraltemp_v3.1_19960811.nc is MISSING. Will try to re-download.
2026-01-17 15:30:19,975 | [CRW_SST] coraltemp_v3.1_19960911.nc is MISSING. Will try to re-download.
2026-01-17 15:30:19,975 | [CRW_SST] coraltemp_v3.1_19961011.nc is MISSING. Will try to re-download.
2026-01-17 15:30:19,977 | [CRW_SST] coraltemp_v3.1_19961101.nc is MISSING. Will try to re-download.
2026-01-17 15:30:19,978 | [CRW_SST] coraltemp_v3.1_19961102.nc is MISSING. Will try to re-download.
2026-01-17 15:30:19,978 | [CRW_SST] coraltemp_v3.1_19961103.nc is MISSING. Will try to re-download.
2026-01-17 15:30:19,978 | [CRW_SST] coraltemp_v3.1_19961104.nc is MISSING. Will try to re-download.
2026-01-17 15:30:19,979 | [CRW_SST] coraltemp_v3.1_19961105.nc is MISSING. Will try to re-download.
2026-01-17 15:30:19,979 | [CRW_SST] coraltemp_v3.1_19961106.nc is MISSING. Will try to re-download.
2026-01-17 15:30:19,979 | [CRW_SST] coraltemp_v3.1_19961107.nc is MISSING. Will try to re-download.
2026-01-17 15:30:19,981 | [CRW_SST] coraltemp_v3.1_19961108.nc is MISSING. Will try to re-download.
2026-01-17 15:30:19,982 | [CRW_SST] coraltemp_v3.1_19961109.nc is MISSING. Will try to re-download.
2026-01-17 15:30:19,982 | [CRW_SST] coraltemp_v3.1_19961110.nc is MISSING. Will try to re-download.
2026-01-17 15:30:19,982 | [CRW_SST] coraltemp_v3.1_19961111.nc is MISSING. Will try to re-download.
2026-01-17 15:30:19,983 | [CRW_SST] coraltemp_v3.1_19961112.nc is MISSING. Will try to re-download.
2026-01-17 15:30:19,983 | [CRW_SST] coraltemp_v3.1_19961113.nc is MISSING. Will try to re-download.
2026-01-17 15:30:19,983 | [CRW_SST] coraltemp_v3.1_19961114.nc is MISSING. Will try to re-download.
2026-01-17 15:30:19,984 | [CRW_SST] coraltemp_v3.1_19961115.nc is MISSING. Will try to re-download.
2026-01-17 15:30:19,984 | [CRW_SST] coraltemp_v3.1_19961116.nc is MISSING. Will try to re-download.
2026-01-17 15:30:19,984 | [CRW_SST] coraltemp_v3.1_19961117.nc is MISSING. Will try to re-download.
2026-01-17 15:30:19,984 | [CRW_SST] coraltemp_v3.1_19961118.nc is MISSING. Will try to re-download.
2026-01-17 15:30:19,987 | [CRW_SST] coraltemp_v3.1_19961119.nc is MISSING. Will try to re-download.
2026-01-17 15:30:19,987 | [CRW_SST] coraltemp_v3.1_19961120.nc is MISSING. Will try to re-download.
2026-01-17 15:30:19,988 | [CRW_SST] coraltemp_v3.1_19961121.nc is MISSING. Will try to re-download.
2026-01-17 15:30:19,988 | [CRW_SST] coraltemp_v3.1_19961122.nc is MISSING. Will try to re-download.
2026-01-17 15:30:19,989 | [CRW_SST] coraltemp_v3.1_19961123.nc is MISSING. Will try to re-download.
2026-01-17 15:30:19,989 | [CRW_SST] coraltemp_v3.1_19961124.nc is MISSING. Will try to re-download.
2026-01-17 15:30:19,990 | [CRW_SST] coraltemp_v3.1_19961125.nc is MISSING. Will try to re-download.
2026-01-17 15:30:19,991 | [CRW_SST] coraltemp_v3.1_19961126.nc is MISSING. Will try to re-download.
2026-01-17 15:30:19,991 | [CRW_SST] coraltemp_v3.1_19961127.nc is MISSING. Will try to re-download.
2026-01-17 15:30:19,992 | [CRW_SST] coraltemp_v3.1_19961128.nc is MISSING. Will try to re-download.
2026-01-17 15:30:19,992 | [CRW_SST] coraltemp_v3.1_19961129.nc is MISSING. Will try to re-download.
2026-01-17 15:30:19,992 | [CRW_SST] coraltemp_v3.1_19961130.nc is MISSING. Will try to re-download.
2026-01-17 15:30:19,992 | [CRW_SST] coraltemp_v3.1_19961211.nc is MISSING. Will try to re-download.
2026-01-17 15:30:19,992 | [CRW_SST] coraltemp_v3.1_19970110.nc is MISSING. Will try to re-download.
2026-01-17 15:30:19,992 | [CRW_SST] coraltemp_v3.1_19970111.nc is MISSING. Will try to re-download.
2026-01-17 15:30:19,992 | [CRW_SST] coraltemp_v3.1_19970112.nc is MISSING. Will try to re-download.
2026-01-17 15:30:19,992 | [CRW_SST] coraltemp_v3.1_19970113.nc is MISSING. Will try to re-download.
2026-01-17 15:30:19,992 | [CRW_SST] coraltemp_v3.1_19970114.nc is MISSING. Will try to re-download.
2026-01-17 15:30:19,992 | [CRW_SST] coraltemp_v3.1_19970115.nc is MISSING. Will try to re-download.
2026-01-17 15:30:19,997 | [CRW_SST] coraltemp_v3.1_19970116.nc is MISSING. Will try to re-download.
2026-01-17 15:30:19,997 | [CRW_SST] coraltemp_v3.1_19970117.nc is MISSING. Will try to re-download.
2026-01-17 15:30:19,997 | [CRW_SST] coraltemp_v3.1_19970118.nc is MISSING. Will try to re-download.
2026-01-17 15:30:19,999 | [CRW_SST] coraltemp_v3.1_19970119.nc is MISSING. Will try to re-download.
2026-01-17 15:30:20,000 | [CRW_SST] coraltemp_v3.1_19970211.nc is MISSING. Will try to re-download.
2026-01-17 15:30:20,000 | [CRW_SST] coraltemp_v3.1_19970311.nc is MISSING. Will try to re-download.
2026-01-17 15:30:20,000 | [CRW_SST] coraltemp_v3.1_19970329.nc is MISSING. Will try to re-download.
2026-01-17 15:30:20,002 | [CRW_SST] coraltemp_v3.1_19970330.nc is MISSING. Will try to re-download.
2026-01-17 15:30:20,002 | [CRW_SST] coraltemp_v3.1_19970331.nc is MISSING. Will try to re-download.
2026-01-17 15:30:20,003 | [CRW_SST] coraltemp_v3.1_19970401.nc is MISSING. Will try to re-download.
2026-01-17 15:30:20,003 | [CRW_SST] coraltemp_v3.1_19970402.nc is MISSING. Will try to re-download.
2026-01-17 15:30:20,003 | [CRW_SST] coraltemp_v3.1_19970403.nc is MISSING. Will try to re-download.
2026-01-17 15:30:20,003 | [CRW_SST] coraltemp_v3.1_19970404.nc is MISSING. Will try to re-download.
2026-01-17 15:30:20,003 | [CRW_SST] coraltemp_v3.1_19970405.nc is MISSING. Will try to re-download.
2026-01-17 15:30:20,003 | [CRW_SST] coraltemp_v3.1_19970406.nc is MISSING. Will try to re-download.
2026-01-17 15:30:20,003 | [CRW_SST] coraltemp_v3.1_19970407.nc is MISSING. Will try to re-download.
2026-01-17 15:30:20,003 | [CRW_SST] coraltemp_v3.1_19970408.nc is MISSING. Will try to re-download.
2026-01-17 15:30:20,003 | [CRW_SST] coraltemp_v3.1_19970409.nc is MISSING. Will try to re-download.
2026-01-17 15:30:20,009 | [CRW_SST] coraltemp_v3.1_19970410.nc is MISSING. Will try to re-download.
2026-01-17 15:30:20,009 | [CRW_SST] coraltemp_v3.1_19970411.nc is MISSING. Will try to re-download.
2026-01-17 15:30:20,009 | [CRW_SST] coraltemp_v3.1_19970412.nc is MISSING. Will try to re-download.
2026-01-17 15:30:20,010 | [CRW_SST] coraltemp_v3.1_19970413.nc is MISSING. Will try to re-download.
2026-01-17 15:30:20,010 | [CRW_SST] coraltemp_v3.1_19970414.nc is MISSING. Will try to re-download.
2026-01-17 15:30:20,012 | [CRW_SST] coraltemp_v3.1_19970415.nc is MISSING. Will try to re-download.
2026-01-17 15:30:20,012 | [CRW_SST] coraltemp_v3.1_19970416.nc is MISSING. Will try to re-download.
2026-01-17 15:30:20,012 | [CRW_SST] coraltemp_v3.1_19970417.nc is MISSING. Will try to re-download.
2026-01-17 15:30:20,012 | [CRW_SST] coraltemp_v3.1_19970418.nc is MISSING. Will try to re-download.
2026-01-17 15:30:20,013 | [CRW_SST] coraltemp_v3.1_19970419.nc is MISSING. Will try to re-download.
2026-01-17 15:30:20,013 | [CRW_SST] coraltemp_v3.1_19970420.nc is MISSING. Will try to re-download.
2026-01-17 15:30:20,013 | [CRW_SST] coraltemp_v3.1_19970421.nc is MISSING. Will try to re-download.
2026-01-17 15:30:20,014 | [CRW_SST] coraltemp_v3.1_19970422.nc is MISSING. Will try to re-download.
2026-01-17 15:30:20,014 | [CRW_SST] coraltemp_v3.1_19970423.nc is MISSING. Will try to re-download.
2026-01-17 15:30:20,015 | [CRW_SST] coraltemp_v3.1_19970424.nc is MISSING. Will try to re-download.
2026-01-17 15:30:20,015 | [CRW_SST] coraltemp_v3.1_19970425.nc is MISSING. Will try to re-download.
2026-01-17 15:30:20,015 | [CRW_SST] coraltemp_v3.1_19970426.nc is MISSING. Will try to re-download.
2026-01-17 15:30:20,015 | [CRW_SST] coraltemp_v3.1_19970427.nc is MISSING. Will try to re-download.
2026-01-17 15:30:20,018 | [CRW_SST] coraltemp_v3.1_19970428.nc is MISSING. Will try to re-download.
2026-01-17 15:30:20,018 | [CRW_SST] coraltemp_v3.1_19970429.nc is MISSING. Will try to re-download.
2026-01-17 15:30:20,019 | [CRW_SST] coraltemp_v3.1_19970430.nc is MISSING. Will try to re-download.
2026-01-17 15:30:20,019 | [CRW_SST] coraltemp_v3.1_19970501.nc is MISSING. Will try to re-download.
2026-01-17 15:30:20,019 | [CRW_SST] coraltemp_v3.1_19970502.nc is MISSING. Will try to re-download.
2026-01-17 15:30:20,019 | [CRW_SST] coraltemp_v3.1_19970503.nc is MISSING. Will try to re-download.
2026-01-17 15:30:20,019 | [CRW_SST] coraltemp_v3.1_19970504.nc is MISSING. Will try to re-download.
2026-01-17 15:30:20,019 | [CRW_SST] coraltemp_v3.1_19970505.nc is MISSING. Will try to re-download.
2026-01-17 15:30:20,019 | [CRW_SST] coraltemp_v3.1_19970506.nc is MISSING. Will try to re-download.
2026-01-17 15:30:20,019 | [CRW_SST] coraltemp_v3.1_19970507.nc is MISSING. Will try to re-download.
2026-01-17 15:30:20,019 | [CRW_SST] coraltemp_v3.1_19970508.nc is MISSING. Will try to re-download.
2026-01-17 15:30:20,024 | [CRW_SST] coraltemp_v3.1_19970509.nc is MISSING. Will try to re-download.
2026-01-17 15:30:20,025 | [CRW_SST] coraltemp_v3.1_19970510.nc is MISSING. Will try to re-download.
2026-01-17 15:30:20,026 | [CRW_SST] coraltemp_v3.1_19970511.nc is MISSING. Will try to re-download.
2026-01-17 15:30:20,026 | [CRW_SST] coraltemp_v3.1_19970512.nc is MISSING. Will try to re-download.
2026-01-17 15:30:20,026 | [CRW_SST] coraltemp_v3.1_19970513.nc is MISSING. Will try to re-download.
2026-01-17 15:30:20,027 | [CRW_SST] coraltemp_v3.1_19970514.nc is MISSING. Will try to re-download.
2026-01-17 15:30:20,027 | [CRW_SST] coraltemp_v3.1_19970515.nc is MISSING. Will try to re-download.
2026-01-17 15:30:20,027 | [CRW_SST] coraltemp_v3.1_19970516.nc is MISSING. Will try to re-download.
2026-01-17 15:30:20,027 | [CRW_SST] coraltemp_v3.1_19970517.nc is MISSING. Will try to re-download.
2026-01-17 15:30:20,029 | [CRW_SST] coraltemp_v3.1_19970518.nc is MISSING. Will try to re-download.
2026-01-17 15:30:20,029 | [CRW_SST] coraltemp_v3.1_19970519.nc is MISSING. Will try to re-download.
2026-01-17 15:30:20,029 | [CRW_SST] coraltemp_v3.1_19970520.nc is MISSING. Will try to re-download.
2026-01-17 15:30:20,029 | [CRW_SST] coraltemp_v3.1_19970521.nc is MISSING. Will try to re-download.
2026-01-17 15:30:20,031 | [CRW_SST] coraltemp_v3.1_19970522.nc is MISSING. Will try to re-download.
2026-01-17 15:30:20,032 | [CRW_SST] coraltemp_v3.1_19970523.nc is MISSING. Will try to re-download.
2026-01-17 15:30:20,032 | [CRW_SST] coraltemp_v3.1_19970524.nc is MISSING. Will try to re-download.
2026-01-17 15:30:20,032 | [CRW_SST] coraltemp_v3.1_19970525.nc is MISSING. Will try to re-download.
2026-01-17 15:30:20,033 | [CRW_SST] coraltemp_v3.1_19970526.nc is MISSING. Will try to re-download.
2026-01-17 15:30:20,034 | [CRW_SST] coraltemp_v3.1_19970611.nc is MISSING. Will try to re-download.
2026-01-17 15:30:20,034 | [CRW_SST] coraltemp_v3.1_19970711.nc is MISSING. Will try to re-download.
2026-01-17 15:30:20,035 | [CRW_SST] coraltemp_v3.1_19970811.nc is MISSING. Will try to re-download.
2026-01-17 15:30:20,035 | [CRW_SST] coraltemp_v3.1_19970911.nc is MISSING. Will try to re-download.
2026-01-17 15:30:20,035 | [CRW_SST] coraltemp_v3.1_19971011.nc is MISSING. Will try to re-download.
2026-01-17 15:30:20,037 | [CRW_SST] coraltemp_v3.1_19971101.nc is MISSING. Will try to re-download.
2026-01-17 15:30:20,037 | [CRW_SST] coraltemp_v3.1_19971102.nc is MISSING. Will try to re-download.
2026-01-17 15:30:20,038 | [CRW_SST] coraltemp_v3.1_19971103.nc is MISSING. Will try to re-download.
2026-01-17 15:30:20,038 | [CRW_SST] coraltemp_v3.1_19971104.nc is MISSING. Will try to re-download.
2026-01-17 15:30:20,039 | [CRW_SST] coraltemp_v3.1_19971105.nc is MISSING. Will try to re-download.
2026-01-17 15:30:20,039 | [CRW_SST] coraltemp_v3.1_19971106.nc is MISSING. Will try to re-download.
2026-01-17 15:30:20,040 | [CRW_SST] coraltemp_v3.1_19971107.nc is MISSING. Will try to re-download.
2026-01-17 15:30:20,041 | [CRW_SST] coraltemp_v3.1_19971108.nc is MISSING. Will try to re-download.
2026-01-17 15:30:20,041 | [CRW_SST] coraltemp_v3.1_19971109.nc is MISSING. Will try to re-download.
2026-01-17 15:30:20,043 | [CRW_SST] coraltemp_v3.1_19971110.nc is MISSING. Will try to re-download.
2026-01-17 15:30:20,043 | [CRW_SST] coraltemp_v3.1_19971111.nc is MISSING. Will try to re-download.
2026-01-17 15:30:20,043 | [CRW_SST] coraltemp_v3.1_19971112.nc is MISSING. Will try to re-download.
2026-01-17 15:30:20,043 | [CRW_SST] coraltemp_v3.1_19971113.nc is MISSING. Will try to re-download.
2026-01-17 15:30:20,043 | [CRW_SST] coraltemp_v3.1_19971114.nc is MISSING. Will try to re-download.
2026-01-17 15:30:20,043 | [CRW_SST] coraltemp_v3.1_19971115.nc is MISSING. Will try to re-download.
2026-01-17 15:30:20,043 | [CRW_SST] coraltemp_v3.1_19971116.nc is MISSING. Will try to re-download.
2026-01-17 15:30:20,043 | [CRW_SST] coraltemp_v3.1_19971117.nc is MISSING. Will try to re-download.
2026-01-17 15:30:20,043 | [CRW_SST] coraltemp_v3.1_19971118.nc is MISSING. Will try to re-download.
2026-01-17 15:30:20,047 | [CRW_SST] coraltemp_v3.1_19971119.nc is MISSING. Will try to re-download.
2026-01-17 15:30:20,047 | [CRW_SST] coraltemp_v3.1_19971120.nc is MISSING. Will try to re-download.
2026-01-17 15:30:20,049 | [CRW_SST] coraltemp_v3.1_19971121.nc is MISSING. Will try to re-download.
2026-01-17 15:30:20,049 | [CRW_SST] coraltemp_v3.1_19971122.nc is MISSING. Will try to re-download.
2026-01-17 15:30:20,050 | [CRW_SST] coraltemp_v3.1_19971123.nc is MISSING. Will try to re-download.
2026-01-17 15:30:20,050 | [CRW_SST] coraltemp_v3.1_19971124.nc is MISSING. Will try to re-download.
2026-01-17 15:30:20,050 | [CRW_SST] coraltemp_v3.1_19971125.nc is MISSING. Will try to re-download.
2026-01-17 15:30:20,050 | [CRW_SST] coraltemp_v3.1_19971126.nc is MISSING. Will try to re-download.
2026-01-17 15:30:20,050 | [CRW_SST] coraltemp_v3.1_19971127.nc is MISSING. Will try to re-download.
2026-01-17 15:30:20,050 | [CRW_SST] coraltemp_v3.1_19971128.nc is MISSING. Will try to re-download.
2026-01-17 15:30:20,053 | [CRW_SST] coraltemp_v3.1_19971129.nc is MISSING. Will try to re-download.
2026-01-17 15:30:20,053 | [CRW_SST] coraltemp_v3.1_19971130.nc is MISSING. Will try to re-download.
2026-01-17 15:30:20,053 | [CRW_SST] coraltemp_v3.1_19971211.nc is MISSING. Will try to re-download.
2026-01-17 15:30:20,053 | [CRW_SST] coraltemp_v3.1_19980110.nc is MISSING. Will try to re-download.
2026-01-17 15:30:20,053 | [CRW_SST] coraltemp_v3.1_19980111.nc is MISSING. Will try to re-download.
2026-01-17 15:30:20,053 | [CRW_SST] coraltemp_v3.1_19980112.nc is MISSING. Will try to re-download.
2026-01-17 15:30:20,053 | [CRW_SST] coraltemp_v3.1_19980113.nc is MISSING. Will try to re-download.
2026-01-17 15:30:20,056 | [CRW_SST] coraltemp_v3.1_19980114.nc is MISSING. Will try to re-download.
2026-01-17 15:30:20,060 | [CRW_SST] coraltemp_v3.1_19980115.nc is MISSING. Will try to re-download.
2026-01-17 15:30:20,060 | [CRW_SST] coraltemp_v3.1_19980116.nc is MISSING. Will try to re-download.
2026-01-17 15:30:20,061 | [CRW_SST] coraltemp_v3.1_19980117.nc is MISSING. Will try to re-download.
2026-01-17 15:30:20,061 | [CRW_SST] coraltemp_v3.1_19980118.nc is MISSING. Will try to re-download.
2026-01-17 15:30:20,062 | [CRW_SST] coraltemp_v3.1_19980119.nc is MISSING. Will try to re-download.
2026-01-17 15:30:20,062 | [CRW_SST] coraltemp_v3.1_19980211.nc is MISSING. Will try to re-download.
2026-01-17 15:30:20,063 | [CRW_SST] coraltemp_v3.1_19980311.nc is MISSING. Will try to re-download.
2026-01-17 15:30:20,064 | [CRW_SST] coraltemp_v3.1_19980328.nc is MISSING. Will try to re-download.
2026-01-17 15:30:20,064 | [CRW_SST] coraltemp_v3.1_19980329.nc is MISSING. Will try to re-download.
2026-01-17 15:30:20,065 | [CRW_SST] coraltemp_v3.1_19980330.nc is MISSING. Will try to re-download.
2026-01-17 15:30:20,065 | [CRW_SST] coraltemp_v3.1_19980411.nc is MISSING. Will try to re-download.
2026-01-17 15:30:20,065 | [CRW_SST] coraltemp_v3.1_19980511.nc is MISSING. Will try to re-download.
2026-01-17 15:30:20,065 | [CRW_SST] coraltemp_v3.1_19980611.nc is MISSING. Will try to re-download.
2026-01-17 15:30:20,065 | [CRW_SST] coraltemp_v3.1_19980711.nc is MISSING. Will try to re-download.
2026-01-17 15:30:20,065 | [CRW_SST] coraltemp_v3.1_19980811.nc is MISSING. Will try to re-download.
2026-01-17 15:30:20,065 | [CRW_SST] coraltemp_v3.1_19980911.nc is MISSING. Will try to re-download.
2026-01-17 15:30:20,065 | [CRW_SST] coraltemp_v3.1_19981011.nc is MISSING. Will try to re-download.
2026-01-17 15:30:20,068 | [CRW_SST] coraltemp_v3.1_19981101.nc is MISSING. Will try to re-download.
2026-01-17 15:30:20,068 | [CRW_SST] coraltemp_v3.1_19981102.nc is MISSING. Will try to re-download.
2026-01-17 15:30:20,069 | [CRW_SST] coraltemp_v3.1_19981103.nc is MISSING. Will try to re-download.
2026-01-17 15:30:20,069 | [CRW_SST] coraltemp_v3.1_19981104.nc is MISSING. Will try to re-download.
2026-01-17 15:30:20,069 | [CRW_SST] coraltemp_v3.1_19981105.nc is MISSING. Will try to re-download.
2026-01-17 15:30:20,069 | [CRW_SST] coraltemp_v3.1_19981106.nc is MISSING. Will try to re-download.
2026-01-17 15:30:20,071 | [CRW_SST] coraltemp_v3.1_19981107.nc is MISSING. Will try to re-download.
2026-01-17 15:30:20,071 | [CRW_SST] coraltemp_v3.1_19981108.nc is MISSING. Will try to re-download.
2026-01-17 15:30:20,071 | [CRW_SST] coraltemp_v3.1_19981109.nc is MISSING. Will try to re-download.
2026-01-17 15:30:20,071 | [CRW_SST] coraltemp_v3.1_19981110.nc is MISSING. Will try to re-download.
2026-01-17 15:30:20,071 | [CRW_SST] coraltemp_v3.1_19981111.nc is MISSING. Will try to re-download.
2026-01-17 15:30:20,073 | [CRW_SST] coraltemp_v3.1_19981112.nc is MISSING. Will try to re-download.
2026-01-17 15:30:20,076 | [CRW_SST] coraltemp_v3.1_19981113.nc is MISSING. Will try to re-download.
2026-01-17 15:30:20,076 | [CRW_SST] coraltemp_v3.1_19981114.nc is MISSING. Will try to re-download.
2026-01-17 15:30:20,077 | [CRW_SST] coraltemp_v3.1_19981115.nc is MISSING. Will try to re-download.
2026-01-17 15:30:20,077 | [CRW_SST] coraltemp_v3.1_19981116.nc is MISSING. Will try to re-download.
2026-01-17 15:30:20,077 | [CRW_SST] coraltemp_v3.1_19981117.nc is MISSING. Will try to re-download.
2026-01-17 15:30:20,078 | [CRW_SST] coraltemp_v3.1_19981118.nc is MISSING. Will try to re-download.
2026-01-17 15:30:20,078 | [CRW_SST] coraltemp_v3.1_19981119.nc is MISSING. Will try to re-download.
2026-01-17 15:30:20,078 | [CRW_SST] coraltemp_v3.1_19981120.nc is MISSING. Will try to re-download.
2026-01-17 15:30:20,078 | [CRW_SST] coraltemp_v3.1_19981121.nc is MISSING. Will try to re-download.
2026-01-17 15:30:20,078 | [CRW_SST] coraltemp_v3.1_19981122.nc is MISSING. Will try to re-download.
2026-01-17 15:30:20,078 | [CRW_SST] coraltemp_v3.1_19981123.nc is MISSING. Will try to re-download.
2026-01-17 15:30:20,081 | [CRW_SST] coraltemp_v3.1_19981124.nc is MISSING. Will try to re-download.
2026-01-17 15:30:20,083 | [CRW_SST] coraltemp_v3.1_19981125.nc is MISSING. Will try to re-download.
2026-01-17 15:30:20,083 | [CRW_SST] coraltemp_v3.1_19981126.nc is MISSING. Will try to re-download.
2026-01-17 15:30:20,083 | [CRW_SST] coraltemp_v3.1_19981127.nc is MISSING. Will try to re-download.
2026-01-17 15:30:20,084 | [CRW_SST] coraltemp_v3.1_19981128.nc is MISSING. Will try to re-download.
2026-01-17 15:30:20,084 | [CRW_SST] coraltemp_v3.1_19981129.nc is MISSING. Will try to re-download.
2026-01-17 15:30:20,084 | [CRW_SST] coraltemp_v3.1_19981130.nc is MISSING. Will try to re-download.
2026-01-17 15:30:20,084 | [CRW_SST] coraltemp_v3.1_19981211.nc is MISSING. Will try to re-download.
2026-01-17 15:30:20,084 | [CRW_SST] coraltemp_v3.1_19990110.nc is MISSING. Will try to re-download.
2026-01-17 15:30:20,084 | [CRW_SST] coraltemp_v3.1_19990111.nc is MISSING. Will try to re-download.
2026-01-17 15:30:20,086 | [CRW_SST] coraltemp_v3.1_19990112.nc is MISSING. Will try to re-download.
2026-01-17 15:30:20,086 | [CRW_SST] coraltemp_v3.1_19990113.nc is MISSING. Will try to re-download.
2026-01-17 15:30:20,087 | [CRW_SST] coraltemp_v3.1_19990114.nc is MISSING. Will try to re-download.
2026-01-17 15:30:20,087 | [CRW_SST] coraltemp_v3.1_19990115.nc is MISSING. Will try to re-download.
2026-01-17 15:30:20,088 | [CRW_SST] coraltemp_v3.1_19990116.nc is MISSING. Will try to re-download.
2026-01-17 15:30:20,088 | [CRW_SST] coraltemp_v3.1_19990117.nc is MISSING. Will try to re-download.
2026-01-17 15:30:20,088 | [CRW_SST] coraltemp_v3.1_19990118.nc is MISSING. Will try to re-download.
2026-01-17 15:30:20,090 | [CRW_SST] coraltemp_v3.1_19990119.nc is MISSING. Will try to re-download.
2026-01-17 15:30:20,092 | [CRW_SST] coraltemp_v3.1_19990211.nc is MISSING. Will try to re-download.
2026-01-17 15:30:20,092 | [CRW_SST] coraltemp_v3.1_19990311.nc is MISSING. Will try to re-download.
2026-01-17 15:30:20,092 | [CRW_SST] coraltemp_v3.1_19990411.nc is MISSING. Will try to re-download.
2026-01-17 15:30:20,092 | [CRW_SST] coraltemp_v3.1_19990511.nc is MISSING. Will try to re-download.
2026-01-17 15:30:20,094 | [CRW_SST] coraltemp_v3.1_19990611.nc is MISSING. Will try to re-download.
2026-01-17 15:30:20,094 | [CRW_SST] coraltemp_v3.1_19990711.nc is MISSING. Will try to re-download.
2026-01-17 15:30:20,094 | [CRW_SST] coraltemp_v3.1_19990811.nc is MISSING. Will try to re-download.
2026-01-17 15:30:20,094 | [CRW_SST] coraltemp_v3.1_19990911.nc is MISSING. Will try to re-download.
2026-01-17 15:30:20,096 | [CRW_SST] coraltemp_v3.1_19991011.nc is MISSING. Will try to re-download.
2026-01-17 15:30:20,096 | [CRW_SST] coraltemp_v3.1_19991101.nc is MISSING. Will try to re-download.
2026-01-17 15:30:20,096 | [CRW_SST] coraltemp_v3.1_19991102.nc is MISSING. Will try to re-download.
2026-01-17 15:30:20,097 | [CRW_SST] coraltemp_v3.1_19991103.nc is MISSING. Will try to re-download.
2026-01-17 15:30:20,097 | [CRW_SST] coraltemp_v3.1_19991104.nc is MISSING. Will try to re-download.
2026-01-17 15:30:20,097 | [CRW_SST] coraltemp_v3.1_19991105.nc is MISSING. Will try to re-download.
2026-01-17 15:30:20,097 | [CRW_SST] coraltemp_v3.1_19991106.nc is MISSING. Will try to re-download.
2026-01-17 15:30:20,097 | [CRW_SST] coraltemp_v3.1_19991107.nc is MISSING. Will try to re-download.
2026-01-17 15:30:20,099 | [CRW_SST] coraltemp_v3.1_19991108.nc is MISSING. Will try to re-download.
2026-01-17 15:30:20,100 | [CRW_SST] coraltemp_v3.1_19991109.nc is MISSING. Will try to re-download.
2026-01-17 15:30:20,100 | [CRW_SST] coraltemp_v3.1_19991110.nc is MISSING. Will try to re-download.
2026-01-17 15:30:20,101 | [CRW_SST] coraltemp_v3.1_19991111.nc is MISSING. Will try to re-download.
2026-01-17 15:30:20,101 | [CRW_SST] coraltemp_v3.1_19991112.nc is MISSING. Will try to re-download.
2026-01-17 15:30:20,101 | [CRW_SST] coraltemp_v3.1_19991113.nc is MISSING. Will try to re-download.
2026-01-17 15:30:20,101 | [CRW_SST] coraltemp_v3.1_19991114.nc is MISSING. Will try to re-download.
2026-01-17 15:30:20,101 | [CRW_SST] coraltemp_v3.1_19991115.nc is MISSING. Will try to re-download.
2026-01-17 15:30:20,101 | [CRW_SST] coraltemp_v3.1_19991116.nc is MISSING. Will try to re-download.
2026-01-17 15:30:20,103 | [CRW_SST] coraltemp_v3.1_19991117.nc is MISSING. Will try to re-download.
2026-01-17 15:30:20,103 | [CRW_SST] coraltemp_v3.1_19991118.nc is MISSING. Will try to re-download.
2026-01-17 15:30:20,103 | [CRW_SST] coraltemp_v3.1_19991119.nc is MISSING. Will try to re-download.
2026-01-17 15:30:20,103 | [CRW_SST] coraltemp_v3.1_19991120.nc is MISSING. Will try to re-download.
2026-01-17 15:30:20,103 | [CRW_SST] coraltemp_v3.1_19991121.nc is MISSING. Will try to re-download.
2026-01-17 15:30:20,103 | [CRW_SST] coraltemp_v3.1_19991122.nc is MISSING. Will try to re-download.
2026-01-17 15:30:20,103 | [CRW_SST] coraltemp_v3.1_19991123.nc is MISSING. Will try to re-download.
2026-01-17 15:30:20,105 | [CRW_SST] coraltemp_v3.1_19991124.nc is MISSING. Will try to re-download.
2026-01-17 15:30:20,106 | [CRW_SST] coraltemp_v3.1_19991125.nc is MISSING. Will try to re-download.
2026-01-17 15:30:20,106 | [CRW_SST] coraltemp_v3.1_19991126.nc is MISSING. Will try to re-download.
2026-01-17 15:30:20,106 | [CRW_SST] coraltemp_v3.1_19991127.nc is MISSING. Will try to re-download.
2026-01-17 15:30:20,106 | [CRW_SST] coraltemp_v3.1_19991128.nc is MISSING. Will try to re-download.
2026-01-17 15:30:20,108 | [CRW_SST] coraltemp_v3.1_19991129.nc is MISSING. Will try to re-download.
2026-01-17 15:30:20,108 | [CRW_SST] coraltemp_v3.1_19991130.nc is MISSING. Will try to re-download.
2026-01-17 15:30:20,109 | [CRW_SST] coraltemp_v3.1_19991211.nc is MISSING. Will try to re-download.
2026-01-17 15:30:20,110 | [CRW_SST] coraltemp_v3.1_20000110.nc is MISSING. Will try to re-download.
2026-01-17 15:30:20,110 | [CRW_SST] coraltemp_v3.1_20000111.nc is MISSING. Will try to re-download.
2026-01-17 15:30:20,112 | [CRW_SST] coraltemp_v3.1_20000112.nc is MISSING. Will try to re-download.
2026-01-17 15:30:20,112 | [CRW_SST] coraltemp_v3.1_20000113.nc is MISSING. Will try to re-download.
2026-01-17 15:30:20,112 | [CRW_SST] coraltemp_v3.1_20000114.nc is MISSING. Will try to re-download.
2026-01-17 15:30:20,113 | [CRW_SST] coraltemp_v3.1_20000115.nc is MISSING. Will try to re-download.
2026-01-17 15:30:20,113 | [CRW_SST] coraltemp_v3.1_20000116.nc is MISSING. Will try to re-download.
2026-01-17 15:30:20,113 | [CRW_SST] coraltemp_v3.1_20000117.nc is MISSING. Will try to re-download.
2026-01-17 15:30:20,113 | [CRW_SST] coraltemp_v3.1_20000118.nc is MISSING. Will try to re-download.
2026-01-17 15:30:20,115 | [CRW_SST] coraltemp_v3.1_20000119.nc is MISSING. Will try to re-download.
2026-01-17 15:30:20,115 | [CRW_SST] coraltemp_v3.1_20000211.nc is MISSING. Will try to re-download.
2026-01-17 15:30:20,115 | [CRW_SST] coraltemp_v3.1_20000311.nc is MISSING. Will try to re-download.
2026-01-17 15:30:20,115 | [CRW_SST] coraltemp_v3.1_20000411.nc is MISSING. Will try to re-download.
2026-01-17 15:30:20,115 | [CRW_SST] coraltemp_v3.1_20000511.nc is MISSING. Will try to re-download.
2026-01-17 15:30:20,115 | [CRW_SST] coraltemp_v3.1_20000611.nc is MISSING. Will try to re-download.
2026-01-17 15:30:20,118 | [CRW_SST] coraltemp_v3.1_20000711.nc is MISSING. Will try to re-download.
2026-01-17 15:30:20,118 | [CRW_SST] coraltemp_v3.1_20000811.nc is MISSING. Will try to re-download.
2026-01-17 15:30:20,119 | [CRW_SST] coraltemp_v3.1_20000911.nc is MISSING. Will try to re-download.
2026-01-17 15:30:20,119 | [CRW_SST] coraltemp_v3.1_20001011.nc is MISSING. Will try to re-download.
2026-01-17 15:30:20,119 | [CRW_SST] coraltemp_v3.1_20001101.nc is MISSING. Will try to re-download.
2026-01-17 15:30:20,119 | [CRW_SST] coraltemp_v3.1_20001102.nc is MISSING. Will try to re-download.
2026-01-17 15:30:20,119 | [CRW_SST] coraltemp_v3.1_20001103.nc is MISSING. Will try to re-download.
2026-01-17 15:30:20,121 | [CRW_SST] coraltemp_v3.1_20001104.nc is MISSING. Will try to re-download.
2026-01-17 15:30:20,121 | [CRW_SST] coraltemp_v3.1_20001105.nc is MISSING. Will try to re-download.
2026-01-17 15:30:20,121 | [CRW_SST] coraltemp_v3.1_20001106.nc is MISSING. Will try to re-download.
2026-01-17 15:30:20,121 | [CRW_SST] coraltemp_v3.1_20001107.nc is MISSING. Will try to re-download.
2026-01-17 15:30:20,121 | [CRW_SST] coraltemp_v3.1_20001108.nc is MISSING. Will try to re-download.
2026-01-17 15:30:20,124 | [CRW_SST] coraltemp_v3.1_20001109.nc is MISSING. Will try to re-download.
2026-01-17 15:30:20,125 | [CRW_SST] coraltemp_v3.1_20001110.nc is MISSING. Will try to re-download.
2026-01-17 15:30:20,126 | [CRW_SST] coraltemp_v3.1_20001111.nc is MISSING. Will try to re-download.
2026-01-17 15:30:20,126 | [CRW_SST] coraltemp_v3.1_20001112.nc is MISSING. Will try to re-download.
2026-01-17 15:30:20,127 | [CRW_SST] coraltemp_v3.1_20001113.nc is MISSING. Will try to re-download.
2026-01-17 15:30:20,127 | [CRW_SST] coraltemp_v3.1_20001114.nc is MISSING. Will try to re-download.
2026-01-17 15:30:20,127 | [CRW_SST] coraltemp_v3.1_20001115.nc is MISSING. Will try to re-download.
2026-01-17 15:30:20,129 | [CRW_SST] coraltemp_v3.1_20001116.nc is MISSING. Will try to re-download.
2026-01-17 15:30:20,129 | [CRW_SST] coraltemp_v3.1_20001117.nc is MISSING. Will try to re-download.
2026-01-17 15:30:20,129 | [CRW_SST] coraltemp_v3.1_20001118.nc is MISSING. Will try to re-download.
2026-01-17 15:30:20,129 | [CRW_SST] coraltemp_v3.1_20001119.nc is MISSING. Will try to re-download.
2026-01-17 15:30:20,131 | [CRW_SST] coraltemp_v3.1_20001120.nc is MISSING. Will try to re-download.
2026-01-17 15:30:20,131 | [CRW_SST] coraltemp_v3.1_20001121.nc is MISSING. Will try to re-download.
2026-01-17 15:30:20,132 | [CRW_SST] coraltemp_v3.1_20001122.nc is MISSING. Will try to re-download.
2026-01-17 15:30:20,132 | [CRW_SST] coraltemp_v3.1_20001123.nc is MISSING. Will try to re-download.
2026-01-17 15:30:20,132 | [CRW_SST] coraltemp_v3.1_20001124.nc is MISSING. Will try to re-download.
2026-01-17 15:30:20,132 | [CRW_SST] coraltemp_v3.1_20001125.nc is MISSING. Will try to re-download.
2026-01-17 15:30:20,134 | [CRW_SST] coraltemp_v3.1_20001126.nc is MISSING. Will try to re-download.
2026-01-17 15:30:20,134 | [CRW_SST] coraltemp_v3.1_20001127.nc is MISSING. Will try to re-download.
2026-01-17 15:30:20,134 | [CRW_SST] coraltemp_v3.1_20001128.nc is MISSING. Will try to re-download.
2026-01-17 15:30:20,134 | [CRW_SST] coraltemp_v3.1_20001129.nc is MISSING. Will try to re-download.
2026-01-17 15:30:20,134 | [CRW_SST] coraltemp_v3.1_20001130.nc is MISSING. Will try to re-download.
2026-01-17 15:30:20,134 | [CRW_SST] coraltemp_v3.1_20001211.nc is MISSING. Will try to re-download.
2026-01-17 15:30:20,137 | [CRW_SST] coraltemp_v3.1_20010110.nc is MISSING. Will try to re-download.
2026-01-17 15:30:20,137 | [CRW_SST] coraltemp_v3.1_20010111.nc is MISSING. Will try to re-download.
2026-01-17 15:30:20,137 | [CRW_SST] coraltemp_v3.1_20010112.nc is MISSING. Will try to re-download.
2026-01-17 15:30:20,138 | [CRW_SST] coraltemp_v3.1_20010113.nc is MISSING. Will try to re-download.
2026-01-17 15:30:20,138 | [CRW_SST] coraltemp_v3.1_20010114.nc is MISSING. Will try to re-download.
2026-01-17 15:30:20,139 | [CRW_SST] coraltemp_v3.1_20010115.nc is MISSING. Will try to re-download.
2026-01-17 15:30:20,139 | [CRW_SST] coraltemp_v3.1_20010116.nc is MISSING. Will try to re-download.
2026-01-17 15:30:20,139 | [CRW_SST] coraltemp_v3.1_20010117.nc is MISSING. Will try to re-download.
2026-01-17 15:30:20,143 | [CRW_SST] coraltemp_v3.1_20010118.nc is MISSING. Will try to re-download.
2026-01-17 15:30:20,144 | [CRW_SST] coraltemp_v3.1_20010119.nc is MISSING. Will try to re-download.
2026-01-17 15:30:20,144 | [CRW_SST] coraltemp_v3.1_20010211.nc is MISSING. Will try to re-download.
2026-01-17 15:30:20,144 | [CRW_SST] coraltemp_v3.1_20010311.nc is MISSING. Will try to re-download.
2026-01-17 15:30:20,144 | [CRW_SST] coraltemp_v3.1_20010411.nc is MISSING. Will try to re-download.
2026-01-17 15:30:20,144 | [CRW_SST] coraltemp_v3.1_20010511.nc is MISSING. Will try to re-download.
2026-01-17 15:30:20,147 | [CRW_SST] coraltemp_v3.1_20010611.nc is MISSING. Will try to re-download.
2026-01-17 15:30:20,147 | [CRW_SST] coraltemp_v3.1_20010711.nc is MISSING. Will try to re-download.
2026-01-17 15:30:20,147 | [CRW_SST] coraltemp_v3.1_20010811.nc is MISSING. Will try to re-download.
2026-01-17 15:30:20,149 | [CRW_SST] coraltemp_v3.1_20010911.nc is MISSING. Will try to re-download.
2026-01-17 15:30:20,149 | [CRW_SST] coraltemp_v3.1_20011001.nc is MISSING. Will try to re-download.
2026-01-17 15:30:20,150 | [CRW_SST] coraltemp_v3.1_20011002.nc is MISSING. Will try to re-download.
2026-01-17 15:30:20,150 | [CRW_SST] coraltemp_v3.1_20011003.nc is MISSING. Will try to re-download.
2026-01-17 15:30:20,150 | [CRW_SST] coraltemp_v3.1_20011004.nc is MISSING. Will try to re-download.
2026-01-17 15:30:20,150 | [CRW_SST] coraltemp_v3.1_20011005.nc is MISSING. Will try to re-download.
2026-01-17 15:30:20,150 | [CRW_SST] coraltemp_v3.1_20011006.nc is MISSING. Will try to re-download.
2026-01-17 15:30:20,150 | [CRW_SST] coraltemp_v3.1_20011007.nc is MISSING. Will try to re-download.
2026-01-17 15:30:20,150 | [CRW_SST] coraltemp_v3.1_20011008.nc is MISSING. Will try to re-download.
2026-01-17 15:30:20,150 | [CRW_SST] coraltemp_v3.1_20011009.nc is MISSING. Will try to re-download.
2026-01-17 15:30:20,153 | [CRW_SST] coraltemp_v3.1_20011010.nc is MISSING. Will try to re-download.
2026-01-17 15:30:20,153 | [CRW_SST] coraltemp_v3.1_20011011.nc is MISSING. Will try to re-download.
2026-01-17 15:30:20,153 | [CRW_SST] coraltemp_v3.1_20011012.nc is MISSING. Will try to re-download.
2026-01-17 15:30:20,153 | [CRW_SST] coraltemp_v3.1_20011013.nc is MISSING. Will try to re-download.
2026-01-17 15:30:20,153 | [CRW_SST] coraltemp_v3.1_20011014.nc is MISSING. Will try to re-download.
2026-01-17 15:30:20,155 | [CRW_SST] coraltemp_v3.1_20011015.nc is MISSING. Will try to re-download.
2026-01-17 15:30:20,155 | [CRW_SST] coraltemp_v3.1_20011016.nc is MISSING. Will try to re-download.
2026-01-17 15:30:20,155 | [CRW_SST] coraltemp_v3.1_20011017.nc is MISSING. Will try to re-download.
2026-01-17 15:30:20,155 | [CRW_SST] coraltemp_v3.1_20011018.nc is MISSING. Will try to re-download.
2026-01-17 15:30:20,155 | [CRW_SST] coraltemp_v3.1_20011019.nc is MISSING. Will try to re-download.
2026-01-17 15:30:20,157 | [CRW_SST] coraltemp_v3.1_20011020.nc is MISSING. Will try to re-download.
2026-01-17 15:30:20,159 | [CRW_SST] coraltemp_v3.1_20011021.nc is MISSING. Will try to re-download.
2026-01-17 15:30:20,159 | [CRW_SST] coraltemp_v3.1_20011022.nc is MISSING. Will try to re-download.
2026-01-17 15:30:20,160 | [CRW_SST] coraltemp_v3.1_20011023.nc is MISSING. Will try to re-download.
2026-01-17 15:30:20,161 | [CRW_SST] coraltemp_v3.1_20011024.nc is MISSING. Will try to re-download.
2026-01-17 15:30:20,161 | [CRW_SST] coraltemp_v3.1_20011025.nc is MISSING. Will try to re-download.
2026-01-17 15:30:20,162 | [CRW_SST] coraltemp_v3.1_20011026.nc is MISSING. Will try to re-download.
2026-01-17 15:30:20,163 | [CRW_SST] coraltemp_v3.1_20011027.nc is MISSING. Will try to re-download.
2026-01-17 15:30:20,163 | [CRW_SST] coraltemp_v3.1_20011028.nc is MISSING. Will try to re-download.
2026-01-17 15:30:20,163 | [CRW_SST] coraltemp_v3.1_20011029.nc is MISSING. Will try to re-download.
2026-01-17 15:30:20,163 | [CRW_SST] coraltemp_v3.1_20011030.nc is MISSING. Will try to re-download.
2026-01-17 15:30:20,164 | [CRW_SST] coraltemp_v3.1_20011031.nc is MISSING. Will try to re-download.
2026-01-17 15:30:20,164 | [CRW_SST] coraltemp_v3.1_20011101.nc is MISSING. Will try to re-download.
2026-01-17 15:30:20,164 | [CRW_SST] coraltemp_v3.1_20011102.nc is MISSING. Will try to re-download.
2026-01-17 15:30:20,164 | [CRW_SST] coraltemp_v3.1_20011103.nc is MISSING. Will try to re-download.
2026-01-17 15:30:20,166 | [CRW_SST] coraltemp_v3.1_20011104.nc is MISSING. Will try to re-download.
2026-01-17 15:30:20,166 | [CRW_SST] coraltemp_v3.1_20011105.nc is MISSING. Will try to re-download.
2026-01-17 15:30:20,167 | [CRW_SST] coraltemp_v3.1_20011106.nc is MISSING. Will try to re-download.
2026-01-17 15:30:20,167 | [CRW_SST] coraltemp_v3.1_20011107.nc is MISSING. Will try to re-download.
2026-01-17 15:30:20,167 | [CRW_SST] coraltemp_v3.1_20011108.nc is MISSING. Will try to re-download.
2026-01-17 15:30:20,167 | [CRW_SST] coraltemp_v3.1_20011109.nc is MISSING. Will try to re-download.
2026-01-17 15:30:20,169 | [CRW_SST] coraltemp_v3.1_20011110.nc is MISSING. Will try to re-download.
2026-01-17 15:30:20,169 | [CRW_SST] coraltemp_v3.1_20011111.nc is MISSING. Will try to re-download.
2026-01-17 15:30:20,169 | [CRW_SST] coraltemp_v3.1_20011112.nc is MISSING. Will try to re-download.
2026-01-17 15:30:20,169 | [CRW_SST] coraltemp_v3.1_20011113.nc is MISSING. Will try to re-download.
2026-01-17 15:30:20,169 | [CRW_SST] coraltemp_v3.1_20011114.nc is MISSING. Will try to re-download.
2026-01-17 15:30:20,169 | [CRW_SST] coraltemp_v3.1_20011115.nc is MISSING. Will try to re-download.
2026-01-17 15:30:20,169 | [CRW_SST] coraltemp_v3.1_20011116.nc is MISSING. Will try to re-download.
2026-01-17 15:30:20,169 | [CRW_SST] coraltemp_v3.1_20011117.nc is MISSING. Will try to re-download.
2026-01-17 15:30:20,173 | [CRW_SST] coraltemp_v3.1_20011118.nc is MISSING. Will try to re-download.
2026-01-17 15:30:20,173 | [CRW_SST] coraltemp_v3.1_20011119.nc is MISSING. Will try to re-download.
2026-01-17 15:30:20,173 | [CRW_SST] coraltemp_v3.1_20011120.nc is MISSING. Will try to re-download.
2026-01-17 15:30:20,175 | [CRW_SST] coraltemp_v3.1_20011121.nc is MISSING. Will try to re-download.
2026-01-17 15:30:20,177 | [CRW_SST] coraltemp_v3.1_20011122.nc is MISSING. Will try to re-download.
2026-01-17 15:30:20,178 | [CRW_SST] coraltemp_v3.1_20011123.nc is MISSING. Will try to re-download.
2026-01-17 15:30:20,178 | [CRW_SST] coraltemp_v3.1_20011124.nc is MISSING. Will try to re-download.
2026-01-17 15:30:20,178 | [CRW_SST] coraltemp_v3.1_20011125.nc is MISSING. Will try to re-download.
2026-01-17 15:30:20,178 | [CRW_SST] coraltemp_v3.1_20011126.nc is MISSING. Will try to re-download.
2026-01-17 15:30:20,178 | [CRW_SST] coraltemp_v3.1_20011127.nc is MISSING. Will try to re-download.
2026-01-17 15:30:20,179 | [CRW_SST] coraltemp_v3.1_20011128.nc is MISSING. Will try to re-download.
2026-01-17 15:30:20,179 | [CRW_SST] coraltemp_v3.1_20011129.nc is MISSING. Will try to re-download.
2026-01-17 15:30:20,180 | [CRW_SST] coraltemp_v3.1_20011130.nc is MISSING. Will try to re-download.
2026-01-17 15:30:20,180 | [CRW_SST] coraltemp_v3.1_20011201.nc is MISSING. Will try to re-download.
2026-01-17 15:30:20,181 | [CRW_SST] coraltemp_v3.1_20011202.nc is MISSING. Will try to re-download.
2026-01-17 15:30:20,181 | [CRW_SST] coraltemp_v3.1_20011203.nc is MISSING. Will try to re-download.
2026-01-17 15:30:20,181 | [CRW_SST] coraltemp_v3.1_20011204.nc is MISSING. Will try to re-download.
2026-01-17 15:30:20,182 | [CRW_SST] coraltemp_v3.1_20011205.nc is MISSING. Will try to re-download.
2026-01-17 15:30:20,183 | [CRW_SST] coraltemp_v3.1_20011206.nc is MISSING. Will try to re-download.
2026-01-17 15:30:20,183 | [CRW_SST] coraltemp_v3.1_20011207.nc is MISSING. Will try to re-download.
2026-01-17 15:30:20,183 | [CRW_SST] coraltemp_v3.1_20011208.nc is MISSING. Will try to re-download.
2026-01-17 15:30:20,184 | [CRW_SST] coraltemp_v3.1_20011209.nc is MISSING. Will try to re-download.
2026-01-17 15:30:20,184 | [CRW_SST] coraltemp_v3.1_20011210.nc is MISSING. Will try to re-download.
2026-01-17 15:30:20,184 | [CRW_SST] coraltemp_v3.1_20011211.nc is MISSING. Will try to re-download.
2026-01-17 15:30:20,184 | [CRW_SST] coraltemp_v3.1_20011212.nc is MISSING. Will try to re-download.
2026-01-17 15:30:20,184 | [CRW_SST] coraltemp_v3.1_20011213.nc is MISSING. Will try to re-download.
2026-01-17 15:30:20,184 | [CRW_SST] coraltemp_v3.1_20011214.nc is MISSING. Will try to re-download.
2026-01-17 15:30:20,184 | [CRW_SST] coraltemp_v3.1_20011215.nc is MISSING. Will try to re-download.
2026-01-17 15:30:20,184 | [CRW_SST] coraltemp_v3.1_20011216.nc is MISSING. Will try to re-download.
2026-01-17 15:30:20,184 | [CRW_SST] coraltemp_v3.1_20011217.nc is MISSING. Will try to re-download.
2026-01-17 15:30:20,187 | [CRW_SST] coraltemp_v3.1_20011218.nc is MISSING. Will try to re-download.
2026-01-17 15:30:20,187 | [CRW_SST] coraltemp_v3.1_20011219.nc is MISSING. Will try to re-download.
2026-01-17 15:30:20,188 | [CRW_SST] coraltemp_v3.1_20011220.nc is MISSING. Will try to re-download.
2026-01-17 15:30:20,188 | [CRW_SST] coraltemp_v3.1_20011221.nc is MISSING. Will try to re-download.
2026-01-17 15:30:20,188 | [CRW_SST] coraltemp_v3.1_20011222.nc is MISSING. Will try to re-download.
2026-01-17 15:30:20,189 | [CRW_SST] coraltemp_v3.1_20011223.nc is MISSING. Will try to re-download.
2026-01-17 15:30:20,189 | [CRW_SST] coraltemp_v3.1_20011224.nc is MISSING. Will try to re-download.
2026-01-17 15:30:20,189 | [CRW_SST] coraltemp_v3.1_20011225.nc is MISSING. Will try to re-download.
2026-01-17 15:30:20,190 | [CRW_SST] coraltemp_v3.1_20011226.nc is MISSING. Will try to re-download.
2026-01-17 15:30:20,191 | [CRW_SST] coraltemp_v3.1_20011227.nc is MISSING. Will try to re-download.
2026-01-17 15:30:20,191 | [CRW_SST] coraltemp_v3.1_20011228.nc is MISSING. Will try to re-download.
2026-01-17 15:30:20,191 | [CRW_SST] coraltemp_v3.1_20011229.nc is MISSING. Will try to re-download.
2026-01-17 15:30:20,191 | [CRW_SST] coraltemp_v3.1_20011230.nc is MISSING. Will try to re-download.
2026-01-17 15:30:20,191 | [CRW_SST] coraltemp_v3.1_20011231.nc is MISSING. Will try to re-download.
2026-01-17 15:30:20,191 | [CRW_SST] coraltemp_v3.1_20020110.nc is MISSING. Will try to re-download.
2026-01-17 15:30:20,194 | [CRW_SST] coraltemp_v3.1_20020111.nc is MISSING. Will try to re-download.
2026-01-17 15:30:20,194 | [CRW_SST] coraltemp_v3.1_20020112.nc is MISSING. Will try to re-download.
2026-01-17 15:30:20,194 | [CRW_SST] coraltemp_v3.1_20020113.nc is MISSING. Will try to re-download.
2026-01-17 15:30:20,194 | [CRW_SST] coraltemp_v3.1_20020114.nc is MISSING. Will try to re-download.
2026-01-17 15:30:20,197 | [CRW_SST] coraltemp_v3.1_20020115.nc is MISSING. Will try to re-download.
2026-01-17 15:30:20,197 | [CRW_SST] coraltemp_v3.1_20020116.nc is MISSING. Will try to re-download.
2026-01-17 15:30:20,198 | [CRW_SST] coraltemp_v3.1_20020117.nc is MISSING. Will try to re-download.
2026-01-17 15:30:20,198 | [CRW_SST] coraltemp_v3.1_20020118.nc is MISSING. Will try to re-download.
2026-01-17 15:30:20,199 | [CRW_SST] coraltemp_v3.1_20020119.nc is MISSING. Will try to re-download.
2026-01-17 15:30:20,199 | [CRW_SST] coraltemp_v3.1_20020211.nc is MISSING. Will try to re-download.
2026-01-17 15:30:20,199 | [CRW_SST] coraltemp_v3.1_20020311.nc is MISSING. Will try to re-download.
2026-01-17 15:30:20,200 | [CRW_SST] coraltemp_v3.1_20020411.nc is MISSING. Will try to re-download.
2026-01-17 15:30:20,200 | [CRW_SST] coraltemp_v3.1_20020511.nc is MISSING. Will try to re-download.
2026-01-17 15:30:20,200 | [CRW_SST] coraltemp_v3.1_20020611.nc is MISSING. Will try to re-download.
2026-01-17 15:30:20,200 | [CRW_SST] coraltemp_v3.1_20020711.nc is MISSING. Will try to re-download.
2026-01-17 15:30:20,200 | [CRW_SST] coraltemp_v3.1_20020811.nc is MISSING. Will try to re-download.
2026-01-17 15:30:20,200 | [CRW_SST] coraltemp_v3.1_20020911.nc is MISSING. Will try to re-download.
2026-01-17 15:30:20,200 | [CRW_SST] coraltemp_v3.1_20021011.nc is MISSING. Will try to re-download.
2026-01-17 15:30:20,203 | [CRW_SST] coraltemp_v3.1_20021101.nc is MISSING. Will try to re-download.
2026-01-17 15:30:20,203 | [CRW_SST] coraltemp_v3.1_20021102.nc is MISSING. Will try to re-download.
2026-01-17 15:30:20,203 | [CRW_SST] coraltemp_v3.1_20021103.nc is MISSING. Will try to re-download.
2026-01-17 15:30:20,203 | [CRW_SST] coraltemp_v3.1_20021104.nc is MISSING. Will try to re-download.
2026-01-17 15:30:20,203 | [CRW_SST] coraltemp_v3.1_20021105.nc is MISSING. Will try to re-download.
2026-01-17 15:30:20,203 | [CRW_SST] coraltemp_v3.1_20021106.nc is MISSING. Will try to re-download.
2026-01-17 15:30:20,206 | [CRW_SST] coraltemp_v3.1_20021107.nc is MISSING. Will try to re-download.
2026-01-17 15:30:20,206 | [CRW_SST] coraltemp_v3.1_20021108.nc is MISSING. Will try to re-download.
2026-01-17 15:30:20,206 | [CRW_SST] coraltemp_v3.1_20021109.nc is MISSING. Will try to re-download.
2026-01-17 15:30:20,206 | [CRW_SST] coraltemp_v3.1_20021110.nc is MISSING. Will try to re-download.
2026-01-17 15:30:20,206 | [CRW_SST] coraltemp_v3.1_20021111.nc is MISSING. Will try to re-download.
2026-01-17 15:30:20,206 | [CRW_SST] coraltemp_v3.1_20021112.nc is MISSING. Will try to re-download.
2026-01-17 15:30:20,208 | [CRW_SST] coraltemp_v3.1_20021113.nc is MISSING. Will try to re-download.
2026-01-17 15:30:20,209 | [CRW_SST] coraltemp_v3.1_20021114.nc is MISSING. Will try to re-download.
2026-01-17 15:30:20,209 | [CRW_SST] coraltemp_v3.1_20021115.nc is MISSING. Will try to re-download.
2026-01-17 15:30:20,210 | [CRW_SST] coraltemp_v3.1_20021116.nc is MISSING. Will try to re-download.
2026-01-17 15:30:20,210 | [CRW_SST] coraltemp_v3.1_20021117.nc is MISSING. Will try to re-download.
2026-01-17 15:30:20,210 | [CRW_SST] coraltemp_v3.1_20021118.nc is MISSING. Will try to re-download.
2026-01-17 15:30:20,211 | [CRW_SST] coraltemp_v3.1_20021119.nc is MISSING. Will try to re-download.
2026-01-17 15:30:20,212 | [CRW_SST] coraltemp_v3.1_20021120.nc is MISSING. Will try to re-download.
2026-01-17 15:30:20,212 | [CRW_SST] coraltemp_v3.1_20021121.nc is MISSING. Will try to re-download.
2026-01-17 15:30:20,212 | [CRW_SST] coraltemp_v3.1_20021122.nc is MISSING. Will try to re-download.
2026-01-17 15:30:20,213 | [CRW_SST] coraltemp_v3.1_20021123.nc is MISSING. Will try to re-download.
2026-01-17 15:30:20,214 | [CRW_SST] coraltemp_v3.1_20021124.nc is MISSING. Will try to re-download.
2026-01-17 15:30:20,214 | [CRW_SST] coraltemp_v3.1_20021125.nc is MISSING. Will try to re-download.
2026-01-17 15:30:20,215 | [CRW_SST] coraltemp_v3.1_20021126.nc is MISSING. Will try to re-download.
2026-01-17 15:30:20,215 | [CRW_SST] coraltemp_v3.1_20021127.nc is MISSING. Will try to re-download.
2026-01-17 15:30:20,215 | [CRW_SST] coraltemp_v3.1_20021128.nc is MISSING. Will try to re-download.
2026-01-17 15:30:20,215 | [CRW_SST] coraltemp_v3.1_20021129.nc is MISSING. Will try to re-download.
2026-01-17 15:30:20,215 | [CRW_SST] coraltemp_v3.1_20021130.nc is MISSING. Will try to re-download.
2026-01-17 15:30:20,218 | [CRW_SST] coraltemp_v3.1_20021211.nc is MISSING. Will try to re-download.
2026-01-17 15:30:20,218 | [CRW_SST] coraltemp_v3.1_20030110.nc is MISSING. Will try to re-download.
2026-01-17 15:30:20,218 | [CRW_SST] coraltemp_v3.1_20030111.nc is MISSING. Will try to re-download.
2026-01-17 15:30:20,219 | [CRW_SST] coraltemp_v3.1_20030112.nc is MISSING. Will try to re-download.
2026-01-17 15:30:20,219 | [CRW_SST] coraltemp_v3.1_20030113.nc is MISSING. Will try to re-download.
2026-01-17 15:30:20,219 | [CRW_SST] coraltemp_v3.1_20030114.nc is MISSING. Will try to re-download.
2026-01-17 15:30:20,219 | [CRW_SST] coraltemp_v3.1_20030115.nc is MISSING. Will try to re-download.
2026-01-17 15:30:20,219 | [CRW_SST] coraltemp_v3.1_20030116.nc is MISSING. Will try to re-download.
2026-01-17 15:30:20,221 | [CRW_SST] coraltemp_v3.1_20030117.nc is MISSING. Will try to re-download.
2026-01-17 15:30:20,221 | [CRW_SST] coraltemp_v3.1_20030118.nc is MISSING. Will try to re-download.
2026-01-17 15:30:20,221 | [CRW_SST] coraltemp_v3.1_20030119.nc is MISSING. Will try to re-download.
2026-01-17 15:30:20,221 | [CRW_SST] coraltemp_v3.1_20030211.nc is MISSING. Will try to re-download.
2026-01-17 15:30:20,221 | [CRW_SST] coraltemp_v3.1_20030311.nc is MISSING. Will try to re-download.
2026-01-17 15:30:20,224 | [CRW_SST] coraltemp_v3.1_20030411.nc is MISSING. Will try to re-download.
2026-01-17 15:30:20,225 | [CRW_SST] coraltemp_v3.1_20030511.nc is MISSING. Will try to re-download.
2026-01-17 15:30:20,225 | [CRW_SST] coraltemp_v3.1_20030611.nc is MISSING. Will try to re-download.
2026-01-17 15:30:20,225 | [CRW_SST] coraltemp_v3.1_20030711.nc is MISSING. Will try to re-download.
2026-01-17 15:30:20,225 | [CRW_SST] coraltemp_v3.1_20030811.nc is MISSING. Will try to re-download.
2026-01-17 15:30:20,226 | [CRW_SST] coraltemp_v3.1_20030911.nc is MISSING. Will try to re-download.
2026-01-17 15:30:20,226 | [CRW_SST] coraltemp_v3.1_20031011.nc is MISSING. Will try to re-download.
2026-01-17 15:30:20,226 | [CRW_SST] coraltemp_v3.1_20031101.nc is MISSING. Will try to re-download.
2026-01-17 15:30:20,228 | [CRW_SST] coraltemp_v3.1_20031102.nc is MISSING. Will try to re-download.
2026-01-17 15:30:20,228 | [CRW_SST] coraltemp_v3.1_20031103.nc is MISSING. Will try to re-download.
2026-01-17 15:30:20,228 | [CRW_SST] coraltemp_v3.1_20031104.nc is MISSING. Will try to re-download.
2026-01-17 15:30:20,229 | [CRW_SST] coraltemp_v3.1_20031105.nc is MISSING. Will try to re-download.
2026-01-17 15:30:20,230 | [CRW_SST] coraltemp_v3.1_20031106.nc is MISSING. Will try to re-download.
2026-01-17 15:30:20,230 | [CRW_SST] coraltemp_v3.1_20031107.nc is MISSING. Will try to re-download.
2026-01-17 15:30:20,230 | [CRW_SST] coraltemp_v3.1_20031108.nc is MISSING. Will try to re-download.
2026-01-17 15:30:20,231 | [CRW_SST] coraltemp_v3.1_20031109.nc is MISSING. Will try to re-download.
2026-01-17 15:30:20,232 | [CRW_SST] coraltemp_v3.1_20031110.nc is MISSING. Will try to re-download.
2026-01-17 15:30:20,232 | [CRW_SST] coraltemp_v3.1_20031111.nc is MISSING. Will try to re-download.
2026-01-17 15:30:20,232 | [CRW_SST] coraltemp_v3.1_20031112.nc is MISSING. Will try to re-download.
2026-01-17 15:30:20,232 | [CRW_SST] coraltemp_v3.1_20031113.nc is MISSING. Will try to re-download.
2026-01-17 15:30:20,233 | [CRW_SST] coraltemp_v3.1_20031114.nc is MISSING. Will try to re-download.
2026-01-17 15:30:20,234 | [CRW_SST] coraltemp_v3.1_20031115.nc is MISSING. Will try to re-download.
2026-01-17 15:30:20,234 | [CRW_SST] coraltemp_v3.1_20031116.nc is MISSING. Will try to re-download.
2026-01-17 15:30:20,235 | [CRW_SST] coraltemp_v3.1_20031117.nc is MISSING. Will try to re-download.
2026-01-17 15:30:20,235 | [CRW_SST] coraltemp_v3.1_20031118.nc is MISSING. Will try to re-download.
2026-01-17 15:30:20,235 | [CRW_SST] coraltemp_v3.1_20031119.nc is MISSING. Will try to re-download.
2026-01-17 15:30:20,235 | [CRW_SST] coraltemp_v3.1_20031120.nc is MISSING. Will try to re-download.
2026-01-17 15:30:20,236 | [CRW_SST] coraltemp_v3.1_20031121.nc is MISSING. Will try to re-download.
2026-01-17 15:30:20,236 | [CRW_SST] coraltemp_v3.1_20031122.nc is MISSING. Will try to re-download.
2026-01-17 15:30:20,237 | [CRW_SST] coraltemp_v3.1_20031123.nc is MISSING. Will try to re-download.
2026-01-17 15:30:20,238 | [CRW_SST] coraltemp_v3.1_20031124.nc is MISSING. Will try to re-download.
2026-01-17 15:30:20,239 | [CRW_SST] coraltemp_v3.1_20031125.nc is MISSING. Will try to re-download.
2026-01-17 15:30:20,239 | [CRW_SST] coraltemp_v3.1_20031126.nc is MISSING. Will try to re-download.
2026-01-17 15:30:20,240 | [CRW_SST] coraltemp_v3.1_20031127.nc is MISSING. Will try to re-download.
2026-01-17 15:30:20,240 | [CRW_SST] coraltemp_v3.1_20031128.nc is MISSING. Will try to re-download.
2026-01-17 15:30:20,242 | [CRW_SST] coraltemp_v3.1_20031129.nc is MISSING. Will try to re-download.
2026-01-17 15:30:20,242 | [CRW_SST] coraltemp_v3.1_20031130.nc is MISSING. Will try to re-download.
2026-01-17 15:30:20,243 | [CRW_SST] coraltemp_v3.1_20031211.nc is MISSING. Will try to re-download.
2026-01-17 15:30:20,243 | [CRW_SST] coraltemp_v3.1_20040110.nc is MISSING. Will try to re-download.
2026-01-17 15:30:20,243 | [CRW_SST] coraltemp_v3.1_20040111.nc is MISSING. Will try to re-download.
2026-01-17 15:30:20,243 | [CRW_SST] coraltemp_v3.1_20040112.nc is MISSING. Will try to re-download.
2026-01-17 15:30:20,243 | [CRW_SST] coraltemp_v3.1_20040113.nc is MISSING. Will try to re-download.
2026-01-17 15:30:20,243 | [CRW_SST] coraltemp_v3.1_20040114.nc is MISSING. Will try to re-download.
2026-01-17 15:30:20,245 | [CRW_SST] coraltemp_v3.1_20040115.nc is MISSING. Will try to re-download.
2026-01-17 15:30:20,245 | [CRW_SST] coraltemp_v3.1_20040116.nc is MISSING. Will try to re-download.
2026-01-17 15:30:20,245 | [CRW_SST] coraltemp_v3.1_20040117.nc is MISSING. Will try to re-download.
2026-01-17 15:30:20,247 | [CRW_SST] coraltemp_v3.1_20040118.nc is MISSING. Will try to re-download.
2026-01-17 15:30:20,247 | [CRW_SST] coraltemp_v3.1_20040119.nc is MISSING. Will try to re-download.
2026-01-17 15:30:20,247 | [CRW_SST] coraltemp_v3.1_20040211.nc is MISSING. Will try to re-download.
2026-01-17 15:30:20,247 | [CRW_SST] coraltemp_v3.1_20040311.nc is MISSING. Will try to re-download.
2026-01-17 15:30:20,249 | [CRW_SST] coraltemp_v3.1_20040411.nc is MISSING. Will try to re-download.
2026-01-17 15:30:20,250 | [CRW_SST] coraltemp_v3.1_20040511.nc is MISSING. Will try to re-download.
2026-01-17 15:30:20,250 | [CRW_SST] coraltemp_v3.1_20040611.nc is MISSING. Will try to re-download.
2026-01-17 15:30:20,250 | [CRW_SST] coraltemp_v3.1_20040711.nc is MISSING. Will try to re-download.
2026-01-17 15:30:20,250 | [CRW_SST] coraltemp_v3.1_20040811.nc is MISSING. Will try to re-download.
2026-01-17 15:30:20,250 | [CRW_SST] coraltemp_v3.1_20040911.nc is MISSING. Will try to re-download.
2026-01-17 15:30:20,250 | [CRW_SST] coraltemp_v3.1_20041011.nc is MISSING. Will try to re-download.
2026-01-17 15:30:20,250 | [CRW_SST] coraltemp_v3.1_20041101.nc is MISSING. Will try to re-download.
2026-01-17 15:30:20,253 | [CRW_SST] coraltemp_v3.1_20041102.nc is MISSING. Will try to re-download.
2026-01-17 15:30:20,253 | [CRW_SST] coraltemp_v3.1_20041103.nc is MISSING. Will try to re-download.
2026-01-17 15:30:20,253 | [CRW_SST] coraltemp_v3.1_20041104.nc is MISSING. Will try to re-download.
2026-01-17 15:30:20,253 | [CRW_SST] coraltemp_v3.1_20041105.nc is MISSING. Will try to re-download.
2026-01-17 15:30:20,253 | [CRW_SST] coraltemp_v3.1_20041106.nc is MISSING. Will try to re-download.
2026-01-17 15:30:20,253 | [CRW_SST] coraltemp_v3.1_20041107.nc is MISSING. Will try to re-download.
2026-01-17 15:30:20,253 | [CRW_SST] coraltemp_v3.1_20041108.nc is MISSING. Will try to re-download.
2026-01-17 15:30:20,253 | [CRW_SST] coraltemp_v3.1_20041109.nc is MISSING. Will try to re-download.
2026-01-17 15:30:20,253 | [CRW_SST] coraltemp_v3.1_20041110.nc is MISSING. Will try to re-download.
2026-01-17 15:30:20,253 | [CRW_SST] coraltemp_v3.1_20041111.nc is MISSING. Will try to re-download.
2026-01-17 15:30:20,253 | [CRW_SST] coraltemp_v3.1_20041112.nc is MISSING. Will try to re-download.
2026-01-17 15:30:20,258 | [CRW_SST] coraltemp_v3.1_20041113.nc is MISSING. Will try to re-download.
2026-01-17 15:30:20,259 | [CRW_SST] coraltemp_v3.1_20041114.nc is MISSING. Will try to re-download.
2026-01-17 15:30:20,259 | [CRW_SST] coraltemp_v3.1_20041115.nc is MISSING. Will try to re-download.
2026-01-17 15:30:20,259 | [CRW_SST] coraltemp_v3.1_20041116.nc is MISSING. Will try to re-download.
2026-01-17 15:30:20,259 | [CRW_SST] coraltemp_v3.1_20041117.nc is MISSING. Will try to re-download.
2026-01-17 15:30:20,260 | [CRW_SST] coraltemp_v3.1_20041118.nc is MISSING. Will try to re-download.
2026-01-17 15:30:20,260 | [CRW_SST] coraltemp_v3.1_20041119.nc is MISSING. Will try to re-download.
2026-01-17 15:30:20,260 | [CRW_SST] coraltemp_v3.1_20041120.nc is MISSING. Will try to re-download.
2026-01-17 15:30:20,260 | [CRW_SST] coraltemp_v3.1_20041121.nc is MISSING. Will try to re-download.
2026-01-17 15:30:20,262 | [CRW_SST] coraltemp_v3.1_20041122.nc is MISSING. Will try to re-download.
2026-01-17 15:30:20,263 | [CRW_SST] coraltemp_v3.1_20041123.nc is MISSING. Will try to re-download.
2026-01-17 15:30:20,263 | [CRW_SST] coraltemp_v3.1_20041124.nc is MISSING. Will try to re-download.
2026-01-17 15:30:20,264 | [CRW_SST] coraltemp_v3.1_20041125.nc is MISSING. Will try to re-download.
2026-01-17 15:30:20,264 | [CRW_SST] coraltemp_v3.1_20041126.nc is MISSING. Will try to re-download.
2026-01-17 15:30:20,264 | [CRW_SST] coraltemp_v3.1_20041127.nc is MISSING. Will try to re-download.
2026-01-17 15:30:20,264 | [CRW_SST] coraltemp_v3.1_20041128.nc is MISSING. Will try to re-download.
2026-01-17 15:30:20,266 | [CRW_SST] coraltemp_v3.1_20041129.nc is MISSING. Will try to re-download.
2026-01-17 15:30:20,266 | [CRW_SST] coraltemp_v3.1_20041130.nc is MISSING. Will try to re-download.
2026-01-17 15:30:20,266 | [CRW_SST] coraltemp_v3.1_20041211.nc is MISSING. Will try to re-download.
2026-01-17 15:30:20,267 | [CRW_SST] coraltemp_v3.1_20050110.nc is MISSING. Will try to re-download.
2026-01-17 15:30:20,267 | [CRW_SST] coraltemp_v3.1_20050111.nc is MISSING. Will try to re-download.
2026-01-17 15:30:20,269 | [CRW_SST] coraltemp_v3.1_20050112.nc is MISSING. Will try to re-download.
2026-01-17 15:30:20,269 | [CRW_SST] coraltemp_v3.1_20050113.nc is MISSING. Will try to re-download.
2026-01-17 15:30:20,269 | [CRW_SST] coraltemp_v3.1_20050114.nc is MISSING. Will try to re-download.
2026-01-17 15:30:20,269 | [CRW_SST] coraltemp_v3.1_20050115.nc is MISSING. Will try to re-download.
2026-01-17 15:30:20,269 | [CRW_SST] coraltemp_v3.1_20050116.nc is MISSING. Will try to re-download.
2026-01-17 15:30:20,269 | [CRW_SST] coraltemp_v3.1_20050117.nc is MISSING. Will try to re-download.
2026-01-17 15:30:20,269 | [CRW_SST] coraltemp_v3.1_20050118.nc is MISSING. Will try to re-download.
2026-01-17 15:30:20,269 | [CRW_SST] coraltemp_v3.1_20050119.nc is MISSING. Will try to re-download.
2026-01-17 15:30:20,269 | [CRW_SST] coraltemp_v3.1_20050211.nc is MISSING. Will try to re-download.
2026-01-17 15:30:20,269 | [CRW_SST] coraltemp_v3.1_20050311.nc is MISSING. Will try to re-download.
2026-01-17 15:30:20,274 | [CRW_SST] coraltemp_v3.1_20050411.nc is MISSING. Will try to re-download.
2026-01-17 15:30:20,274 | [CRW_SST] coraltemp_v3.1_20050511.nc is MISSING. Will try to re-download.
2026-01-17 15:30:20,274 | [CRW_SST] coraltemp_v3.1_20050611.nc is MISSING. Will try to re-download.
2026-01-17 15:30:20,275 | [CRW_SST] coraltemp_v3.1_20050711.nc is MISSING. Will try to re-download.
2026-01-17 15:30:20,275 | [CRW_SST] coraltemp_v3.1_20050811.nc is MISSING. Will try to re-download.
2026-01-17 15:30:20,275 | [CRW_SST] coraltemp_v3.1_20050911.nc is MISSING. Will try to re-download.
2026-01-17 15:30:20,276 | [CRW_SST] coraltemp_v3.1_20051011.nc is MISSING. Will try to re-download.
2026-01-17 15:30:20,276 | [CRW_SST] coraltemp_v3.1_20051101.nc is MISSING. Will try to re-download.
2026-01-17 15:30:20,276 | [CRW_SST] coraltemp_v3.1_20051102.nc is MISSING. Will try to re-download.
2026-01-17 15:30:20,277 | [CRW_SST] coraltemp_v3.1_20051103.nc is MISSING. Will try to re-download.
2026-01-17 15:30:20,277 | [CRW_SST] coraltemp_v3.1_20051104.nc is MISSING. Will try to re-download.
2026-01-17 15:30:20,277 | [CRW_SST] coraltemp_v3.1_20051105.nc is MISSING. Will try to re-download.
2026-01-17 15:30:20,277 | [CRW_SST] coraltemp_v3.1_20051106.nc is MISSING. Will try to re-download.
2026-01-17 15:30:20,277 | [CRW_SST] coraltemp_v3.1_20051107.nc is MISSING. Will try to re-download.
2026-01-17 15:30:20,277 | [CRW_SST] coraltemp_v3.1_20051108.nc is MISSING. Will try to re-download.
2026-01-17 15:30:20,281 | [CRW_SST] coraltemp_v3.1_20051109.nc is MISSING. Will try to re-download.
2026-01-17 15:30:20,281 | [CRW_SST] coraltemp_v3.1_20051110.nc is MISSING. Will try to re-download.
2026-01-17 15:30:20,281 | [CRW_SST] coraltemp_v3.1_20051111.nc is MISSING. Will try to re-download.
2026-01-17 15:30:20,282 | [CRW_SST] coraltemp_v3.1_20051112.nc is MISSING. Will try to re-download.
2026-01-17 15:30:20,282 | [CRW_SST] coraltemp_v3.1_20051113.nc is MISSING. Will try to re-download.
2026-01-17 15:30:20,283 | [CRW_SST] coraltemp_v3.1_20051114.nc is MISSING. Will try to re-download.
2026-01-17 15:30:20,284 | [CRW_SST] coraltemp_v3.1_20051115.nc is MISSING. Will try to re-download.
2026-01-17 15:30:20,284 | [CRW_SST] coraltemp_v3.1_20051116.nc is MISSING. Will try to re-download.
2026-01-17 15:30:20,284 | [CRW_SST] coraltemp_v3.1_20051117.nc is MISSING. Will try to re-download.
2026-01-17 15:30:20,284 | [CRW_SST] coraltemp_v3.1_20051118.nc is MISSING. Will try to re-download.
2026-01-17 15:30:20,284 | [CRW_SST] coraltemp_v3.1_20051119.nc is MISSING. Will try to re-download.
2026-01-17 15:30:20,286 | [CRW_SST] coraltemp_v3.1_20051120.nc is MISSING. Will try to re-download.
2026-01-17 15:30:20,286 | [CRW_SST] coraltemp_v3.1_20051121.nc is MISSING. Will try to re-download.
2026-01-17 15:30:20,286 | [CRW_SST] coraltemp_v3.1_20051122.nc is MISSING. Will try to re-download.
2026-01-17 15:30:20,287 | [CRW_SST] coraltemp_v3.1_20051123.nc is MISSING. Will try to re-download.
2026-01-17 15:30:20,288 | [CRW_SST] coraltemp_v3.1_20051124.nc is MISSING. Will try to re-download.
2026-01-17 15:30:20,288 | [CRW_SST] coraltemp_v3.1_20051125.nc is MISSING. Will try to re-download.
2026-01-17 15:30:20,288 | [CRW_SST] coraltemp_v3.1_20051126.nc is MISSING. Will try to re-download.
2026-01-17 15:30:20,289 | [CRW_SST] coraltemp_v3.1_20051127.nc is MISSING. Will try to re-download.
2026-01-17 15:30:20,289 | [CRW_SST] coraltemp_v3.1_20051128.nc is MISSING. Will try to re-download.
2026-01-17 15:30:20,289 | [CRW_SST] coraltemp_v3.1_20051129.nc is MISSING. Will try to re-download.
2026-01-17 15:30:20,291 | [CRW_SST] coraltemp_v3.1_20051130.nc is MISSING. Will try to re-download.
2026-01-17 15:30:20,291 | [CRW_SST] coraltemp_v3.1_20051211.nc is MISSING. Will try to re-download.
2026-01-17 15:30:20,291 | [CRW_SST] coraltemp_v3.1_20060110.nc is MISSING. Will try to re-download.
2026-01-17 15:30:20,293 | [CRW_SST] coraltemp_v3.1_20060111.nc is MISSING. Will try to re-download.
2026-01-17 15:30:20,293 | [CRW_SST] coraltemp_v3.1_20060112.nc is MISSING. Will try to re-download.
2026-01-17 15:30:20,293 | [CRW_SST] coraltemp_v3.1_20060113.nc is MISSING. Will try to re-download.
2026-01-17 15:30:20,293 | [CRW_SST] coraltemp_v3.1_20060114.nc is MISSING. Will try to re-download.
2026-01-17 15:30:20,293 | [CRW_SST] coraltemp_v3.1_20060115.nc is MISSING. Will try to re-download.
2026-01-17 15:30:20,293 | [CRW_SST] coraltemp_v3.1_20060116.nc is MISSING. Will try to re-download.
2026-01-17 15:30:20,293 | [CRW_SST] coraltemp_v3.1_20060117.nc is MISSING. Will try to re-download.
2026-01-17 15:30:20,293 | [CRW_SST] coraltemp_v3.1_20060118.nc is MISSING. Will try to re-download.
2026-01-17 15:30:20,293 | [CRW_SST] coraltemp_v3.1_20060119.nc is MISSING. Will try to re-download.
2026-01-17 15:30:20,293 | [CRW_SST] coraltemp_v3.1_20060211.nc is MISSING. Will try to re-download.
2026-01-17 15:30:20,293 | [CRW_SST] coraltemp_v3.1_20060311.nc is MISSING. Will try to re-download.
2026-01-17 15:30:20,297 | [CRW_SST] coraltemp_v3.1_20060411.nc is MISSING. Will try to re-download.
2026-01-17 15:30:20,297 | [CRW_SST] coraltemp_v3.1_20060511.nc is MISSING. Will try to re-download.
2026-01-17 15:30:20,297 | [CRW_SST] coraltemp_v3.1_20060611.nc is MISSING. Will try to re-download.
2026-01-17 15:30:20,297 | [CRW_SST] coraltemp_v3.1_20060711.nc is MISSING. Will try to re-download.
2026-01-17 15:30:20,299 | [CRW_SST] coraltemp_v3.1_20060811.nc is MISSING. Will try to re-download.
2026-01-17 15:30:20,300 | [CRW_SST] coraltemp_v3.1_20060911.nc is MISSING. Will try to re-download.
2026-01-17 15:30:20,300 | [CRW_SST] coraltemp_v3.1_20061011.nc is MISSING. Will try to re-download.
2026-01-17 15:30:20,300 | [CRW_SST] coraltemp_v3.1_20061101.nc is MISSING. Will try to re-download.
2026-01-17 15:30:20,300 | [CRW_SST] coraltemp_v3.1_20061102.nc is MISSING. Will try to re-download.
2026-01-17 15:30:20,300 | [CRW_SST] coraltemp_v3.1_20061103.nc is MISSING. Will try to re-download.
2026-01-17 15:30:20,300 | [CRW_SST] coraltemp_v3.1_20061104.nc is MISSING. Will try to re-download.
2026-01-17 15:30:20,300 | [CRW_SST] coraltemp_v3.1_20061105.nc is MISSING. Will try to re-download.
2026-01-17 15:30:20,303 | [CRW_SST] coraltemp_v3.1_20061106.nc is MISSING. Will try to re-download.
2026-01-17 15:30:20,303 | [CRW_SST] coraltemp_v3.1_20061107.nc is MISSING. Will try to re-download.
2026-01-17 15:30:20,303 | [CRW_SST] coraltemp_v3.1_20061108.nc is MISSING. Will try to re-download.
2026-01-17 15:30:20,303 | [CRW_SST] coraltemp_v3.1_20061109.nc is MISSING. Will try to re-download.
2026-01-17 15:30:20,303 | [CRW_SST] coraltemp_v3.1_20061110.nc is MISSING. Will try to re-download.
2026-01-17 15:30:20,303 | [CRW_SST] coraltemp_v3.1_20061111.nc is MISSING. Will try to re-download.
2026-01-17 15:30:20,303 | [CRW_SST] coraltemp_v3.1_20061112.nc is MISSING. Will try to re-download.
2026-01-17 15:30:20,303 | [CRW_SST] coraltemp_v3.1_20061113.nc is MISSING. Will try to re-download.
2026-01-17 15:30:20,303 | [CRW_SST] coraltemp_v3.1_20061114.nc is MISSING. Will try to re-download.
2026-01-17 15:30:20,307 | [CRW_SST] coraltemp_v3.1_20061115.nc is MISSING. Will try to re-download.
2026-01-17 15:30:20,307 | [CRW_SST] coraltemp_v3.1_20061116.nc is MISSING. Will try to re-download.
2026-01-17 15:30:20,307 | [CRW_SST] coraltemp_v3.1_20061117.nc is MISSING. Will try to re-download.
2026-01-17 15:30:20,309 | [CRW_SST] coraltemp_v3.1_20061118.nc is MISSING. Will try to re-download.
2026-01-17 15:30:20,310 | [CRW_SST] coraltemp_v3.1_20061119.nc is MISSING. Will try to re-download.
2026-01-17 15:30:20,310 | [CRW_SST] coraltemp_v3.1_20061120.nc is MISSING. Will try to re-download.
2026-01-17 15:30:20,310 | [CRW_SST] coraltemp_v3.1_20061121.nc is MISSING. Will try to re-download.
2026-01-17 15:30:20,310 | [CRW_SST] coraltemp_v3.1_20061122.nc is MISSING. Will try to re-download.
2026-01-17 15:30:20,312 | [CRW_SST] coraltemp_v3.1_20061123.nc is MISSING. Will try to re-download.
2026-01-17 15:30:20,312 | [CRW_SST] coraltemp_v3.1_20061124.nc is MISSING. Will try to re-download.
2026-01-17 15:30:20,312 | [CRW_SST] coraltemp_v3.1_20061125.nc is MISSING. Will try to re-download.
2026-01-17 15:30:20,313 | [CRW_SST] coraltemp_v3.1_20061126.nc is MISSING. Will try to re-download.
2026-01-17 15:30:20,313 | [CRW_SST] coraltemp_v3.1_20061127.nc is MISSING. Will try to re-download.
2026-01-17 15:30:20,313 | [CRW_SST] coraltemp_v3.1_20061128.nc is MISSING. Will try to re-download.
2026-01-17 15:30:20,314 | [CRW_SST] coraltemp_v3.1_20061129.nc is MISSING. Will try to re-download.
2026-01-17 15:30:20,314 | [CRW_SST] coraltemp_v3.1_20061130.nc is MISSING. Will try to re-download.
2026-01-17 15:30:20,314 | [CRW_SST] coraltemp_v3.1_20061211.nc is MISSING. Will try to re-download.
2026-01-17 15:30:20,314 | [CRW_SST] coraltemp_v3.1_20070110.nc is MISSING. Will try to re-download.
2026-01-17 15:30:20,316 | [CRW_SST] coraltemp_v3.1_20070111.nc is MISSING. Will try to re-download.
2026-01-17 15:30:20,316 | [CRW_SST] coraltemp_v3.1_20070112.nc is MISSING. Will try to re-download.
2026-01-17 15:30:20,316 | [CRW_SST] coraltemp_v3.1_20070113.nc is MISSING. Will try to re-download.
2026-01-17 15:30:20,318 | [CRW_SST] coraltemp_v3.1_20070114.nc is MISSING. Will try to re-download.
2026-01-17 15:30:20,318 | [CRW_SST] coraltemp_v3.1_20070115.nc is MISSING. Will try to re-download.
2026-01-17 15:30:20,318 | [CRW_SST] coraltemp_v3.1_20070116.nc is MISSING. Will try to re-download.
2026-01-17 15:30:20,318 | [CRW_SST] coraltemp_v3.1_20070117.nc is MISSING. Will try to re-download.
2026-01-17 15:30:20,319 | [CRW_SST] coraltemp_v3.1_20070118.nc is MISSING. Will try to re-download.
2026-01-17 15:30:20,320 | [CRW_SST] coraltemp_v3.1_20070119.nc is MISSING. Will try to re-download.
2026-01-17 15:30:20,320 | [CRW_SST] coraltemp_v3.1_20070211.nc is MISSING. Will try to re-download.
2026-01-17 15:30:20,320 | [CRW_SST] coraltemp_v3.1_20070311.nc is MISSING. Will try to re-download.
2026-01-17 15:30:20,320 | [CRW_SST] coraltemp_v3.1_20070411.nc is MISSING. Will try to re-download.
2026-01-17 15:30:20,320 | [CRW_SST] coraltemp_v3.1_20070511.nc is MISSING. Will try to re-download.
2026-01-17 15:30:20,320 | [CRW_SST] coraltemp_v3.1_20070611.nc is MISSING. Will try to re-download.
2026-01-17 15:30:20,320 | [CRW_SST] coraltemp_v3.1_20070711.nc is MISSING. Will try to re-download.
2026-01-17 15:30:20,320 | [CRW_SST] coraltemp_v3.1_20070811.nc is MISSING. Will try to re-download.
2026-01-17 15:30:20,320 | [CRW_SST] coraltemp_v3.1_20070911.nc is MISSING. Will try to re-download.
2026-01-17 15:30:20,324 | [CRW_SST] coraltemp_v3.1_20071011.nc is MISSING. Will try to re-download.
2026-01-17 15:30:20,325 | [CRW_SST] coraltemp_v3.1_20071101.nc is MISSING. Will try to re-download.
2026-01-17 15:30:20,325 | [CRW_SST] coraltemp_v3.1_20071102.nc is MISSING. Will try to re-download.
2026-01-17 15:30:20,325 | [CRW_SST] coraltemp_v3.1_20071103.nc is MISSING. Will try to re-download.
2026-01-17 15:30:20,325 | [CRW_SST] coraltemp_v3.1_20071104.nc is MISSING. Will try to re-download.
2026-01-17 15:30:20,327 | [CRW_SST] coraltemp_v3.1_20071105.nc is MISSING. Will try to re-download.
2026-01-17 15:30:20,327 | [CRW_SST] coraltemp_v3.1_20071106.nc is MISSING. Will try to re-download.
2026-01-17 15:30:20,327 | [CRW_SST] coraltemp_v3.1_20071107.nc is MISSING. Will try to re-download.
2026-01-17 15:30:20,327 | [CRW_SST] coraltemp_v3.1_20071108.nc is MISSING. Will try to re-download.
2026-01-17 15:30:20,329 | [CRW_SST] coraltemp_v3.1_20071109.nc is MISSING. Will try to re-download.
2026-01-17 15:30:20,329 | [CRW_SST] coraltemp_v3.1_20071110.nc is MISSING. Will try to re-download.
2026-01-17 15:30:20,329 | [CRW_SST] coraltemp_v3.1_20071111.nc is MISSING. Will try to re-download.
2026-01-17 15:30:20,331 | [CRW_SST] coraltemp_v3.1_20071112.nc is MISSING. Will try to re-download.
2026-01-17 15:30:20,331 | [CRW_SST] coraltemp_v3.1_20071113.nc is MISSING. Will try to re-download.
2026-01-17 15:30:20,332 | [CRW_SST] coraltemp_v3.1_20071114.nc is MISSING. Will try to re-download.
2026-01-17 15:30:20,332 | [CRW_SST] coraltemp_v3.1_20071115.nc is MISSING. Will try to re-download.
2026-01-17 15:30:20,332 | [CRW_SST] coraltemp_v3.1_20071116.nc is MISSING. Will try to re-download.
2026-01-17 15:30:20,333 | [CRW_SST] coraltemp_v3.1_20071117.nc is MISSING. Will try to re-download.
2026-01-17 15:30:20,334 | [CRW_SST] coraltemp_v3.1_20071118.nc is MISSING. Will try to re-download.
2026-01-17 15:30:20,334 | [CRW_SST] coraltemp_v3.1_20071119.nc is MISSING. Will try to re-download.
2026-01-17 15:30:20,335 | [CRW_SST] coraltemp_v3.1_20071120.nc is MISSING. Will try to re-download.
2026-01-17 15:30:20,335 | [CRW_SST] coraltemp_v3.1_20071121.nc is MISSING. Will try to re-download.
2026-01-17 15:30:20,335 | [CRW_SST] coraltemp_v3.1_20071122.nc is MISSING. Will try to re-download.
2026-01-17 15:30:20,335 | [CRW_SST] coraltemp_v3.1_20071123.nc is MISSING. Will try to re-download.
2026-01-17 15:30:20,337 | [CRW_SST] coraltemp_v3.1_20071124.nc is MISSING. Will try to re-download.
2026-01-17 15:30:20,337 | [CRW_SST] coraltemp_v3.1_20071125.nc is MISSING. Will try to re-download.
2026-01-17 15:30:20,338 | [CRW_SST] coraltemp_v3.1_20071126.nc is MISSING. Will try to re-download.
2026-01-17 15:30:20,338 | [CRW_SST] coraltemp_v3.1_20071127.nc is MISSING. Will try to re-download.
2026-01-17 15:30:20,338 | [CRW_SST] coraltemp_v3.1_20071128.nc is MISSING. Will try to re-download.
2026-01-17 15:30:20,339 | [CRW_SST] coraltemp_v3.1_20071129.nc is MISSING. Will try to re-download.
2026-01-17 15:30:20,339 | [CRW_SST] coraltemp_v3.1_20071130.nc is MISSING. Will try to re-download.
2026-01-17 15:30:20,340 | [CRW_SST] coraltemp_v3.1_20071211.nc is MISSING. Will try to re-download.
2026-01-17 15:30:20,341 | [CRW_SST] coraltemp_v3.1_20080110.nc is MISSING. Will try to re-download.
2026-01-17 15:30:20,342 | [CRW_SST] coraltemp_v3.1_20080111.nc is MISSING. Will try to re-download.
2026-01-17 15:30:20,343 | [CRW_SST] coraltemp_v3.1_20080112.nc is MISSING. Will try to re-download.
2026-01-17 15:30:20,343 | [CRW_SST] coraltemp_v3.1_20080113.nc is MISSING. Will try to re-download.
2026-01-17 15:30:20,343 | [CRW_SST] coraltemp_v3.1_20080114.nc is MISSING. Will try to re-download.
2026-01-17 15:30:20,343 | [CRW_SST] coraltemp_v3.1_20080115.nc is MISSING. Will try to re-download.
2026-01-17 15:30:20,343 | [CRW_SST] coraltemp_v3.1_20080116.nc is MISSING. Will try to re-download.
2026-01-17 15:30:20,343 | [CRW_SST] coraltemp_v3.1_20080117.nc is MISSING. Will try to re-download.
2026-01-17 15:30:20,343 | [CRW_SST] coraltemp_v3.1_20080118.nc is MISSING. Will try to re-download.
2026-01-17 15:30:20,343 | [CRW_SST] coraltemp_v3.1_20080119.nc is MISSING. Will try to re-download.
2026-01-17 15:30:20,347 | [CRW_SST] coraltemp_v3.1_20080211.nc is MISSING. Will try to re-download.
2026-01-17 15:30:20,347 | [CRW_SST] coraltemp_v3.1_20080311.nc is MISSING. Will try to re-download.
2026-01-17 15:30:20,347 | [CRW_SST] coraltemp_v3.1_20080411.nc is MISSING. Will try to re-download.
2026-01-17 15:30:20,347 | [CRW_SST] coraltemp_v3.1_20080511.nc is MISSING. Will try to re-download.
2026-01-17 15:30:20,349 | [CRW_SST] coraltemp_v3.1_20080611.nc is MISSING. Will try to re-download.
2026-01-17 15:30:20,349 | [CRW_SST] coraltemp_v3.1_20080711.nc is MISSING. Will try to re-download.
2026-01-17 15:30:20,349 | [CRW_SST] coraltemp_v3.1_20080811.nc is MISSING. Will try to re-download.
2026-01-17 15:30:20,350 | [CRW_SST] coraltemp_v3.1_20080911.nc is MISSING. Will try to re-download.
2026-01-17 15:30:20,351 | [CRW_SST] coraltemp_v3.1_20081011.nc is MISSING. Will try to re-download.
2026-01-17 15:30:20,351 | [CRW_SST] coraltemp_v3.1_20081101.nc is MISSING. Will try to re-download.
2026-01-17 15:30:20,351 | [CRW_SST] coraltemp_v3.1_20081102.nc is MISSING. Will try to re-download.
2026-01-17 15:30:20,351 | [CRW_SST] coraltemp_v3.1_20081103.nc is MISSING. Will try to re-download.
2026-01-17 15:30:20,351 | [CRW_SST] coraltemp_v3.1_20081104.nc is MISSING. Will try to re-download.
2026-01-17 15:30:20,353 | [CRW_SST] coraltemp_v3.1_20081105.nc is MISSING. Will try to re-download.
2026-01-17 15:30:20,353 | [CRW_SST] coraltemp_v3.1_20081106.nc is MISSING. Will try to re-download.
2026-01-17 15:30:20,353 | [CRW_SST] coraltemp_v3.1_20081107.nc is MISSING. Will try to re-download.
2026-01-17 15:30:20,353 | [CRW_SST] coraltemp_v3.1_20081108.nc is MISSING. Will try to re-download.
2026-01-17 15:30:20,353 | [CRW_SST] coraltemp_v3.1_20081109.nc is MISSING. Will try to re-download.
2026-01-17 15:30:20,353 | [CRW_SST] coraltemp_v3.1_20081110.nc is MISSING. Will try to re-download.
2026-01-17 15:30:20,353 | [CRW_SST] coraltemp_v3.1_20081111.nc is MISSING. Will try to re-download.
2026-01-17 15:30:20,353 | [CRW_SST] coraltemp_v3.1_20081112.nc is MISSING. Will try to re-download.
2026-01-17 15:30:20,353 | [CRW_SST] coraltemp_v3.1_20081113.nc is MISSING. Will try to re-download.
2026-01-17 15:30:20,353 | [CRW_SST] coraltemp_v3.1_20081114.nc is MISSING. Will try to re-download.
2026-01-17 15:30:20,357 | [CRW_SST] coraltemp_v3.1_20081115.nc is MISSING. Will try to re-download.
2026-01-17 15:30:20,357 | [CRW_SST] coraltemp_v3.1_20081116.nc is MISSING. Will try to re-download.
2026-01-17 15:30:20,359 | [CRW_SST] coraltemp_v3.1_20081117.nc is MISSING. Will try to re-download.
2026-01-17 15:30:20,359 | [CRW_SST] coraltemp_v3.1_20081118.nc is MISSING. Will try to re-download.
2026-01-17 15:30:20,359 | [CRW_SST] coraltemp_v3.1_20081119.nc is MISSING. Will try to re-download.
2026-01-17 15:30:20,360 | [CRW_SST] coraltemp_v3.1_20081120.nc is MISSING. Will try to re-download.
2026-01-17 15:30:20,360 | [CRW_SST] coraltemp_v3.1_20081121.nc is MISSING. Will try to re-download.
2026-01-17 15:30:20,360 | [CRW_SST] coraltemp_v3.1_20081122.nc is MISSING. Will try to re-download.
2026-01-17 15:30:20,362 | [CRW_SST] coraltemp_v3.1_20081123.nc is MISSING. Will try to re-download.
2026-01-17 15:30:20,362 | [CRW_SST] coraltemp_v3.1_20081124.nc is MISSING. Will try to re-download.
2026-01-17 15:30:20,362 | [CRW_SST] coraltemp_v3.1_20081125.nc is MISSING. Will try to re-download.
2026-01-17 15:30:20,363 | [CRW_SST] coraltemp_v3.1_20081126.nc is MISSING. Will try to re-download.
2026-01-17 15:30:20,363 | [CRW_SST] coraltemp_v3.1_20081127.nc is MISSING. Will try to re-download.
2026-01-17 15:30:20,365 | [CRW_SST] coraltemp_v3.1_20081128.nc is MISSING. Will try to re-download.
2026-01-17 15:30:20,365 | [CRW_SST] coraltemp_v3.1_20081129.nc is MISSING. Will try to re-download.
2026-01-17 15:30:20,365 | [CRW_SST] coraltemp_v3.1_20081130.nc is MISSING. Will try to re-download.
2026-01-17 15:30:20,365 | [CRW_SST] coraltemp_v3.1_20081211.nc is MISSING. Will try to re-download.
2026-01-17 15:30:20,365 | [CRW_SST] coraltemp_v3.1_20090110.nc is MISSING. Will try to re-download.
2026-01-17 15:30:20,367 | [CRW_SST] coraltemp_v3.1_20090111.nc is MISSING. Will try to re-download.
2026-01-17 15:30:20,367 | [CRW_SST] coraltemp_v3.1_20090112.nc is MISSING. Will try to re-download.
2026-01-17 15:30:20,367 | [CRW_SST] coraltemp_v3.1_20090113.nc is MISSING. Will try to re-download.
2026-01-17 15:30:20,367 | [CRW_SST] coraltemp_v3.1_20090114.nc is MISSING. Will try to re-download.
2026-01-17 15:30:20,369 | [CRW_SST] coraltemp_v3.1_20090115.nc is MISSING. Will try to re-download.
2026-01-17 15:30:20,369 | [CRW_SST] coraltemp_v3.1_20090116.nc is MISSING. Will try to re-download.
2026-01-17 15:30:20,369 | [CRW_SST] coraltemp_v3.1_20090117.nc is MISSING. Will try to re-download.
2026-01-17 15:30:20,369 | [CRW_SST] coraltemp_v3.1_20090118.nc is MISSING. Will try to re-download.
2026-01-17 15:30:20,369 | [CRW_SST] coraltemp_v3.1_20090119.nc is MISSING. Will try to re-download.
2026-01-17 15:30:20,369 | [CRW_SST] coraltemp_v3.1_20090211.nc is MISSING. Will try to re-download.
2026-01-17 15:30:20,369 | [CRW_SST] coraltemp_v3.1_20090311.nc is MISSING. Will try to re-download.
2026-01-17 15:30:20,372 | [CRW_SST] coraltemp_v3.1_20090411.nc is MISSING. Will try to re-download.
2026-01-17 15:30:20,372 | [CRW_SST] coraltemp_v3.1_20090511.nc is MISSING. Will try to re-download.
2026-01-17 15:30:20,373 | [CRW_SST] coraltemp_v3.1_20090611.nc is MISSING. Will try to re-download.
2026-01-17 15:30:20,374 | [CRW_SST] coraltemp_v3.1_20090711.nc is MISSING. Will try to re-download.
2026-01-17 15:30:20,375 | [CRW_SST] coraltemp_v3.1_20090811.nc is MISSING. Will try to re-download.
2026-01-17 15:30:20,375 | [CRW_SST] coraltemp_v3.1_20090911.nc is MISSING. Will try to re-download.
2026-01-17 15:30:20,375 | [CRW_SST] coraltemp_v3.1_20091011.nc is MISSING. Will try to re-download.
2026-01-17 15:30:20,375 | [CRW_SST] coraltemp_v3.1_20091101.nc is MISSING. Will try to re-download.
2026-01-17 15:30:20,377 | [CRW_SST] coraltemp_v3.1_20091102.nc is MISSING. Will try to re-download.
2026-01-17 15:30:20,377 | [CRW_SST] coraltemp_v3.1_20091103.nc is MISSING. Will try to re-download.
2026-01-17 15:30:20,377 | [CRW_SST] coraltemp_v3.1_20091104.nc is MISSING. Will try to re-download.
2026-01-17 15:30:20,378 | [CRW_SST] coraltemp_v3.1_20091105.nc is MISSING. Will try to re-download.
2026-01-17 15:30:20,378 | [CRW_SST] coraltemp_v3.1_20091106.nc is MISSING. Will try to re-download.
2026-01-17 15:30:20,378 | [CRW_SST] coraltemp_v3.1_20091107.nc is MISSING. Will try to re-download.
2026-01-17 15:30:20,378 | [CRW_SST] coraltemp_v3.1_20091108.nc is MISSING. Will try to re-download.
2026-01-17 15:30:20,378 | [CRW_SST] coraltemp_v3.1_20091109.nc is MISSING. Will try to re-download.
2026-01-17 15:30:20,378 | [CRW_SST] coraltemp_v3.1_20091110.nc is MISSING. Will try to re-download.
2026-01-17 15:30:20,381 | [CRW_SST] coraltemp_v3.1_20091111.nc is MISSING. Will try to re-download.
2026-01-17 15:30:20,381 | [CRW_SST] coraltemp_v3.1_20091112.nc is MISSING. Will try to re-download.
2026-01-17 15:30:20,381 | [CRW_SST] coraltemp_v3.1_20091113.nc is MISSING. Will try to re-download.
2026-01-17 15:30:20,382 | [CRW_SST] coraltemp_v3.1_20091114.nc is MISSING. Will try to re-download.
2026-01-17 15:30:20,382 | [CRW_SST] coraltemp_v3.1_20091115.nc is MISSING. Will try to re-download.
2026-01-17 15:30:20,382 | [CRW_SST] coraltemp_v3.1_20091116.nc is MISSING. Will try to re-download.
2026-01-17 15:30:20,382 | [CRW_SST] coraltemp_v3.1_20091117.nc is MISSING. Will try to re-download.
2026-01-17 15:30:20,384 | [CRW_SST] coraltemp_v3.1_20091118.nc is MISSING. Will try to re-download.
2026-01-17 15:30:20,384 | [CRW_SST] coraltemp_v3.1_20091119.nc is MISSING. Will try to re-download.
2026-01-17 15:30:20,384 | [CRW_SST] coraltemp_v3.1_20091120.nc is MISSING. Will try to re-download.
2026-01-17 15:30:20,385 | [CRW_SST] coraltemp_v3.1_20091121.nc is MISSING. Will try to re-download.
2026-01-17 15:30:20,385 | [CRW_SST] coraltemp_v3.1_20091122.nc is MISSING. Will try to re-download.
2026-01-17 15:30:20,386 | [CRW_SST] coraltemp_v3.1_20091123.nc is MISSING. Will try to re-download.
2026-01-17 15:30:20,386 | [CRW_SST] coraltemp_v3.1_20091124.nc is MISSING. Will try to re-download.
2026-01-17 15:30:20,387 | [CRW_SST] coraltemp_v3.1_20091125.nc is MISSING. Will try to re-download.
2026-01-17 15:30:20,388 | [CRW_SST] coraltemp_v3.1_20091126.nc is MISSING. Will try to re-download.
2026-01-17 15:30:20,388 | [CRW_SST] coraltemp_v3.1_20091127.nc is MISSING. Will try to re-download.
2026-01-17 15:30:20,389 | [CRW_SST] coraltemp_v3.1_20091128.nc is MISSING. Will try to re-download.
2026-01-17 15:30:20,389 | [CRW_SST] coraltemp_v3.1_20091129.nc is MISSING. Will try to re-download.
2026-01-17 15:30:20,389 | [CRW_SST] coraltemp_v3.1_20091130.nc is MISSING. Will try to re-download.
2026-01-17 15:30:20,389 | [CRW_SST] coraltemp_v3.1_20091211.nc is MISSING. Will try to re-download.
2026-01-17 15:30:20,389 | [CRW_SST] coraltemp_v3.1_20100110.nc is MISSING. Will try to re-download.
2026-01-17 15:30:20,391 | [CRW_SST] coraltemp_v3.1_20100111.nc is MISSING. Will try to re-download.
2026-01-17 15:30:20,391 | [CRW_SST] coraltemp_v3.1_20100112.nc is MISSING. Will try to re-download.
2026-01-17 15:30:20,391 | [CRW_SST] coraltemp_v3.1_20100113.nc is MISSING. Will try to re-download.
2026-01-17 15:30:20,391 | [CRW_SST] coraltemp_v3.1_20100114.nc is MISSING. Will try to re-download.
2026-01-17 15:30:20,391 | [CRW_SST] coraltemp_v3.1_20100115.nc is MISSING. Will try to re-download.
2026-01-17 15:30:20,391 | [CRW_SST] coraltemp_v3.1_20100116.nc is MISSING. Will try to re-download.
2026-01-17 15:30:20,391 | [CRW_SST] coraltemp_v3.1_20100117.nc is MISSING. Will try to re-download.
2026-01-17 15:30:20,391 | [CRW_SST] coraltemp_v3.1_20100118.nc is MISSING. Will try to re-download.
2026-01-17 15:30:20,391 | [CRW_SST] coraltemp_v3.1_20100119.nc is MISSING. Will try to re-download.
2026-01-17 15:30:20,391 | [CRW_SST] coraltemp_v3.1_20100211.nc is MISSING. Will try to re-download.
2026-01-17 15:30:20,391 | [CRW_SST] coraltemp_v3.1_20100311.nc is MISSING. Will try to re-download.
2026-01-17 15:30:20,391 | [CRW_SST] coraltemp_v3.1_20100411.nc is MISSING. Will try to re-download.
2026-01-17 15:30:20,397 | [CRW_SST] coraltemp_v3.1_20100511.nc is MISSING. Will try to re-download.
2026-01-17 15:30:20,397 | [CRW_SST] coraltemp_v3.1_20100611.nc is MISSING. Will try to re-download.
2026-01-17 15:30:20,397 | [CRW_SST] coraltemp_v3.1_20100711.nc is MISSING. Will try to re-download.
2026-01-17 15:30:20,399 | [CRW_SST] coraltemp_v3.1_20100811.nc is MISSING. Will try to re-download.
2026-01-17 15:30:20,399 | [CRW_SST] coraltemp_v3.1_20100911.nc is MISSING. Will try to re-download.
2026-01-17 15:30:20,400 | [CRW_SST] coraltemp_v3.1_20101011.nc is MISSING. Will try to re-download.
2026-01-17 15:30:20,400 | [CRW_SST] coraltemp_v3.1_20101101.nc is MISSING. Will try to re-download.
2026-01-17 15:30:20,400 | [CRW_SST] coraltemp_v3.1_20101102.nc is MISSING. Will try to re-download.
2026-01-17 15:30:20,401 | [CRW_SST] coraltemp_v3.1_20101103.nc is MISSING. Will try to re-download.
2026-01-17 15:30:20,401 | [CRW_SST] coraltemp_v3.1_20101104.nc is MISSING. Will try to re-download.
2026-01-17 15:30:20,401 | [CRW_SST] coraltemp_v3.1_20101105.nc is MISSING. Will try to re-download.
2026-01-17 15:30:20,401 | [CRW_SST] coraltemp_v3.1_20101106.nc is MISSING. Will try to re-download.
2026-01-17 15:30:20,403 | [CRW_SST] coraltemp_v3.1_20101107.nc is MISSING. Will try to re-download.
2026-01-17 15:30:20,403 | [CRW_SST] coraltemp_v3.1_20101108.nc is MISSING. Will try to re-download.
2026-01-17 15:30:20,403 | [CRW_SST] coraltemp_v3.1_20101109.nc is MISSING. Will try to re-download.
2026-01-17 15:30:20,403 | [CRW_SST] coraltemp_v3.1_20101110.nc is MISSING. Will try to re-download.
2026-01-17 15:30:20,403 | [CRW_SST] coraltemp_v3.1_20101111.nc is MISSING. Will try to re-download.
2026-01-17 15:30:20,405 | [CRW_SST] coraltemp_v3.1_20101112.nc is MISSING. Will try to re-download.
2026-01-17 15:30:20,405 | [CRW_SST] coraltemp_v3.1_20101113.nc is MISSING. Will try to re-download.
2026-01-17 15:30:20,405 | [CRW_SST] coraltemp_v3.1_20101114.nc is MISSING. Will try to re-download.
2026-01-17 15:30:20,407 | [CRW_SST] coraltemp_v3.1_20101115.nc is MISSING. Will try to re-download.
2026-01-17 15:30:20,409 | [CRW_SST] coraltemp_v3.1_20101116.nc is MISSING. Will try to re-download.
2026-01-17 15:30:20,409 | [CRW_SST] coraltemp_v3.1_20101117.nc is MISSING. Will try to re-download.
2026-01-17 15:30:20,409 | [CRW_SST] coraltemp_v3.1_20101118.nc is MISSING. Will try to re-download.
2026-01-17 15:30:20,410 | [CRW_SST] coraltemp_v3.1_20101119.nc is MISSING. Will try to re-download.
2026-01-17 15:30:20,410 | [CRW_SST] coraltemp_v3.1_20101120.nc is MISSING. Will try to re-download.
2026-01-17 15:30:20,410 | [CRW_SST] coraltemp_v3.1_20101121.nc is MISSING. Will try to re-download.
2026-01-17 15:30:20,412 | [CRW_SST] coraltemp_v3.1_20101122.nc is MISSING. Will try to re-download.
2026-01-17 15:30:20,412 | [CRW_SST] coraltemp_v3.1_20101123.nc is MISSING. Will try to re-download.
2026-01-17 15:30:20,412 | [CRW_SST] coraltemp_v3.1_20101124.nc is MISSING. Will try to re-download.
2026-01-17 15:30:20,413 | [CRW_SST] coraltemp_v3.1_20101125.nc is MISSING. Will try to re-download.
2026-01-17 15:30:20,413 | [CRW_SST] coraltemp_v3.1_20101126.nc is MISSING. Will try to re-download.
2026-01-17 15:30:20,413 | [CRW_SST] coraltemp_v3.1_20101127.nc is MISSING. Will try to re-download.
2026-01-17 15:30:20,413 | [CRW_SST] coraltemp_v3.1_20101128.nc is MISSING. Will try to re-download.
2026-01-17 15:30:20,414 | [CRW_SST] coraltemp_v3.1_20101129.nc is MISSING. Will try to re-download.
2026-01-17 15:30:20,414 | [CRW_SST] coraltemp_v3.1_20101130.nc is MISSING. Will try to re-download.
2026-01-17 15:30:20,414 | [CRW_SST] coraltemp_v3.1_20101211.nc is MISSING. Will try to re-download.
2026-01-17 15:30:20,414 | [CRW_SST] coraltemp_v3.1_20110101.nc is MISSING. Will try to re-download.
2026-01-17 15:30:20,414 | [CRW_SST] coraltemp_v3.1_20110102.nc is MISSING. Will try to re-download.
2026-01-17 15:30:20,414 | [CRW_SST] coraltemp_v3.1_20110103.nc is MISSING. Will try to re-download.
2026-01-17 15:30:20,414 | [CRW_SST] coraltemp_v3.1_20110104.nc is MISSING. Will try to re-download.
2026-01-17 15:30:20,414 | [CRW_SST] coraltemp_v3.1_20110105.nc is MISSING. Will try to re-download.
2026-01-17 15:30:20,417 | [CRW_SST] coraltemp_v3.1_20110106.nc is MISSING. Will try to re-download.
2026-01-17 15:30:20,417 | [CRW_SST] coraltemp_v3.1_20110107.nc is MISSING. Will try to re-download.
2026-01-17 15:30:20,417 | [CRW_SST] coraltemp_v3.1_20110108.nc is MISSING. Will try to re-download.
2026-01-17 15:30:20,417 | [CRW_SST] coraltemp_v3.1_20110109.nc is MISSING. Will try to re-download.
2026-01-17 15:30:20,420 | [CRW_SST] coraltemp_v3.1_20110110.nc is MISSING. Will try to re-download.
2026-01-17 15:30:20,420 | [CRW_SST] coraltemp_v3.1_20110111.nc is MISSING. Will try to re-download.
2026-01-17 15:30:20,420 | [CRW_SST] coraltemp_v3.1_20110112.nc is MISSING. Will try to re-download.
2026-01-17 15:30:20,420 | [CRW_SST] coraltemp_v3.1_20110113.nc is MISSING. Will try to re-download.
2026-01-17 15:30:20,420 | [CRW_SST] coraltemp_v3.1_20110114.nc is MISSING. Will try to re-download.
2026-01-17 15:30:20,420 | [CRW_SST] coraltemp_v3.1_20110115.nc is MISSING. Will try to re-download.
2026-01-17 15:30:20,423 | [CRW_SST] coraltemp_v3.1_20110116.nc is MISSING. Will try to re-download.
2026-01-17 15:30:20,423 | [CRW_SST] coraltemp_v3.1_20110117.nc is MISSING. Will try to re-download.
2026-01-17 15:30:20,424 | [CRW_SST] coraltemp_v3.1_20110118.nc is MISSING. Will try to re-download.
2026-01-17 15:30:20,425 | [CRW_SST] coraltemp_v3.1_20110119.nc is MISSING. Will try to re-download.
2026-01-17 15:30:20,425 | [CRW_SST] coraltemp_v3.1_20110120.nc is MISSING. Will try to re-download.
2026-01-17 15:30:20,425 | [CRW_SST] coraltemp_v3.1_20110121.nc is MISSING. Will try to re-download.
2026-01-17 15:30:20,425 | [CRW_SST] coraltemp_v3.1_20110122.nc is MISSING. Will try to re-download.
2026-01-17 15:30:20,427 | [CRW_SST] coraltemp_v3.1_20110123.nc is MISSING. Will try to re-download.
2026-01-17 15:30:20,427 | [CRW_SST] coraltemp_v3.1_20110124.nc is MISSING. Will try to re-download.
2026-01-17 15:30:20,428 | [CRW_SST] coraltemp_v3.1_20110125.nc is MISSING. Will try to re-download.
2026-01-17 15:30:20,428 | [CRW_SST] coraltemp_v3.1_20110126.nc is MISSING. Will try to re-download.
2026-01-17 15:30:20,428 | [CRW_SST] coraltemp_v3.1_20110127.nc is MISSING. Will try to re-download.
2026-01-17 15:30:20,428 | [CRW_SST] coraltemp_v3.1_20110128.nc is MISSING. Will try to re-download.
2026-01-17 15:30:20,428 | [CRW_SST] coraltemp_v3.1_20110129.nc is MISSING. Will try to re-download.
2026-01-17 15:30:20,431 | [CRW_SST] coraltemp_v3.1_20110130.nc is MISSING. Will try to re-download.
2026-01-17 15:30:20,431 | [CRW_SST] coraltemp_v3.1_20110131.nc is MISSING. Will try to re-download.
2026-01-17 15:30:20,432 | [CRW_SST] coraltemp_v3.1_20110201.nc is MISSING. Will try to re-download.
2026-01-17 15:30:20,432 | [CRW_SST] coraltemp_v3.1_20110202.nc is MISSING. Will try to re-download.
2026-01-17 15:30:20,432 | [CRW_SST] coraltemp_v3.1_20110203.nc is MISSING. Will try to re-download.
2026-01-17 15:30:20,432 | [CRW_SST] coraltemp_v3.1_20110204.nc is MISSING. Will try to re-download.
2026-01-17 15:30:20,432 | [CRW_SST] coraltemp_v3.1_20110205.nc is MISSING. Will try to re-download.
2026-01-17 15:30:20,434 | [CRW_SST] coraltemp_v3.1_20110206.nc is MISSING. Will try to re-download.
2026-01-17 15:30:20,434 | [CRW_SST] coraltemp_v3.1_20110207.nc is MISSING. Will try to re-download.
2026-01-17 15:30:20,434 | [CRW_SST] coraltemp_v3.1_20110208.nc is MISSING. Will try to re-download.
2026-01-17 15:30:20,434 | [CRW_SST] coraltemp_v3.1_20110209.nc is MISSING. Will try to re-download.
2026-01-17 15:30:20,434 | [CRW_SST] coraltemp_v3.1_20110210.nc is MISSING. Will try to re-download.
2026-01-17 15:30:20,436 | [CRW_SST] coraltemp_v3.1_20110211.nc is MISSING. Will try to re-download.
2026-01-17 15:30:20,436 | [CRW_SST] coraltemp_v3.1_20110212.nc is MISSING. Will try to re-download.
2026-01-17 15:30:20,437 | [CRW_SST] coraltemp_v3.1_20110213.nc is MISSING. Will try to re-download.
2026-01-17 15:30:20,437 | [CRW_SST] coraltemp_v3.1_20110214.nc is MISSING. Will try to re-download.
2026-01-17 15:30:20,438 | [CRW_SST] coraltemp_v3.1_20110215.nc is MISSING. Will try to re-download.
2026-01-17 15:30:20,439 | [CRW_SST] coraltemp_v3.1_20110216.nc is MISSING. Will try to re-download.
2026-01-17 15:30:20,439 | [CRW_SST] coraltemp_v3.1_20110217.nc is MISSING. Will try to re-download.
2026-01-17 15:30:20,440 | [CRW_SST] coraltemp_v3.1_20110218.nc is MISSING. Will try to re-download.
2026-01-17 15:30:20,440 | [CRW_SST] coraltemp_v3.1_20110219.nc is MISSING. Will try to re-download.
2026-01-17 15:30:20,442 | [CRW_SST] coraltemp_v3.1_20110220.nc is MISSING. Will try to re-download.
2026-01-17 15:30:20,443 | [CRW_SST] coraltemp_v3.1_20110221.nc is MISSING. Will try to re-download.
2026-01-17 15:30:20,443 | [CRW_SST] coraltemp_v3.1_20110222.nc is MISSING. Will try to re-download.
2026-01-17 15:30:20,444 | [CRW_SST] coraltemp_v3.1_20110223.nc is MISSING. Will try to re-download.
2026-01-17 15:30:20,444 | [CRW_SST] coraltemp_v3.1_20110224.nc is MISSING. Will try to re-download.
2026-01-17 15:30:20,445 | [CRW_SST] coraltemp_v3.1_20110225.nc is MISSING. Will try to re-download.
2026-01-17 15:30:20,445 | [CRW_SST] coraltemp_v3.1_20110226.nc is MISSING. Will try to re-download.
2026-01-17 15:30:20,445 | [CRW_SST] coraltemp_v3.1_20110227.nc is MISSING. Will try to re-download.
2026-01-17 15:30:20,445 | [CRW_SST] coraltemp_v3.1_20110228.nc is MISSING. Will try to re-download.
2026-01-17 15:30:20,445 | [CRW_SST] coraltemp_v3.1_20110301.nc is MISSING. Will try to re-download.
2026-01-17 15:30:20,447 | [CRW_SST] coraltemp_v3.1_20110302.nc is MISSING. Will try to re-download.
2026-01-17 15:30:20,447 | [CRW_SST] coraltemp_v3.1_20110303.nc is MISSING. Will try to re-download.
2026-01-17 15:30:20,447 | [CRW_SST] coraltemp_v3.1_20110304.nc is MISSING. Will try to re-download.
2026-01-17 15:30:20,447 | [CRW_SST] coraltemp_v3.1_20110305.nc is MISSING. Will try to re-download.
2026-01-17 15:30:20,448 | [CRW_SST] coraltemp_v3.1_20110306.nc is MISSING. Will try to re-download.
2026-01-17 15:30:20,448 | [CRW_SST] coraltemp_v3.1_20110307.nc is MISSING. Will try to re-download.
2026-01-17 15:30:20,448 | [CRW_SST] coraltemp_v3.1_20110308.nc is MISSING. Will try to re-download.
2026-01-17 15:30:20,450 | [CRW_SST] coraltemp_v3.1_20110309.nc is MISSING. Will try to re-download.
2026-01-17 15:30:20,450 | [CRW_SST] coraltemp_v3.1_20110310.nc is MISSING. Will try to re-download.
2026-01-17 15:30:20,450 | [CRW_SST] coraltemp_v3.1_20110311.nc is MISSING. Will try to re-download.
2026-01-17 15:30:20,450 | [CRW_SST] coraltemp_v3.1_20110312.nc is MISSING. Will try to re-download.
2026-01-17 15:30:20,451 | [CRW_SST] coraltemp_v3.1_20110313.nc is MISSING. Will try to re-download.
2026-01-17 15:30:20,451 | [CRW_SST] coraltemp_v3.1_20110314.nc is MISSING. Will try to re-download.
2026-01-17 15:30:20,453 | [CRW_SST] coraltemp_v3.1_20110315.nc is MISSING. Will try to re-download.
2026-01-17 15:30:20,453 | [CRW_SST] coraltemp_v3.1_20110316.nc is MISSING. Will try to re-download.
2026-01-17 15:30:20,453 | [CRW_SST] coraltemp_v3.1_20110317.nc is MISSING. Will try to re-download.
2026-01-17 15:30:20,459 | [CRW_SST] coraltemp_v3.1_20110318.nc is MISSING. Will try to re-download.
2026-01-17 15:30:20,468 | [CRW_SST] coraltemp_v3.1_20110319.nc is MISSING. Will try to re-download.
2026-01-17 15:30:20,479 | [CRW_SST] coraltemp_v3.1_20110320.nc is MISSING. Will try to re-download.
2026-01-17 15:30:20,482 | [CRW_SST] coraltemp_v3.1_20110321.nc is MISSING. Will try to re-download.
2026-01-17 15:30:20,490 | [CRW_SST] coraltemp_v3.1_20110322.nc is MISSING. Will try to re-download.
2026-01-17 15:30:20,498 | [CRW_SST] coraltemp_v3.1_20110323.nc is MISSING. Will try to re-download.
2026-01-17 15:30:20,506 | [CRW_SST] coraltemp_v3.1_20110324.nc is MISSING. Will try to re-download.
2026-01-17 15:30:20,518 | [CRW_SST] coraltemp_v3.1_20110325.nc is MISSING. Will try to re-download.
2026-01-17 15:30:20,526 | [CRW_SST] coraltemp_v3.1_20110326.nc is MISSING. Will try to re-download.
2026-01-17 15:30:20,531 | [CRW_SST] coraltemp_v3.1_20110327.nc is MISSING. Will try to re-download.
2026-01-17 15:30:20,537 | [CRW_SST] coraltemp_v3.1_20110328.nc is MISSING. Will try to re-download.
2026-01-17 15:30:20,545 | [CRW_SST] coraltemp_v3.1_20110329.nc is MISSING. Will try to re-download.
2026-01-17 15:30:20,549 | [CRW_SST] coraltemp_v3.1_20110330.nc is MISSING. Will try to re-download.
2026-01-17 15:30:20,553 | [CRW_SST] coraltemp_v3.1_20110331.nc is MISSING. Will try to re-download.
2026-01-17 15:30:20,561 | [CRW_SST] coraltemp_v3.1_20110401.nc is MISSING. Will try to re-download.
2026-01-17 15:30:20,567 | [CRW_SST] coraltemp_v3.1_20110402.nc is MISSING. Will try to re-download.
2026-01-17 15:30:20,570 | [CRW_SST] coraltemp_v3.1_20110403.nc is MISSING. Will try to re-download.
2026-01-17 15:30:20,576 | [CRW_SST] coraltemp_v3.1_20110404.nc is MISSING. Will try to re-download.
2026-01-17 15:30:20,578 | [CRW_SST] coraltemp_v3.1_20110405.nc is MISSING. Will try to re-download.
2026-01-17 15:30:20,584 | [CRW_SST] coraltemp_v3.1_20110406.nc is MISSING. Will try to re-download.
2026-01-17 15:30:20,586 | [CRW_SST] coraltemp_v3.1_20110407.nc is MISSING. Will try to re-download.
2026-01-17 15:30:20,591 | [CRW_SST] coraltemp_v3.1_20110408.nc is MISSING. Will try to re-download.
2026-01-17 15:30:20,596 | [CRW_SST] coraltemp_v3.1_20110409.nc is MISSING. Will try to re-download.
2026-01-17 15:30:20,603 | [CRW_SST] coraltemp_v3.1_20110410.nc is MISSING. Will try to re-download.
2026-01-17 15:30:20,607 | [CRW_SST] coraltemp_v3.1_20110411.nc is MISSING. Will try to re-download.
2026-01-17 15:30:20,609 | [CRW_SST] coraltemp_v3.1_20110412.nc is MISSING. Will try to re-download.
2026-01-17 15:30:20,610 | [CRW_SST] coraltemp_v3.1_20110413.nc is MISSING. Will try to re-download.
2026-01-17 15:30:20,610 | [CRW_SST] coraltemp_v3.1_20110414.nc is MISSING. Will try to re-download.
2026-01-17 15:30:20,611 | [CRW_SST] coraltemp_v3.1_20110415.nc is MISSING. Will try to re-download.
2026-01-17 15:30:20,612 | [CRW_SST] coraltemp_v3.1_20110416.nc is MISSING. Will try to re-download.
2026-01-17 15:30:20,613 | [CRW_SST] coraltemp_v3.1_20110417.nc is MISSING. Will try to re-download.
2026-01-17 15:30:20,613 | [CRW_SST] coraltemp_v3.1_20110418.nc is MISSING. Will try to re-download.
2026-01-17 15:30:20,613 | [CRW_SST] coraltemp_v3.1_20110419.nc is MISSING. Will try to re-download.
2026-01-17 15:30:20,614 | [CRW_SST] coraltemp_v3.1_20110420.nc is MISSING. Will try to re-download.
2026-01-17 15:30:20,614 | [CRW_SST] coraltemp_v3.1_20110421.nc is MISSING. Will try to re-download.
2026-01-17 15:30:20,616 | [CRW_SST] coraltemp_v3.1_20110422.nc is MISSING. Will try to re-download.
2026-01-17 15:30:20,616 | [CRW_SST] coraltemp_v3.1_20110423.nc is MISSING. Will try to re-download.
2026-01-17 15:30:20,617 | [CRW_SST] coraltemp_v3.1_20110424.nc is MISSING. Will try to re-download.
2026-01-17 15:30:20,617 | [CRW_SST] coraltemp_v3.1_20110425.nc is MISSING. Will try to re-download.
2026-01-17 15:30:20,617 | [CRW_SST] coraltemp_v3.1_20110426.nc is MISSING. Will try to re-download.
2026-01-17 15:30:20,619 | [CRW_SST] coraltemp_v3.1_20110427.nc is MISSING. Will try to re-download.
2026-01-17 15:30:20,619 | [CRW_SST] coraltemp_v3.1_20110428.nc is MISSING. Will try to re-download.
2026-01-17 15:30:20,619 | [CRW_SST] coraltemp_v3.1_20110429.nc is MISSING. Will try to re-download.
2026-01-17 15:30:20,622 | [CRW_SST] coraltemp_v3.1_20110430.nc is MISSING. Will try to re-download.
2026-01-17 15:30:20,622 | [CRW_SST] coraltemp_v3.1_20110501.nc is MISSING. Will try to re-download.
2026-01-17 15:30:20,622 | [CRW_SST] coraltemp_v3.1_20110502.nc is MISSING. Will try to re-download.
2026-01-17 15:30:20,622 | [CRW_SST] coraltemp_v3.1_20110503.nc is MISSING. Will try to re-download.
2026-01-17 15:30:20,622 | [CRW_SST] coraltemp_v3.1_20110504.nc is MISSING. Will try to re-download.
2026-01-17 15:30:20,630 | [CRW_SST] coraltemp_v3.1_20110505.nc is MISSING. Will try to re-download.
2026-01-17 15:30:20,633 | [CRW_SST] coraltemp_v3.1_20110506.nc is MISSING. Will try to re-download.
2026-01-17 15:30:20,640 | [CRW_SST] coraltemp_v3.1_20110507.nc is MISSING. Will try to re-download.
2026-01-17 15:30:20,645 | [CRW_SST] coraltemp_v3.1_20110508.nc is MISSING. Will try to re-download.
2026-01-17 15:30:20,648 | [CRW_SST] coraltemp_v3.1_20110509.nc is MISSING. Will try to re-download.
2026-01-17 15:30:20,654 | [CRW_SST] coraltemp_v3.1_20110510.nc is MISSING. Will try to re-download.
2026-01-17 15:30:20,656 | [CRW_SST] coraltemp_v3.1_20110511.nc is MISSING. Will try to re-download.
2026-01-17 15:30:20,660 | [CRW_SST] coraltemp_v3.1_20110512.nc is MISSING. Will try to re-download.
2026-01-17 15:30:20,661 | [CRW_SST] coraltemp_v3.1_20110513.nc is MISSING. Will try to re-download.
2026-01-17 15:30:20,663 | [CRW_SST] coraltemp_v3.1_20110514.nc is MISSING. Will try to re-download.
2026-01-17 15:30:20,663 | [CRW_SST] coraltemp_v3.1_20110515.nc is MISSING. Will try to re-download.
2026-01-17 15:30:20,664 | [CRW_SST] coraltemp_v3.1_20110516.nc is MISSING. Will try to re-download.
2026-01-17 15:30:20,664 | [CRW_SST] coraltemp_v3.1_20110517.nc is MISSING. Will try to re-download.
2026-01-17 15:30:20,670 | [CRW_SST] coraltemp_v3.1_20110518.nc is MISSING. Will try to re-download.
2026-01-17 15:30:20,670 | [CRW_SST] coraltemp_v3.1_20110519.nc is MISSING. Will try to re-download.
2026-01-17 15:30:20,670 | [CRW_SST] coraltemp_v3.1_20110520.nc is MISSING. Will try to re-download.
2026-01-17 15:30:20,670 | [CRW_SST] coraltemp_v3.1_20110521.nc is MISSING. Will try to re-download.
2026-01-17 15:30:20,671 | [CRW_SST] coraltemp_v3.1_20110522.nc is MISSING. Will try to re-download.
2026-01-17 15:30:20,671 | [CRW_SST] coraltemp_v3.1_20110523.nc is MISSING. Will try to re-download.
2026-01-17 15:30:20,671 | [CRW_SST] coraltemp_v3.1_20110524.nc is MISSING. Will try to re-download.
2026-01-17 15:30:20,671 | [CRW_SST] coraltemp_v3.1_20110525.nc is MISSING. Will try to re-download.
2026-01-17 15:30:20,671 | [CRW_SST] coraltemp_v3.1_20110526.nc is MISSING. Will try to re-download.
2026-01-17 15:30:20,674 | [CRW_SST] coraltemp_v3.1_20110527.nc is MISSING. Will try to re-download.
2026-01-17 15:30:20,675 | [CRW_SST] coraltemp_v3.1_20110528.nc is MISSING. Will try to re-download.
2026-01-17 15:30:20,675 | [CRW_SST] coraltemp_v3.1_20110529.nc is MISSING. Will try to re-download.
2026-01-17 15:30:20,675 | [CRW_SST] coraltemp_v3.1_20110530.nc is MISSING. Will try to re-download.
2026-01-17 15:30:20,677 | [CRW_SST] coraltemp_v3.1_20110531.nc is MISSING. Will try to re-download.
2026-01-17 15:30:20,678 | [CRW_SST] coraltemp_v3.1_20110601.nc is MISSING. Will try to re-download.
2026-01-17 15:30:20,678 | [CRW_SST] coraltemp_v3.1_20110602.nc is MISSING. Will try to re-download.
2026-01-17 15:30:20,678 | [CRW_SST] coraltemp_v3.1_20110603.nc is MISSING. Will try to re-download.
2026-01-17 15:30:20,678 | [CRW_SST] coraltemp_v3.1_20110604.nc is MISSING. Will try to re-download.
2026-01-17 15:30:20,678 | [CRW_SST] coraltemp_v3.1_20110605.nc is MISSING. Will try to re-download.
2026-01-17 15:30:20,678 | [CRW_SST] coraltemp_v3.1_20110606.nc is MISSING. Will try to re-download.
2026-01-17 15:30:20,681 | [CRW_SST] coraltemp_v3.1_20110607.nc is MISSING. Will try to re-download.
2026-01-17 15:30:20,681 | [CRW_SST] coraltemp_v3.1_20110608.nc is MISSING. Will try to re-download.
2026-01-17 15:30:20,682 | [CRW_SST] coraltemp_v3.1_20110609.nc is MISSING. Will try to re-download.
2026-01-17 15:30:20,682 | [CRW_SST] coraltemp_v3.1_20110610.nc is MISSING. Will try to re-download.
2026-01-17 15:30:20,683 | [CRW_SST] coraltemp_v3.1_20110611.nc is MISSING. Will try to re-download.
2026-01-17 15:30:20,684 | [CRW_SST] coraltemp_v3.1_20110612.nc is MISSING. Will try to re-download.
2026-01-17 15:30:20,684 | [CRW_SST] coraltemp_v3.1_20110613.nc is MISSING. Will try to re-download.
2026-01-17 15:30:20,685 | [CRW_SST] coraltemp_v3.1_20110614.nc is MISSING. Will try to re-download.
2026-01-17 15:30:20,685 | [CRW_SST] coraltemp_v3.1_20110615.nc is MISSING. Will try to re-download.
2026-01-17 15:30:20,685 | [CRW_SST] coraltemp_v3.1_20110616.nc is MISSING. Will try to re-download.
2026-01-17 15:30:20,686 | [CRW_SST] coraltemp_v3.1_20110617.nc is MISSING. Will try to re-download.
2026-01-17 15:30:20,686 | [CRW_SST] coraltemp_v3.1_20110618.nc is MISSING. Will try to re-download.
2026-01-17 15:30:20,688 | [CRW_SST] coraltemp_v3.1_20110619.nc is MISSING. Will try to re-download.
2026-01-17 15:30:20,688 | [CRW_SST] coraltemp_v3.1_20110620.nc is MISSING. Will try to re-download.
2026-01-17 15:30:20,689 | [CRW_SST] coraltemp_v3.1_20110621.nc is MISSING. Will try to re-download.
2026-01-17 15:30:20,690 | [CRW_SST] coraltemp_v3.1_20110622.nc is MISSING. Will try to re-download.
2026-01-17 15:30:20,690 | [CRW_SST] coraltemp_v3.1_20110623.nc is MISSING. Will try to re-download.
2026-01-17 15:30:20,691 | [CRW_SST] coraltemp_v3.1_20110624.nc is MISSING. Will try to re-download.
2026-01-17 15:30:20,691 | [CRW_SST] coraltemp_v3.1_20110625.nc is MISSING. Will try to re-download.
2026-01-17 15:30:20,691 | [CRW_SST] coraltemp_v3.1_20110626.nc is MISSING. Will try to re-download.
2026-01-17 15:30:20,691 | [CRW_SST] coraltemp_v3.1_20110627.nc is MISSING. Will try to re-download.
2026-01-17 15:30:20,691 | [CRW_SST] coraltemp_v3.1_20110628.nc is MISSING. Will try to re-download.
2026-01-17 15:30:20,691 | [CRW_SST] coraltemp_v3.1_20110629.nc is MISSING. Will try to re-download.
2026-01-17 15:30:20,691 | [CRW_SST] coraltemp_v3.1_20110630.nc is MISSING. Will try to re-download.
2026-01-17 15:30:20,691 | [CRW_SST] coraltemp_v3.1_20110701.nc is MISSING. Will try to re-download.
2026-01-17 15:30:20,691 | [CRW_SST] coraltemp_v3.1_20110702.nc is MISSING. Will try to re-download.
2026-01-17 15:30:20,691 | [CRW_SST] coraltemp_v3.1_20110703.nc is MISSING. Will try to re-download.
2026-01-17 15:30:20,691 | [CRW_SST] coraltemp_v3.1_20110704.nc is MISSING. Will try to re-download.
2026-01-17 15:30:20,691 | [CRW_SST] coraltemp_v3.1_20110705.nc is MISSING. Will try to re-download.
2026-01-17 15:30:20,691 | [CRW_SST] coraltemp_v3.1_20110706.nc is MISSING. Will try to re-download.
2026-01-17 15:30:20,697 | [CRW_SST] coraltemp_v3.1_20110707.nc is MISSING. Will try to re-download.
2026-01-17 15:30:20,697 | [CRW_SST] coraltemp_v3.1_20110708.nc is MISSING. Will try to re-download.
2026-01-17 15:30:20,697 | [CRW_SST] coraltemp_v3.1_20110709.nc is MISSING. Will try to re-download.
2026-01-17 15:30:20,697 | [CRW_SST] coraltemp_v3.1_20110710.nc is MISSING. Will try to re-download.
2026-01-17 15:30:20,699 | [CRW_SST] coraltemp_v3.1_20110711.nc is MISSING. Will try to re-download.
2026-01-17 15:30:20,700 | [CRW_SST] coraltemp_v3.1_20110712.nc is MISSING. Will try to re-download.
2026-01-17 15:30:20,700 | [CRW_SST] coraltemp_v3.1_20110713.nc is MISSING. Will try to re-download.
2026-01-17 15:30:20,700 | [CRW_SST] coraltemp_v3.1_20110714.nc is MISSING. Will try to re-download.
2026-01-17 15:30:20,700 | [CRW_SST] coraltemp_v3.1_20110715.nc is MISSING. Will try to re-download.
2026-01-17 15:30:20,700 | [CRW_SST] coraltemp_v3.1_20110716.nc is MISSING. Will try to re-download.
2026-01-17 15:30:20,700 | [CRW_SST] coraltemp_v3.1_20110717.nc is MISSING. Will try to re-download.
2026-01-17 15:30:20,703 | [CRW_SST] coraltemp_v3.1_20110718.nc is MISSING. Will try to re-download.
2026-01-17 15:30:20,703 | [CRW_SST] coraltemp_v3.1_20110719.nc is MISSING. Will try to re-download.
2026-01-17 15:30:20,703 | [CRW_SST] coraltemp_v3.1_20110720.nc is MISSING. Will try to re-download.
2026-01-17 15:30:20,703 | [CRW_SST] coraltemp_v3.1_20110721.nc is MISSING. Will try to re-download.
2026-01-17 15:30:20,703 | [CRW_SST] coraltemp_v3.1_20110722.nc is MISSING. Will try to re-download.
2026-01-17 15:30:20,705 | [CRW_SST] coraltemp_v3.1_20110723.nc is MISSING. Will try to re-download.
2026-01-17 15:30:20,706 | [CRW_SST] coraltemp_v3.1_20110724.nc is MISSING. Will try to re-download.
2026-01-17 15:30:20,706 | [CRW_SST] coraltemp_v3.1_20110725.nc is MISSING. Will try to re-download.
2026-01-17 15:30:20,708 | [CRW_SST] coraltemp_v3.1_20110726.nc is MISSING. Will try to re-download.
2026-01-17 15:30:20,709 | [CRW_SST] coraltemp_v3.1_20110727.nc is MISSING. Will try to re-download.
2026-01-17 15:30:20,710 | [CRW_SST] coraltemp_v3.1_20110728.nc is MISSING. Will try to re-download.
2026-01-17 15:30:20,710 | [CRW_SST] coraltemp_v3.1_20110729.nc is MISSING. Will try to re-download.
2026-01-17 15:30:20,710 | [CRW_SST] coraltemp_v3.1_20110730.nc is MISSING. Will try to re-download.
2026-01-17 15:30:20,710 | [CRW_SST] coraltemp_v3.1_20110731.nc is MISSING. Will try to re-download.
2026-01-17 15:30:20,712 | [CRW_SST] coraltemp_v3.1_20110801.nc is MISSING. Will try to re-download.
2026-01-17 15:30:20,712 | [CRW_SST] coraltemp_v3.1_20110802.nc is MISSING. Will try to re-download.
2026-01-17 15:30:20,712 | [CRW_SST] coraltemp_v3.1_20110803.nc is MISSING. Will try to re-download.
2026-01-17 15:30:20,713 | [CRW_SST] coraltemp_v3.1_20110804.nc is MISSING. Will try to re-download.
2026-01-17 15:30:20,714 | [CRW_SST] coraltemp_v3.1_20110805.nc is MISSING. Will try to re-download.
2026-01-17 15:30:20,714 | [CRW_SST] coraltemp_v3.1_20110806.nc is MISSING. Will try to re-download.
2026-01-17 15:30:20,714 | [CRW_SST] coraltemp_v3.1_20110807.nc is MISSING. Will try to re-download.
2026-01-17 15:30:20,714 | [CRW_SST] coraltemp_v3.1_20110808.nc is MISSING. Will try to re-download.
2026-01-17 15:30:20,714 | [CRW_SST] coraltemp_v3.1_20110809.nc is MISSING. Will try to re-download.
2026-01-17 15:30:20,717 | [CRW_SST] coraltemp_v3.1_20110810.nc is MISSING. Will try to re-download.
2026-01-17 15:30:20,718 | [CRW_SST] coraltemp_v3.1_20110811.nc is MISSING. Will try to re-download.
2026-01-17 15:30:20,718 | [CRW_SST] coraltemp_v3.1_20110812.nc is MISSING. Will try to re-download.
2026-01-17 15:30:20,719 | [CRW_SST] coraltemp_v3.1_20110813.nc is MISSING. Will try to re-download.
2026-01-17 15:30:20,719 | [CRW_SST] coraltemp_v3.1_20110814.nc is MISSING. Will try to re-download.
2026-01-17 15:30:20,720 | [CRW_SST] coraltemp_v3.1_20110815.nc is MISSING. Will try to re-download.
2026-01-17 15:30:20,720 | [CRW_SST] coraltemp_v3.1_20110816.nc is MISSING. Will try to re-download.
2026-01-17 15:30:20,721 | [CRW_SST] coraltemp_v3.1_20110817.nc is MISSING. Will try to re-download.
2026-01-17 15:30:20,721 | [CRW_SST] coraltemp_v3.1_20110818.nc is MISSING. Will try to re-download.
2026-01-17 15:30:20,721 | [CRW_SST] coraltemp_v3.1_20110819.nc is MISSING. Will try to re-download.
2026-01-17 15:30:20,721 | [CRW_SST] coraltemp_v3.1_20110820.nc is MISSING. Will try to re-download.
2026-01-17 15:30:20,721 | [CRW_SST] coraltemp_v3.1_20110821.nc is MISSING. Will try to re-download.
2026-01-17 15:30:20,725 | [CRW_SST] coraltemp_v3.1_20110822.nc is MISSING. Will try to re-download.
2026-01-17 15:30:20,725 | [CRW_SST] coraltemp_v3.1_20110823.nc is MISSING. Will try to re-download.
2026-01-17 15:30:20,727 | [CRW_SST] coraltemp_v3.1_20110824.nc is MISSING. Will try to re-download.
2026-01-17 15:30:20,727 | [CRW_SST] coraltemp_v3.1_20110825.nc is MISSING. Will try to re-download.
2026-01-17 15:30:20,727 | [CRW_SST] coraltemp_v3.1_20110826.nc is MISSING. Will try to re-download.
2026-01-17 15:30:20,728 | [CRW_SST] coraltemp_v3.1_20110827.nc is MISSING. Will try to re-download.
2026-01-17 15:30:20,728 | [CRW_SST] coraltemp_v3.1_20110828.nc is MISSING. Will try to re-download.
2026-01-17 15:30:20,728 | [CRW_SST] coraltemp_v3.1_20110829.nc is MISSING. Will try to re-download.
2026-01-17 15:30:20,728 | [CRW_SST] coraltemp_v3.1_20110830.nc is MISSING. Will try to re-download.
2026-01-17 15:30:20,730 | [CRW_SST] coraltemp_v3.1_20110831.nc is MISSING. Will try to re-download.
2026-01-17 15:30:20,730 | [CRW_SST] coraltemp_v3.1_20110901.nc is MISSING. Will try to re-download.
2026-01-17 15:30:20,730 | [CRW_SST] coraltemp_v3.1_20110902.nc is MISSING. Will try to re-download.
2026-01-17 15:30:20,731 | [CRW_SST] coraltemp_v3.1_20110903.nc is MISSING. Will try to re-download.
2026-01-17 15:30:20,732 | [CRW_SST] coraltemp_v3.1_20110904.nc is MISSING. Will try to re-download.
2026-01-17 15:30:20,732 | [CRW_SST] coraltemp_v3.1_20110905.nc is MISSING. Will try to re-download.
2026-01-17 15:30:20,732 | [CRW_SST] coraltemp_v3.1_20110906.nc is MISSING. Will try to re-download.
2026-01-17 15:30:20,732 | [CRW_SST] coraltemp_v3.1_20110907.nc is MISSING. Will try to re-download.
2026-01-17 15:30:20,733 | [CRW_SST] coraltemp_v3.1_20110908.nc is MISSING. Will try to re-download.
2026-01-17 15:30:20,734 | [CRW_SST] coraltemp_v3.1_20110909.nc is MISSING. Will try to re-download.
2026-01-17 15:30:20,734 | [CRW_SST] coraltemp_v3.1_20110910.nc is MISSING. Will try to re-download.
2026-01-17 15:30:20,734 | [CRW_SST] coraltemp_v3.1_20110911.nc is MISSING. Will try to re-download.
2026-01-17 15:30:20,734 | [CRW_SST] coraltemp_v3.1_20110912.nc is MISSING. Will try to re-download.
2026-01-17 15:30:20,734 | [CRW_SST] coraltemp_v3.1_20110913.nc is MISSING. Will try to re-download.
2026-01-17 15:30:20,736 | [CRW_SST] coraltemp_v3.1_20110914.nc is MISSING. Will try to re-download.
2026-01-17 15:30:20,736 | [CRW_SST] coraltemp_v3.1_20110915.nc is MISSING. Will try to re-download.
2026-01-17 15:30:20,737 | [CRW_SST] coraltemp_v3.1_20110916.nc is MISSING. Will try to re-download.
2026-01-17 15:30:20,737 | [CRW_SST] coraltemp_v3.1_20110917.nc is MISSING. Will try to re-download.
2026-01-17 15:30:20,737 | [CRW_SST] coraltemp_v3.1_20110918.nc is MISSING. Will try to re-download.
2026-01-17 15:30:20,738 | [CRW_SST] coraltemp_v3.1_20110919.nc is MISSING. Will try to re-download.
2026-01-17 15:30:20,738 | [CRW_SST] coraltemp_v3.1_20110920.nc is MISSING. Will try to re-download.
2026-01-17 15:30:20,739 | [CRW_SST] coraltemp_v3.1_20110921.nc is MISSING. Will try to re-download.
2026-01-17 15:30:20,739 | [CRW_SST] coraltemp_v3.1_20110922.nc is MISSING. Will try to re-download.
2026-01-17 15:30:20,739 | [CRW_SST] coraltemp_v3.1_20110923.nc is MISSING. Will try to re-download.
2026-01-17 15:30:20,740 | [CRW_SST] coraltemp_v3.1_20110924.nc is MISSING. Will try to re-download.
2026-01-17 15:30:20,742 | [CRW_SST] coraltemp_v3.1_20110925.nc is MISSING. Will try to re-download.
2026-01-17 15:30:20,742 | [CRW_SST] coraltemp_v3.1_20110926.nc is MISSING. Will try to re-download.
2026-01-17 15:30:20,743 | [CRW_SST] coraltemp_v3.1_20110927.nc is MISSING. Will try to re-download.
2026-01-17 15:30:20,743 | [CRW_SST] coraltemp_v3.1_20110928.nc is MISSING. Will try to re-download.
2026-01-17 15:30:20,743 | [CRW_SST] coraltemp_v3.1_20110929.nc is MISSING. Will try to re-download.
2026-01-17 15:30:20,743 | [CRW_SST] coraltemp_v3.1_20110930.nc is MISSING. Will try to re-download.
2026-01-17 15:30:20,743 | [CRW_SST] coraltemp_v3.1_20111001.nc is MISSING. Will try to re-download.
2026-01-17 15:30:20,743 | [CRW_SST] coraltemp_v3.1_20111002.nc is MISSING. Will try to re-download.
2026-01-17 15:30:20,746 | [CRW_SST] coraltemp_v3.1_20111003.nc is MISSING. Will try to re-download.
2026-01-17 15:30:20,746 | [CRW_SST] coraltemp_v3.1_20111004.nc is MISSING. Will try to re-download.
2026-01-17 15:30:20,746 | [CRW_SST] coraltemp_v3.1_20111005.nc is MISSING. Will try to re-download.
2026-01-17 15:30:20,747 | [CRW_SST] coraltemp_v3.1_20111006.nc is MISSING. Will try to re-download.
2026-01-17 15:30:20,747 | [CRW_SST] coraltemp_v3.1_20111007.nc is MISSING. Will try to re-download.
2026-01-17 15:30:20,747 | [CRW_SST] coraltemp_v3.1_20111008.nc is MISSING. Will try to re-download.
2026-01-17 15:30:20,749 | [CRW_SST] coraltemp_v3.1_20111009.nc is MISSING. Will try to re-download.
2026-01-17 15:30:20,749 | [CRW_SST] coraltemp_v3.1_20111010.nc is MISSING. Will try to re-download.
2026-01-17 15:30:20,749 | [CRW_SST] coraltemp_v3.1_20111011.nc is MISSING. Will try to re-download.
2026-01-17 15:30:20,750 | [CRW_SST] coraltemp_v3.1_20111012.nc is MISSING. Will try to re-download.
2026-01-17 15:30:20,750 | [CRW_SST] coraltemp_v3.1_20111013.nc is MISSING. Will try to re-download.
2026-01-17 15:30:20,750 | [CRW_SST] coraltemp_v3.1_20111014.nc is MISSING. Will try to re-download.
2026-01-17 15:30:20,750 | [CRW_SST] coraltemp_v3.1_20111015.nc is MISSING. Will try to re-download.
2026-01-17 15:30:20,750 | [CRW_SST] coraltemp_v3.1_20111016.nc is MISSING. Will try to re-download.
2026-01-17 15:30:20,750 | [CRW_SST] coraltemp_v3.1_20111017.nc is MISSING. Will try to re-download.
2026-01-17 15:30:20,753 | [CRW_SST] coraltemp_v3.1_20111018.nc is MISSING. Will try to re-download.
2026-01-17 15:30:20,753 | [CRW_SST] coraltemp_v3.1_20111019.nc is MISSING. Will try to re-download.
2026-01-17 15:30:20,753 | [CRW_SST] coraltemp_v3.1_20111020.nc is MISSING. Will try to re-download.
2026-01-17 15:30:20,753 | [CRW_SST] coraltemp_v3.1_20111021.nc is MISSING. Will try to re-download.
2026-01-17 15:30:20,753 | [CRW_SST] coraltemp_v3.1_20111022.nc is MISSING. Will try to re-download.
2026-01-17 15:30:20,753 | [CRW_SST] coraltemp_v3.1_20111023.nc is MISSING. Will try to re-download.
2026-01-17 15:30:20,753 | [CRW_SST] coraltemp_v3.1_20111024.nc is MISSING. Will try to re-download.
2026-01-17 15:30:20,753 | [CRW_SST] coraltemp_v3.1_20111025.nc is MISSING. Will try to re-download.
2026-01-17 15:30:20,753 | [CRW_SST] coraltemp_v3.1_20111026.nc is MISSING. Will try to re-download.
2026-01-17 15:30:20,753 | [CRW_SST] coraltemp_v3.1_20111027.nc is MISSING. Will try to re-download.
2026-01-17 15:30:20,753 | [CRW_SST] coraltemp_v3.1_20111028.nc is MISSING. Will try to re-download.
2026-01-17 15:30:20,753 | [CRW_SST] coraltemp_v3.1_20111029.nc is MISSING. Will try to re-download.
2026-01-17 15:30:20,759 | [CRW_SST] coraltemp_v3.1_20111030.nc is MISSING. Will try to re-download.
2026-01-17 15:30:20,759 | [CRW_SST] coraltemp_v3.1_20111031.nc is MISSING. Will try to re-download.
2026-01-17 15:30:20,759 | [CRW_SST] coraltemp_v3.1_20111101.nc is MISSING. Will try to re-download.
2026-01-17 15:30:20,760 | [CRW_SST] coraltemp_v3.1_20111102.nc is MISSING. Will try to re-download.
2026-01-17 15:30:20,760 | [CRW_SST] coraltemp_v3.1_20111103.nc is MISSING. Will try to re-download.
2026-01-17 15:30:20,760 | [CRW_SST] coraltemp_v3.1_20111104.nc is MISSING. Will try to re-download.
2026-01-17 15:30:20,760 | [CRW_SST] coraltemp_v3.1_20111105.nc is MISSING. Will try to re-download.
2026-01-17 15:30:20,762 | [CRW_SST] coraltemp_v3.1_20111106.nc is MISSING. Will try to re-download.
2026-01-17 15:30:20,762 | [CRW_SST] coraltemp_v3.1_20111107.nc is MISSING. Will try to re-download.
2026-01-17 15:30:20,763 | [CRW_SST] coraltemp_v3.1_20111108.nc is MISSING. Will try to re-download.
2026-01-17 15:30:20,763 | [CRW_SST] coraltemp_v3.1_20111109.nc is MISSING. Will try to re-download.
2026-01-17 15:30:20,764 | [CRW_SST] coraltemp_v3.1_20111110.nc is MISSING. Will try to re-download.
2026-01-17 15:30:20,764 | [CRW_SST] coraltemp_v3.1_20111111.nc is MISSING. Will try to re-download.
2026-01-17 15:30:20,764 | [CRW_SST] coraltemp_v3.1_20111112.nc is MISSING. Will try to re-download.
2026-01-17 15:30:20,764 | [CRW_SST] coraltemp_v3.1_20111113.nc is MISSING. Will try to re-download.
2026-01-17 15:30:20,764 | [CRW_SST] coraltemp_v3.1_20111114.nc is MISSING. Will try to re-download.
2026-01-17 15:30:20,766 | [CRW_SST] coraltemp_v3.1_20111115.nc is MISSING. Will try to re-download.
2026-01-17 15:30:20,767 | [CRW_SST] coraltemp_v3.1_20111116.nc is MISSING. Will try to re-download.
2026-01-17 15:30:20,767 | [CRW_SST] coraltemp_v3.1_20111117.nc is MISSING. Will try to re-download.
2026-01-17 15:30:20,767 | [CRW_SST] coraltemp_v3.1_20111118.nc is MISSING. Will try to re-download.
2026-01-17 15:30:20,767 | [CRW_SST] coraltemp_v3.1_20111119.nc is MISSING. Will try to re-download.
2026-01-17 15:30:20,769 | [CRW_SST] coraltemp_v3.1_20111120.nc is MISSING. Will try to re-download.
2026-01-17 15:30:20,769 | [CRW_SST] coraltemp_v3.1_20111121.nc is MISSING. Will try to re-download.
2026-01-17 15:30:20,769 | [CRW_SST] coraltemp_v3.1_20111122.nc is MISSING. Will try to re-download.
2026-01-17 15:30:20,769 | [CRW_SST] coraltemp_v3.1_20111123.nc is MISSING. Will try to re-download.
2026-01-17 15:30:20,771 | [CRW_SST] coraltemp_v3.1_20111124.nc is MISSING. Will try to re-download.
2026-01-17 15:30:20,771 | [CRW_SST] coraltemp_v3.1_20111125.nc is MISSING. Will try to re-download.
2026-01-17 15:30:20,771 | [CRW_SST] coraltemp_v3.1_20111126.nc is MISSING. Will try to re-download.
2026-01-17 15:30:20,771 | [CRW_SST] coraltemp_v3.1_20111127.nc is MISSING. Will try to re-download.
2026-01-17 15:30:20,774 | [CRW_SST] coraltemp_v3.1_20111128.nc is MISSING. Will try to re-download.
2026-01-17 15:30:20,775 | [CRW_SST] coraltemp_v3.1_20111129.nc is MISSING. Will try to re-download.
2026-01-17 15:30:20,775 | [CRW_SST] coraltemp_v3.1_20111130.nc is MISSING. Will try to re-download.
2026-01-17 15:30:20,777 | [CRW_SST] coraltemp_v3.1_20111201.nc is MISSING. Will try to re-download.
2026-01-17 15:30:20,777 | [CRW_SST] coraltemp_v3.1_20111202.nc is MISSING. Will try to re-download.
2026-01-17 15:30:20,777 | [CRW_SST] coraltemp_v3.1_20111203.nc is MISSING. Will try to re-download.
2026-01-17 15:30:20,777 | [CRW_SST] coraltemp_v3.1_20111204.nc is MISSING. Will try to re-download.
2026-01-17 15:30:20,779 | [CRW_SST] coraltemp_v3.1_20111205.nc is MISSING. Will try to re-download.
2026-01-17 15:30:20,780 | [CRW_SST] coraltemp_v3.1_20111206.nc is MISSING. Will try to re-download.
2026-01-17 15:30:20,780 | [CRW_SST] coraltemp_v3.1_20111207.nc is MISSING. Will try to re-download.
2026-01-17 15:30:20,780 | [CRW_SST] coraltemp_v3.1_20111208.nc is MISSING. Will try to re-download.
2026-01-17 15:30:20,781 | [CRW_SST] coraltemp_v3.1_20111209.nc is MISSING. Will try to re-download.
2026-01-17 15:30:20,782 | [CRW_SST] coraltemp_v3.1_20111210.nc is MISSING. Will try to re-download.
2026-01-17 15:30:20,782 | [CRW_SST] coraltemp_v3.1_20111211.nc is MISSING. Will try to re-download.
2026-01-17 15:30:20,784 | [CRW_SST] coraltemp_v3.1_20111212.nc is MISSING. Will try to re-download.
2026-01-17 15:30:20,784 | [CRW_SST] coraltemp_v3.1_20111213.nc is MISSING. Will try to re-download.
2026-01-17 15:30:20,784 | [CRW_SST] coraltemp_v3.1_20111214.nc is MISSING. Will try to re-download.
2026-01-17 15:30:20,784 | [CRW_SST] coraltemp_v3.1_20111215.nc is MISSING. Will try to re-download.
2026-01-17 15:30:20,784 | [CRW_SST] coraltemp_v3.1_20111216.nc is MISSING. Will try to re-download.
2026-01-17 15:30:20,786 | [CRW_SST] coraltemp_v3.1_20111217.nc is MISSING. Will try to re-download.
2026-01-17 15:30:20,786 | [CRW_SST] coraltemp_v3.1_20111218.nc is MISSING. Will try to re-download.
2026-01-17 15:30:20,787 | [CRW_SST] coraltemp_v3.1_20111219.nc is MISSING. Will try to re-download.
2026-01-17 15:30:20,787 | [CRW_SST] coraltemp_v3.1_20111220.nc is MISSING. Will try to re-download.
2026-01-17 15:30:20,788 | [CRW_SST] coraltemp_v3.1_20111221.nc is MISSING. Will try to re-download.
2026-01-17 15:30:20,789 | [CRW_SST] coraltemp_v3.1_20111222.nc is MISSING. Will try to re-download.
2026-01-17 15:30:20,789 | [CRW_SST] coraltemp_v3.1_20111223.nc is MISSING. Will try to re-download.
2026-01-17 15:30:20,791 | [CRW_SST] coraltemp_v3.1_20111224.nc is MISSING. Will try to re-download.
2026-01-17 15:30:20,791 | [CRW_SST] coraltemp_v3.1_20111225.nc is MISSING. Will try to re-download.
2026-01-17 15:30:20,791 | [CRW_SST] coraltemp_v3.1_20111226.nc is MISSING. Will try to re-download.
2026-01-17 15:30:20,793 | [CRW_SST] coraltemp_v3.1_20111227.nc is MISSING. Will try to re-download.
2026-01-17 15:30:20,794 | [CRW_SST] coraltemp_v3.1_20111228.nc is MISSING. Will try to re-download.
2026-01-17 15:30:20,794 | [CRW_SST] coraltemp_v3.1_20111229.nc is MISSING. Will try to re-download.
2026-01-17 15:30:20,794 | [CRW_SST] coraltemp_v3.1_20111230.nc is MISSING. Will try to re-download.
2026-01-17 15:30:20,794 | [CRW_SST] coraltemp_v3.1_20111231.nc is MISSING. Will try to re-download.
2026-01-17 15:30:20,794 | [CRW_SST] coraltemp_v3.1_20120110.nc is MISSING. Will try to re-download.
2026-01-17 15:30:20,797 | [CRW_SST] coraltemp_v3.1_20120111.nc is MISSING. Will try to re-download.
2026-01-17 15:30:20,797 | [CRW_SST] coraltemp_v3.1_20120112.nc is MISSING. Will try to re-download.
2026-01-17 15:30:20,797 | [CRW_SST] coraltemp_v3.1_20120113.nc is MISSING. Will try to re-download.
2026-01-17 15:30:20,797 | [CRW_SST] coraltemp_v3.1_20120114.nc is MISSING. Will try to re-download.
2026-01-17 15:30:20,799 | [CRW_SST] coraltemp_v3.1_20120115.nc is MISSING. Will try to re-download.
2026-01-17 15:30:20,799 | [CRW_SST] coraltemp_v3.1_20120116.nc is MISSING. Will try to re-download.
2026-01-17 15:30:20,800 | [CRW_SST] coraltemp_v3.1_20120117.nc is MISSING. Will try to re-download.
2026-01-17 15:30:20,800 | [CRW_SST] coraltemp_v3.1_20120118.nc is MISSING. Will try to re-download.
2026-01-17 15:30:20,800 | [CRW_SST] coraltemp_v3.1_20120119.nc is MISSING. Will try to re-download.
2026-01-17 15:30:20,800 | [CRW_SST] coraltemp_v3.1_20120211.nc is MISSING. Will try to re-download.
2026-01-17 15:30:20,802 | [CRW_SST] coraltemp_v3.1_20120311.nc is MISSING. Will try to re-download.
2026-01-17 15:30:20,803 | [CRW_SST] coraltemp_v3.1_20120411.nc is MISSING. Will try to re-download.
2026-01-17 15:30:20,803 | [CRW_SST] coraltemp_v3.1_20120511.nc is MISSING. Will try to re-download.
2026-01-17 15:30:20,803 | [CRW_SST] coraltemp_v3.1_20120611.nc is MISSING. Will try to re-download.
2026-01-17 15:30:20,803 | [CRW_SST] coraltemp_v3.1_20120711.nc is MISSING. Will try to re-download.
2026-01-17 15:30:20,803 | [CRW_SST] coraltemp_v3.1_20120715.nc is MISSING. Will try to re-download.
2026-01-17 15:30:20,803 | [CRW_SST] coraltemp_v3.1_20120811.nc is MISSING. Will try to re-download.
2026-01-17 15:30:20,803 | [CRW_SST] coraltemp_v3.1_20120911.nc is MISSING. Will try to re-download.
2026-01-17 15:30:20,803 | [CRW_SST] coraltemp_v3.1_20120916.nc is MISSING. Will try to re-download.
2026-01-17 15:30:20,808 | [CRW_SST] coraltemp_v3.1_20121011.nc is MISSING. Will try to re-download.
2026-01-17 15:30:20,808 | [CRW_SST] coraltemp_v3.1_20121101.nc is MISSING. Will try to re-download.
2026-01-17 15:30:20,810 | [CRW_SST] coraltemp_v3.1_20121102.nc is MISSING. Will try to re-download.
2026-01-17 15:30:20,810 | [CRW_SST] coraltemp_v3.1_20121103.nc is MISSING. Will try to re-download.
2026-01-17 15:30:20,810 | [CRW_SST] coraltemp_v3.1_20121104.nc is MISSING. Will try to re-download.
2026-01-17 15:30:20,812 | [CRW_SST] coraltemp_v3.1_20121105.nc is MISSING. Will try to re-download.
2026-01-17 15:30:20,812 | [CRW_SST] coraltemp_v3.1_20121106.nc is MISSING. Will try to re-download.
2026-01-17 15:30:20,813 | [CRW_SST] coraltemp_v3.1_20121107.nc is MISSING. Will try to re-download.
2026-01-17 15:30:20,813 | [CRW_SST] coraltemp_v3.1_20121108.nc is MISSING. Will try to re-download.
2026-01-17 15:30:20,813 | [CRW_SST] coraltemp_v3.1_20121109.nc is MISSING. Will try to re-download.
2026-01-17 15:30:20,813 | [CRW_SST] coraltemp_v3.1_20121110.nc is MISSING. Will try to re-download.
2026-01-17 15:30:20,814 | [CRW_SST] coraltemp_v3.1_20121111.nc is MISSING. Will try to re-download.
2026-01-17 15:30:20,814 | [CRW_SST] coraltemp_v3.1_20121112.nc is MISSING. Will try to re-download.
2026-01-17 15:30:20,814 | [CRW_SST] coraltemp_v3.1_20121113.nc is MISSING. Will try to re-download.
2026-01-17 15:30:20,814 | [CRW_SST] coraltemp_v3.1_20121114.nc is MISSING. Will try to re-download.
2026-01-17 15:30:20,814 | [CRW_SST] coraltemp_v3.1_20121115.nc is MISSING. Will try to re-download.
2026-01-17 15:30:20,817 | [CRW_SST] coraltemp_v3.1_20121116.nc is MISSING. Will try to re-download.
2026-01-17 15:30:20,817 | [CRW_SST] coraltemp_v3.1_20121117.nc is MISSING. Will try to re-download.
2026-01-17 15:30:20,817 | [CRW_SST] coraltemp_v3.1_20121118.nc is MISSING. Will try to re-download.
2026-01-17 15:30:20,817 | [CRW_SST] coraltemp_v3.1_20121119.nc is MISSING. Will try to re-download.
2026-01-17 15:30:20,819 | [CRW_SST] coraltemp_v3.1_20121120.nc is MISSING. Will try to re-download.
2026-01-17 15:30:20,820 | [CRW_SST] coraltemp_v3.1_20121121.nc is MISSING. Will try to re-download.
2026-01-17 15:30:20,820 | [CRW_SST] coraltemp_v3.1_20121122.nc is MISSING. Will try to re-download.
2026-01-17 15:30:20,820 | [CRW_SST] coraltemp_v3.1_20121123.nc is MISSING. Will try to re-download.
2026-01-17 15:30:20,820 | [CRW_SST] coraltemp_v3.1_20121124.nc is MISSING. Will try to re-download.
2026-01-17 15:30:20,820 | [CRW_SST] coraltemp_v3.1_20121125.nc is MISSING. Will try to re-download.
2026-01-17 15:30:20,820 | [CRW_SST] coraltemp_v3.1_20121126.nc is MISSING. Will try to re-download.
2026-01-17 15:30:20,822 | [CRW_SST] coraltemp_v3.1_20121127.nc is MISSING. Will try to re-download.
2026-01-17 15:30:20,822 | [CRW_SST] coraltemp_v3.1_20121128.nc is MISSING. Will try to re-download.
2026-01-17 15:30:20,822 | [CRW_SST] coraltemp_v3.1_20121129.nc is MISSING. Will try to re-download.
2026-01-17 15:30:20,825 | [CRW_SST] coraltemp_v3.1_20121130.nc is MISSING. Will try to re-download.
2026-01-17 15:30:20,825 | [CRW_SST] coraltemp_v3.1_20121211.nc is MISSING. Will try to re-download.
2026-01-17 15:30:20,825 | [CRW_SST] coraltemp_v3.1_20130110.nc is MISSING. Will try to re-download.
2026-01-17 15:30:20,827 | [CRW_SST] coraltemp_v3.1_20130111.nc is MISSING. Will try to re-download.
2026-01-17 15:30:20,828 | [CRW_SST] coraltemp_v3.1_20130112.nc is MISSING. Will try to re-download.
2026-01-17 15:30:20,828 | [CRW_SST] coraltemp_v3.1_20130113.nc is MISSING. Will try to re-download.
2026-01-17 15:30:20,828 | [CRW_SST] coraltemp_v3.1_20130114.nc is MISSING. Will try to re-download.
2026-01-17 15:30:20,828 | [CRW_SST] coraltemp_v3.1_20130115.nc is MISSING. Will try to re-download.
2026-01-17 15:30:20,828 | [CRW_SST] coraltemp_v3.1_20130116.nc is MISSING. Will try to re-download.
2026-01-17 15:30:20,828 | [CRW_SST] coraltemp_v3.1_20130117.nc is MISSING. Will try to re-download.
2026-01-17 15:30:20,828 | [CRW_SST] coraltemp_v3.1_20130118.nc is MISSING. Will try to re-download.
2026-01-17 15:30:20,831 | [CRW_SST] coraltemp_v3.1_20130119.nc is MISSING. Will try to re-download.
2026-01-17 15:30:20,831 | [CRW_SST] coraltemp_v3.1_20130211.nc is MISSING. Will try to re-download.
2026-01-17 15:30:20,831 | [CRW_SST] coraltemp_v3.1_20130311.nc is MISSING. Will try to re-download.
2026-01-17 15:30:20,832 | [CRW_SST] coraltemp_v3.1_20130411.nc is MISSING. Will try to re-download.
2026-01-17 15:30:20,832 | [CRW_SST] coraltemp_v3.1_20130511.nc is MISSING. Will try to re-download.
2026-01-17 15:30:20,832 | [CRW_SST] coraltemp_v3.1_20130611.nc is MISSING. Will try to re-download.
2026-01-17 15:30:20,832 | [CRW_SST] coraltemp_v3.1_20130711.nc is MISSING. Will try to re-download.
2026-01-17 15:30:20,834 | [CRW_SST] coraltemp_v3.1_20130811.nc is MISSING. Will try to re-download.
2026-01-17 15:30:20,834 | [CRW_SST] coraltemp_v3.1_20130911.nc is MISSING. Will try to re-download.
2026-01-17 15:30:20,834 | [CRW_SST] coraltemp_v3.1_20131011.nc is MISSING. Will try to re-download.
2026-01-17 15:30:20,834 | [CRW_SST] coraltemp_v3.1_20131101.nc is MISSING. Will try to re-download.
2026-01-17 15:30:20,834 | [CRW_SST] coraltemp_v3.1_20131102.nc is MISSING. Will try to re-download.
2026-01-17 15:30:20,836 | [CRW_SST] coraltemp_v3.1_20131103.nc is MISSING. Will try to re-download.
2026-01-17 15:30:20,836 | [CRW_SST] coraltemp_v3.1_20131104.nc is MISSING. Will try to re-download.
2026-01-17 15:30:20,837 | [CRW_SST] coraltemp_v3.1_20131105.nc is MISSING. Will try to re-download.
2026-01-17 15:30:20,837 | [CRW_SST] coraltemp_v3.1_20131106.nc is MISSING. Will try to re-download.
2026-01-17 15:30:20,838 | [CRW_SST] coraltemp_v3.1_20131107.nc is MISSING. Will try to re-download.
2026-01-17 15:30:20,839 | [CRW_SST] coraltemp_v3.1_20131108.nc is MISSING. Will try to re-download.
2026-01-17 15:30:20,839 | [CRW_SST] coraltemp_v3.1_20131109.nc is MISSING. Will try to re-download.
2026-01-17 15:30:20,839 | [CRW_SST] coraltemp_v3.1_20131110.nc is MISSING. Will try to re-download.
2026-01-17 15:30:20,839 | [CRW_SST] coraltemp_v3.1_20131111.nc is MISSING. Will try to re-download.
2026-01-17 15:30:20,841 | [CRW_SST] coraltemp_v3.1_20131112.nc is MISSING. Will try to re-download.
2026-01-17 15:30:20,841 | [CRW_SST] coraltemp_v3.1_20131113.nc is MISSING. Will try to re-download.
2026-01-17 15:30:20,841 | [CRW_SST] coraltemp_v3.1_20131114.nc is MISSING. Will try to re-download.
2026-01-17 15:30:20,843 | [CRW_SST] coraltemp_v3.1_20131115.nc is MISSING. Will try to re-download.
2026-01-17 15:30:20,843 | [CRW_SST] coraltemp_v3.1_20131116.nc is MISSING. Will try to re-download.
2026-01-17 15:30:20,843 | [CRW_SST] coraltemp_v3.1_20131117.nc is MISSING. Will try to re-download.
2026-01-17 15:30:20,843 | [CRW_SST] coraltemp_v3.1_20131118.nc is MISSING. Will try to re-download.
2026-01-17 15:30:20,844 | [CRW_SST] coraltemp_v3.1_20131119.nc is MISSING. Will try to re-download.
2026-01-17 15:30:20,844 | [CRW_SST] coraltemp_v3.1_20131120.nc is MISSING. Will try to re-download.
2026-01-17 15:30:20,844 | [CRW_SST] coraltemp_v3.1_20131121.nc is MISSING. Will try to re-download.
2026-01-17 15:30:20,844 | [CRW_SST] coraltemp_v3.1_20131122.nc is MISSING. Will try to re-download.
2026-01-17 15:30:20,844 | [CRW_SST] coraltemp_v3.1_20131123.nc is MISSING. Will try to re-download.
2026-01-17 15:30:20,846 | [CRW_SST] coraltemp_v3.1_20131124.nc is MISSING. Will try to re-download.
2026-01-17 15:30:20,847 | [CRW_SST] coraltemp_v3.1_20131125.nc is MISSING. Will try to re-download.
2026-01-17 15:30:20,847 | [CRW_SST] coraltemp_v3.1_20131126.nc is MISSING. Will try to re-download.
2026-01-17 15:30:20,847 | [CRW_SST] coraltemp_v3.1_20131127.nc is MISSING. Will try to re-download.
2026-01-17 15:30:20,847 | [CRW_SST] coraltemp_v3.1_20131128.nc is MISSING. Will try to re-download.
2026-01-17 15:30:20,849 | [CRW_SST] coraltemp_v3.1_20131129.nc is MISSING. Will try to re-download.
2026-01-17 15:30:20,849 | [CRW_SST] coraltemp_v3.1_20131130.nc is MISSING. Will try to re-download.
2026-01-17 15:30:20,850 | [CRW_SST] coraltemp_v3.1_20131211.nc is MISSING. Will try to re-download.
2026-01-17 15:30:20,850 | [CRW_SST] coraltemp_v3.1_20140110.nc is MISSING. Will try to re-download.
2026-01-17 15:30:20,850 | [CRW_SST] coraltemp_v3.1_20140111.nc is MISSING. Will try to re-download.
2026-01-17 15:30:20,850 | [CRW_SST] coraltemp_v3.1_20140112.nc is MISSING. Will try to re-download.
2026-01-17 15:30:20,850 | [CRW_SST] coraltemp_v3.1_20140113.nc is MISSING. Will try to re-download.
2026-01-17 15:30:20,850 | [CRW_SST] coraltemp_v3.1_20140114.nc is MISSING. Will try to re-download.
2026-01-17 15:30:20,853 | [CRW_SST] coraltemp_v3.1_20140115.nc is MISSING. Will try to re-download.
2026-01-17 15:30:20,853 | [CRW_SST] coraltemp_v3.1_20140116.nc is MISSING. Will try to re-download.
2026-01-17 15:30:20,853 | [CRW_SST] coraltemp_v3.1_20140117.nc is MISSING. Will try to re-download.
2026-01-17 15:30:20,853 | [CRW_SST] coraltemp_v3.1_20140118.nc is MISSING. Will try to re-download.
2026-01-17 15:30:20,855 | [CRW_SST] coraltemp_v3.1_20140119.nc is MISSING. Will try to re-download.
2026-01-17 15:30:20,855 | [CRW_SST] coraltemp_v3.1_20140211.nc is MISSING. Will try to re-download.
2026-01-17 15:30:20,855 | [CRW_SST] coraltemp_v3.1_20140311.nc is MISSING. Will try to re-download.
2026-01-17 15:30:20,855 | [CRW_SST] coraltemp_v3.1_20140411.nc is MISSING. Will try to re-download.
2026-01-17 15:30:20,857 | [CRW_SST] coraltemp_v3.1_20140511.nc is MISSING. Will try to re-download.
2026-01-17 15:30:20,858 | [CRW_SST] coraltemp_v3.1_20140611.nc is MISSING. Will try to re-download.
2026-01-17 15:30:20,859 | [CRW_SST] coraltemp_v3.1_20140711.nc is MISSING. Will try to re-download.
2026-01-17 15:30:20,860 | [CRW_SST] coraltemp_v3.1_20140811.nc is MISSING. Will try to re-download.
2026-01-17 15:30:20,861 | [CRW_SST] coraltemp_v3.1_20140911.nc is MISSING. Will try to re-download.
2026-01-17 15:30:20,861 | [CRW_SST] coraltemp_v3.1_20141011.nc is MISSING. Will try to re-download.
2026-01-17 15:30:20,861 | [CRW_SST] coraltemp_v3.1_20141101.nc is MISSING. Will try to re-download.
2026-01-17 15:30:20,862 | [CRW_SST] coraltemp_v3.1_20141102.nc is MISSING. Will try to re-download.
2026-01-17 15:30:20,862 | [CRW_SST] coraltemp_v3.1_20141103.nc is MISSING. Will try to re-download.
2026-01-17 15:30:20,863 | [CRW_SST] coraltemp_v3.1_20141104.nc is MISSING. Will try to re-download.
2026-01-17 15:30:20,864 | [CRW_SST] coraltemp_v3.1_20141105.nc is MISSING. Will try to re-download.
2026-01-17 15:30:20,864 | [CRW_SST] coraltemp_v3.1_20141106.nc is MISSING. Will try to re-download.
2026-01-17 15:30:20,864 | [CRW_SST] coraltemp_v3.1_20141107.nc is MISSING. Will try to re-download.
2026-01-17 15:30:20,864 | [CRW_SST] coraltemp_v3.1_20141108.nc is MISSING. Will try to re-download.
2026-01-17 15:30:20,865 | [CRW_SST] coraltemp_v3.1_20141109.nc is MISSING. Will try to re-download.
2026-01-17 15:30:20,865 | [CRW_SST] coraltemp_v3.1_20141110.nc is MISSING. Will try to re-download.
2026-01-17 15:30:20,865 | [CRW_SST] coraltemp_v3.1_20141111.nc is MISSING. Will try to re-download.
2026-01-17 15:30:20,865 | [CRW_SST] coraltemp_v3.1_20141112.nc is MISSING. Will try to re-download.
2026-01-17 15:30:20,865 | [CRW_SST] coraltemp_v3.1_20141113.nc is MISSING. Will try to re-download.
2026-01-17 15:30:20,868 | [CRW_SST] coraltemp_v3.1_20141114.nc is MISSING. Will try to re-download.
2026-01-17 15:30:20,868 | [CRW_SST] coraltemp_v3.1_20141115.nc is MISSING. Will try to re-download.
2026-01-17 15:30:20,868 | [CRW_SST] coraltemp_v3.1_20141116.nc is MISSING. Will try to re-download.
2026-01-17 15:30:20,869 | [CRW_SST] coraltemp_v3.1_20141117.nc is MISSING. Will try to re-download.
2026-01-17 15:30:20,869 | [CRW_SST] coraltemp_v3.1_20141118.nc is MISSING. Will try to re-download.
2026-01-17 15:30:20,869 | [CRW_SST] coraltemp_v3.1_20141119.nc is MISSING. Will try to re-download.
2026-01-17 15:30:20,871 | [CRW_SST] coraltemp_v3.1_20141120.nc is MISSING. Will try to re-download.
2026-01-17 15:30:20,871 | [CRW_SST] coraltemp_v3.1_20141121.nc is MISSING. Will try to re-download.
2026-01-17 15:30:20,871 | [CRW_SST] coraltemp_v3.1_20141122.nc is MISSING. Will try to re-download.
2026-01-17 15:30:20,871 | [CRW_SST] coraltemp_v3.1_20141123.nc is MISSING. Will try to re-download.
2026-01-17 15:30:20,871 | [CRW_SST] coraltemp_v3.1_20141124.nc is MISSING. Will try to re-download.
2026-01-17 15:30:20,873 | [CRW_SST] coraltemp_v3.1_20141125.nc is MISSING. Will try to re-download.
2026-01-17 15:30:20,873 | [CRW_SST] coraltemp_v3.1_20141126.nc is MISSING. Will try to re-download.
2026-01-17 15:30:20,874 | [CRW_SST] coraltemp_v3.1_20141127.nc is MISSING. Will try to re-download.
2026-01-17 15:30:20,875 | [CRW_SST] coraltemp_v3.1_20141128.nc is MISSING. Will try to re-download.
2026-01-17 15:30:20,875 | [CRW_SST] coraltemp_v3.1_20141129.nc is MISSING. Will try to re-download.
2026-01-17 15:30:20,875 | [CRW_SST] coraltemp_v3.1_20141130.nc is MISSING. Will try to re-download.
2026-01-17 15:30:20,875 | [CRW_SST] coraltemp_v3.1_20141211.nc is MISSING. Will try to re-download.
2026-01-17 15:30:20,877 | [CRW_SST] coraltemp_v3.1_20150110.nc is MISSING. Will try to re-download.
2026-01-17 15:30:20,877 | [CRW_SST] coraltemp_v3.1_20150111.nc is MISSING. Will try to re-download.
2026-01-17 15:30:20,878 | [CRW_SST] coraltemp_v3.1_20150112.nc is MISSING. Will try to re-download.
2026-01-17 15:30:20,878 | [CRW_SST] coraltemp_v3.1_20150113.nc is MISSING. Will try to re-download.
2026-01-17 15:30:20,878 | [CRW_SST] coraltemp_v3.1_20150114.nc is MISSING. Will try to re-download.
2026-01-17 15:30:20,878 | [CRW_SST] coraltemp_v3.1_20150115.nc is MISSING. Will try to re-download.
2026-01-17 15:30:20,879 | [CRW_SST] coraltemp_v3.1_20150116.nc is MISSING. Will try to re-download.
2026-01-17 15:30:20,879 | [CRW_SST] coraltemp_v3.1_20150117.nc is MISSING. Will try to re-download.
2026-01-17 15:30:20,881 | [CRW_SST] coraltemp_v3.1_20150118.nc is MISSING. Will try to re-download.
2026-01-17 15:30:20,882 | [CRW_SST] coraltemp_v3.1_20150119.nc is MISSING. Will try to re-download.
2026-01-17 15:30:20,882 | [CRW_SST] coraltemp_v3.1_20150211.nc is MISSING. Will try to re-download.
2026-01-17 15:30:20,882 | [CRW_SST] coraltemp_v3.1_20150311.nc is MISSING. Will try to re-download.
2026-01-17 15:30:20,882 | [CRW_SST] coraltemp_v3.1_20150411.nc is MISSING. Will try to re-download.
2026-01-17 15:30:20,883 | [CRW_SST] coraltemp_v3.1_20150511.nc is MISSING. Will try to re-download.
2026-01-17 15:30:20,884 | [CRW_SST] coraltemp_v3.1_20150611.nc is MISSING. Will try to re-download.
2026-01-17 15:30:20,884 | [CRW_SST] coraltemp_v3.1_20150711.nc is MISSING. Will try to re-download.
2026-01-17 15:30:20,884 | [CRW_SST] coraltemp_v3.1_20150811.nc is MISSING. Will try to re-download.
2026-01-17 15:30:20,884 | [CRW_SST] coraltemp_v3.1_20150911.nc is MISSING. Will try to re-download.
2026-01-17 15:30:20,884 | [CRW_SST] coraltemp_v3.1_20151011.nc is MISSING. Will try to re-download.
2026-01-17 15:30:20,887 | [CRW_SST] coraltemp_v3.1_20151101.nc is MISSING. Will try to re-download.
2026-01-17 15:30:20,887 | [CRW_SST] coraltemp_v3.1_20151102.nc is MISSING. Will try to re-download.
2026-01-17 15:30:20,888 | [CRW_SST] coraltemp_v3.1_20151103.nc is MISSING. Will try to re-download.
2026-01-17 15:30:20,888 | [CRW_SST] coraltemp_v3.1_20151104.nc is MISSING. Will try to re-download.
2026-01-17 15:30:20,888 | [CRW_SST] coraltemp_v3.1_20151105.nc is MISSING. Will try to re-download.
2026-01-17 15:30:20,889 | [CRW_SST] coraltemp_v3.1_20151106.nc is MISSING. Will try to re-download.
2026-01-17 15:30:20,889 | [CRW_SST] coraltemp_v3.1_20151107.nc is MISSING. Will try to re-download.
2026-01-17 15:30:20,889 | [CRW_SST] coraltemp_v3.1_20151108.nc is MISSING. Will try to re-download.
2026-01-17 15:30:20,892 | [CRW_SST] coraltemp_v3.1_20151109.nc is MISSING. Will try to re-download.
2026-01-17 15:30:20,892 | [CRW_SST] coraltemp_v3.1_20151110.nc is MISSING. Will try to re-download.
2026-01-17 15:30:20,893 | [CRW_SST] coraltemp_v3.1_20151111.nc is MISSING. Will try to re-download.
2026-01-17 15:30:20,893 | [CRW_SST] coraltemp_v3.1_20151112.nc is MISSING. Will try to re-download.
2026-01-17 15:30:20,893 | [CRW_SST] coraltemp_v3.1_20151113.nc is MISSING. Will try to re-download.
2026-01-17 15:30:20,893 | [CRW_SST] coraltemp_v3.1_20151114.nc is MISSING. Will try to re-download.
2026-01-17 15:30:20,893 | [CRW_SST] coraltemp_v3.1_20151115.nc is MISSING. Will try to re-download.
2026-01-17 15:30:20,893 | [CRW_SST] coraltemp_v3.1_20151116.nc is MISSING. Will try to re-download.
2026-01-17 15:30:20,893 | [CRW_SST] coraltemp_v3.1_20151117.nc is MISSING. Will try to re-download.
2026-01-17 15:30:20,893 | [CRW_SST] coraltemp_v3.1_20151118.nc is MISSING. Will try to re-download.
2026-01-17 15:30:20,893 | [CRW_SST] coraltemp_v3.1_20151119.nc is MISSING. Will try to re-download.
2026-01-17 15:30:20,897 | [CRW_SST] coraltemp_v3.1_20151120.nc is MISSING. Will try to re-download.
2026-01-17 15:30:20,897 | [CRW_SST] coraltemp_v3.1_20151121.nc is MISSING. Will try to re-download.
2026-01-17 15:30:20,897 | [CRW_SST] coraltemp_v3.1_20151122.nc is MISSING. Will try to re-download.
2026-01-17 15:30:20,897 | [CRW_SST] coraltemp_v3.1_20151123.nc is MISSING. Will try to re-download.
2026-01-17 15:30:20,899 | [CRW_SST] coraltemp_v3.1_20151124.nc is MISSING. Will try to re-download.
2026-01-17 15:30:20,899 | [CRW_SST] coraltemp_v3.1_20151125.nc is MISSING. Will try to re-download.
2026-01-17 15:30:20,900 | [CRW_SST] coraltemp_v3.1_20151126.nc is MISSING. Will try to re-download.
2026-01-17 15:30:20,900 | [CRW_SST] coraltemp_v3.1_20151127.nc is MISSING. Will try to re-download.
2026-01-17 15:30:20,900 | [CRW_SST] coraltemp_v3.1_20151128.nc is MISSING. Will try to re-download.
2026-01-17 15:30:20,900 | [CRW_SST] coraltemp_v3.1_20151129.nc is MISSING. Will try to re-download.
2026-01-17 15:30:20,900 | [CRW_SST] coraltemp_v3.1_20151130.nc is MISSING. Will try to re-download.
2026-01-17 15:30:20,900 | [CRW_SST] coraltemp_v3.1_20151211.nc is MISSING. Will try to re-download.
2026-01-17 15:30:20,900 | [CRW_SST] coraltemp_v3.1_20160110.nc is MISSING. Will try to re-download.
2026-01-17 15:30:20,903 | [CRW_SST] coraltemp_v3.1_20160111.nc is MISSING. Will try to re-download.
2026-01-17 15:30:20,903 | [CRW_SST] coraltemp_v3.1_20160112.nc is MISSING. Will try to re-download.
2026-01-17 15:30:20,903 | [CRW_SST] coraltemp_v3.1_20160113.nc is MISSING. Will try to re-download.
2026-01-17 15:30:20,903 | [CRW_SST] coraltemp_v3.1_20160114.nc is MISSING. Will try to re-download.
2026-01-17 15:30:20,903 | [CRW_SST] coraltemp_v3.1_20160115.nc is MISSING. Will try to re-download.
2026-01-17 15:30:20,903 | [CRW_SST] coraltemp_v3.1_20160116.nc is MISSING. Will try to re-download.
2026-01-17 15:30:20,903 | [CRW_SST] coraltemp_v3.1_20160117.nc is MISSING. Will try to re-download.
2026-01-17 15:30:20,907 | [CRW_SST] coraltemp_v3.1_20160118.nc is MISSING. Will try to re-download.
2026-01-17 15:30:20,909 | [CRW_SST] coraltemp_v3.1_20160119.nc is MISSING. Will try to re-download.
2026-01-17 15:30:20,909 | [CRW_SST] coraltemp_v3.1_20160211.nc is MISSING. Will try to re-download.
2026-01-17 15:30:20,910 | [CRW_SST] coraltemp_v3.1_20160311.nc is MISSING. Will try to re-download.
2026-01-17 15:30:20,910 | [CRW_SST] coraltemp_v3.1_20160411.nc is MISSING. Will try to re-download.
2026-01-17 15:30:20,910 | [CRW_SST] coraltemp_v3.1_20160511.nc is MISSING. Will try to re-download.
2026-01-17 15:30:20,910 | [CRW_SST] coraltemp_v3.1_20160611.nc is MISSING. Will try to re-download.
2026-01-17 15:30:20,912 | [CRW_SST] coraltemp_v3.1_20160711.nc is MISSING. Will try to re-download.
2026-01-17 15:30:20,912 | [CRW_SST] coraltemp_v3.1_20160811.nc is MISSING. Will try to re-download.
2026-01-17 15:30:20,912 | [CRW_SST] coraltemp_v3.1_20160911.nc is MISSING. Will try to re-download.
2026-01-17 15:30:20,913 | [CRW_SST] coraltemp_v3.1_20161011.nc is MISSING. Will try to re-download.
2026-01-17 15:30:20,913 | [CRW_SST] coraltemp_v3.1_20161101.nc is MISSING. Will try to re-download.
2026-01-17 15:30:20,913 | [CRW_SST] coraltemp_v3.1_20161102.nc is MISSING. Will try to re-download.
2026-01-17 15:30:20,913 | [CRW_SST] coraltemp_v3.1_20161103.nc is MISSING. Will try to re-download.
2026-01-17 15:30:20,915 | [CRW_SST] coraltemp_v3.1_20161104.nc is MISSING. Will try to re-download.
2026-01-17 15:30:20,915 | [CRW_SST] coraltemp_v3.1_20161105.nc is MISSING. Will try to re-download.
2026-01-17 15:30:20,915 | [CRW_SST] coraltemp_v3.1_20161106.nc is MISSING. Will try to re-download.
2026-01-17 15:30:20,915 | [CRW_SST] coraltemp_v3.1_20161107.nc is MISSING. Will try to re-download.
2026-01-17 15:30:20,917 | [CRW_SST] coraltemp_v3.1_20161108.nc is MISSING. Will try to re-download.
2026-01-17 15:30:20,917 | [CRW_SST] coraltemp_v3.1_20161109.nc is MISSING. Will try to re-download.
2026-01-17 15:30:20,918 | [CRW_SST] coraltemp_v3.1_20161110.nc is MISSING. Will try to re-download.
2026-01-17 15:30:20,918 | [CRW_SST] coraltemp_v3.1_20161111.nc is MISSING. Will try to re-download.
2026-01-17 15:30:20,918 | [CRW_SST] coraltemp_v3.1_20161112.nc is MISSING. Will try to re-download.
2026-01-17 15:30:20,919 | [CRW_SST] coraltemp_v3.1_20161113.nc is MISSING. Will try to re-download.
2026-01-17 15:30:20,919 | [CRW_SST] coraltemp_v3.1_20161114.nc is MISSING. Will try to re-download.
2026-01-17 15:30:20,919 | [CRW_SST] coraltemp_v3.1_20161115.nc is MISSING. Will try to re-download.
2026-01-17 15:30:20,919 | [CRW_SST] coraltemp_v3.1_20161116.nc is MISSING. Will try to re-download.
2026-01-17 15:30:20,919 | [CRW_SST] coraltemp_v3.1_20161117.nc is MISSING. Will try to re-download.
2026-01-17 15:30:20,919 | [CRW_SST] coraltemp_v3.1_20161118.nc is MISSING. Will try to re-download.
2026-01-17 15:30:20,923 | [CRW_SST] coraltemp_v3.1_20161119.nc is MISSING. Will try to re-download.
2026-01-17 15:30:20,923 | [CRW_SST] coraltemp_v3.1_20161120.nc is MISSING. Will try to re-download.
2026-01-17 15:30:20,924 | [CRW_SST] coraltemp_v3.1_20161121.nc is MISSING. Will try to re-download.
2026-01-17 15:30:20,925 | [CRW_SST] coraltemp_v3.1_20161122.nc is MISSING. Will try to re-download.
2026-01-17 15:30:20,925 | [CRW_SST] coraltemp_v3.1_20161123.nc is MISSING. Will try to re-download.
2026-01-17 15:30:20,925 | [CRW_SST] coraltemp_v3.1_20161124.nc is MISSING. Will try to re-download.
2026-01-17 15:30:20,927 | [CRW_SST] coraltemp_v3.1_20161125.nc is MISSING. Will try to re-download.
2026-01-17 15:30:20,927 | [CRW_SST] coraltemp_v3.1_20161126.nc is MISSING. Will try to re-download.
2026-01-17 15:30:20,927 | [CRW_SST] coraltemp_v3.1_20161127.nc is MISSING. Will try to re-download.
2026-01-17 15:30:20,928 | [CRW_SST] coraltemp_v3.1_20161128.nc is MISSING. Will try to re-download.
2026-01-17 15:30:20,929 | [CRW_SST] coraltemp_v3.1_20161129.nc is MISSING. Will try to re-download.
2026-01-17 15:30:20,929 | [CRW_SST] coraltemp_v3.1_20161130.nc is MISSING. Will try to re-download.
2026-01-17 15:30:20,929 | [CRW_SST] coraltemp_v3.1_20161211.nc is MISSING. Will try to re-download.
2026-01-17 15:30:20,929 | [CRW_SST] coraltemp_v3.1_20170110.nc is MISSING. Will try to re-download.
2026-01-17 15:30:20,931 | [CRW_SST] coraltemp_v3.1_20170111.nc is MISSING. Will try to re-download.
2026-01-17 15:30:20,931 | [CRW_SST] coraltemp_v3.1_20170112.nc is MISSING. Will try to re-download.
2026-01-17 15:30:20,931 | [CRW_SST] coraltemp_v3.1_20170113.nc is MISSING. Will try to re-download.
2026-01-17 15:30:20,932 | [CRW_SST] coraltemp_v3.1_20170114.nc is MISSING. Will try to re-download.
2026-01-17 15:30:20,932 | [CRW_SST] coraltemp_v3.1_20170115.nc is MISSING. Will try to re-download.
2026-01-17 15:30:20,932 | [CRW_SST] coraltemp_v3.1_20170116.nc is MISSING. Will try to re-download.
2026-01-17 15:30:20,933 | [CRW_SST] coraltemp_v3.1_20170117.nc is MISSING. Will try to re-download.
2026-01-17 15:30:20,934 | [CRW_SST] coraltemp_v3.1_20170118.nc is MISSING. Will try to re-download.
2026-01-17 15:30:20,934 | [CRW_SST] coraltemp_v3.1_20170119.nc is MISSING. Will try to re-download.
2026-01-17 15:30:20,935 | [CRW_SST] coraltemp_v3.1_20170211.nc is MISSING. Will try to re-download.
2026-01-17 15:30:20,935 | [CRW_SST] coraltemp_v3.1_20170311.nc is MISSING. Will try to re-download.
2026-01-17 15:30:20,936 | [CRW_SST] coraltemp_v3.1_20170411.nc is MISSING. Will try to re-download.
2026-01-17 15:30:20,936 | [CRW_SST] coraltemp_v3.1_20170511.nc is MISSING. Will try to re-download.
2026-01-17 15:30:20,937 | [CRW_SST] coraltemp_v3.1_20170611.nc is MISSING. Will try to re-download.
2026-01-17 15:30:20,938 | [CRW_SST] coraltemp_v3.1_20170711.nc is MISSING. Will try to re-download.
2026-01-17 15:30:20,938 | [CRW_SST] coraltemp_v3.1_20170811.nc is MISSING. Will try to re-download.
2026-01-17 15:30:20,939 | [CRW_SST] coraltemp_v3.1_20170911.nc is MISSING. Will try to re-download.
2026-01-17 15:30:20,939 | [CRW_SST] coraltemp_v3.1_20171011.nc is MISSING. Will try to re-download.
2026-01-17 15:30:20,941 | [CRW_SST] coraltemp_v3.1_20171101.nc is MISSING. Will try to re-download.
2026-01-17 15:30:20,941 | [CRW_SST] coraltemp_v3.1_20171102.nc is MISSING. Will try to re-download.
2026-01-17 15:30:20,943 | [CRW_SST] coraltemp_v3.1_20171103.nc is MISSING. Will try to re-download.
2026-01-17 15:30:20,943 | [CRW_SST] coraltemp_v3.1_20171104.nc is MISSING. Will try to re-download.
2026-01-17 15:30:20,943 | [CRW_SST] coraltemp_v3.1_20171105.nc is MISSING. Will try to re-download.
2026-01-17 15:30:20,943 | [CRW_SST] coraltemp_v3.1_20171106.nc is MISSING. Will try to re-download.
2026-01-17 15:30:20,943 | [CRW_SST] coraltemp_v3.1_20171107.nc is MISSING. Will try to re-download.
2026-01-17 15:30:20,943 | [CRW_SST] coraltemp_v3.1_20171108.nc is MISSING. Will try to re-download.
2026-01-17 15:30:20,943 | [CRW_SST] coraltemp_v3.1_20171109.nc is MISSING. Will try to re-download.
2026-01-17 15:30:20,943 | [CRW_SST] coraltemp_v3.1_20171110.nc is MISSING. Will try to re-download.
2026-01-17 15:30:20,943 | [CRW_SST] coraltemp_v3.1_20171111.nc is MISSING. Will try to re-download.
2026-01-17 15:30:20,943 | [CRW_SST] coraltemp_v3.1_20171112.nc is MISSING. Will try to re-download.
2026-01-17 15:30:20,947 | [CRW_SST] coraltemp_v3.1_20171113.nc is MISSING. Will try to re-download.
2026-01-17 15:30:20,947 | [CRW_SST] coraltemp_v3.1_20171114.nc is MISSING. Will try to re-download.
2026-01-17 15:30:20,947 | [CRW_SST] coraltemp_v3.1_20171115.nc is MISSING. Will try to re-download.
2026-01-17 15:30:20,949 | [CRW_SST] coraltemp_v3.1_20171116.nc is MISSING. Will try to re-download.
2026-01-17 15:30:20,950 | [CRW_SST] coraltemp_v3.1_20171117.nc is MISSING. Will try to re-download.
2026-01-17 15:30:20,950 | [CRW_SST] coraltemp_v3.1_20171118.nc is MISSING. Will try to re-download.
2026-01-17 15:30:20,950 | [CRW_SST] coraltemp_v3.1_20171119.nc is MISSING. Will try to re-download.
2026-01-17 15:30:20,950 | [CRW_SST] coraltemp_v3.1_20171120.nc is MISSING. Will try to re-download.
2026-01-17 15:30:20,950 | [CRW_SST] coraltemp_v3.1_20171121.nc is MISSING. Will try to re-download.
2026-01-17 15:30:20,950 | [CRW_SST] coraltemp_v3.1_20171122.nc is MISSING. Will try to re-download.
2026-01-17 15:30:20,950 | [CRW_SST] coraltemp_v3.1_20171123.nc is MISSING. Will try to re-download.
2026-01-17 15:30:20,953 | [CRW_SST] coraltemp_v3.1_20171124.nc is MISSING. Will try to re-download.
2026-01-17 15:30:20,953 | [CRW_SST] coraltemp_v3.1_20171125.nc is MISSING. Will try to re-download.
2026-01-17 15:30:20,953 | [CRW_SST] coraltemp_v3.1_20171126.nc is MISSING. Will try to re-download.
2026-01-17 15:30:20,953 | [CRW_SST] coraltemp_v3.1_20171127.nc is MISSING. Will try to re-download.
2026-01-17 15:30:20,953 | [CRW_SST] coraltemp_v3.1_20171128.nc is MISSING. Will try to re-download.
2026-01-17 15:30:20,953 | [CRW_SST] coraltemp_v3.1_20171129.nc is MISSING. Will try to re-download.
2026-01-17 15:30:20,955 | [CRW_SST] coraltemp_v3.1_20171130.nc is MISSING. Will try to re-download.
2026-01-17 15:30:20,955 | [CRW_SST] coraltemp_v3.1_20171211.nc is MISSING. Will try to re-download.
2026-01-17 15:30:20,955 | [CRW_SST] coraltemp_v3.1_20180110.nc is MISSING. Will try to re-download.
2026-01-17 15:30:20,958 | [CRW_SST] coraltemp_v3.1_20180111.nc is MISSING. Will try to re-download.
2026-01-17 15:30:20,958 | [CRW_SST] coraltemp_v3.1_20180112.nc is MISSING. Will try to re-download.
2026-01-17 15:30:20,959 | [CRW_SST] coraltemp_v3.1_20180113.nc is MISSING. Will try to re-download.
2026-01-17 15:30:20,960 | [CRW_SST] coraltemp_v3.1_20180114.nc is MISSING. Will try to re-download.
2026-01-17 15:30:20,960 | [CRW_SST] coraltemp_v3.1_20180115.nc is MISSING. Will try to re-download.
2026-01-17 15:30:20,960 | [CRW_SST] coraltemp_v3.1_20180116.nc is MISSING. Will try to re-download.
2026-01-17 15:30:20,960 | [CRW_SST] coraltemp_v3.1_20180117.nc is MISSING. Will try to re-download.
2026-01-17 15:30:20,962 | [CRW_SST] coraltemp_v3.1_20180118.nc is MISSING. Will try to re-download.
2026-01-17 15:30:20,962 | [CRW_SST] coraltemp_v3.1_20180119.nc is MISSING. Will try to re-download.
2026-01-17 15:30:20,963 | [CRW_SST] coraltemp_v3.1_20180211.nc is MISSING. Will try to re-download.
2026-01-17 15:30:20,963 | [CRW_SST] coraltemp_v3.1_20180311.nc is MISSING. Will try to re-download.
2026-01-17 15:30:20,964 | [CRW_SST] coraltemp_v3.1_20180411.nc is MISSING. Will try to re-download.
2026-01-17 15:30:20,964 | [CRW_SST] coraltemp_v3.1_20180511.nc is MISSING. Will try to re-download.
2026-01-17 15:30:20,964 | [CRW_SST] coraltemp_v3.1_20180611.nc is MISSING. Will try to re-download.
2026-01-17 15:30:20,964 | [CRW_SST] coraltemp_v3.1_20180711.nc is MISSING. Will try to re-download.
2026-01-17 15:30:20,964 | [CRW_SST] coraltemp_v3.1_20180811.nc is MISSING. Will try to re-download.
2026-01-17 15:30:20,964 | [CRW_SST] coraltemp_v3.1_20180910.nc is MISSING. Will try to re-download.
2026-01-17 15:30:20,964 | [CRW_SST] coraltemp_v3.1_20180911.nc is MISSING. Will try to re-download.
2026-01-17 15:30:20,968 | [CRW_SST] coraltemp_v3.1_20180919.nc is MISSING. Will try to re-download.
2026-01-17 15:30:20,968 | [CRW_SST] coraltemp_v3.1_20181011.nc is MISSING. Will try to re-download.
2026-01-17 15:30:20,969 | [CRW_SST] coraltemp_v3.1_20181101.nc is MISSING. Will try to re-download.
2026-01-17 15:30:20,969 | [CRW_SST] coraltemp_v3.1_20181102.nc is MISSING. Will try to re-download.
2026-01-17 15:30:20,970 | [CRW_SST] coraltemp_v3.1_20181103.nc is MISSING. Will try to re-download.
2026-01-17 15:30:20,970 | [CRW_SST] coraltemp_v3.1_20181104.nc is MISSING. Will try to re-download.
2026-01-17 15:30:20,971 | [CRW_SST] coraltemp_v3.1_20181105.nc is MISSING. Will try to re-download.
2026-01-17 15:30:20,971 | [CRW_SST] coraltemp_v3.1_20181106.nc is MISSING. Will try to re-download.
2026-01-17 15:30:20,971 | [CRW_SST] coraltemp_v3.1_20181107.nc is MISSING. Will try to re-download.
2026-01-17 15:30:20,971 | [CRW_SST] coraltemp_v3.1_20181108.nc is MISSING. Will try to re-download.
2026-01-17 15:30:20,971 | [CRW_SST] coraltemp_v3.1_20181109.nc is MISSING. Will try to re-download.
2026-01-17 15:30:20,974 | [CRW_SST] coraltemp_v3.1_20181110.nc is MISSING. Will try to re-download.
2026-01-17 15:30:20,974 | [CRW_SST] coraltemp_v3.1_20181111.nc is MISSING. Will try to re-download.
2026-01-17 15:30:20,975 | [CRW_SST] coraltemp_v3.1_20181112.nc is MISSING. Will try to re-download.
2026-01-17 15:30:20,975 | [CRW_SST] coraltemp_v3.1_20181113.nc is MISSING. Will try to re-download.
2026-01-17 15:30:20,975 | [CRW_SST] coraltemp_v3.1_20181114.nc is MISSING. Will try to re-download.
2026-01-17 15:30:20,977 | [CRW_SST] coraltemp_v3.1_20181115.nc is MISSING. Will try to re-download.
2026-01-17 15:30:20,977 | [CRW_SST] coraltemp_v3.1_20181116.nc is MISSING. Will try to re-download.
2026-01-17 15:30:20,978 | [CRW_SST] coraltemp_v3.1_20181117.nc is MISSING. Will try to re-download.
2026-01-17 15:30:20,978 | [CRW_SST] coraltemp_v3.1_20181118.nc is MISSING. Will try to re-download.
2026-01-17 15:30:20,978 | [CRW_SST] coraltemp_v3.1_20181119.nc is MISSING. Will try to re-download.
2026-01-17 15:30:20,979 | [CRW_SST] coraltemp_v3.1_20181120.nc is MISSING. Will try to re-download.
2026-01-17 15:30:20,979 | [CRW_SST] coraltemp_v3.1_20181121.nc is MISSING. Will try to re-download.
2026-01-17 15:30:20,979 | [CRW_SST] coraltemp_v3.1_20181122.nc is MISSING. Will try to re-download.
2026-01-17 15:30:20,981 | [CRW_SST] coraltemp_v3.1_20181123.nc is MISSING. Will try to re-download.
2026-01-17 15:30:20,981 | [CRW_SST] coraltemp_v3.1_20181124.nc is MISSING. Will try to re-download.
2026-01-17 15:30:20,982 | [CRW_SST] coraltemp_v3.1_20181125.nc is MISSING. Will try to re-download.
2026-01-17 15:30:20,982 | [CRW_SST] coraltemp_v3.1_20181126.nc is MISSING. Will try to re-download.
2026-01-17 15:30:20,982 | [CRW_SST] coraltemp_v3.1_20181127.nc is MISSING. Will try to re-download.
2026-01-17 15:30:20,982 | [CRW_SST] coraltemp_v3.1_20181128.nc is MISSING. Will try to re-download.
2026-01-17 15:30:20,984 | [CRW_SST] coraltemp_v3.1_20181129.nc is MISSING. Will try to re-download.
2026-01-17 15:30:20,984 | [CRW_SST] coraltemp_v3.1_20181130.nc is MISSING. Will try to re-download.
2026-01-17 15:30:20,984 | [CRW_SST] coraltemp_v3.1_20181211.nc is MISSING. Will try to re-download.
2026-01-17 15:30:20,984 | [CRW_SST] coraltemp_v3.1_20190110.nc is MISSING. Will try to re-download.
2026-01-17 15:30:20,984 | [CRW_SST] coraltemp_v3.1_20190111.nc is MISSING. Will try to re-download.
2026-01-17 15:30:20,986 | [CRW_SST] coraltemp_v3.1_20190112.nc is MISSING. Will try to re-download.
2026-01-17 15:30:20,986 | [CRW_SST] coraltemp_v3.1_20190113.nc is MISSING. Will try to re-download.
2026-01-17 15:30:20,988 | [CRW_SST] coraltemp_v3.1_20190114.nc is MISSING. Will try to re-download.
2026-01-17 15:30:20,988 | [CRW_SST] coraltemp_v3.1_20190115.nc is MISSING. Will try to re-download.
2026-01-17 15:30:20,989 | [CRW_SST] coraltemp_v3.1_20190116.nc is MISSING. Will try to re-download.
2026-01-17 15:30:20,989 | [CRW_SST] coraltemp_v3.1_20190117.nc is MISSING. Will try to re-download.
2026-01-17 15:30:20,990 | [CRW_SST] coraltemp_v3.1_20190118.nc is MISSING. Will try to re-download.
2026-01-17 15:30:20,990 | [CRW_SST] coraltemp_v3.1_20190119.nc is MISSING. Will try to re-download.
2026-01-17 15:30:20,990 | [CRW_SST] coraltemp_v3.1_20190211.nc is MISSING. Will try to re-download.
2026-01-17 15:30:20,990 | [CRW_SST] coraltemp_v3.1_20190311.nc is MISSING. Will try to re-download.
2026-01-17 15:30:20,992 | [CRW_SST] coraltemp_v3.1_20190411.nc is MISSING. Will try to re-download.
2026-01-17 15:30:20,992 | [CRW_SST] coraltemp_v3.1_20190511.nc is MISSING. Will try to re-download.
2026-01-17 15:30:20,992 | [CRW_SST] coraltemp_v3.1_20190611.nc is MISSING. Will try to re-download.
2026-01-17 15:30:20,992 | [CRW_SST] coraltemp_v3.1_20190711.nc is MISSING. Will try to re-download.
2026-01-17 15:30:20,992 | [CRW_SST] coraltemp_v3.1_20190811.nc is MISSING. Will try to re-download.
2026-01-17 15:30:20,992 | [CRW_SST] coraltemp_v3.1_20190911.nc is MISSING. Will try to re-download.
2026-01-17 15:30:20,992 | [CRW_SST] coraltemp_v3.1_20191011.nc is MISSING. Will try to re-download.
2026-01-17 15:30:20,992 | [CRW_SST] coraltemp_v3.1_20191101.nc is MISSING. Will try to re-download.
2026-01-17 15:30:20,996 | [CRW_SST] coraltemp_v3.1_20191102.nc is MISSING. Will try to re-download.
2026-01-17 15:30:20,996 | [CRW_SST] coraltemp_v3.1_20191103.nc is MISSING. Will try to re-download.
2026-01-17 15:30:20,997 | [CRW_SST] coraltemp_v3.1_20191104.nc is MISSING. Will try to re-download.
2026-01-17 15:30:20,997 | [CRW_SST] coraltemp_v3.1_20191105.nc is MISSING. Will try to re-download.
2026-01-17 15:30:20,997 | [CRW_SST] coraltemp_v3.1_20191106.nc is MISSING. Will try to re-download.
2026-01-17 15:30:20,997 | [CRW_SST] coraltemp_v3.1_20191107.nc is MISSING. Will try to re-download.
2026-01-17 15:30:20,999 | [CRW_SST] coraltemp_v3.1_20191108.nc is MISSING. Will try to re-download.
2026-01-17 15:30:20,999 | [CRW_SST] coraltemp_v3.1_20191109.nc is MISSING. Will try to re-download.
2026-01-17 15:30:21,000 | [CRW_SST] coraltemp_v3.1_20191110.nc is MISSING. Will try to re-download.
2026-01-17 15:30:21,000 | [CRW_SST] coraltemp_v3.1_20191111.nc is MISSING. Will try to re-download.
2026-01-17 15:30:21,000 | [CRW_SST] coraltemp_v3.1_20191112.nc is MISSING. Will try to re-download.
2026-01-17 15:30:21,000 | [CRW_SST] coraltemp_v3.1_20191113.nc is MISSING. Will try to re-download.
2026-01-17 15:30:21,000 | [CRW_SST] coraltemp_v3.1_20191114.nc is MISSING. Will try to re-download.
2026-01-17 15:30:21,000 | [CRW_SST] coraltemp_v3.1_20191115.nc is MISSING. Will try to re-download.
2026-01-17 15:30:21,000 | [CRW_SST] coraltemp_v3.1_20191116.nc is MISSING. Will try to re-download.
2026-01-17 15:30:21,000 | [CRW_SST] coraltemp_v3.1_20191117.nc is MISSING. Will try to re-download.
2026-01-17 15:30:21,003 | [CRW_SST] coraltemp_v3.1_20191118.nc is MISSING. Will try to re-download.
2026-01-17 15:30:21,003 | [CRW_SST] coraltemp_v3.1_20191119.nc is MISSING. Will try to re-download.
2026-01-17 15:30:21,003 | [CRW_SST] coraltemp_v3.1_20191120.nc is MISSING. Will try to re-download.
2026-01-17 15:30:21,003 | [CRW_SST] coraltemp_v3.1_20191121.nc is MISSING. Will try to re-download.
2026-01-17 15:30:21,003 | [CRW_SST] coraltemp_v3.1_20191122.nc is MISSING. Will try to re-download.
2026-01-17 15:30:21,003 | [CRW_SST] coraltemp_v3.1_20191123.nc is MISSING. Will try to re-download.
2026-01-17 15:30:21,003 | [CRW_SST] coraltemp_v3.1_20191124.nc is MISSING. Will try to re-download.
2026-01-17 15:30:21,003 | [CRW_SST] coraltemp_v3.1_20191125.nc is MISSING. Will try to re-download.
2026-01-17 15:30:21,009 | [CRW_SST] coraltemp_v3.1_20191126.nc is MISSING. Will try to re-download.
2026-01-17 15:30:21,010 | [CRW_SST] coraltemp_v3.1_20191127.nc is MISSING. Will try to re-download.
2026-01-17 15:30:21,010 | [CRW_SST] coraltemp_v3.1_20191128.nc is MISSING. Will try to re-download.
2026-01-17 15:30:21,010 | [CRW_SST] coraltemp_v3.1_20191129.nc is MISSING. Will try to re-download.
2026-01-17 15:30:21,010 | [CRW_SST] coraltemp_v3.1_20191130.nc is MISSING. Will try to re-download.
2026-01-17 15:30:21,012 | [CRW_SST] coraltemp_v3.1_20191211.nc is MISSING. Will try to re-download.
2026-01-17 15:30:21,012 | [CRW_SST] coraltemp_v3.1_20200110.nc is MISSING. Will try to re-download.
2026-01-17 15:30:21,012 | [CRW_SST] coraltemp_v3.1_20200111.nc is MISSING. Will try to re-download.
2026-01-17 15:30:21,012 | [CRW_SST] coraltemp_v3.1_20200112.nc is MISSING. Will try to re-download.
2026-01-17 15:30:21,013 | [CRW_SST] coraltemp_v3.1_20200113.nc is MISSING. Will try to re-download.
2026-01-17 15:30:21,013 | [CRW_SST] coraltemp_v3.1_20200114.nc is MISSING. Will try to re-download.
2026-01-17 15:30:21,014 | [CRW_SST] coraltemp_v3.1_20200115.nc is MISSING. Will try to re-download.
2026-01-17 15:30:21,014 | [CRW_SST] coraltemp_v3.1_20200116.nc is MISSING. Will try to re-download.
2026-01-17 15:30:21,015 | [CRW_SST] coraltemp_v3.1_20200117.nc is MISSING. Will try to re-download.
2026-01-17 15:30:21,015 | [CRW_SST] coraltemp_v3.1_20200118.nc is MISSING. Will try to re-download.
2026-01-17 15:30:21,015 | [CRW_SST] coraltemp_v3.1_20200119.nc is MISSING. Will try to re-download.
2026-01-17 15:30:21,017 | [CRW_SST] coraltemp_v3.1_20200211.nc is MISSING. Will try to re-download.
2026-01-17 15:30:21,017 | [CRW_SST] coraltemp_v3.1_20200311.nc is MISSING. Will try to re-download.
2026-01-17 15:30:21,017 | [CRW_SST] coraltemp_v3.1_20200411.nc is MISSING. Will try to re-download.
2026-01-17 15:30:21,019 | [CRW_SST] coraltemp_v3.1_20200511.nc is MISSING. Will try to re-download.
2026-01-17 15:30:21,019 | [CRW_SST] coraltemp_v3.1_20200611.nc is MISSING. Will try to re-download.
2026-01-17 15:30:21,020 | [CRW_SST] coraltemp_v3.1_20200711.nc is MISSING. Will try to re-download.
2026-01-17 15:30:21,020 | [CRW_SST] coraltemp_v3.1_20200811.nc is MISSING. Will try to re-download.
2026-01-17 15:30:21,020 | [CRW_SST] coraltemp_v3.1_20200911.nc is MISSING. Will try to re-download.
2026-01-17 15:30:21,020 | [CRW_SST] coraltemp_v3.1_20201011.nc is MISSING. Will try to re-download.
2026-01-17 15:30:21,020 | [CRW_SST] coraltemp_v3.1_20201101.nc is MISSING. Will try to re-download.
2026-01-17 15:30:21,020 | [CRW_SST] coraltemp_v3.1_20201102.nc is MISSING. Will try to re-download.
2026-01-17 15:30:21,020 | [CRW_SST] coraltemp_v3.1_20201103.nc is MISSING. Will try to re-download.
2026-01-17 15:30:21,020 | [CRW_SST] coraltemp_v3.1_20201104.nc is MISSING. Will try to re-download.
2026-01-17 15:30:21,025 | [CRW_SST] coraltemp_v3.1_20201105.nc is MISSING. Will try to re-download.
2026-01-17 15:30:21,025 | [CRW_SST] coraltemp_v3.1_20201106.nc is MISSING. Will try to re-download.
2026-01-17 15:30:21,026 | [CRW_SST] coraltemp_v3.1_20201107.nc is MISSING. Will try to re-download.
2026-01-17 15:30:21,026 | [CRW_SST] coraltemp_v3.1_20201108.nc is MISSING. Will try to re-download.
2026-01-17 15:30:21,027 | [CRW_SST] coraltemp_v3.1_20201109.nc is MISSING. Will try to re-download.
2026-01-17 15:30:21,027 | [CRW_SST] coraltemp_v3.1_20201110.nc is MISSING. Will try to re-download.
2026-01-17 15:30:21,028 | [CRW_SST] coraltemp_v3.1_20201111.nc is MISSING. Will try to re-download.
2026-01-17 15:30:21,028 | [CRW_SST] coraltemp_v3.1_20201112.nc is MISSING. Will try to re-download.
2026-01-17 15:30:21,028 | [CRW_SST] coraltemp_v3.1_20201113.nc is MISSING. Will try to re-download.
2026-01-17 15:30:21,028 | [CRW_SST] coraltemp_v3.1_20201114.nc is MISSING. Will try to re-download.
2026-01-17 15:30:21,028 | [CRW_SST] coraltemp_v3.1_20201115.nc is MISSING. Will try to re-download.
2026-01-17 15:30:21,028 | [CRW_SST] coraltemp_v3.1_20201116.nc is MISSING. Will try to re-download.
2026-01-17 15:30:21,031 | [CRW_SST] coraltemp_v3.1_20201117.nc is MISSING. Will try to re-download.
2026-01-17 15:30:21,031 | [CRW_SST] coraltemp_v3.1_20201118.nc is MISSING. Will try to re-download.
2026-01-17 15:30:21,032 | [CRW_SST] coraltemp_v3.1_20201119.nc is MISSING. Will try to re-download.
2026-01-17 15:30:21,032 | [CRW_SST] coraltemp_v3.1_20201120.nc is MISSING. Will try to re-download.
2026-01-17 15:30:21,032 | [CRW_SST] coraltemp_v3.1_20201121.nc is MISSING. Will try to re-download.
2026-01-17 15:30:21,033 | [CRW_SST] coraltemp_v3.1_20201122.nc is MISSING. Will try to re-download.
2026-01-17 15:30:21,034 | [CRW_SST] coraltemp_v3.1_20201123.nc is MISSING. Will try to re-download.
2026-01-17 15:30:21,034 | [CRW_SST] coraltemp_v3.1_20201124.nc is MISSING. Will try to re-download.
2026-01-17 15:30:21,035 | [CRW_SST] coraltemp_v3.1_20201125.nc is MISSING. Will try to re-download.
2026-01-17 15:30:21,035 | [CRW_SST] coraltemp_v3.1_20201126.nc is MISSING. Will try to re-download.
2026-01-17 15:30:21,035 | [CRW_SST] coraltemp_v3.1_20201127.nc is MISSING. Will try to re-download.
2026-01-17 15:30:21,035 | [CRW_SST] coraltemp_v3.1_20201128.nc is MISSING. Will try to re-download.
2026-01-17 15:30:21,037 | [CRW_SST] coraltemp_v3.1_20201129.nc is MISSING. Will try to re-download.
2026-01-17 15:30:21,037 | [CRW_SST] coraltemp_v3.1_20201130.nc is MISSING. Will try to re-download.
2026-01-17 15:30:21,037 | [CRW_SST] coraltemp_v3.1_20201211.nc is MISSING. Will try to re-download.
2026-01-17 15:30:21,038 | [CRW_SST] coraltemp_v3.1_20210110.nc is MISSING. Will try to re-download.
2026-01-17 15:30:21,038 | [CRW_SST] coraltemp_v3.1_20210111.nc is MISSING. Will try to re-download.
2026-01-17 15:30:21,039 | [CRW_SST] coraltemp_v3.1_20210112.nc is MISSING. Will try to re-download.
2026-01-17 15:30:21,040 | [CRW_SST] coraltemp_v3.1_20210113.nc is MISSING. Will try to re-download.
2026-01-17 15:30:21,040 | [CRW_SST] coraltemp_v3.1_20210114.nc is MISSING. Will try to re-download.
2026-01-17 15:30:21,040 | [CRW_SST] coraltemp_v3.1_20210115.nc is MISSING. Will try to re-download.
2026-01-17 15:30:21,042 | [CRW_SST] coraltemp_v3.1_20210116.nc is MISSING. Will try to re-download.
2026-01-17 15:30:21,042 | [CRW_SST] coraltemp_v3.1_20210117.nc is MISSING. Will try to re-download.
2026-01-17 15:30:21,042 | [CRW_SST] coraltemp_v3.1_20210118.nc is MISSING. Will try to re-download.
2026-01-17 15:30:21,043 | [CRW_SST] coraltemp_v3.1_20210119.nc is MISSING. Will try to re-download.
2026-01-17 15:30:21,043 | [CRW_SST] coraltemp_v3.1_20210211.nc is MISSING. Will try to re-download.
2026-01-17 15:30:21,043 | [CRW_SST] coraltemp_v3.1_20210311.nc is MISSING. Will try to re-download.
2026-01-17 15:30:21,043 | [CRW_SST] coraltemp_v3.1_20210411.nc is MISSING. Will try to re-download.
2026-01-17 15:30:21,043 | [CRW_SST] coraltemp_v3.1_20210511.nc is MISSING. Will try to re-download.
2026-01-17 15:30:21,043 | [CRW_SST] coraltemp_v3.1_20210611.nc is MISSING. Will try to re-download.
2026-01-17 15:30:21,043 | [CRW_SST] coraltemp_v3.1_20210711.nc is MISSING. Will try to re-download.
2026-01-17 15:30:21,043 | [CRW_SST] coraltemp_v3.1_20210811.nc is MISSING. Will try to re-download.
2026-01-17 15:30:21,043 | [CRW_SST] coraltemp_v3.1_20210911.nc is MISSING. Will try to re-download.
2026-01-17 15:30:21,047 | [CRW_SST] coraltemp_v3.1_20211001.nc is MISSING. Will try to re-download.
2026-01-17 15:30:21,047 | [CRW_SST] coraltemp_v3.1_20211002.nc is MISSING. Will try to re-download.
2026-01-17 15:30:21,047 | [CRW_SST] coraltemp_v3.1_20211003.nc is MISSING. Will try to re-download.
2026-01-17 15:30:21,048 | [CRW_SST] coraltemp_v3.1_20211004.nc is MISSING. Will try to re-download.
2026-01-17 15:30:21,048 | [CRW_SST] coraltemp_v3.1_20211005.nc is MISSING. Will try to re-download.
2026-01-17 15:30:21,050 | [CRW_SST] coraltemp_v3.1_20211006.nc is MISSING. Will try to re-download.
2026-01-17 15:30:21,050 | [CRW_SST] coraltemp_v3.1_20211007.nc is MISSING. Will try to re-download.
2026-01-17 15:30:21,050 | [CRW_SST] coraltemp_v3.1_20211008.nc is MISSING. Will try to re-download.
2026-01-17 15:30:21,050 | [CRW_SST] coraltemp_v3.1_20211009.nc is MISSING. Will try to re-download.
2026-01-17 15:30:21,050 | [CRW_SST] coraltemp_v3.1_20211010.nc is MISSING. Will try to re-download.
2026-01-17 15:30:21,050 | [CRW_SST] coraltemp_v3.1_20211011.nc is MISSING. Will try to re-download.
2026-01-17 15:30:21,050 | [CRW_SST] coraltemp_v3.1_20211012.nc is MISSING. Will try to re-download.
2026-01-17 15:30:21,053 | [CRW_SST] coraltemp_v3.1_20211013.nc is MISSING. Will try to re-download.
2026-01-17 15:30:21,053 | [CRW_SST] coraltemp_v3.1_20211014.nc is MISSING. Will try to re-download.
2026-01-17 15:30:21,053 | [CRW_SST] coraltemp_v3.1_20211015.nc is MISSING. Will try to re-download.
2026-01-17 15:30:21,053 | [CRW_SST] coraltemp_v3.1_20211016.nc is MISSING. Will try to re-download.
2026-01-17 15:30:21,053 | [CRW_SST] coraltemp_v3.1_20211017.nc is MISSING. Will try to re-download.
2026-01-17 15:30:21,053 | [CRW_SST] coraltemp_v3.1_20211018.nc is MISSING. Will try to re-download.
2026-01-17 15:30:21,053 | [CRW_SST] coraltemp_v3.1_20211019.nc is MISSING. Will try to re-download.
2026-01-17 15:30:21,057 | [CRW_SST] coraltemp_v3.1_20211020.nc is MISSING. Will try to re-download.
2026-01-17 15:30:21,058 | [CRW_SST] coraltemp_v3.1_20211021.nc is MISSING. Will try to re-download.
2026-01-17 15:30:21,058 | [CRW_SST] coraltemp_v3.1_20211022.nc is MISSING. Will try to re-download.
2026-01-17 15:30:21,058 | [CRW_SST] coraltemp_v3.1_20211023.nc is MISSING. Will try to re-download.
2026-01-17 15:30:21,059 | [CRW_SST] coraltemp_v3.1_20211024.nc is MISSING. Will try to re-download.
2026-01-17 15:30:21,059 | [CRW_SST] coraltemp_v3.1_20211025.nc is MISSING. Will try to re-download.
2026-01-17 15:30:21,060 | [CRW_SST] coraltemp_v3.1_20211026.nc is MISSING. Will try to re-download.
2026-01-17 15:30:21,061 | [CRW_SST] coraltemp_v3.1_20211027.nc is MISSING. Will try to re-download.
2026-01-17 15:30:21,061 | [CRW_SST] coraltemp_v3.1_20211028.nc is MISSING. Will try to re-download.
2026-01-17 15:30:21,062 | [CRW_SST] coraltemp_v3.1_20211029.nc is MISSING. Will try to re-download.
2026-01-17 15:30:21,062 | [CRW_SST] coraltemp_v3.1_20211030.nc is MISSING. Will try to re-download.
2026-01-17 15:30:21,062 | [CRW_SST] coraltemp_v3.1_20211031.nc is MISSING. Will try to re-download.
2026-01-17 15:30:21,062 | [CRW_SST] coraltemp_v3.1_20211101.nc is MISSING. Will try to re-download.
2026-01-17 15:30:21,063 | [CRW_SST] coraltemp_v3.1_20211102.nc is MISSING. Will try to re-download.
2026-01-17 15:30:21,063 | [CRW_SST] coraltemp_v3.1_20211103.nc is MISSING. Will try to re-download.
2026-01-17 15:30:21,064 | [CRW_SST] coraltemp_v3.1_20211104.nc is MISSING. Will try to re-download.
2026-01-17 15:30:21,064 | [CRW_SST] coraltemp_v3.1_20211105.nc is MISSING. Will try to re-download.
2026-01-17 15:30:21,064 | [CRW_SST] coraltemp_v3.1_20211106.nc is MISSING. Will try to re-download.
2026-01-17 15:30:21,064 | [CRW_SST] coraltemp_v3.1_20211107.nc is MISSING. Will try to re-download.
2026-01-17 15:30:21,064 | [CRW_SST] coraltemp_v3.1_20211108.nc is MISSING. Will try to re-download.
2026-01-17 15:30:21,064 | [CRW_SST] coraltemp_v3.1_20211109.nc is MISSING. Will try to re-download.
2026-01-17 15:30:21,064 | [CRW_SST] coraltemp_v3.1_20211110.nc is MISSING. Will try to re-download.
2026-01-17 15:30:21,064 | [CRW_SST] coraltemp_v3.1_20211111.nc is MISSING. Will try to re-download.
2026-01-17 15:30:21,068 | [CRW_SST] coraltemp_v3.1_20211112.nc is MISSING. Will try to re-download.
2026-01-17 15:30:21,068 | [CRW_SST] coraltemp_v3.1_20211113.nc is MISSING. Will try to re-download.
2026-01-17 15:30:21,068 | [CRW_SST] coraltemp_v3.1_20211114.nc is MISSING. Will try to re-download.
2026-01-17 15:30:21,069 | [CRW_SST] coraltemp_v3.1_20211115.nc is MISSING. Will try to re-download.
2026-01-17 15:30:21,069 | [CRW_SST] coraltemp_v3.1_20211116.nc is MISSING. Will try to re-download.
2026-01-17 15:30:21,069 | [CRW_SST] coraltemp_v3.1_20211117.nc is MISSING. Will try to re-download.
2026-01-17 15:30:21,069 | [CRW_SST] coraltemp_v3.1_20211118.nc is MISSING. Will try to re-download.
2026-01-17 15:30:21,069 | [CRW_SST] coraltemp_v3.1_20211119.nc is MISSING. Will try to re-download.
2026-01-17 15:30:21,069 | [CRW_SST] coraltemp_v3.1_20211120.nc is MISSING. Will try to re-download.
2026-01-17 15:30:21,072 | [CRW_SST] coraltemp_v3.1_20211121.nc is MISSING. Will try to re-download.
2026-01-17 15:30:21,072 | [CRW_SST] coraltemp_v3.1_20211122.nc is MISSING. Will try to re-download.
2026-01-17 15:30:21,072 | [CRW_SST] coraltemp_v3.1_20211123.nc is MISSING. Will try to re-download.
2026-01-17 15:30:21,072 | [CRW_SST] coraltemp_v3.1_20211124.nc is MISSING. Will try to re-download.
2026-01-17 15:30:21,074 | [CRW_SST] coraltemp_v3.1_20211125.nc is MISSING. Will try to re-download.
2026-01-17 15:30:21,075 | [CRW_SST] coraltemp_v3.1_20211126.nc is MISSING. Will try to re-download.
2026-01-17 15:30:21,076 | [CRW_SST] coraltemp_v3.1_20211127.nc is MISSING. Will try to re-download.
2026-01-17 15:30:21,077 | [CRW_SST] coraltemp_v3.1_20211128.nc is MISSING. Will try to re-download.
2026-01-17 15:30:21,077 | [CRW_SST] coraltemp_v3.1_20211129.nc is MISSING. Will try to re-download.
2026-01-17 15:30:21,077 | [CRW_SST] coraltemp_v3.1_20211130.nc is MISSING. Will try to re-download.
2026-01-17 15:30:21,077 | [CRW_SST] coraltemp_v3.1_20211201.nc is MISSING. Will try to re-download.
2026-01-17 15:30:21,077 | [CRW_SST] coraltemp_v3.1_20211202.nc is MISSING. Will try to re-download.
2026-01-17 15:30:21,077 | [CRW_SST] coraltemp_v3.1_20211203.nc is MISSING. Will try to re-download.
2026-01-17 15:30:21,077 | [CRW_SST] coraltemp_v3.1_20211204.nc is MISSING. Will try to re-download.
2026-01-17 15:30:21,077 | [CRW_SST] coraltemp_v3.1_20211205.nc is MISSING. Will try to re-download.
2026-01-17 15:30:21,077 | [CRW_SST] coraltemp_v3.1_20211206.nc is MISSING. Will try to re-download.
2026-01-17 15:30:21,081 | [CRW_SST] coraltemp_v3.1_20211207.nc is MISSING. Will try to re-download.
2026-01-17 15:30:21,082 | [CRW_SST] coraltemp_v3.1_20211208.nc is MISSING. Will try to re-download.
2026-01-17 15:30:21,082 | [CRW_SST] coraltemp_v3.1_20211209.nc is MISSING. Will try to re-download.
2026-01-17 15:30:21,083 | [CRW_SST] coraltemp_v3.1_20211210.nc is MISSING. Will try to re-download.
2026-01-17 15:30:21,083 | [CRW_SST] coraltemp_v3.1_20211211.nc is MISSING. Will try to re-download.
2026-01-17 15:30:21,083 | [CRW_SST] coraltemp_v3.1_20211212.nc is MISSING. Will try to re-download.
2026-01-17 15:30:21,083 | [CRW_SST] coraltemp_v3.1_20211213.nc is MISSING. Will try to re-download.
2026-01-17 15:30:21,084 | [CRW_SST] coraltemp_v3.1_20211214.nc is MISSING. Will try to re-download.
2026-01-17 15:30:21,084 | [CRW_SST] coraltemp_v3.1_20211215.nc is MISSING. Will try to re-download.
2026-01-17 15:30:21,084 | [CRW_SST] coraltemp_v3.1_20211216.nc is MISSING. Will try to re-download.
2026-01-17 15:30:21,084 | [CRW_SST] coraltemp_v3.1_20211217.nc is MISSING. Will try to re-download.
2026-01-17 15:30:21,086 | [CRW_SST] coraltemp_v3.1_20211218.nc is MISSING. Will try to re-download.
2026-01-17 15:30:21,086 | [CRW_SST] coraltemp_v3.1_20211219.nc is MISSING. Will try to re-download.
2026-01-17 15:30:21,086 | [CRW_SST] coraltemp_v3.1_20211220.nc is MISSING. Will try to re-download.
2026-01-17 15:30:21,087 | [CRW_SST] coraltemp_v3.1_20211221.nc is MISSING. Will try to re-download.
2026-01-17 15:30:21,087 | [CRW_SST] coraltemp_v3.1_20211222.nc is MISSING. Will try to re-download.
2026-01-17 15:30:21,088 | [CRW_SST] coraltemp_v3.1_20211223.nc is MISSING. Will try to re-download.
2026-01-17 15:30:21,089 | [CRW_SST] coraltemp_v3.1_20211224.nc is MISSING. Will try to re-download.
2026-01-17 15:30:21,089 | [CRW_SST] coraltemp_v3.1_20211225.nc is MISSING. Will try to re-download.
2026-01-17 15:30:21,089 | [CRW_SST] coraltemp_v3.1_20211226.nc is MISSING. Will try to re-download.
2026-01-17 15:30:21,091 | [CRW_SST] coraltemp_v3.1_20211227.nc is MISSING. Will try to re-download.
2026-01-17 15:30:21,091 | [CRW_SST] coraltemp_v3.1_20211228.nc is MISSING. Will try to re-download.
2026-01-17 15:30:21,091 | [CRW_SST] coraltemp_v3.1_20211229.nc is MISSING. Will try to re-download.
2026-01-17 15:30:21,091 | [CRW_SST] coraltemp_v3.1_20211230.nc is MISSING. Will try to re-download.
2026-01-17 15:30:21,091 | [CRW_SST] coraltemp_v3.1_20211231.nc is MISSING. Will try to re-download.
2026-01-17 15:30:21,091 | [CRW_SST] coraltemp_v3.1_20220110.nc is MISSING. Will try to re-download.
2026-01-17 15:30:21,091 | [CRW_SST] coraltemp_v3.1_20220111.nc is MISSING. Will try to re-download.
2026-01-17 15:30:21,091 | [CRW_SST] coraltemp_v3.1_20220112.nc is MISSING. Will try to re-download.
2026-01-17 15:30:21,091 | [CRW_SST] coraltemp_v3.1_20220113.nc is MISSING. Will try to re-download.
2026-01-17 15:30:21,091 | [CRW_SST] coraltemp_v3.1_20220114.nc is MISSING. Will try to re-download.
2026-01-17 15:30:21,091 | [CRW_SST] coraltemp_v3.1_20220115.nc is MISSING. Will try to re-download.
2026-01-17 15:30:21,091 | [CRW_SST] coraltemp_v3.1_20220116.nc is MISSING. Will try to re-download.
2026-01-17 15:30:21,097 | [CRW_SST] coraltemp_v3.1_20220117.nc is MISSING. Will try to re-download.
2026-01-17 15:30:21,097 | [CRW_SST] coraltemp_v3.1_20220118.nc is MISSING. Will try to re-download.
2026-01-17 15:30:21,097 | [CRW_SST] coraltemp_v3.1_20220119.nc is MISSING. Will try to re-download.
2026-01-17 15:30:21,097 | [CRW_SST] coraltemp_v3.1_20220211.nc is MISSING. Will try to re-download.
2026-01-17 15:30:21,097 | [CRW_SST] coraltemp_v3.1_20220311.nc is MISSING. Will try to re-download.
2026-01-17 15:30:21,099 | [CRW_SST] coraltemp_v3.1_20220411.nc is MISSING. Will try to re-download.
2026-01-17 15:30:21,100 | [CRW_SST] coraltemp_v3.1_20220511.nc is MISSING. Will try to re-download.
2026-01-17 15:30:21,100 | [CRW_SST] coraltemp_v3.1_20220611.nc is MISSING. Will try to re-download.
2026-01-17 15:30:21,100 | [CRW_SST] coraltemp_v3.1_20220711.nc is MISSING. Will try to re-download.
2026-01-17 15:30:21,100 | [CRW_SST] coraltemp_v3.1_20220811.nc is MISSING. Will try to re-download.
2026-01-17 15:30:21,100 | [CRW_SST] coraltemp_v3.1_20220911.nc is MISSING. Will try to re-download.
2026-01-17 15:30:21,100 | [CRW_SST] coraltemp_v3.1_20221011.nc is MISSING. Will try to re-download.
2026-01-17 15:30:21,103 | [CRW_SST] coraltemp_v3.1_20221101.nc is MISSING. Will try to re-download.
2026-01-17 15:30:21,103 | [CRW_SST] coraltemp_v3.1_20221102.nc is MISSING. Will try to re-download.
2026-01-17 15:30:21,103 | [CRW_SST] coraltemp_v3.1_20221103.nc is MISSING. Will try to re-download.
2026-01-17 15:30:21,103 | [CRW_SST] coraltemp_v3.1_20221104.nc is MISSING. Will try to re-download.
2026-01-17 15:30:21,103 | [CRW_SST] coraltemp_v3.1_20221105.nc is MISSING. Will try to re-download.
2026-01-17 15:30:21,103 | [CRW_SST] coraltemp_v3.1_20221106.nc is MISSING. Will try to re-download.
2026-01-17 15:30:21,103 | [CRW_SST] coraltemp_v3.1_20221107.nc is MISSING. Will try to re-download.
2026-01-17 15:30:21,103 | [CRW_SST] coraltemp_v3.1_20221108.nc is MISSING. Will try to re-download.
2026-01-17 15:30:21,103 | [CRW_SST] coraltemp_v3.1_20221109.nc is MISSING. Will try to re-download.
2026-01-17 15:30:21,103 | [CRW_SST] coraltemp_v3.1_20221110.nc is MISSING. Will try to re-download.
2026-01-17 15:30:21,108 | [CRW_SST] coraltemp_v3.1_20221111.nc is MISSING. Will try to re-download.
2026-01-17 15:30:21,109 | [CRW_SST] coraltemp_v3.1_20221112.nc is MISSING. Will try to re-download.
2026-01-17 15:30:21,110 | [CRW_SST] coraltemp_v3.1_20221113.nc is MISSING. Will try to re-download.
2026-01-17 15:30:21,110 | [CRW_SST] coraltemp_v3.1_20221114.nc is MISSING. Will try to re-download.
2026-01-17 15:30:21,110 | [CRW_SST] coraltemp_v3.1_20221115.nc is MISSING. Will try to re-download.
2026-01-17 15:30:21,112 | [CRW_SST] coraltemp_v3.1_20221116.nc is MISSING. Will try to re-download.
2026-01-17 15:30:21,112 | [CRW_SST] coraltemp_v3.1_20221117.nc is MISSING. Will try to re-download.
2026-01-17 15:30:21,112 | [CRW_SST] coraltemp_v3.1_20221118.nc is MISSING. Will try to re-download.
2026-01-17 15:30:21,112 | [CRW_SST] coraltemp_v3.1_20221119.nc is MISSING. Will try to re-download.
2026-01-17 15:30:21,113 | [CRW_SST] coraltemp_v3.1_20221120.nc is MISSING. Will try to re-download.
2026-01-17 15:30:21,113 | [CRW_SST] coraltemp_v3.1_20221121.nc is MISSING. Will try to re-download.
2026-01-17 15:30:21,114 | [CRW_SST] coraltemp_v3.1_20221122.nc is MISSING. Will try to re-download.
2026-01-17 15:30:21,114 | [CRW_SST] coraltemp_v3.1_20221123.nc is MISSING. Will try to re-download.
2026-01-17 15:30:21,114 | [CRW_SST] coraltemp_v3.1_20221124.nc is MISSING. Will try to re-download.
2026-01-17 15:30:21,114 | [CRW_SST] coraltemp_v3.1_20221125.nc is MISSING. Will try to re-download.
2026-01-17 15:30:21,114 | [CRW_SST] coraltemp_v3.1_20221126.nc is MISSING. Will try to re-download.
2026-01-17 15:30:21,117 | [CRW_SST] coraltemp_v3.1_20221127.nc is MISSING. Will try to re-download.
2026-01-17 15:30:21,118 | [CRW_SST] coraltemp_v3.1_20221128.nc is MISSING. Will try to re-download.
2026-01-17 15:30:21,118 | [CRW_SST] coraltemp_v3.1_20221129.nc is MISSING. Will try to re-download.
2026-01-17 15:30:21,118 | [CRW_SST] coraltemp_v3.1_20221130.nc is MISSING. Will try to re-download.
2026-01-17 15:30:21,119 | [CRW_SST] coraltemp_v3.1_20221211.nc is MISSING. Will try to re-download.
2026-01-17 15:30:21,120 | [CRW_SST] coraltemp_v3.1_20230110.nc is MISSING. Will try to re-download.
2026-01-17 15:30:21,120 | [CRW_SST] coraltemp_v3.1_20230111.nc is MISSING. Will try to re-download.
2026-01-17 15:30:21,120 | [CRW_SST] coraltemp_v3.1_20230112.nc is MISSING. Will try to re-download.
2026-01-17 15:30:21,120 | [CRW_SST] coraltemp_v3.1_20230113.nc is MISSING. Will try to re-download.
2026-01-17 15:30:21,120 | [CRW_SST] coraltemp_v3.1_20230114.nc is MISSING. Will try to re-download.
2026-01-17 15:30:21,120 | [CRW_SST] coraltemp_v3.1_20230115.nc is MISSING. Will try to re-download.
2026-01-17 15:30:21,120 | [CRW_SST] coraltemp_v3.1_20230116.nc is MISSING. Will try to re-download.
2026-01-17 15:30:21,120 | [CRW_SST] coraltemp_v3.1_20230117.nc is MISSING. Will try to re-download.
2026-01-17 15:30:21,120 | [CRW_SST] coraltemp_v3.1_20230118.nc is MISSING. Will try to re-download.
2026-01-17 15:30:21,124 | [CRW_SST] coraltemp_v3.1_20230119.nc is MISSING. Will try to re-download.
2026-01-17 15:30:21,124 | [CRW_SST] coraltemp_v3.1_20230211.nc is MISSING. Will try to re-download.
2026-01-17 15:30:21,125 | [CRW_SST] coraltemp_v3.1_20230311.nc is MISSING. Will try to re-download.
2026-01-17 15:30:21,125 | [CRW_SST] coraltemp_v3.1_20230411.nc is MISSING. Will try to re-download.
2026-01-17 15:30:21,125 | [CRW_SST] coraltemp_v3.1_20230511.nc is MISSING. Will try to re-download.
2026-01-17 15:30:21,127 | [CRW_SST] coraltemp_v3.1_20230611.nc is MISSING. Will try to re-download.
2026-01-17 15:30:21,127 | [CRW_SST] coraltemp_v3.1_20230711.nc is MISSING. Will try to re-download.
2026-01-17 15:30:21,127 | [CRW_SST] coraltemp_v3.1_20230811.nc is MISSING. Will try to re-download.
2026-01-17 15:30:21,128 | [CRW_SST] coraltemp_v3.1_20230911.nc is MISSING. Will try to re-download.
2026-01-17 15:30:21,128 | [CRW_SST] coraltemp_v3.1_20231011.nc is MISSING. Will try to re-download.
2026-01-17 15:30:21,128 | [CRW_SST] coraltemp_v3.1_20231101.nc is MISSING. Will try to re-download.
2026-01-17 15:30:21,128 | [CRW_SST] coraltemp_v3.1_20231102.nc is MISSING. Will try to re-download.
2026-01-17 15:30:21,128 | [CRW_SST] coraltemp_v3.1_20231103.nc is MISSING. Will try to re-download.
2026-01-17 15:30:21,128 | [CRW_SST] coraltemp_v3.1_20231104.nc is MISSING. Will try to re-download.
2026-01-17 15:30:21,128 | [CRW_SST] coraltemp_v3.1_20231105.nc is MISSING. Will try to re-download.
2026-01-17 15:30:21,131 | [CRW_SST] coraltemp_v3.1_20231106.nc is MISSING. Will try to re-download.
2026-01-17 15:30:21,132 | [CRW_SST] coraltemp_v3.1_20231107.nc is MISSING. Will try to re-download.
2026-01-17 15:30:21,132 | [CRW_SST] coraltemp_v3.1_20231108.nc is MISSING. Will try to re-download.
2026-01-17 15:30:21,132 | [CRW_SST] coraltemp_v3.1_20231109.nc is MISSING. Will try to re-download.
2026-01-17 15:30:21,132 | [CRW_SST] coraltemp_v3.1_20231110.nc is MISSING. Will try to re-download.
2026-01-17 15:30:21,134 | [CRW_SST] coraltemp_v3.1_20231111.nc is MISSING. Will try to re-download.
2026-01-17 15:30:21,134 | [CRW_SST] coraltemp_v3.1_20231112.nc is MISSING. Will try to re-download.
2026-01-17 15:30:21,134 | [CRW_SST] coraltemp_v3.1_20231113.nc is MISSING. Will try to re-download.
2026-01-17 15:30:21,135 | [CRW_SST] coraltemp_v3.1_20231114.nc is MISSING. Will try to re-download.
2026-01-17 15:30:21,135 | [CRW_SST] coraltemp_v3.1_20231115.nc is MISSING. Will try to re-download.
2026-01-17 15:30:21,136 | [CRW_SST] coraltemp_v3.1_20231116.nc is MISSING. Will try to re-download.
2026-01-17 15:30:21,136 | [CRW_SST] coraltemp_v3.1_20231117.nc is MISSING. Will try to re-download.
2026-01-17 15:30:21,137 | [CRW_SST] coraltemp_v3.1_20231118.nc is MISSING. Will try to re-download.
2026-01-17 15:30:21,137 | [CRW_SST] coraltemp_v3.1_20231119.nc is MISSING. Will try to re-download.
2026-01-17 15:30:21,138 | [CRW_SST] coraltemp_v3.1_20231120.nc is MISSING. Will try to re-download.
2026-01-17 15:30:21,139 | [CRW_SST] coraltemp_v3.1_20231121.nc is MISSING. Will try to re-download.
2026-01-17 15:30:21,139 | [CRW_SST] coraltemp_v3.1_20231122.nc is MISSING. Will try to re-download.
2026-01-17 15:30:21,139 | [CRW_SST] coraltemp_v3.1_20231123.nc is MISSING. Will try to re-download.
2026-01-17 15:30:21,139 | [CRW_SST] coraltemp_v3.1_20231124.nc is MISSING. Will try to re-download.
2026-01-17 15:30:21,141 | [CRW_SST] coraltemp_v3.1_20231125.nc is MISSING. Will try to re-download.
2026-01-17 15:30:21,141 | [CRW_SST] coraltemp_v3.1_20231126.nc is MISSING. Will try to re-download.
2026-01-17 15:30:21,143 | [CRW_SST] coraltemp_v3.1_20231127.nc is MISSING. Will try to re-download.
2026-01-17 15:30:21,144 | [CRW_SST] coraltemp_v3.1_20231128.nc is MISSING. Will try to re-download.
2026-01-17 15:30:21,144 | [CRW_SST] coraltemp_v3.1_20231129.nc is MISSING. Will try to re-download.
2026-01-17 15:30:21,144 | [CRW_SST] coraltemp_v3.1_20231130.nc is MISSING. Will try to re-download.
2026-01-17 15:30:21,144 | [CRW_SST] coraltemp_v3.1_20231211.nc is MISSING. Will try to re-download.
2026-01-17 15:30:21,144 | [CRW_SST] coraltemp_v3.1_20240110.nc is MISSING. Will try to re-download.
2026-01-17 15:30:21,144 | [CRW_SST] coraltemp_v3.1_20240111.nc is MISSING. Will try to re-download.
2026-01-17 15:30:21,144 | [CRW_SST] coraltemp_v3.1_20240112.nc is MISSING. Will try to re-download.
2026-01-17 15:30:21,147 | [CRW_SST] coraltemp_v3.1_20240113.nc is MISSING. Will try to re-download.
2026-01-17 15:30:21,147 | [CRW_SST] coraltemp_v3.1_20240114.nc is MISSING. Will try to re-download.
2026-01-17 15:30:21,147 | [CRW_SST] coraltemp_v3.1_20240115.nc is MISSING. Will try to re-download.
2026-01-17 15:30:21,147 | [CRW_SST] coraltemp_v3.1_20240116.nc is MISSING. Will try to re-download.
2026-01-17 15:30:21,147 | [CRW_SST] coraltemp_v3.1_20240117.nc is MISSING. Will try to re-download.
2026-01-17 15:30:21,149 | [CRW_SST] coraltemp_v3.1_20240118.nc is MISSING. Will try to re-download.
2026-01-17 15:30:21,149 | [CRW_SST] coraltemp_v3.1_20240119.nc is MISSING. Will try to re-download.
2026-01-17 15:30:21,150 | [CRW_SST] coraltemp_v3.1_20240211.nc is MISSING. Will try to re-download.
2026-01-17 15:30:21,150 | [CRW_SST] coraltemp_v3.1_20240311.nc is MISSING. Will try to re-download.
2026-01-17 15:30:21,150 | [CRW_SST] coraltemp_v3.1_20240411.nc is MISSING. Will try to re-download.
2026-01-17 15:30:21,150 | [CRW_SST] coraltemp_v3.1_20240511.nc is MISSING. Will try to re-download.
2026-01-17 15:30:21,150 | [CRW_SST] coraltemp_v3.1_20240611.nc is MISSING. Will try to re-download.
2026-01-17 15:30:21,150 | [CRW_SST] coraltemp_v3.1_20240711.nc is MISSING. Will try to re-download.
2026-01-17 15:30:21,153 | [CRW_SST] coraltemp_v3.1_20240811.nc is MISSING. Will try to re-download.
2026-01-17 15:30:21,154 | [CRW_SST] coraltemp_v3.1_20240911.nc is MISSING. Will try to re-download.
2026-01-17 15:30:21,154 | [CRW_SST] coraltemp_v3.1_20241011.nc is MISSING. Will try to re-download.
2026-01-17 15:30:21,154 | [CRW_SST] coraltemp_v3.1_20241101.nc is MISSING. Will try to re-download.
2026-01-17 15:30:21,154 | [CRW_SST] coraltemp_v3.1_20241102.nc is MISSING. Will try to re-download.
2026-01-17 15:30:21,154 | [CRW_SST] coraltemp_v3.1_20241103.nc is MISSING. Will try to re-download.
2026-01-17 15:30:21,154 | [CRW_SST] coraltemp_v3.1_20241104.nc is MISSING. Will try to re-download.
2026-01-17 15:30:21,154 | [CRW_SST] coraltemp_v3.1_20241105.nc is MISSING. Will try to re-download.
2026-01-17 15:30:21,154 | [CRW_SST] coraltemp_v3.1_20241106.nc is MISSING. Will try to re-download.
2026-01-17 15:30:21,154 | [CRW_SST] coraltemp_v3.1_20241107.nc is MISSING. Will try to re-download.
2026-01-17 15:30:21,159 | [CRW_SST] coraltemp_v3.1_20241108.nc is MISSING. Will try to re-download.
2026-01-17 15:30:21,159 | [CRW_SST] coraltemp_v3.1_20241109.nc is MISSING. Will try to re-download.
2026-01-17 15:30:21,159 | [CRW_SST] coraltemp_v3.1_20241110.nc is MISSING. Will try to re-download.
2026-01-17 15:30:21,160 | [CRW_SST] coraltemp_v3.1_20241111.nc is MISSING. Will try to re-download.
2026-01-17 15:30:21,160 | [CRW_SST] coraltemp_v3.1_20241112.nc is MISSING. Will try to re-download.
2026-01-17 15:30:21,160 | [CRW_SST] coraltemp_v3.1_20241113.nc is MISSING. Will try to re-download.
2026-01-17 15:30:21,162 | [CRW_SST] coraltemp_v3.1_20241114.nc is MISSING. Will try to re-download.
2026-01-17 15:30:21,162 | [CRW_SST] coraltemp_v3.1_20241115.nc is MISSING. Will try to re-download.
2026-01-17 15:30:21,162 | [CRW_SST] coraltemp_v3.1_20241116.nc is MISSING. Will try to re-download.
2026-01-17 15:30:21,163 | [CRW_SST] coraltemp_v3.1_20241117.nc is MISSING. Will try to re-download.
2026-01-17 15:30:21,163 | [CRW_SST] coraltemp_v3.1_20241118.nc is MISSING. Will try to re-download.
2026-01-17 15:30:21,164 | [CRW_SST] coraltemp_v3.1_20241119.nc is MISSING. Will try to re-download.
2026-01-17 15:30:21,164 | [CRW_SST] coraltemp_v3.1_20241120.nc is MISSING. Will try to re-download.
2026-01-17 15:30:21,164 | [CRW_SST] coraltemp_v3.1_20241121.nc is MISSING. Will try to re-download.
2026-01-17 15:30:21,164 | [CRW_SST] coraltemp_v3.1_20241122.nc is MISSING. Will try to re-download.
2026-01-17 15:30:21,164 | [CRW_SST] coraltemp_v3.1_20241123.nc is MISSING. Will try to re-download.
2026-01-17 15:30:21,164 | [CRW_SST] coraltemp_v3.1_20241124.nc is MISSING. Will try to re-download.
2026-01-17 15:30:21,164 | [CRW_SST] coraltemp_v3.1_20241125.nc is MISSING. Will try to re-download.
2026-01-17 15:30:21,167 | [CRW_SST] coraltemp_v3.1_20241126.nc is MISSING. Will try to re-download.
2026-01-17 15:30:21,167 | [CRW_SST] coraltemp_v3.1_20241127.nc is MISSING. Will try to re-download.
2026-01-17 15:30:21,167 | [CRW_SST] coraltemp_v3.1_20241128.nc is MISSING. Will try to re-download.
2026-01-17 15:30:21,169 | [CRW_SST] coraltemp_v3.1_20241129.nc is MISSING. Will try to re-download.
2026-01-17 15:30:21,169 | [CRW_SST] coraltemp_v3.1_20241130.nc is MISSING. Will try to re-download.
2026-01-17 15:30:21,169 | [CRW_SST] coraltemp_v3.1_20241211.nc is MISSING. Will try to re-download.
2026-01-17 15:30:21,169 | [CRW_SST] coraltemp_v3.1_20250110.nc is MISSING. Will try to re-download.
2026-01-17 15:30:21,169 | [CRW_SST] coraltemp_v3.1_20250111.nc is MISSING. Will try to re-download.
2026-01-17 15:30:21,169 | [CRW_SST] coraltemp_v3.1_20250112.nc is MISSING. Will try to re-download.
2026-01-17 15:30:21,169 | [CRW_SST] coraltemp_v3.1_20250113.nc is MISSING. Will try to re-download.
2026-01-17 15:30:21,169 | [CRW_SST] coraltemp_v3.1_20250114.nc is MISSING. Will try to re-download.
2026-01-17 15:30:21,169 | [CRW_SST] coraltemp_v3.1_20250115.nc is MISSING. Will try to re-download.
2026-01-17 15:30:21,176 | [CRW_SST] coraltemp_v3.1_20250116.nc is MISSING. Will try to re-download.
2026-01-17 15:30:21,177 | [CRW_SST] coraltemp_v3.1_20250117.nc is MISSING. Will try to re-download.
2026-01-17 15:30:21,177 | [CRW_SST] coraltemp_v3.1_20250118.nc is MISSING. Will try to re-download.
2026-01-17 15:30:21,178 | [CRW_SST] coraltemp_v3.1_20250119.nc is MISSING. Will try to re-download.
2026-01-17 15:30:21,178 | [CRW_SST] coraltemp_v3.1_20250211.nc is MISSING. Will try to re-download.
2026-01-17 15:30:21,178 | [CRW_SST] coraltemp_v3.1_20250311.nc is MISSING. Will try to re-download.
2026-01-17 15:30:21,178 | [CRW_SST] coraltemp_v3.1_20250411.nc is MISSING. Will try to re-download.
2026-01-17 15:30:21,178 | [CRW_SST] coraltemp_v3.1_20250429.nc is MISSING. Will try to re-download.
2026-01-17 15:30:21,178 | [CRW_SST] coraltemp_v3.1_20250430.nc is MISSING. Will try to re-download.
2026-01-17 15:30:21,181 | [CRW_SST] coraltemp_v3.1_20250501.nc is MISSING. Will try to re-download.
2026-01-17 15:30:21,181 | [CRW_SST] coraltemp_v3.1_20250502.nc is MISSING. Will try to re-download.
2026-01-17 15:30:21,182 | [CRW_SST] coraltemp_v3.1_20250503.nc is MISSING. Will try to re-download.
2026-01-17 15:30:21,182 | [CRW_SST] coraltemp_v3.1_20250504.nc is MISSING. Will try to re-download.
2026-01-17 15:30:21,182 | [CRW_SST] coraltemp_v3.1_20250505.nc is MISSING. Will try to re-download.
2026-01-17 15:30:21,184 | [CRW_SST] coraltemp_v3.1_20250506.nc is MISSING. Will try to re-download.
2026-01-17 15:30:21,184 | [CRW_SST] coraltemp_v3.1_20250507.nc is MISSING. Will try to re-download.
2026-01-17 15:30:21,184 | [CRW_SST] coraltemp_v3.1_20250508.nc is MISSING. Will try to re-download.
2026-01-17 15:30:21,184 | [CRW_SST] coraltemp_v3.1_20250509.nc is MISSING. Will try to re-download.
2026-01-17 15:30:21,186 | [CRW_SST] coraltemp_v3.1_20250510.nc is MISSING. Will try to re-download.
2026-01-17 15:30:21,186 | [CRW_SST] coraltemp_v3.1_20250511.nc is MISSING. Will try to re-download.
2026-01-17 15:30:21,186 | [CRW_SST] coraltemp_v3.1_20250512.nc is MISSING. Will try to re-download.
2026-01-17 15:30:21,187 | [CRW_SST] coraltemp_v3.1_20250513.nc is MISSING. Will try to re-download.
2026-01-17 15:30:21,188 | [CRW_SST] coraltemp_v3.1_20250514.nc is MISSING. Will try to re-download.
2026-01-17 15:30:21,188 | [CRW_SST] coraltemp_v3.1_20250515.nc is MISSING. Will try to re-download.
2026-01-17 15:30:21,189 | [CRW_SST] coraltemp_v3.1_20250516.nc is MISSING. Will try to re-download.
2026-01-17 15:30:21,189 | [CRW_SST] coraltemp_v3.1_20250517.nc is MISSING. Will try to re-download.
2026-01-17 15:30:21,190 | [CRW_SST] coraltemp_v3.1_20250518.nc is MISSING. Will try to re-download.
2026-01-17 15:30:21,190 | [CRW_SST] coraltemp_v3.1_20250519.nc is MISSING. Will try to re-download.
2026-01-17 15:30:21,190 | [CRW_SST] coraltemp_v3.1_20250520.nc is MISSING. Will try to re-download.
2026-01-17 15:30:21,190 | [CRW_SST] coraltemp_v3.1_20250521.nc is MISSING. Will try to re-download.
2026-01-17 15:30:21,190 | [CRW_SST] coraltemp_v3.1_20250522.nc is MISSING. Will try to re-download.
2026-01-17 15:30:21,193 | [CRW_SST] coraltemp_v3.1_20250523.nc is MISSING. Will try to re-download.
2026-01-17 15:30:21,193 | [CRW_SST] coraltemp_v3.1_20250524.nc is MISSING. Will try to re-download.
2026-01-17 15:30:21,193 | [CRW_SST] coraltemp_v3.1_20250525.nc is MISSING. Will try to re-download.
2026-01-17 15:30:21,193 | [CRW_SST] coraltemp_v3.1_20250526.nc is MISSING. Will try to re-download.
2026-01-17 15:30:21,193 | [CRW_SST] coraltemp_v3.1_20250527.nc is MISSING. Will try to re-download.
2026-01-17 15:30:21,193 | [CRW_SST] coraltemp_v3.1_20250528.nc is MISSING. Will try to re-download.
2026-01-17 15:30:21,193 | [CRW_SST] coraltemp_v3.1_20250529.nc is MISSING. Will try to re-download.
2026-01-17 15:30:21,193 | [CRW_SST] coraltemp_v3.1_20250530.nc is MISSING. Will try to re-download.
2026-01-17 15:30:21,197 | [CRW_SST] coraltemp_v3.1_20250531.nc is MISSING. Will try to re-download.
2026-01-17 15:30:21,197 | [CRW_SST] coraltemp_v3.1_20250601.nc is MISSING. Will try to re-download.
2026-01-17 15:30:21,197 | [CRW_SST] coraltemp_v3.1_20250602.nc is MISSING. Will try to re-download.
2026-01-17 15:30:21,197 | [CRW_SST] coraltemp_v3.1_20250603.nc is MISSING. Will try to re-download.
2026-01-17 15:30:21,197 | [CRW_SST] coraltemp_v3.1_20250604.nc is MISSING. Will try to re-download.
2026-01-17 15:30:21,199 | [CRW_SST] coraltemp_v3.1_20250605.nc is MISSING. Will try to re-download.
2026-01-17 15:30:21,199 | [CRW_SST] coraltemp_v3.1_20250606.nc is MISSING. Will try to re-download.
2026-01-17 15:30:21,200 | [CRW_SST] coraltemp_v3.1_20250607.nc is MISSING. Will try to re-download.
2026-01-17 15:30:21,200 | [CRW_SST] coraltemp_v3.1_20250608.nc is MISSING. Will try to re-download.
2026-01-17 15:30:21,200 | [CRW_SST] coraltemp_v3.1_20250609.nc is MISSING. Will try to re-download.
2026-01-17 15:30:21,200 | [CRW_SST] coraltemp_v3.1_20250610.nc is MISSING. Will try to re-download.
2026-01-17 15:30:21,200 | [CRW_SST] coraltemp_v3.1_20250611.nc is MISSING. Will try to re-download.
2026-01-17 15:30:21,200 | [CRW_SST] coraltemp_v3.1_20250612.nc is MISSING. Will try to re-download.
2026-01-17 15:30:21,203 | [CRW_SST] coraltemp_v3.1_20250613.nc is MISSING. Will try to re-download.
2026-01-17 15:30:21,203 | [CRW_SST] coraltemp_v3.1_20250614.nc is MISSING. Will try to re-download.
2026-01-17 15:30:21,203 | [CRW_SST] coraltemp_v3.1_20250615.nc is MISSING. Will try to re-download.
2026-01-17 15:30:21,203 | [CRW_SST] coraltemp_v3.1_20250616.nc is MISSING. Will try to re-download.
2026-01-17 15:30:21,203 | [CRW_SST] coraltemp_v3.1_20250617.nc is MISSING. Will try to re-download.
2026-01-17 15:30:21,203 | [CRW_SST] coraltemp_v3.1_20250618.nc is MISSING. Will try to re-download.
2026-01-17 15:30:21,203 | [CRW_SST] coraltemp_v3.1_20250619.nc is MISSING. Will try to re-download.
2026-01-17 15:30:21,203 | [CRW_SST] coraltemp_v3.1_20250620.nc is MISSING. Will try to re-download.
2026-01-17 15:30:21,203 | [CRW_SST] coraltemp_v3.1_20250621.nc is MISSING. Will try to re-download.
2026-01-17 15:30:21,207 | [CRW_SST] coraltemp_v3.1_20250622.nc is MISSING. Will try to re-download.
2026-01-17 15:30:21,207 | [CRW_SST] coraltemp_v3.1_20250623.nc is MISSING. Will try to re-download.
2026-01-17 15:30:21,207 | [CRW_SST] coraltemp_v3.1_20250624.nc is MISSING. Will try to re-download.
2026-01-17 15:30:21,209 | [CRW_SST] coraltemp_v3.1_20250625.nc is MISSING. Will try to re-download.
2026-01-17 15:30:21,209 | [CRW_SST] coraltemp_v3.1_20250626.nc is MISSING. Will try to re-download.
2026-01-17 15:30:21,210 | [CRW_SST] coraltemp_v3.1_20250627.nc is MISSING. Will try to re-download.
2026-01-17 15:30:21,210 | [CRW_SST] coraltemp_v3.1_20250628.nc is MISSING. Will try to re-download.
2026-01-17 15:30:21,210 | [CRW_SST] coraltemp_v3.1_20250629.nc is MISSING. Will try to re-download.
2026-01-17 15:30:21,210 | [CRW_SST] coraltemp_v3.1_20250630.nc is MISSING. Will try to re-download.
2026-01-17 15:30:21,212 | [CRW_SST] coraltemp_v3.1_20250701.nc is MISSING. Will try to re-download.
2026-01-17 15:30:21,212 | [CRW_SST] coraltemp_v3.1_20250702.nc is MISSING. Will try to re-download.
2026-01-17 15:30:21,213 | [CRW_SST] coraltemp_v3.1_20250703.nc is MISSING. Will try to re-download.
2026-01-17 15:30:21,213 | [CRW_SST] coraltemp_v3.1_20250704.nc is MISSING. Will try to re-download.
2026-01-17 15:30:21,213 | [CRW_SST] coraltemp_v3.1_20250705.nc is MISSING. Will try to re-download.
2026-01-17 15:30:21,214 | [CRW_SST] coraltemp_v3.1_20250706.nc is MISSING. Will try to re-download.
2026-01-17 15:30:21,214 | [CRW_SST] coraltemp_v3.1_20250707.nc is MISSING. Will try to re-download.
2026-01-17 15:30:21,215 | [CRW_SST] coraltemp_v3.1_20250708.nc is MISSING. Will try to re-download.
2026-01-17 15:30:21,215 | [CRW_SST] coraltemp_v3.1_20250709.nc is MISSING. Will try to re-download.
2026-01-17 15:30:21,215 | [CRW_SST] coraltemp_v3.1_20250710.nc is MISSING. Will try to re-download.
2026-01-17 15:30:21,215 | [CRW_SST] coraltemp_v3.1_20250711.nc is MISSING. Will try to re-download.
2026-01-17 15:30:21,215 | [CRW_SST] coraltemp_v3.1_20250712.nc is MISSING. Will try to re-download.
2026-01-17 15:30:21,217 | [CRW_SST] coraltemp_v3.1_20250713.nc is MISSING. Will try to re-download.
2026-01-17 15:30:21,217 | [CRW_SST] coraltemp_v3.1_20250714.nc is MISSING. Will try to re-download.
2026-01-17 15:30:21,217 | [CRW_SST] coraltemp_v3.1_20250715.nc is MISSING. Will try to re-download.
2026-01-17 15:30:21,219 | [CRW_SST] coraltemp_v3.1_20250716.nc is MISSING. Will try to re-download.
2026-01-17 15:30:21,219 | [CRW_SST] coraltemp_v3.1_20250717.nc is MISSING. Will try to re-download.
2026-01-17 15:30:21,219 | [CRW_SST] coraltemp_v3.1_20250718.nc is MISSING. Will try to re-download.
2026-01-17 15:30:21,219 | [CRW_SST] coraltemp_v3.1_20250719.nc is MISSING. Will try to re-download.
2026-01-17 15:30:21,219 | [CRW_SST] coraltemp_v3.1_20250720.nc is MISSING. Will try to re-download.
2026-01-17 15:30:21,219 | [CRW_SST] coraltemp_v3.1_20250721.nc is MISSING. Will try to re-download.
2026-01-17 15:30:21,219 | [CRW_SST] coraltemp_v3.1_20250722.nc is MISSING. Will try to re-download.
2026-01-17 15:30:21,219 | [CRW_SST] coraltemp_v3.1_20250723.nc is MISSING. Will try to re-download.
2026-01-17 15:30:21,224 | [CRW_SST] coraltemp_v3.1_20250724.nc is MISSING. Will try to re-download.
2026-01-17 15:30:21,225 | [CRW_SST] coraltemp_v3.1_20250725.nc is MISSING. Will try to re-download.
2026-01-17 15:30:21,226 | [CRW_SST] coraltemp_v3.1_20250726.nc is MISSING. Will try to re-download.
2026-01-17 15:30:21,226 | [CRW_SST] coraltemp_v3.1_20250727.nc is MISSING. Will try to re-download.
2026-01-17 15:30:21,226 | [CRW_SST] coraltemp_v3.1_20250728.nc is MISSING. Will try to re-download.
2026-01-17 15:30:21,226 | [CRW_SST] coraltemp_v3.1_20250729.nc is MISSING. Will try to re-download.
2026-01-17 15:30:21,228 | [CRW_SST] coraltemp_v3.1_20250730.nc is MISSING. Will try to re-download.
2026-01-17 15:30:21,228 | [CRW_SST] coraltemp_v3.1_20250731.nc is MISSING. Will try to re-download.
2026-01-17 15:30:21,228 | [CRW_SST] coraltemp_v3.1_20250801.nc is MISSING. Will try to re-download.
2026-01-17 15:30:21,228 | [CRW_SST] coraltemp_v3.1_20250802.nc is MISSING. Will try to re-download.
2026-01-17 15:30:21,228 | [CRW_SST] coraltemp_v3.1_20250803.nc is MISSING. Will try to re-download.
2026-01-17 15:30:21,228 | [CRW_SST] coraltemp_v3.1_20250804.nc is MISSING. Will try to re-download.
2026-01-17 15:30:21,231 | [CRW_SST] coraltemp_v3.1_20250805.nc is MISSING. Will try to re-download.
2026-01-17 15:30:21,231 | [CRW_SST] coraltemp_v3.1_20250806.nc is MISSING. Will try to re-download.
2026-01-17 15:30:21,232 | [CRW_SST] coraltemp_v3.1_20250807.nc is MISSING. Will try to re-download.
2026-01-17 15:30:21,232 | [CRW_SST] coraltemp_v3.1_20250808.nc is MISSING. Will try to re-download.
2026-01-17 15:30:21,232 | [CRW_SST] coraltemp_v3.1_20250809.nc is MISSING. Will try to re-download.
2026-01-17 15:30:21,233 | [CRW_SST] coraltemp_v3.1_20250810.nc is MISSING. Will try to re-download.
2026-01-17 15:30:21,233 | [CRW_SST] coraltemp_v3.1_20250811.nc is MISSING. Will try to re-download.
2026-01-17 15:30:21,234 | [CRW_SST] coraltemp_v3.1_20250812.nc is MISSING. Will try to re-download.
2026-01-17 15:30:21,234 | [CRW_SST] coraltemp_v3.1_20250813.nc is MISSING. Will try to re-download.
2026-01-17 15:30:21,234 | [CRW_SST] coraltemp_v3.1_20250814.nc is MISSING. Will try to re-download.
2026-01-17 15:30:21,234 | [CRW_SST] coraltemp_v3.1_20250815.nc is MISSING. Will try to re-download.
2026-01-17 15:30:21,236 | [CRW_SST] coraltemp_v3.1_20250816.nc is MISSING. Will try to re-download.
2026-01-17 15:30:21,236 | [CRW_SST] coraltemp_v3.1_20250817.nc is MISSING. Will try to re-download.
2026-01-17 15:30:21,237 | [CRW_SST] coraltemp_v3.1_20250818.nc is MISSING. Will try to re-download.
2026-01-17 15:30:21,238 | [CRW_SST] coraltemp_v3.1_20250819.nc is MISSING. Will try to re-download.
2026-01-17 15:30:21,238 | [CRW_SST] coraltemp_v3.1_20250820.nc is MISSING. Will try to re-download.
2026-01-17 15:30:21,238 | [CRW_SST] coraltemp_v3.1_20250821.nc is MISSING. Will try to re-download.
2026-01-17 15:30:21,239 | [CRW_SST] coraltemp_v3.1_20250822.nc is MISSING. Will try to re-download.
2026-01-17 15:30:21,239 | [CRW_SST] coraltemp_v3.1_20250823.nc is MISSING. Will try to re-download.
2026-01-17 15:30:21,240 | [CRW_SST] coraltemp_v3.1_20250824.nc is MISSING. Will try to re-download.
2026-01-17 15:30:21,241 | [CRW_SST] coraltemp_v3.1_20250825.nc is MISSING. Will try to re-download.
2026-01-17 15:30:21,243 | [CRW_SST] coraltemp_v3.1_20250826.nc is MISSING. Will try to re-download.
2026-01-17 15:30:21,243 | [CRW_SST] coraltemp_v3.1_20250827.nc is MISSING. Will try to re-download.
2026-01-17 15:30:21,243 | [CRW_SST] coraltemp_v3.1_20250828.nc is MISSING. Will try to re-download.
2026-01-17 15:30:21,243 | [CRW_SST] coraltemp_v3.1_20250829.nc is MISSING. Will try to re-download.
2026-01-17 15:30:21,243 | [CRW_SST] coraltemp_v3.1_20250830.nc is MISSING. Will try to re-download.
2026-01-17 15:30:21,243 | [CRW_SST] coraltemp_v3.1_20250831.nc is MISSING. Will try to re-download.
2026-01-17 15:30:21,243 | [CRW_SST] coraltemp_v3.1_20250901.nc is MISSING. Will try to re-download.
2026-01-17 15:30:21,243 | [CRW_SST] coraltemp_v3.1_20250902.nc is MISSING. Will try to re-download.
2026-01-17 15:30:21,243 | [CRW_SST] coraltemp_v3.1_20250903.nc is MISSING. Will try to re-download.
2026-01-17 15:30:21,247 | [CRW_SST] coraltemp_v3.1_20250904.nc is MISSING. Will try to re-download.
2026-01-17 15:30:21,247 | [CRW_SST] coraltemp_v3.1_20250905.nc is MISSING. Will try to re-download.
2026-01-17 15:30:21,247 | [CRW_SST] coraltemp_v3.1_20250906.nc is MISSING. Will try to re-download.
2026-01-17 15:30:21,247 | [CRW_SST] coraltemp_v3.1_20250907.nc is MISSING. Will try to re-download.
2026-01-17 15:30:21,247 | [CRW_SST] coraltemp_v3.1_20250908.nc is MISSING. Will try to re-download.
2026-01-17 15:30:21,249 | [CRW_SST] coraltemp_v3.1_20250909.nc is MISSING. Will try to re-download.
2026-01-17 15:30:21,249 | [CRW_SST] coraltemp_v3.1_20250910.nc is MISSING. Will try to re-download.
2026-01-17 15:30:21,250 | [CRW_SST] coraltemp_v3.1_20250911.nc is MISSING. Will try to re-download.
2026-01-17 15:30:21,251 | [CRW_SST] coraltemp_v3.1_20250912.nc is MISSING. Will try to re-download.
2026-01-17 15:30:21,251 | [CRW_SST] coraltemp_v3.1_20250913.nc is MISSING. Will try to re-download.
2026-01-17 15:30:21,251 | [CRW_SST] coraltemp_v3.1_20250914.nc is MISSING. Will try to re-download.
2026-01-17 15:30:21,251 | [CRW_SST] coraltemp_v3.1_20250915.nc is MISSING. Will try to re-download.
2026-01-17 15:30:21,253 | [CRW_SST] coraltemp_v3.1_20250916.nc is MISSING. Will try to re-download.
2026-01-17 15:30:21,253 | [CRW_SST] coraltemp_v3.1_20250917.nc is MISSING. Will try to re-download.
2026-01-17 15:30:21,253 | [CRW_SST] coraltemp_v3.1_20250918.nc is MISSING. Will try to re-download.
2026-01-17 15:30:21,253 | [CRW_SST] coraltemp_v3.1_20250919.nc is MISSING. Will try to re-download.
2026-01-17 15:30:21,253 | [CRW_SST] coraltemp_v3.1_20250920.nc is MISSING. Will try to re-download.
2026-01-17 15:30:21,253 | [CRW_SST] coraltemp_v3.1_20250921.nc is MISSING. Will try to re-download.
2026-01-17 15:30:21,253 | [CRW_SST] coraltemp_v3.1_20250922.nc is MISSING. Will try to re-download.
2026-01-17 15:30:21,253 | [CRW_SST] coraltemp_v3.1_20250923.nc is MISSING. Will try to re-download.
2026-01-17 15:30:21,257 | [CRW_SST] coraltemp_v3.1_20250924.nc is MISSING. Will try to re-download.
2026-01-17 15:30:21,257 | [CRW_SST] coraltemp_v3.1_20250925.nc is MISSING. Will try to re-download.
2026-01-17 15:30:21,257 | [CRW_SST] coraltemp_v3.1_20250926.nc is MISSING. Will try to re-download.
