REEF,SITE,HAB,YEAR,ORGANISMO,COBERTURA,PC1_AMBIENTAL,PC2_AMBIENTAL,DEPTH,LAT,LONG,QUADRAT_ID
ARC,FAROL,RO,2006,CCA,7.718120805369128,-0.3331308228781938,-0.9938220199188424,5.8,-17.97,-38.69,FAROL_RO_0
ARC,FAROL,RO,2006,CCA,9.797297297297296,-0.3331308228781938,-0.9938220199188424,5.8,-17.97,-38.69,FAROL_RO_1
ARC,FAROL,RO,2006,CCA,5.369127516778524,-0.3331308228781938,-0.9938220199188424,5.8,-17.97,-38.69,FAROL_RO_2
ARC,FAROL,RO,2006,CCA,8.561643835616438,-0.3331308228781938,-0.9938220199188424,5.8,-17.97,-38.69,FAROL_RO_3
ARC,FAROL,RO,2006,CCA,4.391891891891892,-0.3331308228781938,-0.9938220199188424,5.8,-17.97,-38.69,FAROL_RO_4
ARC,FAROL,RO,2006,CCA,13.087248322147651,-0.3331308228781938,-0.9938220199188424,5.8,-17.97,-38.69,FAROL_RO_5
ARC,FAROL,RO,2006,CCA,13.10344827586207,-0.3331308228781938,-0.9938220199188424,5.8,-17.97,-38.69,FAROL_RO_6
ARC,FAROL,RO,2006,CCA,5.498281786941581,-0.3331308228781938,-0.9938220199188424,5.8,-17.97,-38.69,FAROL_RO_7
ARC,FAROL,RO,2006,CCA,6.802721088435375,-0.3331308228781938,-0.9938220199188424,5.8,-17.97,-38.69,FAROL_RO_8
ARC,FAROL,RO,2006,CYANO,0.0,-0.3331308228781938,-0.9938220199188424,5.8,-17.97,-38.69,FAROL_RO_9
ARC,FAROL,RO,2006,CYANO,0.0,-0.3331308228781938,-0.9938220199188424,5.8,-17.97,-38.69,FAROL_RO_10
ARC,FAROL,RO,2006,CYANO,0.0,-0.3331308228781938,-0.9938220199188424,5.8,-17.97,-38.69,FAROL_RO_11
ARC,FAROL,RO,2006,CYANO,0.0,-0.3331308228781938,-0.9938220199188424,5.8,-17.97,-38.69,FAROL_RO_12
ARC,FAROL,RO,2006,CYANO,0.0,-0.3331308228781938,-0.9938220199188424,5.8,-17.97,-38.69,FAROL_RO_13
ARC,FAROL,RO,2006,CYANO,0.0,-0.3331308228781938,-0.9938220199188424,5.8,-17.97,-38.69,FAROL_RO_14
ARC,FAROL,RO,2006,CYANO,0.0,-0.3331308228781938,-0.9938220199188424,5.8,-17.97,-38.69,FAROL_RO_15
ARC,FAROL,RO,2006,CYANO,0.0,-0.3331308228781938,-0.9938220199188424,5.8,-17.97,-38.69,FAROL_RO_16
ARC,FAROL,RO,2006,CYANO,0.0,-0.3331308228781938,-0.9938220199188424,5.8,-17.97,-38.69,FAROL_RO_17
ARC,FAROL,RO,2006,MACROALGAE,16.44295302013423,-0.3331308228781938,-0.9938220199188424,5.8,-17.97,-38.69,FAROL_RO_18
ARC,FAROL,RO,2006,MACROALGAE,22.2972972972973,-0.3331308228781938,-0.9938220199188424,5.8,-17.97,-38.69,FAROL_RO_19
ARC,FAROL,RO,2006,MACROALGAE,21.476510067114095,-0.3331308228781938,-0.9938220199188424,5.8,-17.97,-38.69,FAROL_RO_20
ARC,FAROL,RO,2006,MACROALGAE,4.10958904109589,-0.3331308228781938,-0.9938220199188424,5.8,-17.97,-38.69,FAROL_RO_21
ARC,FAROL,RO,2006,MACROALGAE,5.0675675675675675,-0.3331308228781938,-0.9938220199188424,5.8,-17.97,-38.69,FAROL_RO_22
ARC,FAROL,RO,2006,MACROALGAE,1.006711409395973,-0.3331308228781938,-0.9938220199188424,5.8,-17.97,-38.69,FAROL_RO_23
ARC,FAROL,RO,2006,MACROALGAE,1.7241379310344827,-0.3331308228781938,-0.9938220199188424,5.8,-17.97,-38.69,FAROL_RO_24
ARC,FAROL,RO,2006,MACROALGAE,1.3745704467353952,-0.3331308228781938,-0.9938220199188424,5.8,-17.97,-38.69,FAROL_RO_25
ARC,FAROL,RO,2006,MACROALGAE,1.0204081632653061,-0.3331308228781938,-0.9938220199188424,5.8,-17.97,-38.69,FAROL_RO_26
ARC,FAROL,RO,2006,MUSSISMILIA_HISPIDA,0.0,-0.3331308228781938,-0.9938220199188424,5.8,-17.97,-38.69,FAROL_RO_27
ARC,FAROL,RO,2006,MUSSISMILIA_HISPIDA,0.0,-0.3331308228781938,-0.9938220199188424,5.8,-17.97,-38.69,FAROL_RO_28
ARC,FAROL,RO,2006,MUSSISMILIA_HISPIDA,0.33557046979865773,-0.3331308228781938,-0.9938220199188424,5.8,-17.97,-38.69,FAROL_RO_29
ARC,FAROL,RO,2006,MUSSISMILIA_HISPIDA,1.36986301369863,-0.3331308228781938,-0.9938220199188424,5.8,-17.97,-38.69,FAROL_RO_30
ARC,FAROL,RO,2006,MUSSISMILIA_HISPIDA,2.7027027027027026,-0.3331308228781938,-0.9938220199188424,5.8,-17.97,-38.69,FAROL_RO_31
ARC,FAROL,RO,2006,MUSSISMILIA_HISPIDA,1.342281879194631,-0.3331308228781938,-0.9938220199188424,5.8,-17.97,-38.69,FAROL_RO_32
ARC,FAROL,RO,2006,MUSSISMILIA_HISPIDA,1.0344827586206897,-0.3331308228781938,-0.9938220199188424,5.8,-17.97,-38.69,FAROL_RO_33
ARC,FAROL,RO,2006,MUSSISMILIA_HISPIDA,1.718213058419244,-0.3331308228781938,-0.9938220199188424,5.8,-17.97,-38.69,FAROL_RO_34
ARC,FAROL,RO,2006,MUSSISMILIA_HISPIDA,3.741496598639456,-0.3331308228781938,-0.9938220199188424,5.8,-17.97,-38.69,FAROL_RO_35
ARC,FAROL,RO,2006,TURF,52.68456375838926,-0.3331308228781938,-0.9938220199188424,5.8,-17.97,-38.69,FAROL_RO_36
ARC,FAROL,RO,2006,TURF,28.040540540540544,-0.3331308228781938,-0.9938220199188424,5.8,-17.97,-38.69,FAROL_RO_37
ARC,FAROL,RO,2006,TURF,47.98657718120805,-0.3331308228781938,-0.9938220199188424,5.8,-17.97,-38.69,FAROL_RO_38
ARC,FAROL,RO,2006,TURF,54.45205479452054,-0.3331308228781938,-0.9938220199188424,5.8,-17.97,-38.69,FAROL_RO_39
ARC,FAROL,RO,2006,TURF,62.83783783783784,-0.3331308228781938,-0.9938220199188424,5.8,-17.97,-38.69,FAROL_RO_40
ARC,FAROL,RO,2006,TURF,44.63087248322148,-0.3331308228781938,-0.9938220199188424,5.8,-17.97,-38.69,FAROL_RO_41
ARC,FAROL,RO,2006,TURF,56.55172413793104,-0.3331308228781938,-0.9938220199188424,5.8,-17.97,-38.69,FAROL_RO_42
ARC,FAROL,RO,2006,TURF,65.29209621993127,-0.3331308228781938,-0.9938220199188424,5.8,-17.97,-38.69,FAROL_RO_43
ARC,FAROL,RO,2006,TURF,63.94557823129252,-0.3331308228781938,-0.9938220199188424,5.8,-17.97,-38.69,FAROL_RO_44
ARC,FAROL,RO,2007,CCA,0.6779661016949152,-0.3331308228781938,-0.9938220199188424,5.8,-17.97,-38.69,FAROL_RO_45
ARC,FAROL,RO,2007,CCA,1.0169491525423728,-0.3331308228781938,-0.9938220199188424,5.8,-17.97,-38.69,FAROL_RO_46
ARC,FAROL,RO,2007,CCA,0.3424657534246575,-0.3331308228781938,-0.9938220199188424,5.8,-17.97,-38.69,FAROL_RO_47
ARC,FAROL,RO,2007,CCA,5.47945205479452,-0.3331308228781938,-0.9938220199188424,5.8,-17.97,-38.69,FAROL_RO_48
ARC,FAROL,RO,2007,CCA,3.741496598639456,-0.3331308228781938,-0.9938220199188424,5.8,-17.97,-38.69,FAROL_RO_49
ARC,FAROL,RO,2007,CCA,0.33670033670033667,-0.3331308228781938,-0.9938220199188424,5.8,-17.97,-38.69,FAROL_RO_50
ARC,FAROL,RO,2007,CCA,4.57516339869281,-0.3331308228781938,-0.9938220199188424,5.8,-17.97,-38.69,FAROL_RO_51
ARC,FAROL,RO,2007,CCA,1.8050541516245486,-0.3331308228781938,-0.9938220199188424,5.8,-17.97,-38.69,FAROL_RO_52
ARC,FAROL,RO,2007,CCA,8.96551724137931,-0.3331308228781938,-0.9938220199188424,5.8,-17.97,-38.69,FAROL_RO_53
ARC,FAROL,RO,2007,CYANO,0.3389830508474576,-0.3331308228781938,-0.9938220199188424,5.8,-17.97,-38.69,FAROL_RO_54
ARC,FAROL,RO,2007,CYANO,0.3389830508474576,-0.3331308228781938,-0.9938220199188424,5.8,-17.97,-38.69,FAROL_RO_55
ARC,FAROL,RO,2007,CYANO,0.3424657534246575,-0.3331308228781938,-0.9938220199188424,5.8,-17.97,-38.69,FAROL_RO_56
ARC,FAROL,RO,2007,CYANO,0.3424657534246575,-0.3331308228781938,-0.9938220199188424,5.8,-17.97,-38.69,FAROL_RO_57
ARC,FAROL,RO,2007,CYANO,0.0,-0.3331308228781938,-0.9938220199188424,5.8,-17.97,-38.69,FAROL_RO_58
ARC,FAROL,RO,2007,CYANO,0.0,-0.3331308228781938,-0.9938220199188424,5.8,-17.97,-38.69,FAROL_RO_59
ARC,FAROL,RO,2007,CYANO,0.0,-0.3331308228781938,-0.9938220199188424,5.8,-17.97,-38.69,FAROL_RO_60
ARC,FAROL,RO,2007,CYANO,0.0,-0.3331308228781938,-0.9938220199188424,5.8,-17.97,-38.69,FAROL_RO_61
ARC,FAROL,RO,2007,CYANO,0.0,-0.3331308228781938,-0.9938220199188424,5.8,-17.97,-38.69,FAROL_RO_62
ARC,FAROL,RO,2007,MACROALGAE,28.474576271186443,-0.3331308228781938,-0.9938220199188424,5.8,-17.97,-38.69,FAROL_RO_63
ARC,FAROL,RO,2007,MACROALGAE,13.559322033898304,-0.3331308228781938,-0.9938220199188424,5.8,-17.97,-38.69,FAROL_RO_64
ARC,FAROL,RO,2007,MACROALGAE,11.301369863013697,-0.3331308228781938,-0.9938220199188424,5.8,-17.97,-38.69,FAROL_RO_65
ARC,FAROL,RO,2007,MACROALGAE,1.0273972602739725,-0.3331308228781938,-0.9938220199188424,5.8,-17.97,-38.69,FAROL_RO_66
ARC,FAROL,RO,2007,MACROALGAE,4.081632653061225,-0.3331308228781938,-0.9938220199188424,5.8,-17.97,-38.69,FAROL_RO_67
ARC,FAROL,RO,2007,MACROALGAE,1.6835016835016834,-0.3331308228781938,-0.9938220199188424,5.8,-17.97,-38.69,FAROL_RO_68
ARC,FAROL,RO,2007,MACROALGAE,0.32679738562091504,-0.3331308228781938,-0.9938220199188424,5.8,-17.97,-38.69,FAROL_RO_69
ARC,FAROL,RO,2007,MACROALGAE,0.36101083032490977,-0.3331308228781938,-0.9938220199188424,5.8,-17.97,-38.69,FAROL_RO_70
ARC,FAROL,RO,2007,MACROALGAE,0.3448275862068966,-0.3331308228781938,-0.9938220199188424,5.8,-17.97,-38.69,FAROL_RO_71
ARC,FAROL,RO,2007,MUSSISMILIA_HISPIDA,0.0,-0.3331308228781938,-0.9938220199188424,5.8,-17.97,-38.69,FAROL_RO_72
ARC,FAROL,RO,2007,MUSSISMILIA_HISPIDA,0.0,-0.3331308228781938,-0.9938220199188424,5.8,-17.97,-38.69,FAROL_RO_73
ARC,FAROL,RO,2007,MUSSISMILIA_HISPIDA,0.0,-0.3331308228781938,-0.9938220199188424,5.8,-17.97,-38.69,FAROL_RO_74
ARC,FAROL,RO,2007,MUSSISMILIA_HISPIDA,0.3424657534246575,-0.3331308228781938,-0.9938220199188424,5.8,-17.97,-38.69,FAROL_RO_75
ARC,FAROL,RO,2007,MUSSISMILIA_HISPIDA,1.3605442176870748,-0.3331308228781938,-0.9938220199188424,5.8,-17.97,-38.69,FAROL_RO_76
ARC,FAROL,RO,2007,MUSSISMILIA_HISPIDA,0.0,-0.3331308228781938,-0.9938220199188424,5.8,-17.97,-38.69,FAROL_RO_77
ARC,FAROL,RO,2007,MUSSISMILIA_HISPIDA,0.32679738562091504,-0.3331308228781938,-0.9938220199188424,5.8,-17.97,-38.69,FAROL_RO_78
ARC,FAROL,RO,2007,MUSSISMILIA_HISPIDA,3.2490974729241873,-0.3331308228781938,-0.9938220199188424,5.8,-17.97,-38.69,FAROL_RO_79
ARC,FAROL,RO,2007,MUSSISMILIA_HISPIDA,5.517241379310345,-0.3331308228781938,-0.9938220199188424,5.8,-17.97,-38.69,FAROL_RO_80
ARC,FAROL,RO,2007,TURF,41.35593220338983,-0.3331308228781938,-0.9938220199188424,5.8,-17.97,-38.69,FAROL_RO_81
ARC,FAROL,RO,2007,TURF,74.57627118644068,-0.3331308228781938,-0.9938220199188424,5.8,-17.97,-38.69,FAROL_RO_82
ARC,FAROL,RO,2007,TURF,75.0,-0.3331308228781938,-0.9938220199188424,5.8,-17.97,-38.69,FAROL_RO_83
ARC,FAROL,RO,2007,TURF,87.67123287671232,-0.3331308228781938,-0.9938220199188424,5.8,-17.97,-38.69,FAROL_RO_84
ARC,FAROL,RO,2007,TURF,85.71428571428571,-0.3331308228781938,-0.9938220199188424,5.8,-17.97,-38.69,FAROL_RO_85
ARC,FAROL,RO,2007,TURF,72.05387205387206,-0.3331308228781938,-0.9938220199188424,5.8,-17.97,-38.69,FAROL_RO_86
ARC,FAROL,RO,2007,TURF,84.31372549019608,-0.3331308228781938,-0.9938220199188424,5.8,-17.97,-38.69,FAROL_RO_87
ARC,FAROL,RO,2007,TURF,80.86642599277978,-0.3331308228781938,-0.9938220199188424,5.8,-17.97,-38.69,FAROL_RO_88
ARC,FAROL,RO,2007,TURF,61.37931034482759,-0.3331308228781938,-0.9938220199188424,5.8,-17.97,-38.69,FAROL_RO_89
ARC,FAROL,RO,2008,CCA,1.532567049808429,-0.3331308228781938,-0.9938220199188424,5.8,-17.97,-38.69,FAROL_RO_90
ARC,FAROL,RO,2008,CCA,0.0,-0.3331308228781938,-0.9938220199188424,5.8,-17.97,-38.69,FAROL_RO_91
ARC,FAROL,RO,2008,CCA,4.406779661016949,-0.3331308228781938,-0.9938220199188424,5.8,-17.97,-38.69,FAROL_RO_92
ARC,FAROL,RO,2008,CCA,16.356877323420075,-0.3331308228781938,-0.9938220199188424,5.8,-17.97,-38.69,FAROL_RO_93
ARC,FAROL,RO,2008,CCA,12.992125984251967,-0.3331308228781938,-0.9938220199188424,5.8,-17.97,-38.69,FAROL_RO_94
ARC,FAROL,RO,2008,CCA,4.0650406504065035,-0.3331308228781938,-0.9938220199188424,5.8,-17.97,-38.69,FAROL_RO_95
ARC,FAROL,RO,2008,CCA,5.054151624548736,-0.3331308228781938,-0.9938220199188424,5.8,-17.97,-38.69,FAROL_RO_96
ARC,FAROL,RO,2008,CCA,8.118081180811808,-0.3331308228781938,-0.9938220199188424,5.8,-17.97,-38.69,FAROL_RO_97
ARC,FAROL,RO,2008,CCA,4.961832061068702,-0.3331308228781938,-0.9938220199188424,5.8,-17.97,-38.69,FAROL_RO_98
ARC,FAROL,RO,2008,CYANO,0.0,-0.3331308228781938,-0.9938220199188424,5.8,-17.97,-38.69,FAROL_RO_99
ARC,FAROL,RO,2008,CYANO,0.0,-0.3331308228781938,-0.9938220199188424,5.8,-17.97,-38.69,FAROL_RO_100
ARC,FAROL,RO,2008,CYANO,0.0,-0.3331308228781938,-0.9938220199188424,5.8,-17.97,-38.69,FAROL_RO_101
ARC,FAROL,RO,2008,CYANO,0.0,-0.3331308228781938,-0.9938220199188424,5.8,-17.97,-38.69,FAROL_RO_102
ARC,FAROL,RO,2008,CYANO,0.7874015748031495,-0.3331308228781938,-0.9938220199188424,5.8,-17.97,-38.69,FAROL_RO_103
ARC,FAROL,RO,2008,CYANO,0.0,-0.3331308228781938,-0.9938220199188424,5.8,-17.97,-38.69,FAROL_RO_104
ARC,FAROL,RO,2008,CYANO,0.0,-0.3331308228781938,-0.9938220199188424,5.8,-17.97,-38.69,FAROL_RO_105
ARC,FAROL,RO,2008,CYANO,0.0,-0.3331308228781938,-0.9938220199188424,5.8,-17.97,-38.69,FAROL_RO_106
ARC,FAROL,RO,2008,CYANO,0.0,-0.3331308228781938,-0.9938220199188424,5.8,-17.97,-38.69,FAROL_RO_107
ARC,FAROL,RO,2008,MACROALGAE,10.727969348659004,-0.3331308228781938,-0.9938220199188424,5.8,-17.97,-38.69,FAROL_RO_108
ARC,FAROL,RO,2008,MACROALGAE,38.976377952755904,-0.3331308228781938,-0.9938220199188424,5.8,-17.97,-38.69,FAROL_RO_109
ARC,FAROL,RO,2008,MACROALGAE,0.6779661016949152,-0.3331308228781938,-0.9938220199188424,5.8,-17.97,-38.69,FAROL_RO_110
ARC,FAROL,RO,2008,MACROALGAE,3.3457249070631967,-0.3331308228781938,-0.9938220199188424,5.8,-17.97,-38.69,FAROL_RO_111
ARC,FAROL,RO,2008,MACROALGAE,1.1811023622047243,-0.3331308228781938,-0.9938220199188424,5.8,-17.97,-38.69,FAROL_RO_112
ARC,FAROL,RO,2008,MACROALGAE,0.0,-0.3331308228781938,-0.9938220199188424,5.8,-17.97,-38.69,FAROL_RO_113
ARC,FAROL,RO,2008,MACROALGAE,3.6101083032490973,-0.3331308228781938,-0.9938220199188424,5.8,-17.97,-38.69,FAROL_RO_114
ARC,FAROL,RO,2008,MACROALGAE,0.0,-0.3331308228781938,-0.9938220199188424,5.8,-17.97,-38.69,FAROL_RO_115
ARC,FAROL,RO,2008,MACROALGAE,0.0,-0.3331308228781938,-0.9938220199188424,5.8,-17.97,-38.69,FAROL_RO_116
ARC,FAROL,RO,2008,MUSSISMILIA_HISPIDA,0.0,-0.3331308228781938,-0.9938220199188424,5.8,-17.97,-38.69,FAROL_RO_117
ARC,FAROL,RO,2008,MUSSISMILIA_HISPIDA,0.0,-0.3331308228781938,-0.9938220199188424,5.8,-17.97,-38.69,FAROL_RO_118
ARC,FAROL,RO,2008,MUSSISMILIA_HISPIDA,0.3389830508474576,-0.3331308228781938,-0.9938220199188424,5.8,-17.97,-38.69,FAROL_RO_119
ARC,FAROL,RO,2008,MUSSISMILIA_HISPIDA,0.0,-0.3331308228781938,-0.9938220199188424,5.8,-17.97,-38.69,FAROL_RO_120
ARC,FAROL,RO,2008,MUSSISMILIA_HISPIDA,0.39370078740157477,-0.3331308228781938,-0.9938220199188424,5.8,-17.97,-38.69,FAROL_RO_121
ARC,FAROL,RO,2008,MUSSISMILIA_HISPIDA,0.0,-0.3331308228781938,-0.9938220199188424,5.8,-17.97,-38.69,FAROL_RO_122
ARC,FAROL,RO,2008,MUSSISMILIA_HISPIDA,0.0,-0.3331308228781938,-0.9938220199188424,5.8,-17.97,-38.69,FAROL_RO_123
ARC,FAROL,RO,2008,MUSSISMILIA_HISPIDA,0.7380073800738007,-0.3331308228781938,-0.9938220199188424,5.8,-17.97,-38.69,FAROL_RO_124
ARC,FAROL,RO,2008,MUSSISMILIA_HISPIDA,0.0,-0.3331308228781938,-0.9938220199188424,5.8,-17.97,-38.69,FAROL_RO_125
ARC,FAROL,RO,2008,TURF,86.20689655172413,-0.3331308228781938,-0.9938220199188424,5.8,-17.97,-38.69,FAROL_RO_126
ARC,FAROL,RO,2008,TURF,54.7244094488189,-0.3331308228781938,-0.9938220199188424,5.8,-17.97,-38.69,FAROL_RO_127
ARC,FAROL,RO,2008,TURF,61.016949152542374,-0.3331308228781938,-0.9938220199188424,5.8,-17.97,-38.69,FAROL_RO_128
ARC,FAROL,RO,2008,TURF,63.56877323420075,-0.3331308228781938,-0.9938220199188424,5.8,-17.97,-38.69,FAROL_RO_129
ARC,FAROL,RO,2008,TURF,39.37007874015748,-0.3331308228781938,-0.9938220199188424,5.8,-17.97,-38.69,FAROL_RO_130
ARC,FAROL,RO,2008,TURF,80.48780487804879,-0.3331308228781938,-0.9938220199188424,5.8,-17.97,-38.69,FAROL_RO_131
ARC,FAROL,RO,2008,TURF,35.018050541516246,-0.3331308228781938,-0.9938220199188424,5.8,-17.97,-38.69,FAROL_RO_132
ARC,FAROL,RO,2008,TURF,36.90036900369004,-0.3331308228781938,-0.9938220199188424,5.8,-17.97,-38.69,FAROL_RO_133
ARC,FAROL,RO,2008,TURF,24.427480916030532,-0.3331308228781938,-0.9938220199188424,5.8,-17.97,-38.69,FAROL_RO_134
ARC,GUARITA,RO,2006,CCA,5.536332179930796,-0.3331308228781938,-0.9938220199188424,5.4,-17.96,-38.69,GUARITA_RO_0
ARC,GUARITA,RO,2006,CCA,4.895104895104895,-0.3331308228781938,-0.9938220199188424,5.4,-17.96,-38.69,GUARITA_RO_1
ARC,GUARITA,RO,2006,CCA,3.741496598639456,-0.3331308228781938,-0.9938220199188424,5.4,-17.96,-38.69,GUARITA_RO_2
ARC,GUARITA,RO,2006,CCA,5.05050505050505,-0.3331308228781938,-0.9938220199188424,5.4,-17.96,-38.69,GUARITA_RO_3
ARC,GUARITA,RO,2006,CCA,2.0408163265306123,-0.3331308228781938,-0.9938220199188424,5.4,-17.96,-38.69,GUARITA_RO_4
ARC,GUARITA,RO,2006,CCA,4.814814814814815,-0.3331308228781938,-0.9938220199188424,5.4,-17.96,-38.69,GUARITA_RO_5
ARC,GUARITA,RO,2006,CCA,3.1358885017421603,-0.3331308228781938,-0.9938220199188424,5.4,-17.96,-38.69,GUARITA_RO_6
ARC,GUARITA,RO,2006,CCA,3.050847457627119,-0.3331308228781938,-0.9938220199188424,5.4,-17.96,-38.69,GUARITA_RO_7
ARC,GUARITA,RO,2006,CCA,13.194444444444445,-0.3331308228781938,-0.9938220199188424,5.4,-17.96,-38.69,GUARITA_RO_8
ARC,GUARITA,RO,2006,CCA,1.023890784982935,-0.3331308228781938,-0.9938220199188424,5.4,-17.96,-38.69,GUARITA_RO_9
ARC,GUARITA,RO,2006,CYANO,0.0,-0.3331308228781938,-0.9938220199188424,5.4,-17.96,-38.69,GUARITA_RO_10
ARC,GUARITA,RO,2006,CYANO,0.0,-0.3331308228781938,-0.9938220199188424,5.4,-17.96,-38.69,GUARITA_RO_11
ARC,GUARITA,RO,2006,CYANO,0.0,-0.3331308228781938,-0.9938220199188424,5.4,-17.96,-38.69,GUARITA_RO_12
ARC,GUARITA,RO,2006,CYANO,0.0,-0.3331308228781938,-0.9938220199188424,5.4,-17.96,-38.69,GUARITA_RO_13
ARC,GUARITA,RO,2006,CYANO,0.0,-0.3331308228781938,-0.9938220199188424,5.4,-17.96,-38.69,GUARITA_RO_14
ARC,GUARITA,RO,2006,CYANO,0.0,-0.3331308228781938,-0.9938220199188424,5.4,-17.96,-38.69,GUARITA_RO_15
ARC,GUARITA,RO,2006,CYANO,0.0,-0.3331308228781938,-0.9938220199188424,5.4,-17.96,-38.69,GUARITA_RO_16
ARC,GUARITA,RO,2006,CYANO,0.0,-0.3331308228781938,-0.9938220199188424,5.4,-17.96,-38.69,GUARITA_RO_17
ARC,GUARITA,RO,2006,CYANO,0.0,-0.3331308228781938,-0.9938220199188424,5.4,-17.96,-38.69,GUARITA_RO_18
ARC,GUARITA,RO,2006,CYANO,0.0,-0.3331308228781938,-0.9938220199188424,5.4,-17.96,-38.69,GUARITA_RO_19
ARC,GUARITA,RO,2006,MACROALGAE,0.0,-0.3331308228781938,-0.9938220199188424,5.4,-17.96,-38.69,GUARITA_RO_20
ARC,GUARITA,RO,2006,MACROALGAE,0.0,-0.3331308228781938,-0.9938220199188424,5.4,-17.96,-38.69,GUARITA_RO_21
ARC,GUARITA,RO,2006,MACROALGAE,0.0,-0.3331308228781938,-0.9938220199188424,5.4,-17.96,-38.69,GUARITA_RO_22
ARC,GUARITA,RO,2006,MACROALGAE,0.0,-0.3331308228781938,-0.9938220199188424,5.4,-17.96,-38.69,GUARITA_RO_23
ARC,GUARITA,RO,2006,MACROALGAE,0.0,-0.3331308228781938,-0.9938220199188424,5.4,-17.96,-38.69,GUARITA_RO_24
ARC,GUARITA,RO,2006,MACROALGAE,0.0,-0.3331308228781938,-0.9938220199188424,5.4,-17.96,-38.69,GUARITA_RO_25
ARC,GUARITA,RO,2006,MACROALGAE,0.0,-0.3331308228781938,-0.9938220199188424,5.4,-17.96,-38.69,GUARITA_RO_26
ARC,GUARITA,RO,2006,MACROALGAE,0.0,-0.3331308228781938,-0.9938220199188424,5.4,-17.96,-38.69,GUARITA_RO_27
ARC,GUARITA,RO,2006,MACROALGAE,0.0,-0.3331308228781938,-0.9938220199188424,5.4,-17.96,-38.69,GUARITA_RO_28
ARC,GUARITA,RO,2006,MACROALGAE,0.0,-0.3331308228781938,-0.9938220199188424,5.4,-17.96,-38.69,GUARITA_RO_29
ARC,GUARITA,RO,2006,MUSSISMILIA_HISPIDA,0.0,-0.3331308228781938,-0.9938220199188424,5.4,-17.96,-38.69,GUARITA_RO_30
ARC,GUARITA,RO,2006,MUSSISMILIA_HISPIDA,0.34965034965034963,-0.3331308228781938,-0.9938220199188424,5.4,-17.96,-38.69,GUARITA_RO_31
ARC,GUARITA,RO,2006,MUSSISMILIA_HISPIDA,0.0,-0.3331308228781938,-0.9938220199188424,5.4,-17.96,-38.69,GUARITA_RO_32
ARC,GUARITA,RO,2006,MUSSISMILIA_HISPIDA,0.0,-0.3331308228781938,-0.9938220199188424,5.4,-17.96,-38.69,GUARITA_RO_33
ARC,GUARITA,RO,2006,MUSSISMILIA_HISPIDA,0.0,-0.3331308228781938,-0.9938220199188424,5.4,-17.96,-38.69,GUARITA_RO_34
ARC,GUARITA,RO,2006,MUSSISMILIA_HISPIDA,1.1111111111111112,-0.3331308228781938,-0.9938220199188424,5.4,-17.96,-38.69,GUARITA_RO_35
ARC,GUARITA,RO,2006,MUSSISMILIA_HISPIDA,0.0,-0.3331308228781938,-0.9938220199188424,5.4,-17.96,-38.69,GUARITA_RO_36
ARC,GUARITA,RO,2006,MUSSISMILIA_HISPIDA,0.0,-0.3331308228781938,-0.9938220199188424,5.4,-17.96,-38.69,GUARITA_RO_37
ARC,GUARITA,RO,2006,MUSSISMILIA_HISPIDA,0.0,-0.3331308228781938,-0.9938220199188424,5.4,-17.96,-38.69,GUARITA_RO_38
ARC,GUARITA,RO,2006,MUSSISMILIA_HISPIDA,2.04778156996587,-0.3331308228781938,-0.9938220199188424,5.4,-17.96,-38.69,GUARITA_RO_39
ARC,GUARITA,RO,2006,TURF,57.43944636678201,-0.3331308228781938,-0.9938220199188424,5.4,-17.96,-38.69,GUARITA_RO_40
ARC,GUARITA,RO,2006,TURF,54.54545454545454,-0.3331308228781938,-0.9938220199188424,5.4,-17.96,-38.69,GUARITA_RO_41
ARC,GUARITA,RO,2006,TURF,33.6734693877551,-0.3331308228781938,-0.9938220199188424,5.4,-17.96,-38.69,GUARITA_RO_42
ARC,GUARITA,RO,2006,TURF,52.52525252525253,-0.3331308228781938,-0.9938220199188424,5.4,-17.96,-38.69,GUARITA_RO_43
ARC,GUARITA,RO,2006,TURF,58.50340136054422,-0.3331308228781938,-0.9938220199188424,5.4,-17.96,-38.69,GUARITA_RO_44
ARC,GUARITA,RO,2006,TURF,45.18518518518518,-0.3331308228781938,-0.9938220199188424,5.4,-17.96,-38.69,GUARITA_RO_45
ARC,GUARITA,RO,2006,TURF,51.91637630662021,-0.3331308228781938,-0.9938220199188424,5.4,-17.96,-38.69,GUARITA_RO_46
ARC,GUARITA,RO,2006,TURF,48.13559322033898,-0.3331308228781938,-0.9938220199188424,5.4,-17.96,-38.69,GUARITA_RO_47
ARC,GUARITA,RO,2006,TURF,42.01388888888889,-0.3331308228781938,-0.9938220199188424,5.4,-17.96,-38.69,GUARITA_RO_48
ARC,GUARITA,RO,2006,TURF,46.41638225255973,-0.3331308228781938,-0.9938220199188424,5.4,-17.96,-38.69,GUARITA_RO_49
ARC,GUARITA,RO,2007,CCA,15.916955017301039,-0.3331308228781938,-0.9938220199188424,5.4,-17.96,-38.69,GUARITA_RO_50
ARC,GUARITA,RO,2007,CCA,11.594202898550725,-0.3331308228781938,-0.9938220199188424,5.4,-17.96,-38.69,GUARITA_RO_51
ARC,GUARITA,RO,2007,CCA,14.285714285714285,-0.3331308228781938,-0.9938220199188424,5.4,-17.96,-38.69,GUARITA_RO_52
ARC,GUARITA,RO,2007,CCA,15.916955017301039,-0.3331308228781938,-0.9938220199188424,5.4,-17.96,-38.69,GUARITA_RO_53
ARC,GUARITA,RO,2007,CCA,13.245033112582782,-0.3331308228781938,-0.9938220199188424,5.4,-17.96,-38.69,GUARITA_RO_54
ARC,GUARITA,RO,2007,CCA,8.552631578947368,-0.3331308228781938,-0.9938220199188424,5.4,-17.96,-38.69,GUARITA_RO_55
ARC,GUARITA,RO,2007,CCA,15.807560137457044,-0.3331308228781938,-0.9938220199188424,5.4,-17.96,-38.69,GUARITA_RO_56
ARC,GUARITA,RO,2007,CCA,15.753424657534246,-0.3331308228781938,-0.9938220199188424,5.4,-17.96,-38.69,GUARITA_RO_57
ARC,GUARITA,RO,2007,CCA,16.3265306122449,-0.3331308228781938,-0.9938220199188424,5.4,-17.96,-38.69,GUARITA_RO_58
ARC,GUARITA,RO,2007,CCA,9.342560553633218,-0.3331308228781938,-0.9938220199188424,5.4,-17.96,-38.69,GUARITA_RO_59
ARC,GUARITA,RO,2007,CYANO,0.34602076124567477,-0.3331308228781938,-0.9938220199188424,5.4,-17.96,-38.69,GUARITA_RO_60
ARC,GUARITA,RO,2007,CYANO,1.0869565217391304,-0.3331308228781938,-0.9938220199188424,5.4,-17.96,-38.69,GUARITA_RO_61
ARC,GUARITA,RO,2007,CYANO,0.3401360544217687,-0.3331308228781938,-0.9938220199188424,5.4,-17.96,-38.69,GUARITA_RO_62
ARC,GUARITA,RO,2007,CYANO,0.6920415224913495,-0.3331308228781938,-0.9938220199188424,5.4,-17.96,-38.69,GUARITA_RO_63
ARC,GUARITA,RO,2007,CYANO,2.980132450331126,-0.3331308228781938,-0.9938220199188424,5.4,-17.96,-38.69,GUARITA_RO_64
ARC,GUARITA,RO,2007,CYANO,0.0,-0.3331308228781938,-0.9938220199188424,5.4,-17.96,-38.69,GUARITA_RO_65
ARC,GUARITA,RO,2007,CYANO,0.6872852233676976,-0.3331308228781938,-0.9938220199188424,5.4,-17.96,-38.69,GUARITA_RO_66
ARC,GUARITA,RO,2007,CYANO,0.0,-0.3331308228781938,-0.9938220199188424,5.4,-17.96,-38.69,GUARITA_RO_67
ARC,GUARITA,RO,2007,CYANO,0.3401360544217687,-0.3331308228781938,-0.9938220199188424,5.4,-17.96,-38.69,GUARITA_RO_68
ARC,GUARITA,RO,2007,CYANO,0.6920415224913495,-0.3331308228781938,-0.9938220199188424,5.4,-17.96,-38.69,GUARITA_RO_69
ARC,GUARITA,RO,2007,MACROALGAE,0.0,-0.3331308228781938,-0.9938220199188424,5.4,-17.96,-38.69,GUARITA_RO_70
ARC,GUARITA,RO,2007,MACROALGAE,0.0,-0.3331308228781938,-0.9938220199188424,5.4,-17.96,-38.69,GUARITA_RO_71
ARC,GUARITA,RO,2007,MACROALGAE,0.0,-0.3331308228781938,-0.9938220199188424,5.4,-17.96,-38.69,GUARITA_RO_72
ARC,GUARITA,RO,2007,MACROALGAE,0.0,-0.3331308228781938,-0.9938220199188424,5.4,-17.96,-38.69,GUARITA_RO_73
ARC,GUARITA,RO,2007,MACROALGAE,0.0,-0.3331308228781938,-0.9938220199188424,5.4,-17.96,-38.69,GUARITA_RO_74
ARC,GUARITA,RO,2007,MACROALGAE,0.0,-0.3331308228781938,-0.9938220199188424,5.4,-17.96,-38.69,GUARITA_RO_75
ARC,GUARITA,RO,2007,MACROALGAE,0.0,-0.3331308228781938,-0.9938220199188424,5.4,-17.96,-38.69,GUARITA_RO_76
ARC,GUARITA,RO,2007,MACROALGAE,0.0,-0.3331308228781938,-0.9938220199188424,5.4,-17.96,-38.69,GUARITA_RO_77
ARC,GUARITA,RO,2007,MACROALGAE,0.0,-0.3331308228781938,-0.9938220199188424,5.4,-17.96,-38.69,GUARITA_RO_78
ARC,GUARITA,RO,2007,MACROALGAE,0.0,-0.3331308228781938,-0.9938220199188424,5.4,-17.96,-38.69,GUARITA_RO_79
ARC,GUARITA,RO,2007,MUSSISMILIA_HISPIDA,0.6920415224913495,-0.3331308228781938,-0.9938220199188424,5.4,-17.96,-38.69,GUARITA_RO_80
ARC,GUARITA,RO,2007,MUSSISMILIA_HISPIDA,0.36231884057971014,-0.3331308228781938,-0.9938220199188424,5.4,-17.96,-38.69,GUARITA_RO_81
ARC,GUARITA,RO,2007,MUSSISMILIA_HISPIDA,0.0,-0.3331308228781938,-0.9938220199188424,5.4,-17.96,-38.69,GUARITA_RO_82
ARC,GUARITA,RO,2007,MUSSISMILIA_HISPIDA,0.0,-0.3331308228781938,-0.9938220199188424,5.4,-17.96,-38.69,GUARITA_RO_83
ARC,GUARITA,RO,2007,MUSSISMILIA_HISPIDA,0.33112582781456956,-0.3331308228781938,-0.9938220199188424,5.4,-17.96,-38.69,GUARITA_RO_84
ARC,GUARITA,RO,2007,MUSSISMILIA_HISPIDA,0.0,-0.3331308228781938,-0.9938220199188424,5.4,-17.96,-38.69,GUARITA_RO_85
ARC,GUARITA,RO,2007,MUSSISMILIA_HISPIDA,0.3436426116838488,-0.3331308228781938,-0.9938220199188424,5.4,-17.96,-38.69,GUARITA_RO_86
ARC,GUARITA,RO,2007,MUSSISMILIA_HISPIDA,0.0,-0.3331308228781938,-0.9938220199188424,5.4,-17.96,-38.69,GUARITA_RO_87
ARC,GUARITA,RO,2007,MUSSISMILIA_HISPIDA,0.0,-0.3331308228781938,-0.9938220199188424,5.4,-17.96,-38.69,GUARITA_RO_88
ARC,GUARITA,RO,2007,MUSSISMILIA_HISPIDA,2.422145328719723,-0.3331308228781938,-0.9938220199188424,5.4,-17.96,-38.69,GUARITA_RO_89
ARC,GUARITA,RO,2007,TURF,62.62975778546713,-0.3331308228781938,-0.9938220199188424,5.4,-17.96,-38.69,GUARITA_RO_90
ARC,GUARITA,RO,2007,TURF,76.81159420289856,-0.3331308228781938,-0.9938220199188424,5.4,-17.96,-38.69,GUARITA_RO_91
ARC,GUARITA,RO,2007,TURF,53.40136054421769,-0.3331308228781938,-0.9938220199188424,5.4,-17.96,-38.69,GUARITA_RO_92
ARC,GUARITA,RO,2007,TURF,42.21453287197232,-0.3331308228781938,-0.9938220199188424,5.4,-17.96,-38.69,GUARITA_RO_93
ARC,GUARITA,RO,2007,TURF,57.28476821192053,-0.3331308228781938,-0.9938220199188424,5.4,-17.96,-38.69,GUARITA_RO_94
ARC,GUARITA,RO,2007,TURF,50.0,-0.3331308228781938,-0.9938220199188424,5.4,-17.96,-38.69,GUARITA_RO_95
ARC,GUARITA,RO,2007,TURF,64.26116838487972,-0.3331308228781938,-0.9938220199188424,5.4,-17.96,-38.69,GUARITA_RO_96
ARC,GUARITA,RO,2007,TURF,56.849315068493155,-0.3331308228781938,-0.9938220199188424,5.4,-17.96,-38.69,GUARITA_RO_97
ARC,GUARITA,RO,2007,TURF,60.204081632653065,-0.3331308228781938,-0.9938220199188424,5.4,-17.96,-38.69,GUARITA_RO_98
ARC,GUARITA,RO,2007,TURF,52.94117647058823,-0.3331308228781938,-0.9938220199188424,5.4,-17.96,-38.69,GUARITA_RO_99
ARC,GUARITA,RO,2008,CCA,18.95910780669145,-0.3331308228781938,-0.9938220199188424,5.4,-17.96,-38.69,GUARITA_RO_100
ARC,GUARITA,RO,2008,CCA,19.78021978021978,-0.3331308228781938,-0.9938220199188424,5.4,-17.96,-38.69,GUARITA_RO_101
ARC,GUARITA,RO,2008,CCA,14.393939393939394,-0.3331308228781938,-0.9938220199188424,5.4,-17.96,-38.69,GUARITA_RO_102
ARC,GUARITA,RO,2008,CCA,7.575757575757576,-0.3331308228781938,-0.9938220199188424,5.4,-17.96,-38.69,GUARITA_RO_103
ARC,GUARITA,RO,2008,CCA,23.451327433628318,-0.3331308228781938,-0.9938220199188424,5.4,-17.96,-38.69,GUARITA_RO_104
ARC,GUARITA,RO,2008,CCA,7.9422382671480145,-0.3331308228781938,-0.9938220199188424,5.4,-17.96,-38.69,GUARITA_RO_105
ARC,GUARITA,RO,2008,CCA,19.2,-0.3331308228781938,-0.9938220199188424,5.4,-17.96,-38.69,GUARITA_RO_106
ARC,GUARITA,RO,2008,CCA,18.146718146718147,-0.3331308228781938,-0.9938220199188424,5.4,-17.96,-38.69,GUARITA_RO_107
ARC,GUARITA,RO,2008,CCA,16.10486891385768,-0.3331308228781938,-0.9938220199188424,5.4,-17.96,-38.69,GUARITA_RO_108
ARC,GUARITA,RO,2008,CCA,7.865168539325842,-0.3331308228781938,-0.9938220199188424,5.4,-17.96,-38.69,GUARITA_RO_109
ARC,GUARITA,RO,2008,CYANO,0.0,-0.3331308228781938,-0.9938220199188424,5.4,-17.96,-38.69,GUARITA_RO_110
ARC,GUARITA,RO,2008,CYANO,0.0,-0.3331308228781938,-0.9938220199188424,5.4,-17.96,-38.69,GUARITA_RO_111
ARC,GUARITA,RO,2008,CYANO,0.7575757575757576,-0.3331308228781938,-0.9938220199188424,5.4,-17.96,-38.69,GUARITA_RO_112
ARC,GUARITA,RO,2008,CYANO,0.0,-0.3331308228781938,-0.9938220199188424,5.4,-17.96,-38.69,GUARITA_RO_113
ARC,GUARITA,RO,2008,CYANO,0.8849557522123894,-0.3331308228781938,-0.9938220199188424,5.4,-17.96,-38.69,GUARITA_RO_114
ARC,GUARITA,RO,2008,CYANO,0.0,-0.3331308228781938,-0.9938220199188424,5.4,-17.96,-38.69,GUARITA_RO_115
ARC,GUARITA,RO,2008,CYANO,4.0,-0.3331308228781938,-0.9938220199188424,5.4,-17.96,-38.69,GUARITA_RO_116
ARC,GUARITA,RO,2008,CYANO,2.3166023166023164,-0.3331308228781938,-0.9938220199188424,5.4,-17.96,-38.69,GUARITA_RO_117
ARC,GUARITA,RO,2008,CYANO,0.37453183520599254,-0.3331308228781938,-0.9938220199188424,5.4,-17.96,-38.69,GUARITA_RO_118
ARC,GUARITA,RO,2008,CYANO,0.37453183520599254,-0.3331308228781938,-0.9938220199188424,5.4,-17.96,-38.69,GUARITA_RO_119
ARC,GUARITA,RO,2008,MACROALGAE,0.0,-0.3331308228781938,-0.9938220199188424,5.4,-17.96,-38.69,GUARITA_RO_120
ARC,GUARITA,RO,2008,MACROALGAE,0.0,-0.3331308228781938,-0.9938220199188424,5.4,-17.96,-38.69,GUARITA_RO_121
ARC,GUARITA,RO,2008,MACROALGAE,0.0,-0.3331308228781938,-0.9938220199188424,5.4,-17.96,-38.69,GUARITA_RO_122
ARC,GUARITA,RO,2008,MACROALGAE,0.0,-0.3331308228781938,-0.9938220199188424,5.4,-17.96,-38.69,GUARITA_RO_123
ARC,GUARITA,RO,2008,MACROALGAE,0.0,-0.3331308228781938,-0.9938220199188424,5.4,-17.96,-38.69,GUARITA_RO_124
ARC,GUARITA,RO,2008,MACROALGAE,9.025270758122744,-0.3331308228781938,-0.9938220199188424,5.4,-17.96,-38.69,GUARITA_RO_125
ARC,GUARITA,RO,2008,MACROALGAE,0.0,-0.3331308228781938,-0.9938220199188424,5.4,-17.96,-38.69,GUARITA_RO_126
ARC,GUARITA,RO,2008,MACROALGAE,0.0,-0.3331308228781938,-0.9938220199188424,5.4,-17.96,-38.69,GUARITA_RO_127
ARC,GUARITA,RO,2008,MACROALGAE,0.0,-0.3331308228781938,-0.9938220199188424,5.4,-17.96,-38.69,GUARITA_RO_128
ARC,GUARITA,RO,2008,MACROALGAE,0.0,-0.3331308228781938,-0.9938220199188424,5.4,-17.96,-38.69,GUARITA_RO_129
ARC,GUARITA,RO,2008,MUSSISMILIA_HISPIDA,0.0,-0.3331308228781938,-0.9938220199188424,5.4,-17.96,-38.69,GUARITA_RO_130
ARC,GUARITA,RO,2008,MUSSISMILIA_HISPIDA,0.3663003663003663,-0.3331308228781938,-0.9938220199188424,5.4,-17.96,-38.69,GUARITA_RO_131
ARC,GUARITA,RO,2008,MUSSISMILIA_HISPIDA,0.0,-0.3331308228781938,-0.9938220199188424,5.4,-17.96,-38.69,GUARITA_RO_132
ARC,GUARITA,RO,2008,MUSSISMILIA_HISPIDA,0.0,-0.3331308228781938,-0.9938220199188424,5.4,-17.96,-38.69,GUARITA_RO_133
ARC,GUARITA,RO,2008,MUSSISMILIA_HISPIDA,0.4424778761061947,-0.3331308228781938,-0.9938220199188424,5.4,-17.96,-38.69,GUARITA_RO_134
ARC,GUARITA,RO,2008,MUSSISMILIA_HISPIDA,0.0,-0.3331308228781938,-0.9938220199188424,5.4,-17.96,-38.69,GUARITA_RO_135
ARC,GUARITA,RO,2008,MUSSISMILIA_HISPIDA,0.0,-0.3331308228781938,-0.9938220199188424,5.4,-17.96,-38.69,GUARITA_RO_136
ARC,GUARITA,RO,2008,MUSSISMILIA_HISPIDA,0.0,-0.3331308228781938,-0.9938220199188424,5.4,-17.96,-38.69,GUARITA_RO_137
ARC,GUARITA,RO,2008,MUSSISMILIA_HISPIDA,0.0,-0.3331308228781938,-0.9938220199188424,5.4,-17.96,-38.69,GUARITA_RO_138
ARC,GUARITA,RO,2008,MUSSISMILIA_HISPIDA,0.0,-0.3331308228781938,-0.9938220199188424,5.4,-17.96,-38.69,GUARITA_RO_139
ARC,GUARITA,RO,2008,TURF,58.36431226765799,-0.3331308228781938,-0.9938220199188424,5.4,-17.96,-38.69,GUARITA_RO_140
ARC,GUARITA,RO,2008,TURF,48.717948717948715,-0.3331308228781938,-0.9938220199188424,5.4,-17.96,-38.69,GUARITA_RO_141
ARC,GUARITA,RO,2008,TURF,43.93939393939394,-0.3331308228781938,-0.9938220199188424,5.4,-17.96,-38.69,GUARITA_RO_142
ARC,GUARITA,RO,2008,TURF,58.333333333333336,-0.3331308228781938,-0.9938220199188424,5.4,-17.96,-38.69,GUARITA_RO_143
ARC,GUARITA,RO,2008,TURF,65.929203539823,-0.3331308228781938,-0.9938220199188424,5.4,-17.96,-38.69,GUARITA_RO_144
ARC,GUARITA,RO,2008,TURF,65.70397111913357,-0.3331308228781938,-0.9938220199188424,5.4,-17.96,-38.69,GUARITA_RO_145
ARC,GUARITA,RO,2008,TURF,52.8,-0.3331308228781938,-0.9938220199188424,5.4,-17.96,-38.69,GUARITA_RO_146
ARC,GUARITA,RO,2008,TURF,53.66795366795367,-0.3331308228781938,-0.9938220199188424,5.4,-17.96,-38.69,GUARITA_RO_147
ARC,GUARITA,RO,2008,TURF,61.79775280898876,-0.3331308228781938,-0.9938220199188424,5.4,-17.96,-38.69,GUARITA_RO_148
ARC,GUARITA,RO,2008,TURF,58.052434456928836,-0.3331308228781938,-0.9938220199188424,5.4,-17.96,-38.69,GUARITA_RO_149
ARC,MVERDE,RO,2006,CCA,3.571428571428571,-0.4223607621806762,-1.049677869837304,4.1,-17.96,-38.7,MVERDE_RO_0
ARC,MVERDE,RO,2006,CCA,4.710144927536232,-0.4223607621806762,-1.049677869837304,4.1,-17.96,-38.7,MVERDE_RO_1
ARC,MVERDE,RO,2006,CCA,4.850746268656716,-0.4223607621806762,-1.049677869837304,4.1,-17.96,-38.7,MVERDE_RO_2
ARC,MVERDE,RO,2006,CCA,13.194444444444445,-0.4223607621806762,-1.049677869837304,4.1,-17.96,-38.7,MVERDE_RO_3
ARC,MVERDE,RO,2006,CCA,13.028169014084506,-0.4223607621806762,-1.049677869837304,4.1,-17.96,-38.7,MVERDE_RO_4
ARC,MVERDE,RO,2006,CCA,20.701754385964914,-0.4223607621806762,-1.049677869837304,4.1,-17.96,-38.7,MVERDE_RO_5
ARC,MVERDE,RO,2006,CCA,15.272727272727273,-0.4223607621806762,-1.049677869837304,4.1,-17.96,-38.7,MVERDE_RO_6
ARC,MVERDE,RO,2006,CCA,12.45674740484429,-0.4223607621806762,-1.049677869837304,4.1,-17.96,-38.7,MVERDE_RO_7
ARC,MVERDE,RO,2006,CYANO,0.0,-0.4223607621806762,-1.049677869837304,4.1,-17.96,-38.7,MVERDE_RO_8
ARC,MVERDE,RO,2006,CYANO,0.0,-0.4223607621806762,-1.049677869837304,4.1,-17.96,-38.7,MVERDE_RO_9
ARC,MVERDE,RO,2006,CYANO,0.0,-0.4223607621806762,-1.049677869837304,4.1,-17.96,-38.7,MVERDE_RO_10
ARC,MVERDE,RO,2006,CYANO,0.0,-0.4223607621806762,-1.049677869837304,4.1,-17.96,-38.7,MVERDE_RO_11
ARC,MVERDE,RO,2006,CYANO,0.0,-0.4223607621806762,-1.049677869837304,4.1,-17.96,-38.7,MVERDE_RO_12
ARC,MVERDE,RO,2006,CYANO,0.0,-0.4223607621806762,-1.049677869837304,4.1,-17.96,-38.7,MVERDE_RO_13
ARC,MVERDE,RO,2006,CYANO,0.0,-0.4223607621806762,-1.049677869837304,4.1,-17.96,-38.7,MVERDE_RO_14
ARC,MVERDE,RO,2006,CYANO,0.0,-0.4223607621806762,-1.049677869837304,4.1,-17.96,-38.7,MVERDE_RO_15
ARC,MVERDE,RO,2006,MACROALGAE,20.357142857142858,-0.4223607621806762,-1.049677869837304,4.1,-17.96,-38.7,MVERDE_RO_16
ARC,MVERDE,RO,2006,MACROALGAE,11.956521739130435,-0.4223607621806762,-1.049677869837304,4.1,-17.96,-38.7,MVERDE_RO_17
ARC,MVERDE,RO,2006,MACROALGAE,15.671641791044777,-0.4223607621806762,-1.049677869837304,4.1,-17.96,-38.7,MVERDE_RO_18
ARC,MVERDE,RO,2006,MACROALGAE,12.152777777777777,-0.4223607621806762,-1.049677869837304,4.1,-17.96,-38.7,MVERDE_RO_19
ARC,MVERDE,RO,2006,MACROALGAE,9.15492957746479,-0.4223607621806762,-1.049677869837304,4.1,-17.96,-38.7,MVERDE_RO_20
ARC,MVERDE,RO,2006,MACROALGAE,6.315789473684211,-0.4223607621806762,-1.049677869837304,4.1,-17.96,-38.7,MVERDE_RO_21
ARC,MVERDE,RO,2006,MACROALGAE,2.909090909090909,-0.4223607621806762,-1.049677869837304,4.1,-17.96,-38.7,MVERDE_RO_22
ARC,MVERDE,RO,2006,MACROALGAE,2.0761245674740483,-0.4223607621806762,-1.049677869837304,4.1,-17.96,-38.7,MVERDE_RO_23
ARC,MVERDE,RO,2006,MUSSISMILIA_HISPIDA,0.0,-0.4223607621806762,-1.049677869837304,4.1,-17.96,-38.7,MVERDE_RO_24
ARC,MVERDE,RO,2006,MUSSISMILIA_HISPIDA,0.36231884057971014,-0.4223607621806762,-1.049677869837304,4.1,-17.96,-38.7,MVERDE_RO_25
ARC,MVERDE,RO,2006,MUSSISMILIA_HISPIDA,0.0,-0.4223607621806762,-1.049677869837304,4.1,-17.96,-38.7,MVERDE_RO_26
ARC,MVERDE,RO,2006,MUSSISMILIA_HISPIDA,0.0,-0.4223607621806762,-1.049677869837304,4.1,-17.96,-38.7,MVERDE_RO_27
ARC,MVERDE,RO,2006,MUSSISMILIA_HISPIDA,0.35211267605633806,-0.4223607621806762,-1.049677869837304,4.1,-17.96,-38.7,MVERDE_RO_28
ARC,MVERDE,RO,2006,MUSSISMILIA_HISPIDA,2.456140350877193,-0.4223607621806762,-1.049677869837304,4.1,-17.96,-38.7,MVERDE_RO_29
ARC,MVERDE,RO,2006,MUSSISMILIA_HISPIDA,0.36363636363636365,-0.4223607621806762,-1.049677869837304,4.1,-17.96,-38.7,MVERDE_RO_30
ARC,MVERDE,RO,2006,MUSSISMILIA_HISPIDA,0.0,-0.4223607621806762,-1.049677869837304,4.1,-17.96,-38.7,MVERDE_RO_31
ARC,MVERDE,RO,2006,TURF,62.142857142857146,-0.4223607621806762,-1.049677869837304,4.1,-17.96,-38.7,MVERDE_RO_32
ARC,MVERDE,RO,2006,TURF,59.78260869565217,-0.4223607621806762,-1.049677869837304,4.1,-17.96,-38.7,MVERDE_RO_33
ARC,MVERDE,RO,2006,TURF,52.98507462686567,-0.4223607621806762,-1.049677869837304,4.1,-17.96,-38.7,MVERDE_RO_34
ARC,MVERDE,RO,2006,TURF,67.36111111111111,-0.4223607621806762,-1.049677869837304,4.1,-17.96,-38.7,MVERDE_RO_35
ARC,MVERDE,RO,2006,TURF,60.56338028169014,-0.4223607621806762,-1.049677869837304,4.1,-17.96,-38.7,MVERDE_RO_36
ARC,MVERDE,RO,2006,TURF,55.43859649122807,-0.4223607621806762,-1.049677869837304,4.1,-17.96,-38.7,MVERDE_RO_37
ARC,MVERDE,RO,2006,TURF,54.90909090909091,-0.4223607621806762,-1.049677869837304,4.1,-17.96,-38.7,MVERDE_RO_38
ARC,MVERDE,RO,2006,TURF,31.141868512110726,-0.4223607621806762,-1.049677869837304,4.1,-17.96,-38.7,MVERDE_RO_39
ARC,MVERDE,RO,2007,CCA,0.0,-0.4223607621806762,-1.049677869837304,4.1,-17.96,-38.7,MVERDE_RO_40
ARC,MVERDE,RO,2007,CCA,2.348993288590604,-0.4223607621806762,-1.049677869837304,4.1,-17.96,-38.7,MVERDE_RO_41
ARC,MVERDE,RO,2007,CCA,3.3444816053511706,-0.4223607621806762,-1.049677869837304,4.1,-17.96,-38.7,MVERDE_RO_42
ARC,MVERDE,RO,2007,CCA,2.364864864864865,-0.4223607621806762,-1.049677869837304,4.1,-17.96,-38.7,MVERDE_RO_43
ARC,MVERDE,RO,2007,CCA,18.855218855218855,-0.4223607621806762,-1.049677869837304,4.1,-17.96,-38.7,MVERDE_RO_44
ARC,MVERDE,RO,2007,CCA,14.726027397260275,-0.4223607621806762,-1.049677869837304,4.1,-17.96,-38.7,MVERDE_RO_45
ARC,MVERDE,RO,2007,CCA,6.0402684563758395,-0.4223607621806762,-1.049677869837304,4.1,-17.96,-38.7,MVERDE_RO_46
ARC,MVERDE,RO,2007,CCA,11.34020618556701,-0.4223607621806762,-1.049677869837304,4.1,-17.96,-38.7,MVERDE_RO_47
ARC,MVERDE,RO,2007,CYANO,0.0,-0.4223607621806762,-1.049677869837304,4.1,-17.96,-38.7,MVERDE_RO_48
ARC,MVERDE,RO,2007,CYANO,0.0,-0.4223607621806762,-1.049677869837304,4.1,-17.96,-38.7,MVERDE_RO_49
ARC,MVERDE,RO,2007,CYANO,0.0,-0.4223607621806762,-1.049677869837304,4.1,-17.96,-38.7,MVERDE_RO_50
ARC,MVERDE,RO,2007,CYANO,0.0,-0.4223607621806762,-1.049677869837304,4.1,-17.96,-38.7,MVERDE_RO_51
ARC,MVERDE,RO,2007,CYANO,0.0,-0.4223607621806762,-1.049677869837304,4.1,-17.96,-38.7,MVERDE_RO_52
ARC,MVERDE,RO,2007,CYANO,0.0,-0.4223607621806762,-1.049677869837304,4.1,-17.96,-38.7,MVERDE_RO_53
ARC,MVERDE,RO,2007,CYANO,0.6711409395973155,-0.4223607621806762,-1.049677869837304,4.1,-17.96,-38.7,MVERDE_RO_54
ARC,MVERDE,RO,2007,CYANO,0.0,-0.4223607621806762,-1.049677869837304,4.1,-17.96,-38.7,MVERDE_RO_55
ARC,MVERDE,RO,2007,MACROALGAE,17.449664429530202,-0.4223607621806762,-1.049677869837304,4.1,-17.96,-38.7,MVERDE_RO_56
ARC,MVERDE,RO,2007,MACROALGAE,11.74496644295302,-0.4223607621806762,-1.049677869837304,4.1,-17.96,-38.7,MVERDE_RO_57
ARC,MVERDE,RO,2007,MACROALGAE,9.03010033444816,-0.4223607621806762,-1.049677869837304,4.1,-17.96,-38.7,MVERDE_RO_58
ARC,MVERDE,RO,2007,MACROALGAE,26.68918918918919,-0.4223607621806762,-1.049677869837304,4.1,-17.96,-38.7,MVERDE_RO_59
ARC,MVERDE,RO,2007,MACROALGAE,10.437710437710438,-0.4223607621806762,-1.049677869837304,4.1,-17.96,-38.7,MVERDE_RO_60
ARC,MVERDE,RO,2007,MACROALGAE,15.41095890410959,-0.4223607621806762,-1.049677869837304,4.1,-17.96,-38.7,MVERDE_RO_61
ARC,MVERDE,RO,2007,MACROALGAE,5.704697986577181,-0.4223607621806762,-1.049677869837304,4.1,-17.96,-38.7,MVERDE_RO_62
ARC,MVERDE,RO,2007,MACROALGAE,3.0927835051546393,-0.4223607621806762,-1.049677869837304,4.1,-17.96,-38.7,MVERDE_RO_63
ARC,MVERDE,RO,2007,MUSSISMILIA_HISPIDA,0.0,-0.4223607621806762,-1.049677869837304,4.1,-17.96,-38.7,MVERDE_RO_64
ARC,MVERDE,RO,2007,MUSSISMILIA_HISPIDA,0.0,-0.4223607621806762,-1.049677869837304,4.1,-17.96,-38.7,MVERDE_RO_65
ARC,MVERDE,RO,2007,MUSSISMILIA_HISPIDA,0.0,-0.4223607621806762,-1.049677869837304,4.1,-17.96,-38.7,MVERDE_RO_66
ARC,MVERDE,RO,2007,MUSSISMILIA_HISPIDA,0.0,-0.4223607621806762,-1.049677869837304,4.1,-17.96,-38.7,MVERDE_RO_67
ARC,MVERDE,RO,2007,MUSSISMILIA_HISPIDA,0.6734006734006733,-0.4223607621806762,-1.049677869837304,4.1,-17.96,-38.7,MVERDE_RO_68
ARC,MVERDE,RO,2007,MUSSISMILIA_HISPIDA,0.0,-0.4223607621806762,-1.049677869837304,4.1,-17.96,-38.7,MVERDE_RO_69
ARC,MVERDE,RO,2007,MUSSISMILIA_HISPIDA,0.6711409395973155,-0.4223607621806762,-1.049677869837304,4.1,-17.96,-38.7,MVERDE_RO_70
ARC,MVERDE,RO,2007,MUSSISMILIA_HISPIDA,0.0,-0.4223607621806762,-1.049677869837304,4.1,-17.96,-38.7,MVERDE_RO_71
ARC,MVERDE,RO,2007,TURF,81.87919463087249,-0.4223607621806762,-1.049677869837304,4.1,-17.96,-38.7,MVERDE_RO_72
ARC,MVERDE,RO,2007,TURF,81.54362416107382,-0.4223607621806762,-1.049677869837304,4.1,-17.96,-38.7,MVERDE_RO_73
ARC,MVERDE,RO,2007,TURF,80.93645484949833,-0.4223607621806762,-1.049677869837304,4.1,-17.96,-38.7,MVERDE_RO_74
ARC,MVERDE,RO,2007,TURF,67.22972972972973,-0.4223607621806762,-1.049677869837304,4.1,-17.96,-38.7,MVERDE_RO_75
ARC,MVERDE,RO,2007,TURF,66.32996632996633,-0.4223607621806762,-1.049677869837304,4.1,-17.96,-38.7,MVERDE_RO_76
ARC,MVERDE,RO,2007,TURF,59.24657534246576,-0.4223607621806762,-1.049677869837304,4.1,-17.96,-38.7,MVERDE_RO_77
ARC,MVERDE,RO,2007,TURF,76.84563758389261,-0.4223607621806762,-1.049677869837304,4.1,-17.96,-38.7,MVERDE_RO_78
ARC,MVERDE,RO,2007,TURF,50.171821305841924,-0.4223607621806762,-1.049677869837304,4.1,-17.96,-38.7,MVERDE_RO_79
ARC,MVERDE,RO,2008,CCA,0.0,-0.4223607621806762,-1.049677869837304,4.1,-17.96,-38.7,MVERDE_RO_80
ARC,MVERDE,RO,2008,CCA,2.04778156996587,-0.4223607621806762,-1.049677869837304,4.1,-17.96,-38.7,MVERDE_RO_81
ARC,MVERDE,RO,2008,CCA,6.597222222222222,-0.4223607621806762,-1.049677869837304,4.1,-17.96,-38.7,MVERDE_RO_82
ARC,MVERDE,RO,2008,CCA,1.6835016835016834,-0.4223607621806762,-1.049677869837304,4.1,-17.96,-38.7,MVERDE_RO_83
ARC,MVERDE,RO,2008,CCA,8.445945945945946,-0.4223607621806762,-1.049677869837304,4.1,-17.96,-38.7,MVERDE_RO_84
ARC,MVERDE,RO,2008,CCA,8.108108108108109,-0.4223607621806762,-1.049677869837304,4.1,-17.96,-38.7,MVERDE_RO_85
ARC,MVERDE,RO,2008,CCA,15.523465703971121,-0.4223607621806762,-1.049677869837304,4.1,-17.96,-38.7,MVERDE_RO_86
ARC,MVERDE,RO,2008,CCA,10.0,-0.4223607621806762,-1.049677869837304,4.1,-17.96,-38.7,MVERDE_RO_87
ARC,MVERDE,RO,2008,CYANO,0.0,-0.4223607621806762,-1.049677869837304,4.1,-17.96,-38.7,MVERDE_RO_88
ARC,MVERDE,RO,2008,CYANO,0.0,-0.4223607621806762,-1.049677869837304,4.1,-17.96,-38.7,MVERDE_RO_89
ARC,MVERDE,RO,2008,CYANO,0.0,-0.4223607621806762,-1.049677869837304,4.1,-17.96,-38.7,MVERDE_RO_90
ARC,MVERDE,RO,2008,CYANO,0.0,-0.4223607621806762,-1.049677869837304,4.1,-17.96,-38.7,MVERDE_RO_91
ARC,MVERDE,RO,2008,CYANO,0.0,-0.4223607621806762,-1.049677869837304,4.1,-17.96,-38.7,MVERDE_RO_92
ARC,MVERDE,RO,2008,CYANO,0.0,-0.4223607621806762,-1.049677869837304,4.1,-17.96,-38.7,MVERDE_RO_93
ARC,MVERDE,RO,2008,CYANO,0.0,-0.4223607621806762,-1.049677869837304,4.1,-17.96,-38.7,MVERDE_RO_94
ARC,MVERDE,RO,2008,CYANO,1.1111111111111112,-0.4223607621806762,-1.049677869837304,4.1,-17.96,-38.7,MVERDE_RO_95
ARC,MVERDE,RO,2008,MACROALGAE,48.275862068965516,-0.4223607621806762,-1.049677869837304,4.1,-17.96,-38.7,MVERDE_RO_96
ARC,MVERDE,RO,2008,MACROALGAE,17.747440273037544,-0.4223607621806762,-1.049677869837304,4.1,-17.96,-38.7,MVERDE_RO_97
ARC,MVERDE,RO,2008,MACROALGAE,20.48611111111111,-0.4223607621806762,-1.049677869837304,4.1,-17.96,-38.7,MVERDE_RO_98
ARC,MVERDE,RO,2008,MACROALGAE,18.51851851851852,-0.4223607621806762,-1.049677869837304,4.1,-17.96,-38.7,MVERDE_RO_99
ARC,MVERDE,RO,2008,MACROALGAE,35.47297297297297,-0.4223607621806762,-1.049677869837304,4.1,-17.96,-38.7,MVERDE_RO_100
ARC,MVERDE,RO,2008,MACROALGAE,9.45945945945946,-0.4223607621806762,-1.049677869837304,4.1,-17.96,-38.7,MVERDE_RO_101
ARC,MVERDE,RO,2008,MACROALGAE,25.992779783393498,-0.4223607621806762,-1.049677869837304,4.1,-17.96,-38.7,MVERDE_RO_102
ARC,MVERDE,RO,2008,MACROALGAE,2.9629629629629632,-0.4223607621806762,-1.049677869837304,4.1,-17.96,-38.7,MVERDE_RO_103
ARC,MVERDE,RO,2008,MUSSISMILIA_HISPIDA,0.0,-0.4223607621806762,-1.049677869837304,4.1,-17.96,-38.7,MVERDE_RO_104
ARC,MVERDE,RO,2008,MUSSISMILIA_HISPIDA,0.0,-0.4223607621806762,-1.049677869837304,4.1,-17.96,-38.7,MVERDE_RO_105
ARC,MVERDE,RO,2008,MUSSISMILIA_HISPIDA,0.0,-0.4223607621806762,-1.049677869837304,4.1,-17.96,-38.7,MVERDE_RO_106
ARC,MVERDE,RO,2008,MUSSISMILIA_HISPIDA,0.33670033670033667,-0.4223607621806762,-1.049677869837304,4.1,-17.96,-38.7,MVERDE_RO_107
ARC,MVERDE,RO,2008,MUSSISMILIA_HISPIDA,0.0,-0.4223607621806762,-1.049677869837304,4.1,-17.96,-38.7,MVERDE_RO_108
ARC,MVERDE,RO,2008,MUSSISMILIA_HISPIDA,0.33783783783783783,-0.4223607621806762,-1.049677869837304,4.1,-17.96,-38.7,MVERDE_RO_109
ARC,MVERDE,RO,2008,MUSSISMILIA_HISPIDA,0.0,-0.4223607621806762,-1.049677869837304,4.1,-17.96,-38.7,MVERDE_RO_110
ARC,MVERDE,RO,2008,MUSSISMILIA_HISPIDA,0.0,-0.4223607621806762,-1.049677869837304,4.1,-17.96,-38.7,MVERDE_RO_111
ARC,MVERDE,RO,2008,TURF,38.96551724137931,-0.4223607621806762,-1.049677869837304,4.1,-17.96,-38.7,MVERDE_RO_112
ARC,MVERDE,RO,2008,TURF,74.06143344709898,-0.4223607621806762,-1.049677869837304,4.1,-17.96,-38.7,MVERDE_RO_113
ARC,MVERDE,RO,2008,TURF,66.31944444444444,-0.4223607621806762,-1.049677869837304,4.1,-17.96,-38.7,MVERDE_RO_114
ARC,MVERDE,RO,2008,TURF,76.0942760942761,-0.4223607621806762,-1.049677869837304,4.1,-17.96,-38.7,MVERDE_RO_115
ARC,MVERDE,RO,2008,TURF,52.702702702702695,-0.4223607621806762,-1.049677869837304,4.1,-17.96,-38.7,MVERDE_RO_116
ARC,MVERDE,RO,2008,TURF,74.66216216216216,-0.4223607621806762,-1.049677869837304,4.1,-17.96,-38.7,MVERDE_RO_117
ARC,MVERDE,RO,2008,TURF,49.81949458483754,-0.4223607621806762,-1.049677869837304,4.1,-17.96,-38.7,MVERDE_RO_118
ARC,MVERDE,RO,2008,TURF,52.22222222222222,-0.4223607621806762,-1.049677869837304,4.1,-17.96,-38.7,MVERDE_RO_119
ARC,PNORTE,RO,2006,CCA,2.1201413427561837,-0.3331308228781938,-0.9938220199188424,5.4,-17.96,-38.7,PNORTE_RO_0
ARC,PNORTE,RO,2006,CCA,6.944444444444445,-0.3331308228781938,-0.9938220199188424,5.4,-17.96,-38.7,PNORTE_RO_1
ARC,PNORTE,RO,2006,CCA,5.319148936170213,-0.3331308228781938,-0.9938220199188424,5.4,-17.96,-38.7,PNORTE_RO_2
ARC,PNORTE,RO,2006,CCA,1.7123287671232876,-0.3331308228781938,-0.9938220199188424,5.4,-17.96,-38.7,PNORTE_RO_3
ARC,PNORTE,RO,2006,CCA,1.935483870967742,-0.3331308228781938,-0.9938220199188424,5.4,-17.96,-38.7,PNORTE_RO_4
ARC,PNORTE,RO,2006,CCA,3.103448275862069,-0.3331308228781938,-0.9938220199188424,5.4,-17.96,-38.7,PNORTE_RO_5
ARC,PNORTE,RO,2006,CCA,1.0169491525423728,-0.3331308228781938,-0.9938220199188424,5.4,-17.96,-38.7,PNORTE_RO_6
ARC,PNORTE,RO,2006,CCA,1.7421602787456445,-0.3331308228781938,-0.9938220199188424,5.4,-17.96,-38.7,PNORTE_RO_7
ARC,PNORTE,RO,2006,CCA,3.103448275862069,-0.3331308228781938,-0.9938220199188424,5.4,-17.96,-38.7,PNORTE_RO_8
ARC,PNORTE,RO,2006,CCA,0.6825938566552902,-0.3331308228781938,-0.9938220199188424,5.4,-17.96,-38.7,PNORTE_RO_9
ARC,PNORTE,RO,2006,CYANO,0.0,-0.3331308228781938,-0.9938220199188424,5.4,-17.96,-38.7,PNORTE_RO_10
ARC,PNORTE,RO,2006,CYANO,0.0,-0.3331308228781938,-0.9938220199188424,5.4,-17.96,-38.7,PNORTE_RO_11
ARC,PNORTE,RO,2006,CYANO,0.0,-0.3331308228781938,-0.9938220199188424,5.4,-17.96,-38.7,PNORTE_RO_12
ARC,PNORTE,RO,2006,CYANO,0.0,-0.3331308228781938,-0.9938220199188424,5.4,-17.96,-38.7,PNORTE_RO_13
ARC,PNORTE,RO,2006,CYANO,0.0,-0.3331308228781938,-0.9938220199188424,5.4,-17.96,-38.7,PNORTE_RO_14
ARC,PNORTE,RO,2006,CYANO,0.0,-0.3331308228781938,-0.9938220199188424,5.4,-17.96,-38.7,PNORTE_RO_15
ARC,PNORTE,RO,2006,CYANO,0.0,-0.3331308228781938,-0.9938220199188424,5.4,-17.96,-38.7,PNORTE_RO_16
ARC,PNORTE,RO,2006,CYANO,0.0,-0.3331308228781938,-0.9938220199188424,5.4,-17.96,-38.7,PNORTE_RO_17
ARC,PNORTE,RO,2006,CYANO,0.0,-0.3331308228781938,-0.9938220199188424,5.4,-17.96,-38.7,PNORTE_RO_18
ARC,PNORTE,RO,2006,CYANO,0.0,-0.3331308228781938,-0.9938220199188424,5.4,-17.96,-38.7,PNORTE_RO_19
ARC,PNORTE,RO,2006,MACROALGAE,0.0,-0.3331308228781938,-0.9938220199188424,5.4,-17.96,-38.7,PNORTE_RO_20
ARC,PNORTE,RO,2006,MACROALGAE,0.0,-0.3331308228781938,-0.9938220199188424,5.4,-17.96,-38.7,PNORTE_RO_21
ARC,PNORTE,RO,2006,MACROALGAE,0.0,-0.3331308228781938,-0.9938220199188424,5.4,-17.96,-38.7,PNORTE_RO_22
ARC,PNORTE,RO,2006,MACROALGAE,0.0,-0.3331308228781938,-0.9938220199188424,5.4,-17.96,-38.7,PNORTE_RO_23
ARC,PNORTE,RO,2006,MACROALGAE,0.0,-0.3331308228781938,-0.9938220199188424,5.4,-17.96,-38.7,PNORTE_RO_24
ARC,PNORTE,RO,2006,MACROALGAE,0.0,-0.3331308228781938,-0.9938220199188424,5.4,-17.96,-38.7,PNORTE_RO_25
ARC,PNORTE,RO,2006,MACROALGAE,0.0,-0.3331308228781938,-0.9938220199188424,5.4,-17.96,-38.7,PNORTE_RO_26
ARC,PNORTE,RO,2006,MACROALGAE,0.0,-0.3331308228781938,-0.9938220199188424,5.4,-17.96,-38.7,PNORTE_RO_27
ARC,PNORTE,RO,2006,MACROALGAE,0.0,-0.3331308228781938,-0.9938220199188424,5.4,-17.96,-38.7,PNORTE_RO_28
ARC,PNORTE,RO,2006,MACROALGAE,0.0,-0.3331308228781938,-0.9938220199188424,5.4,-17.96,-38.7,PNORTE_RO_29
ARC,PNORTE,RO,2006,MUSSISMILIA_HISPIDA,1.0600706713780919,-0.3331308228781938,-0.9938220199188424,5.4,-17.96,-38.7,PNORTE_RO_30
ARC,PNORTE,RO,2006,MUSSISMILIA_HISPIDA,0.0,-0.3331308228781938,-0.9938220199188424,5.4,-17.96,-38.7,PNORTE_RO_31
ARC,PNORTE,RO,2006,MUSSISMILIA_HISPIDA,0.3546099290780142,-0.3331308228781938,-0.9938220199188424,5.4,-17.96,-38.7,PNORTE_RO_32
ARC,PNORTE,RO,2006,MUSSISMILIA_HISPIDA,0.0,-0.3331308228781938,-0.9938220199188424,5.4,-17.96,-38.7,PNORTE_RO_33
ARC,PNORTE,RO,2006,MUSSISMILIA_HISPIDA,1.2903225806451613,-0.3331308228781938,-0.9938220199188424,5.4,-17.96,-38.7,PNORTE_RO_34
ARC,PNORTE,RO,2006,MUSSISMILIA_HISPIDA,0.0,-0.3331308228781938,-0.9938220199188424,5.4,-17.96,-38.7,PNORTE_RO_35
ARC,PNORTE,RO,2006,MUSSISMILIA_HISPIDA,0.0,-0.3331308228781938,-0.9938220199188424,5.4,-17.96,-38.7,PNORTE_RO_36
ARC,PNORTE,RO,2006,MUSSISMILIA_HISPIDA,0.0,-0.3331308228781938,-0.9938220199188424,5.4,-17.96,-38.7,PNORTE_RO_37
ARC,PNORTE,RO,2006,MUSSISMILIA_HISPIDA,0.0,-0.3331308228781938,-0.9938220199188424,5.4,-17.96,-38.7,PNORTE_RO_38
ARC,PNORTE,RO,2006,MUSSISMILIA_HISPIDA,0.0,-0.3331308228781938,-0.9938220199188424,5.4,-17.96,-38.7,PNORTE_RO_39
ARC,PNORTE,RO,2006,TURF,72.08480565371025,-0.3331308228781938,-0.9938220199188424,5.4,-17.96,-38.7,PNORTE_RO_40
ARC,PNORTE,RO,2006,TURF,66.31944444444444,-0.3331308228781938,-0.9938220199188424,5.4,-17.96,-38.7,PNORTE_RO_41
ARC,PNORTE,RO,2006,TURF,53.191489361702125,-0.3331308228781938,-0.9938220199188424,5.4,-17.96,-38.7,PNORTE_RO_42
ARC,PNORTE,RO,2006,TURF,44.52054794520548,-0.3331308228781938,-0.9938220199188424,5.4,-17.96,-38.7,PNORTE_RO_43
ARC,PNORTE,RO,2006,TURF,58.06451612903226,-0.3331308228781938,-0.9938220199188424,5.4,-17.96,-38.7,PNORTE_RO_44
ARC,PNORTE,RO,2006,TURF,52.758620689655174,-0.3331308228781938,-0.9938220199188424,5.4,-17.96,-38.7,PNORTE_RO_45
ARC,PNORTE,RO,2006,TURF,51.52542372881356,-0.3331308228781938,-0.9938220199188424,5.4,-17.96,-38.7,PNORTE_RO_46
ARC,PNORTE,RO,2006,TURF,36.933797909407666,-0.3331308228781938,-0.9938220199188424,5.4,-17.96,-38.7,PNORTE_RO_47
ARC,PNORTE,RO,2006,TURF,36.55172413793103,-0.3331308228781938,-0.9938220199188424,5.4,-17.96,-38.7,PNORTE_RO_48
ARC,PNORTE,RO,2006,TURF,28.668941979522184,-0.3331308228781938,-0.9938220199188424,5.4,-17.96,-38.7,PNORTE_RO_49
ARC,PNORTE,RO,2007,CCA,8.21917808219178,-0.3331308228781938,-0.9938220199188424,5.4,-17.96,-38.7,PNORTE_RO_50
ARC,PNORTE,RO,2007,CCA,13.651877133105803,-0.3331308228781938,-0.9938220199188424,5.4,-17.96,-38.7,PNORTE_RO_51
ARC,PNORTE,RO,2007,CCA,8.996539792387544,-0.3331308228781938,-0.9938220199188424,5.4,-17.96,-38.7,PNORTE_RO_52
ARC,PNORTE,RO,2007,CCA,2.3333333333333335,-0.3331308228781938,-0.9938220199188424,5.4,-17.96,-38.7,PNORTE_RO_53
ARC,PNORTE,RO,2007,CCA,9.897610921501707,-0.3331308228781938,-0.9938220199188424,5.4,-17.96,-38.7,PNORTE_RO_54
ARC,PNORTE,RO,2007,CCA,1.0344827586206897,-0.3331308228781938,-0.9938220199188424,5.4,-17.96,-38.7,PNORTE_RO_55
ARC,PNORTE,RO,2007,CCA,4.844290657439446,-0.3331308228781938,-0.9938220199188424,5.4,-17.96,-38.7,PNORTE_RO_56
ARC,PNORTE,RO,2007,CCA,5.1194539249146755,-0.3331308228781938,-0.9938220199188424,5.4,-17.96,-38.7,PNORTE_RO_57
ARC,PNORTE,RO,2007,CCA,1.342281879194631,-0.3331308228781938,-0.9938220199188424,5.4,-17.96,-38.7,PNORTE_RO_58
ARC,PNORTE,RO,2007,CCA,7.457627118644068,-0.3331308228781938,-0.9938220199188424,5.4,-17.96,-38.7,PNORTE_RO_59
ARC,PNORTE,RO,2007,CYANO,0.0,-0.3331308228781938,-0.9938220199188424,5.4,-17.96,-38.7,PNORTE_RO_60
ARC,PNORTE,RO,2007,CYANO,0.0,-0.3331308228781938,-0.9938220199188424,5.4,-17.96,-38.7,PNORTE_RO_61
ARC,PNORTE,RO,2007,CYANO,0.0,-0.3331308228781938,-0.9938220199188424,5.4,-17.96,-38.7,PNORTE_RO_62
ARC,PNORTE,RO,2007,CYANO,0.0,-0.3331308228781938,-0.9938220199188424,5.4,-17.96,-38.7,PNORTE_RO_63
ARC,PNORTE,RO,2007,CYANO,0.0,-0.3331308228781938,-0.9938220199188424,5.4,-17.96,-38.7,PNORTE_RO_64
ARC,PNORTE,RO,2007,CYANO,0.0,-0.3331308228781938,-0.9938220199188424,5.4,-17.96,-38.7,PNORTE_RO_65
ARC,PNORTE,RO,2007,CYANO,0.0,-0.3331308228781938,-0.9938220199188424,5.4,-17.96,-38.7,PNORTE_RO_66
ARC,PNORTE,RO,2007,CYANO,0.0,-0.3331308228781938,-0.9938220199188424,5.4,-17.96,-38.7,PNORTE_RO_67
ARC,PNORTE,RO,2007,CYANO,0.0,-0.3331308228781938,-0.9938220199188424,5.4,-17.96,-38.7,PNORTE_RO_68
ARC,PNORTE,RO,2007,CYANO,0.0,-0.3331308228781938,-0.9938220199188424,5.4,-17.96,-38.7,PNORTE_RO_69
ARC,PNORTE,RO,2007,MACROALGAE,0.0,-0.3331308228781938,-0.9938220199188424,5.4,-17.96,-38.7,PNORTE_RO_70
ARC,PNORTE,RO,2007,MACROALGAE,0.0,-0.3331308228781938,-0.9938220199188424,5.4,-17.96,-38.7,PNORTE_RO_71
ARC,PNORTE,RO,2007,MACROALGAE,0.0,-0.3331308228781938,-0.9938220199188424,5.4,-17.96,-38.7,PNORTE_RO_72
ARC,PNORTE,RO,2007,MACROALGAE,0.0,-0.3331308228781938,-0.9938220199188424,5.4,-17.96,-38.7,PNORTE_RO_73
ARC,PNORTE,RO,2007,MACROALGAE,0.0,-0.3331308228781938,-0.9938220199188424,5.4,-17.96,-38.7,PNORTE_RO_74
ARC,PNORTE,RO,2007,MACROALGAE,0.0,-0.3331308228781938,-0.9938220199188424,5.4,-17.96,-38.7,PNORTE_RO_75
ARC,PNORTE,RO,2007,MACROALGAE,0.0,-0.3331308228781938,-0.9938220199188424,5.4,-17.96,-38.7,PNORTE_RO_76
ARC,PNORTE,RO,2007,MACROALGAE,0.0,-0.3331308228781938,-0.9938220199188424,5.4,-17.96,-38.7,PNORTE_RO_77
ARC,PNORTE,RO,2007,MACROALGAE,0.0,-0.3331308228781938,-0.9938220199188424,5.4,-17.96,-38.7,PNORTE_RO_78
ARC,PNORTE,RO,2007,MACROALGAE,0.0,-0.3331308228781938,-0.9938220199188424,5.4,-17.96,-38.7,PNORTE_RO_79
ARC,PNORTE,RO,2007,MUSSISMILIA_HISPIDA,1.0273972602739725,-0.3331308228781938,-0.9938220199188424,5.4,-17.96,-38.7,PNORTE_RO_80
ARC,PNORTE,RO,2007,MUSSISMILIA_HISPIDA,0.0,-0.3331308228781938,-0.9938220199188424,5.4,-17.96,-38.7,PNORTE_RO_81
ARC,PNORTE,RO,2007,MUSSISMILIA_HISPIDA,0.34602076124567477,-0.3331308228781938,-0.9938220199188424,5.4,-17.96,-38.7,PNORTE_RO_82
ARC,PNORTE,RO,2007,MUSSISMILIA_HISPIDA,0.0,-0.3331308228781938,-0.9938220199188424,5.4,-17.96,-38.7,PNORTE_RO_83
ARC,PNORTE,RO,2007,MUSSISMILIA_HISPIDA,0.0,-0.3331308228781938,-0.9938220199188424,5.4,-17.96,-38.7,PNORTE_RO_84
ARC,PNORTE,RO,2007,MUSSISMILIA_HISPIDA,0.0,-0.3331308228781938,-0.9938220199188424,5.4,-17.96,-38.7,PNORTE_RO_85
ARC,PNORTE,RO,2007,MUSSISMILIA_HISPIDA,0.0,-0.3331308228781938,-0.9938220199188424,5.4,-17.96,-38.7,PNORTE_RO_86
ARC,PNORTE,RO,2007,MUSSISMILIA_HISPIDA,0.0,-0.3331308228781938,-0.9938220199188424,5.4,-17.96,-38.7,PNORTE_RO_87
ARC,PNORTE,RO,2007,MUSSISMILIA_HISPIDA,0.0,-0.3331308228781938,-0.9938220199188424,5.4,-17.96,-38.7,PNORTE_RO_88
ARC,PNORTE,RO,2007,MUSSISMILIA_HISPIDA,0.0,-0.3331308228781938,-0.9938220199188424,5.4,-17.96,-38.7,PNORTE_RO_89
ARC,PNORTE,RO,2007,TURF,81.5068493150685,-0.3331308228781938,-0.9938220199188424,5.4,-17.96,-38.7,PNORTE_RO_90
ARC,PNORTE,RO,2007,TURF,67.91808873720136,-0.3331308228781938,-0.9938220199188424,5.4,-17.96,-38.7,PNORTE_RO_91
ARC,PNORTE,RO,2007,TURF,67.1280276816609,-0.3331308228781938,-0.9938220199188424,5.4,-17.96,-38.7,PNORTE_RO_92
ARC,PNORTE,RO,2007,TURF,67.0,-0.3331308228781938,-0.9938220199188424,5.4,-17.96,-38.7,PNORTE_RO_93
ARC,PNORTE,RO,2007,TURF,53.92491467576792,-0.3331308228781938,-0.9938220199188424,5.4,-17.96,-38.7,PNORTE_RO_94
ARC,PNORTE,RO,2007,TURF,65.17241379310344,-0.3331308228781938,-0.9938220199188424,5.4,-17.96,-38.7,PNORTE_RO_95
ARC,PNORTE,RO,2007,TURF,52.24913494809689,-0.3331308228781938,-0.9938220199188424,5.4,-17.96,-38.7,PNORTE_RO_96
ARC,PNORTE,RO,2007,TURF,46.75767918088737,-0.3331308228781938,-0.9938220199188424,5.4,-17.96,-38.7,PNORTE_RO_97
ARC,PNORTE,RO,2007,TURF,44.29530201342282,-0.3331308228781938,-0.9938220199188424,5.4,-17.96,-38.7,PNORTE_RO_98
ARC,PNORTE,RO,2007,TURF,31.864406779661014,-0.3331308228781938,-0.9938220199188424,5.4,-17.96,-38.7,PNORTE_RO_99
ARC,PNORTE,RO,2008,CCA,18.84057971014493,-0.3331308228781938,-0.9938220199188424,5.4,-17.96,-38.7,PNORTE_RO_100
ARC,PNORTE,RO,2008,CCA,21.95945945945946,-0.3331308228781938,-0.9938220199188424,5.4,-17.96,-38.7,PNORTE_RO_101
ARC,PNORTE,RO,2008,CCA,20.577617328519857,-0.3331308228781938,-0.9938220199188424,5.4,-17.96,-38.7,PNORTE_RO_102
ARC,PNORTE,RO,2008,CCA,6.802721088435375,-0.3331308228781938,-0.9938220199188424,5.4,-17.96,-38.7,PNORTE_RO_103
ARC,PNORTE,RO,2008,CCA,17.26618705035971,-0.3331308228781938,-0.9938220199188424,5.4,-17.96,-38.7,PNORTE_RO_104
ARC,PNORTE,RO,2008,CCA,6.825938566552901,-0.3331308228781938,-0.9938220199188424,5.4,-17.96,-38.7,PNORTE_RO_105
ARC,PNORTE,RO,2008,CCA,2.5179856115107913,-0.3331308228781938,-0.9938220199188424,5.4,-17.96,-38.7,PNORTE_RO_106
ARC,PNORTE,RO,2008,CCA,6.872852233676976,-0.3331308228781938,-0.9938220199188424,5.4,-17.96,-38.7,PNORTE_RO_107
ARC,PNORTE,RO,2008,CCA,0.6872852233676976,-0.3331308228781938,-0.9938220199188424,5.4,-17.96,-38.7,PNORTE_RO_108
ARC,PNORTE,RO,2008,CCA,9.48905109489051,-0.3331308228781938,-0.9938220199188424,5.4,-17.96,-38.7,PNORTE_RO_109
ARC,PNORTE,RO,2008,CYANO,0.0,-0.3331308228781938,-0.9938220199188424,5.4,-17.96,-38.7,PNORTE_RO_110
ARC,PNORTE,RO,2008,CYANO,0.0,-0.3331308228781938,-0.9938220199188424,5.4,-17.96,-38.7,PNORTE_RO_111
ARC,PNORTE,RO,2008,CYANO,0.0,-0.3331308228781938,-0.9938220199188424,5.4,-17.96,-38.7,PNORTE_RO_112
ARC,PNORTE,RO,2008,CYANO,0.0,-0.3331308228781938,-0.9938220199188424,5.4,-17.96,-38.7,PNORTE_RO_113
ARC,PNORTE,RO,2008,CYANO,0.0,-0.3331308228781938,-0.9938220199188424,5.4,-17.96,-38.7,PNORTE_RO_114
ARC,PNORTE,RO,2008,CYANO,0.0,-0.3331308228781938,-0.9938220199188424,5.4,-17.96,-38.7,PNORTE_RO_115
ARC,PNORTE,RO,2008,CYANO,0.0,-0.3331308228781938,-0.9938220199188424,5.4,-17.96,-38.7,PNORTE_RO_116
ARC,PNORTE,RO,2008,CYANO,0.0,-0.3331308228781938,-0.9938220199188424,5.4,-17.96,-38.7,PNORTE_RO_117
ARC,PNORTE,RO,2008,CYANO,0.3436426116838488,-0.3331308228781938,-0.9938220199188424,5.4,-17.96,-38.7,PNORTE_RO_118
ARC,PNORTE,RO,2008,CYANO,0.0,-0.3331308228781938,-0.9938220199188424,5.4,-17.96,-38.7,PNORTE_RO_119
ARC,PNORTE,RO,2008,MACROALGAE,0.0,-0.3331308228781938,-0.9938220199188424,5.4,-17.96,-38.7,PNORTE_RO_120
ARC,PNORTE,RO,2008,MACROALGAE,0.0,-0.3331308228781938,-0.9938220199188424,5.4,-17.96,-38.7,PNORTE_RO_121
ARC,PNORTE,RO,2008,MACROALGAE,0.36101083032490977,-0.3331308228781938,-0.9938220199188424,5.4,-17.96,-38.7,PNORTE_RO_122
ARC,PNORTE,RO,2008,MACROALGAE,0.0,-0.3331308228781938,-0.9938220199188424,5.4,-17.96,-38.7,PNORTE_RO_123
ARC,PNORTE,RO,2008,MACROALGAE,2.158273381294964,-0.3331308228781938,-0.9938220199188424,5.4,-17.96,-38.7,PNORTE_RO_124
ARC,PNORTE,RO,2008,MACROALGAE,0.0,-0.3331308228781938,-0.9938220199188424,5.4,-17.96,-38.7,PNORTE_RO_125
ARC,PNORTE,RO,2008,MACROALGAE,0.0,-0.3331308228781938,-0.9938220199188424,5.4,-17.96,-38.7,PNORTE_RO_126
ARC,PNORTE,RO,2008,MACROALGAE,0.0,-0.3331308228781938,-0.9938220199188424,5.4,-17.96,-38.7,PNORTE_RO_127
ARC,PNORTE,RO,2008,MACROALGAE,0.0,-0.3331308228781938,-0.9938220199188424,5.4,-17.96,-38.7,PNORTE_RO_128
ARC,PNORTE,RO,2008,MACROALGAE,0.0,-0.3331308228781938,-0.9938220199188424,5.4,-17.96,-38.7,PNORTE_RO_129
ARC,PNORTE,RO,2008,MUSSISMILIA_HISPIDA,1.8115942028985508,-0.3331308228781938,-0.9938220199188424,5.4,-17.96,-38.7,PNORTE_RO_130
ARC,PNORTE,RO,2008,MUSSISMILIA_HISPIDA,0.33783783783783783,-0.3331308228781938,-0.9938220199188424,5.4,-17.96,-38.7,PNORTE_RO_131
ARC,PNORTE,RO,2008,MUSSISMILIA_HISPIDA,0.0,-0.3331308228781938,-0.9938220199188424,5.4,-17.96,-38.7,PNORTE_RO_132
ARC,PNORTE,RO,2008,MUSSISMILIA_HISPIDA,0.0,-0.3331308228781938,-0.9938220199188424,5.4,-17.96,-38.7,PNORTE_RO_133
ARC,PNORTE,RO,2008,MUSSISMILIA_HISPIDA,0.0,-0.3331308228781938,-0.9938220199188424,5.4,-17.96,-38.7,PNORTE_RO_134
ARC,PNORTE,RO,2008,MUSSISMILIA_HISPIDA,3.0716723549488054,-0.3331308228781938,-0.9938220199188424,5.4,-17.96,-38.7,PNORTE_RO_135
ARC,PNORTE,RO,2008,MUSSISMILIA_HISPIDA,0.0,-0.3331308228781938,-0.9938220199188424,5.4,-17.96,-38.7,PNORTE_RO_136
ARC,PNORTE,RO,2008,MUSSISMILIA_HISPIDA,0.3436426116838488,-0.3331308228781938,-0.9938220199188424,5.4,-17.96,-38.7,PNORTE_RO_137
ARC,PNORTE,RO,2008,MUSSISMILIA_HISPIDA,0.0,-0.3331308228781938,-0.9938220199188424,5.4,-17.96,-38.7,PNORTE_RO_138
ARC,PNORTE,RO,2008,MUSSISMILIA_HISPIDA,0.0,-0.3331308228781938,-0.9938220199188424,5.4,-17.96,-38.7,PNORTE_RO_139
ARC,PNORTE,RO,2008,TURF,63.04347826086957,-0.3331308228781938,-0.9938220199188424,5.4,-17.96,-38.7,PNORTE_RO_140
ARC,PNORTE,RO,2008,TURF,60.47297297297297,-0.3331308228781938,-0.9938220199188424,5.4,-17.96,-38.7,PNORTE_RO_141
ARC,PNORTE,RO,2008,TURF,53.42960288808665,-0.3331308228781938,-0.9938220199188424,5.4,-17.96,-38.7,PNORTE_RO_142
ARC,PNORTE,RO,2008,TURF,61.564625850340136,-0.3331308228781938,-0.9938220199188424,5.4,-17.96,-38.7,PNORTE_RO_143
ARC,PNORTE,RO,2008,TURF,48.201438848920866,-0.3331308228781938,-0.9938220199188424,5.4,-17.96,-38.7,PNORTE_RO_144
ARC,PNORTE,RO,2008,TURF,54.26621160409556,-0.3331308228781938,-0.9938220199188424,5.4,-17.96,-38.7,PNORTE_RO_145
ARC,PNORTE,RO,2008,TURF,51.798561151079134,-0.3331308228781938,-0.9938220199188424,5.4,-17.96,-38.7,PNORTE_RO_146
ARC,PNORTE,RO,2008,TURF,45.36082474226804,-0.3331308228781938,-0.9938220199188424,5.4,-17.96,-38.7,PNORTE_RO_147
ARC,PNORTE,RO,2008,TURF,37.11340206185567,-0.3331308228781938,-0.9938220199188424,5.4,-17.96,-38.7,PNORTE_RO_148
ARC,PNORTE,RO,2008,TURF,21.897810218978105,-0.3331308228781938,-0.9938220199188424,5.4,-17.96,-38.7,PNORTE_RO_149
ARC,SIRIBA,RO,2006,CCA,3.103448275862069,-0.4223607621806762,-1.049677869837304,3.1,-17.97,-38.71,SIRIBA_RO_0
ARC,SIRIBA,RO,2006,CCA,2.422145328719723,-0.4223607621806762,-1.049677869837304,3.1,-17.97,-38.71,SIRIBA_RO_1
ARC,SIRIBA,RO,2006,CCA,5.208333333333334,-0.4223607621806762,-1.049677869837304,3.1,-17.97,-38.71,SIRIBA_RO_2
ARC,SIRIBA,RO,2006,CCA,9.931506849315069,-0.4223607621806762,-1.049677869837304,3.1,-17.97,-38.71,SIRIBA_RO_3
ARC,SIRIBA,RO,2006,CCA,7.876712328767123,-0.4223607621806762,-1.049677869837304,3.1,-17.97,-38.71,SIRIBA_RO_4
ARC,SIRIBA,RO,2006,CCA,2.413793103448276,-0.4223607621806762,-1.049677869837304,3.1,-17.97,-38.71,SIRIBA_RO_5
ARC,SIRIBA,RO,2006,CCA,4.240282685512367,-0.4223607621806762,-1.049677869837304,3.1,-17.97,-38.71,SIRIBA_RO_6
ARC,SIRIBA,RO,2006,CCA,3.7800687285223367,-0.4223607621806762,-1.049677869837304,3.1,-17.97,-38.71,SIRIBA_RO_7
ARC,SIRIBA,RO,2006,CCA,10.622710622710622,-0.4223607621806762,-1.049677869837304,3.1,-17.97,-38.71,SIRIBA_RO_8
ARC,SIRIBA,RO,2006,CCA,4.1522491349480966,-0.4223607621806762,-1.049677869837304,3.1,-17.97,-38.71,SIRIBA_RO_9
ARC,SIRIBA,RO,2006,CYANO,0.0,-0.4223607621806762,-1.049677869837304,3.1,-17.97,-38.71,SIRIBA_RO_10
ARC,SIRIBA,RO,2006,CYANO,0.0,-0.4223607621806762,-1.049677869837304,3.1,-17.97,-38.71,SIRIBA_RO_11
ARC,SIRIBA,RO,2006,CYANO,0.0,-0.4223607621806762,-1.049677869837304,3.1,-17.97,-38.71,SIRIBA_RO_12
ARC,SIRIBA,RO,2006,CYANO,0.0,-0.4223607621806762,-1.049677869837304,3.1,-17.97,-38.71,SIRIBA_RO_13
ARC,SIRIBA,RO,2006,CYANO,0.3424657534246575,-0.4223607621806762,-1.049677869837304,3.1,-17.97,-38.71,SIRIBA_RO_14
ARC,SIRIBA,RO,2006,CYANO,0.0,-0.4223607621806762,-1.049677869837304,3.1,-17.97,-38.71,SIRIBA_RO_15
ARC,SIRIBA,RO,2006,CYANO,0.0,-0.4223607621806762,-1.049677869837304,3.1,-17.97,-38.71,SIRIBA_RO_16
ARC,SIRIBA,RO,2006,CYANO,0.0,-0.4223607621806762,-1.049677869837304,3.1,-17.97,-38.71,SIRIBA_RO_17
ARC,SIRIBA,RO,2006,CYANO,0.0,-0.4223607621806762,-1.049677869837304,3.1,-17.97,-38.71,SIRIBA_RO_18
ARC,SIRIBA,RO,2006,CYANO,0.0,-0.4223607621806762,-1.049677869837304,3.1,-17.97,-38.71,SIRIBA_RO_19
ARC,SIRIBA,RO,2006,MACROALGAE,28.620689655172416,-0.4223607621806762,-1.049677869837304,3.1,-17.97,-38.71,SIRIBA_RO_20
ARC,SIRIBA,RO,2006,MACROALGAE,13.494809688581316,-0.4223607621806762,-1.049677869837304,3.1,-17.97,-38.71,SIRIBA_RO_21
ARC,SIRIBA,RO,2006,MACROALGAE,6.944444444444445,-0.4223607621806762,-1.049677869837304,3.1,-17.97,-38.71,SIRIBA_RO_22
ARC,SIRIBA,RO,2006,MACROALGAE,18.835616438356166,-0.4223607621806762,-1.049677869837304,3.1,-17.97,-38.71,SIRIBA_RO_23
ARC,SIRIBA,RO,2006,MACROALGAE,22.26027397260274,-0.4223607621806762,-1.049677869837304,3.1,-17.97,-38.71,SIRIBA_RO_24
ARC,SIRIBA,RO,2006,MACROALGAE,19.310344827586206,-0.4223607621806762,-1.049677869837304,3.1,-17.97,-38.71,SIRIBA_RO_25
ARC,SIRIBA,RO,2006,MACROALGAE,1.76678445229682,-0.4223607621806762,-1.049677869837304,3.1,-17.97,-38.71,SIRIBA_RO_26
ARC,SIRIBA,RO,2006,MACROALGAE,5.154639175257731,-0.4223607621806762,-1.049677869837304,3.1,-17.97,-38.71,SIRIBA_RO_27
ARC,SIRIBA,RO,2006,MACROALGAE,2.564102564102564,-0.4223607621806762,-1.049677869837304,3.1,-17.97,-38.71,SIRIBA_RO_28
ARC,SIRIBA,RO,2006,MACROALGAE,2.422145328719723,-0.4223607621806762,-1.049677869837304,3.1,-17.97,-38.71,SIRIBA_RO_29
ARC,SIRIBA,RO,2006,MUSSISMILIA_HISPIDA,0.6896551724137931,-0.4223607621806762,-1.049677869837304,3.1,-17.97,-38.71,SIRIBA_RO_30
ARC,SIRIBA,RO,2006,MUSSISMILIA_HISPIDA,0.34602076124567477,-0.4223607621806762,-1.049677869837304,3.1,-17.97,-38.71,SIRIBA_RO_31
ARC,SIRIBA,RO,2006,MUSSISMILIA_HISPIDA,0.0,-0.4223607621806762,-1.049677869837304,3.1,-17.97,-38.71,SIRIBA_RO_32
ARC,SIRIBA,RO,2006,MUSSISMILIA_HISPIDA,0.0,-0.4223607621806762,-1.049677869837304,3.1,-17.97,-38.71,SIRIBA_RO_33
ARC,SIRIBA,RO,2006,MUSSISMILIA_HISPIDA,0.0,-0.4223607621806762,-1.049677869837304,3.1,-17.97,-38.71,SIRIBA_RO_34
ARC,SIRIBA,RO,2006,MUSSISMILIA_HISPIDA,0.3448275862068966,-0.4223607621806762,-1.049677869837304,3.1,-17.97,-38.71,SIRIBA_RO_35
ARC,SIRIBA,RO,2006,MUSSISMILIA_HISPIDA,0.0,-0.4223607621806762,-1.049677869837304,3.1,-17.97,-38.71,SIRIBA_RO_36
ARC,SIRIBA,RO,2006,MUSSISMILIA_HISPIDA,0.0,-0.4223607621806762,-1.049677869837304,3.1,-17.97,-38.71,SIRIBA_RO_37
ARC,SIRIBA,RO,2006,MUSSISMILIA_HISPIDA,0.0,-0.4223607621806762,-1.049677869837304,3.1,-17.97,-38.71,SIRIBA_RO_38
ARC,SIRIBA,RO,2006,MUSSISMILIA_HISPIDA,0.0,-0.4223607621806762,-1.049677869837304,3.1,-17.97,-38.71,SIRIBA_RO_39
ARC,SIRIBA,RO,2006,TURF,50.0,-0.4223607621806762,-1.049677869837304,3.1,-17.97,-38.71,SIRIBA_RO_40
ARC,SIRIBA,RO,2006,TURF,62.9757785467128,-0.4223607621806762,-1.049677869837304,3.1,-17.97,-38.71,SIRIBA_RO_41
ARC,SIRIBA,RO,2006,TURF,52.083333333333336,-0.4223607621806762,-1.049677869837304,3.1,-17.97,-38.71,SIRIBA_RO_42
ARC,SIRIBA,RO,2006,TURF,35.95890410958904,-0.4223607621806762,-1.049677869837304,3.1,-17.97,-38.71,SIRIBA_RO_43
ARC,SIRIBA,RO,2006,TURF,48.28767123287672,-0.4223607621806762,-1.049677869837304,3.1,-17.97,-38.71,SIRIBA_RO_44
ARC,SIRIBA,RO,2006,TURF,42.758620689655174,-0.4223607621806762,-1.049677869837304,3.1,-17.97,-38.71,SIRIBA_RO_45
ARC,SIRIBA,RO,2006,TURF,73.14487632508833,-0.4223607621806762,-1.049677869837304,3.1,-17.97,-38.71,SIRIBA_RO_46
ARC,SIRIBA,RO,2006,TURF,74.5704467353952,-0.4223607621806762,-1.049677869837304,3.1,-17.97,-38.71,SIRIBA_RO_47
ARC,SIRIBA,RO,2006,TURF,61.904761904761905,-0.4223607621806762,-1.049677869837304,3.1,-17.97,-38.71,SIRIBA_RO_48
ARC,SIRIBA,RO,2006,TURF,53.63321799307958,-0.4223607621806762,-1.049677869837304,3.1,-17.97,-38.71,SIRIBA_RO_49
ARC,SIRIBA,RO,2007,CCA,7.291666666666667,-0.4223607621806762,-1.049677869837304,3.1,-17.97,-38.71,SIRIBA_RO_50
ARC,SIRIBA,RO,2007,CCA,2.430555555555556,-0.4223607621806762,-1.049677869837304,3.1,-17.97,-38.71,SIRIBA_RO_51
ARC,SIRIBA,RO,2007,CCA,5.319148936170213,-0.4223607621806762,-1.049677869837304,3.1,-17.97,-38.71,SIRIBA_RO_52
ARC,SIRIBA,RO,2007,CCA,6.968641114982578,-0.4223607621806762,-1.049677869837304,3.1,-17.97,-38.71,SIRIBA_RO_53
ARC,SIRIBA,RO,2007,CCA,11.683848797250858,-0.4223607621806762,-1.049677869837304,3.1,-17.97,-38.71,SIRIBA_RO_54
ARC,SIRIBA,RO,2007,CCA,6.397306397306397,-0.4223607621806762,-1.049677869837304,3.1,-17.97,-38.71,SIRIBA_RO_55
ARC,SIRIBA,RO,2007,CCA,3.767123287671233,-0.4223607621806762,-1.049677869837304,3.1,-17.97,-38.71,SIRIBA_RO_56
ARC,SIRIBA,RO,2007,CCA,8.904109589041095,-0.4223607621806762,-1.049677869837304,3.1,-17.97,-38.71,SIRIBA_RO_57
ARC,SIRIBA,RO,2007,CCA,5.902777777777778,-0.4223607621806762,-1.049677869837304,3.1,-17.97,-38.71,SIRIBA_RO_58
ARC,SIRIBA,RO,2007,CCA,13.26530612244898,-0.4223607621806762,-1.049677869837304,3.1,-17.97,-38.71,SIRIBA_RO_59
ARC,SIRIBA,RO,2007,CYANO,0.0,-0.4223607621806762,-1.049677869837304,3.1,-17.97,-38.71,SIRIBA_RO_60
ARC,SIRIBA,RO,2007,CYANO,0.0,-0.4223607621806762,-1.049677869837304,3.1,-17.97,-38.71,SIRIBA_RO_61
ARC,SIRIBA,RO,2007,CYANO,0.0,-0.4223607621806762,-1.049677869837304,3.1,-17.97,-38.71,SIRIBA_RO_62
ARC,SIRIBA,RO,2007,CYANO,0.0,-0.4223607621806762,-1.049677869837304,3.1,-17.97,-38.71,SIRIBA_RO_63
ARC,SIRIBA,RO,2007,CYANO,0.0,-0.4223607621806762,-1.049677869837304,3.1,-17.97,-38.71,SIRIBA_RO_64
ARC,SIRIBA,RO,2007,CYANO,0.0,-0.4223607621806762,-1.049677869837304,3.1,-17.97,-38.71,SIRIBA_RO_65
ARC,SIRIBA,RO,2007,CYANO,0.0,-0.4223607621806762,-1.049677869837304,3.1,-17.97,-38.71,SIRIBA_RO_66
ARC,SIRIBA,RO,2007,CYANO,0.0,-0.4223607621806762,-1.049677869837304,3.1,-17.97,-38.71,SIRIBA_RO_67
ARC,SIRIBA,RO,2007,CYANO,0.0,-0.4223607621806762,-1.049677869837304,3.1,-17.97,-38.71,SIRIBA_RO_68
ARC,SIRIBA,RO,2007,CYANO,0.0,-0.4223607621806762,-1.049677869837304,3.1,-17.97,-38.71,SIRIBA_RO_69
ARC,SIRIBA,RO,2007,MACROALGAE,28.125,-0.4223607621806762,-1.049677869837304,3.1,-17.97,-38.71,SIRIBA_RO_70
ARC,SIRIBA,RO,2007,MACROALGAE,8.333333333333332,-0.4223607621806762,-1.049677869837304,3.1,-17.97,-38.71,SIRIBA_RO_71
ARC,SIRIBA,RO,2007,MACROALGAE,1.773049645390071,-0.4223607621806762,-1.049677869837304,3.1,-17.97,-38.71,SIRIBA_RO_72
ARC,SIRIBA,RO,2007,MACROALGAE,15.6794425087108,-0.4223607621806762,-1.049677869837304,3.1,-17.97,-38.71,SIRIBA_RO_73
ARC,SIRIBA,RO,2007,MACROALGAE,24.742268041237114,-0.4223607621806762,-1.049677869837304,3.1,-17.97,-38.71,SIRIBA_RO_74
ARC,SIRIBA,RO,2007,MACROALGAE,18.855218855218855,-0.4223607621806762,-1.049677869837304,3.1,-17.97,-38.71,SIRIBA_RO_75
ARC,SIRIBA,RO,2007,MACROALGAE,1.0273972602739725,-0.4223607621806762,-1.049677869837304,3.1,-17.97,-38.71,SIRIBA_RO_76
ARC,SIRIBA,RO,2007,MACROALGAE,20.54794520547945,-0.4223607621806762,-1.049677869837304,3.1,-17.97,-38.71,SIRIBA_RO_77
ARC,SIRIBA,RO,2007,MACROALGAE,7.638888888888889,-0.4223607621806762,-1.049677869837304,3.1,-17.97,-38.71,SIRIBA_RO_78
ARC,SIRIBA,RO,2007,MACROALGAE,2.380952380952381,-0.4223607621806762,-1.049677869837304,3.1,-17.97,-38.71,SIRIBA_RO_79
ARC,SIRIBA,RO,2007,MUSSISMILIA_HISPIDA,0.3472222222222222,-0.4223607621806762,-1.049677869837304,3.1,-17.97,-38.71,SIRIBA_RO_80
ARC,SIRIBA,RO,2007,MUSSISMILIA_HISPIDA,0.6944444444444444,-0.4223607621806762,-1.049677869837304,3.1,-17.97,-38.71,SIRIBA_RO_81
ARC,SIRIBA,RO,2007,MUSSISMILIA_HISPIDA,0.0,-0.4223607621806762,-1.049677869837304,3.1,-17.97,-38.71,SIRIBA_RO_82
ARC,SIRIBA,RO,2007,MUSSISMILIA_HISPIDA,0.0,-0.4223607621806762,-1.049677869837304,3.1,-17.97,-38.71,SIRIBA_RO_83
ARC,SIRIBA,RO,2007,MUSSISMILIA_HISPIDA,0.0,-0.4223607621806762,-1.049677869837304,3.1,-17.97,-38.71,SIRIBA_RO_84
ARC,SIRIBA,RO,2007,MUSSISMILIA_HISPIDA,0.0,-0.4223607621806762,-1.049677869837304,3.1,-17.97,-38.71,SIRIBA_RO_85
ARC,SIRIBA,RO,2007,MUSSISMILIA_HISPIDA,0.0,-0.4223607621806762,-1.049677869837304,3.1,-17.97,-38.71,SIRIBA_RO_86
ARC,SIRIBA,RO,2007,MUSSISMILIA_HISPIDA,1.36986301369863,-0.4223607621806762,-1.049677869837304,3.1,-17.97,-38.71,SIRIBA_RO_87
ARC,SIRIBA,RO,2007,MUSSISMILIA_HISPIDA,0.0,-0.4223607621806762,-1.049677869837304,3.1,-17.97,-38.71,SIRIBA_RO_88
ARC,SIRIBA,RO,2007,MUSSISMILIA_HISPIDA,0.0,-0.4223607621806762,-1.049677869837304,3.1,-17.97,-38.71,SIRIBA_RO_89
ARC,SIRIBA,RO,2007,TURF,52.43055555555556,-0.4223607621806762,-1.049677869837304,3.1,-17.97,-38.71,SIRIBA_RO_90
ARC,SIRIBA,RO,2007,TURF,69.79166666666666,-0.4223607621806762,-1.049677869837304,3.1,-17.97,-38.71,SIRIBA_RO_91
ARC,SIRIBA,RO,2007,TURF,86.87943262411348,-0.4223607621806762,-1.049677869837304,3.1,-17.97,-38.71,SIRIBA_RO_92
ARC,SIRIBA,RO,2007,TURF,53.65853658536586,-0.4223607621806762,-1.049677869837304,3.1,-17.97,-38.71,SIRIBA_RO_93
ARC,SIRIBA,RO,2007,TURF,49.48453608247423,-0.4223607621806762,-1.049677869837304,3.1,-17.97,-38.71,SIRIBA_RO_94
ARC,SIRIBA,RO,2007,TURF,54.20875420875421,-0.4223607621806762,-1.049677869837304,3.1,-17.97,-38.71,SIRIBA_RO_95
ARC,SIRIBA,RO,2007,TURF,82.53424657534246,-0.4223607621806762,-1.049677869837304,3.1,-17.97,-38.71,SIRIBA_RO_96
ARC,SIRIBA,RO,2007,TURF,43.83561643835616,-0.4223607621806762,-1.049677869837304,3.1,-17.97,-38.71,SIRIBA_RO_97
ARC,SIRIBA,RO,2007,TURF,42.36111111111111,-0.4223607621806762,-1.049677869837304,3.1,-17.97,-38.71,SIRIBA_RO_98
ARC,SIRIBA,RO,2007,TURF,61.904761904761905,-0.4223607621806762,-1.049677869837304,3.1,-17.97,-38.71,SIRIBA_RO_99
ARC,SIRIBA,RO,2008,CCA,9.310344827586208,-0.4223607621806762,-1.049677869837304,3.1,-17.97,-38.71,SIRIBA_RO_100
ARC,SIRIBA,RO,2008,CCA,5.1020408163265305,-0.4223607621806762,-1.049677869837304,3.1,-17.97,-38.71,SIRIBA_RO_101
ARC,SIRIBA,RO,2008,CCA,7.986111111111111,-0.4223607621806762,-1.049677869837304,3.1,-17.97,-38.71,SIRIBA_RO_102
ARC,SIRIBA,RO,2008,CCA,13.523131672597867,-0.4223607621806762,-1.049677869837304,3.1,-17.97,-38.71,SIRIBA_RO_103
ARC,SIRIBA,RO,2008,CCA,11.888111888111888,-0.4223607621806762,-1.049677869837304,3.1,-17.97,-38.71,SIRIBA_RO_104
ARC,SIRIBA,RO,2008,CCA,5.633802816901409,-0.4223607621806762,-1.049677869837304,3.1,-17.97,-38.71,SIRIBA_RO_105
ARC,SIRIBA,RO,2008,CCA,4.861111111111112,-0.4223607621806762,-1.049677869837304,3.1,-17.97,-38.71,SIRIBA_RO_106
ARC,SIRIBA,RO,2008,CCA,13.780918727915195,-0.4223607621806762,-1.049677869837304,3.1,-17.97,-38.71,SIRIBA_RO_107
ARC,SIRIBA,RO,2008,CCA,9.124087591240876,-0.4223607621806762,-1.049677869837304,3.1,-17.97,-38.71,SIRIBA_RO_108
ARC,SIRIBA,RO,2008,CCA,11.418685121107266,-0.4223607621806762,-1.049677869837304,3.1,-17.97,-38.71,SIRIBA_RO_109
ARC,SIRIBA,RO,2008,CYANO,1.0344827586206897,-0.4223607621806762,-1.049677869837304,3.1,-17.97,-38.71,SIRIBA_RO_110
ARC,SIRIBA,RO,2008,CYANO,0.0,-0.4223607621806762,-1.049677869837304,3.1,-17.97,-38.71,SIRIBA_RO_111
ARC,SIRIBA,RO,2008,CYANO,0.0,-0.4223607621806762,-1.049677869837304,3.1,-17.97,-38.71,SIRIBA_RO_112
ARC,SIRIBA,RO,2008,CYANO,0.0,-0.4223607621806762,-1.049677869837304,3.1,-17.97,-38.71,SIRIBA_RO_113
ARC,SIRIBA,RO,2008,CYANO,0.0,-0.4223607621806762,-1.049677869837304,3.1,-17.97,-38.71,SIRIBA_RO_114
ARC,SIRIBA,RO,2008,CYANO,0.35211267605633806,-0.4223607621806762,-1.049677869837304,3.1,-17.97,-38.71,SIRIBA_RO_115
ARC,SIRIBA,RO,2008,CYANO,0.0,-0.4223607621806762,-1.049677869837304,3.1,-17.97,-38.71,SIRIBA_RO_116
ARC,SIRIBA,RO,2008,CYANO,0.0,-0.4223607621806762,-1.049677869837304,3.1,-17.97,-38.71,SIRIBA_RO_117
ARC,SIRIBA,RO,2008,CYANO,0.0,-0.4223607621806762,-1.049677869837304,3.1,-17.97,-38.71,SIRIBA_RO_118
ARC,SIRIBA,RO,2008,CYANO,0.0,-0.4223607621806762,-1.049677869837304,3.1,-17.97,-38.71,SIRIBA_RO_119
ARC,SIRIBA,RO,2008,MACROALGAE,47.93103448275862,-0.4223607621806762,-1.049677869837304,3.1,-17.97,-38.71,SIRIBA_RO_120
ARC,SIRIBA,RO,2008,MACROALGAE,6.802721088435375,-0.4223607621806762,-1.049677869837304,3.1,-17.97,-38.71,SIRIBA_RO_121
ARC,SIRIBA,RO,2008,MACROALGAE,25.34722222222222,-0.4223607621806762,-1.049677869837304,3.1,-17.97,-38.71,SIRIBA_RO_122
ARC,SIRIBA,RO,2008,MACROALGAE,5.6939501779359425,-0.4223607621806762,-1.049677869837304,3.1,-17.97,-38.71,SIRIBA_RO_123
ARC,SIRIBA,RO,2008,MACROALGAE,10.13986013986014,-0.4223607621806762,-1.049677869837304,3.1,-17.97,-38.71,SIRIBA_RO_124
ARC,SIRIBA,RO,2008,MACROALGAE,0.35211267605633806,-0.4223607621806762,-1.049677869837304,3.1,-17.97,-38.71,SIRIBA_RO_125
ARC,SIRIBA,RO,2008,MACROALGAE,4.513888888888888,-0.4223607621806762,-1.049677869837304,3.1,-17.97,-38.71,SIRIBA_RO_126
ARC,SIRIBA,RO,2008,MACROALGAE,2.8268551236749118,-0.4223607621806762,-1.049677869837304,3.1,-17.97,-38.71,SIRIBA_RO_127
ARC,SIRIBA,RO,2008,MACROALGAE,5.109489051094891,-0.4223607621806762,-1.049677869837304,3.1,-17.97,-38.71,SIRIBA_RO_128
ARC,SIRIBA,RO,2008,MACROALGAE,0.34602076124567477,-0.4223607621806762,-1.049677869837304,3.1,-17.97,-38.71,SIRIBA_RO_129
ARC,SIRIBA,RO,2008,MUSSISMILIA_HISPIDA,0.6896551724137931,-0.4223607621806762,-1.049677869837304,3.1,-17.97,-38.71,SIRIBA_RO_130
ARC,SIRIBA,RO,2008,MUSSISMILIA_HISPIDA,0.6802721088435374,-0.4223607621806762,-1.049677869837304,3.1,-17.97,-38.71,SIRIBA_RO_131
ARC,SIRIBA,RO,2008,MUSSISMILIA_HISPIDA,0.3472222222222222,-0.4223607621806762,-1.049677869837304,3.1,-17.97,-38.71,SIRIBA_RO_132
ARC,SIRIBA,RO,2008,MUSSISMILIA_HISPIDA,0.0,-0.4223607621806762,-1.049677869837304,3.1,-17.97,-38.71,SIRIBA_RO_133
ARC,SIRIBA,RO,2008,MUSSISMILIA_HISPIDA,0.0,-0.4223607621806762,-1.049677869837304,3.1,-17.97,-38.71,SIRIBA_RO_134
ARC,SIRIBA,RO,2008,MUSSISMILIA_HISPIDA,0.0,-0.4223607621806762,-1.049677869837304,3.1,-17.97,-38.71,SIRIBA_RO_135
ARC,SIRIBA,RO,2008,MUSSISMILIA_HISPIDA,0.0,-0.4223607621806762,-1.049677869837304,3.1,-17.97,-38.71,SIRIBA_RO_136
ARC,SIRIBA,RO,2008,MUSSISMILIA_HISPIDA,0.35335689045936397,-0.4223607621806762,-1.049677869837304,3.1,-17.97,-38.71,SIRIBA_RO_137
ARC,SIRIBA,RO,2008,MUSSISMILIA_HISPIDA,0.0,-0.4223607621806762,-1.049677869837304,3.1,-17.97,-38.71,SIRIBA_RO_138
ARC,SIRIBA,RO,2008,MUSSISMILIA_HISPIDA,0.0,-0.4223607621806762,-1.049677869837304,3.1,-17.97,-38.71,SIRIBA_RO_139
ARC,SIRIBA,RO,2008,TURF,36.55172413793103,-0.4223607621806762,-1.049677869837304,3.1,-17.97,-38.71,SIRIBA_RO_140
ARC,SIRIBA,RO,2008,TURF,77.21088435374149,-0.4223607621806762,-1.049677869837304,3.1,-17.97,-38.71,SIRIBA_RO_141
ARC,SIRIBA,RO,2008,TURF,51.388888888888886,-0.4223607621806762,-1.049677869837304,3.1,-17.97,-38.71,SIRIBA_RO_142
ARC,SIRIBA,RO,2008,TURF,71.17437722419929,-0.4223607621806762,-1.049677869837304,3.1,-17.97,-38.71,SIRIBA_RO_143
ARC,SIRIBA,RO,2008,TURF,69.23076923076923,-0.4223607621806762,-1.049677869837304,3.1,-17.97,-38.71,SIRIBA_RO_144
ARC,SIRIBA,RO,2008,TURF,85.56338028169014,-0.4223607621806762,-1.049677869837304,3.1,-17.97,-38.71,SIRIBA_RO_145
ARC,SIRIBA,RO,2008,TURF,78.47222222222221,-0.4223607621806762,-1.049677869837304,3.1,-17.97,-38.71,SIRIBA_RO_146
ARC,SIRIBA,RO,2008,TURF,49.46996466431096,-0.4223607621806762,-1.049677869837304,3.1,-17.97,-38.71,SIRIBA_RO_147
ARC,SIRIBA,RO,2008,TURF,55.47445255474452,-0.4223607621806762,-1.049677869837304,3.1,-17.97,-38.71,SIRIBA_RO_148
ARC,SIRIBA,RO,2008,TURF,65.05190311418684,-0.4223607621806762,-1.049677869837304,3.1,-17.97,-38.71,SIRIBA_RO_149
ITA,AMP1,PA,2006,CCA,0.33333333333333337,,,1.7,-16.91,-39.06,AMP1_PA_0
ITA,AMP1,PA,2006,CCA,0.0,,,1.7,-16.91,-39.06,AMP1_PA_1
ITA,AMP1,PA,2006,CCA,1.006711409395973,,,1.7,-16.91,-39.06,AMP1_PA_2
ITA,AMP1,PA,2006,CCA,2.8368794326241136,,,1.7,-16.91,-39.06,AMP1_PA_3
ITA,AMP1,PA,2006,CCA,1.3333333333333335,,,1.7,-16.91,-39.06,AMP1_PA_4
ITA,AMP1,PA,2006,CCA,1.2195121951219512,,,1.7,-16.91,-39.06,AMP1_PA_5
ITA,AMP1,PA,2006,CCA,1.3377926421404682,,,1.7,-16.91,-39.06,AMP1_PA_6
ITA,AMP1,PA,2006,CCA,0.0,,,1.7,-16.91,-39.06,AMP1_PA_7
ITA,AMP1,PA,2006,CCA,1.4336917562724014,,,1.7,-16.91,-39.06,AMP1_PA_8
ITA,AMP1,PA,2006,CCA,0.0,,,1.7,-16.91,-39.06,AMP1_PA_9
ITA,AMP1,PA,2006,CYANO,0.0,,,1.7,-16.91,-39.06,AMP1_PA_10
ITA,AMP1,PA,2006,CYANO,14.76510067114094,,,1.7,-16.91,-39.06,AMP1_PA_11
ITA,AMP1,PA,2006,CYANO,5.033557046979865,,,1.7,-16.91,-39.06,AMP1_PA_12
ITA,AMP1,PA,2006,CYANO,0.0,,,1.7,-16.91,-39.06,AMP1_PA_13
ITA,AMP1,PA,2006,CYANO,0.0,,,1.7,-16.91,-39.06,AMP1_PA_14
ITA,AMP1,PA,2006,CYANO,3.6585365853658534,,,1.7,-16.91,-39.06,AMP1_PA_15
ITA,AMP1,PA,2006,CYANO,10.367892976588628,,,1.7,-16.91,-39.06,AMP1_PA_16
ITA,AMP1,PA,2006,CYANO,1.0,,,1.7,-16.91,-39.06,AMP1_PA_17
ITA,AMP1,PA,2006,CYANO,0.0,,,1.7,-16.91,-39.06,AMP1_PA_18
ITA,AMP1,PA,2006,CYANO,0.0,,,1.7,-16.91,-39.06,AMP1_PA_19
ITA,AMP1,PA,2006,MACROALGAE,0.0,,,1.7,-16.91,-39.06,AMP1_PA_20
ITA,AMP1,PA,2006,MACROALGAE,0.0,,,1.7,-16.91,-39.06,AMP1_PA_21
ITA,AMP1,PA,2006,MACROALGAE,0.0,,,1.7,-16.91,-39.06,AMP1_PA_22
ITA,AMP1,PA,2006,MACROALGAE,0.0,,,1.7,-16.91,-39.06,AMP1_PA_23
ITA,AMP1,PA,2006,MACROALGAE,0.0,,,1.7,-16.91,-39.06,AMP1_PA_24
ITA,AMP1,PA,2006,MACROALGAE,0.0,,,1.7,-16.91,-39.06,AMP1_PA_25
ITA,AMP1,PA,2006,MACROALGAE,0.0,,,1.7,-16.91,-39.06,AMP1_PA_26
ITA,AMP1,PA,2006,MACROALGAE,0.0,,,1.7,-16.91,-39.06,AMP1_PA_27
ITA,AMP1,PA,2006,MACROALGAE,1.0752688172043012,,,1.7,-16.91,-39.06,AMP1_PA_28
ITA,AMP1,PA,2006,MACROALGAE,0.0,,,1.7,-16.91,-39.06,AMP1_PA_29
ITA,AMP1,PA,2006,MUSSISMILIA_HISPIDA,0.0,,,1.7,-16.91,-39.06,AMP1_PA_30
ITA,AMP1,PA,2006,MUSSISMILIA_HISPIDA,0.0,,,1.7,-16.91,-39.06,AMP1_PA_31
ITA,AMP1,PA,2006,MUSSISMILIA_HISPIDA,0.0,,,1.7,-16.91,-39.06,AMP1_PA_32
ITA,AMP1,PA,2006,MUSSISMILIA_HISPIDA,0.0,,,1.7,-16.91,-39.06,AMP1_PA_33
ITA,AMP1,PA,2006,MUSSISMILIA_HISPIDA,0.0,,,1.7,-16.91,-39.06,AMP1_PA_34
ITA,AMP1,PA,2006,MUSSISMILIA_HISPIDA,0.0,,,1.7,-16.91,-39.06,AMP1_PA_35
ITA,AMP1,PA,2006,MUSSISMILIA_HISPIDA,0.0,,,1.7,-16.91,-39.06,AMP1_PA_36
ITA,AMP1,PA,2006,MUSSISMILIA_HISPIDA,0.0,,,1.7,-16.91,-39.06,AMP1_PA_37
ITA,AMP1,PA,2006,MUSSISMILIA_HISPIDA,0.0,,,1.7,-16.91,-39.06,AMP1_PA_38
ITA,AMP1,PA,2006,MUSSISMILIA_HISPIDA,0.0,,,1.7,-16.91,-39.06,AMP1_PA_39
ITA,AMP1,PA,2006,TURF,80.0,,,1.7,-16.91,-39.06,AMP1_PA_40
ITA,AMP1,PA,2006,TURF,64.42953020134227,,,1.7,-16.91,-39.06,AMP1_PA_41
ITA,AMP1,PA,2006,TURF,42.28187919463087,,,1.7,-16.91,-39.06,AMP1_PA_42
ITA,AMP1,PA,2006,TURF,48.93617021276596,,,1.7,-16.91,-39.06,AMP1_PA_43
ITA,AMP1,PA,2006,TURF,82.66666666666667,,,1.7,-16.91,-39.06,AMP1_PA_44
ITA,AMP1,PA,2006,TURF,86.17886178861788,,,1.7,-16.91,-39.06,AMP1_PA_45
ITA,AMP1,PA,2006,TURF,62.207357859531776,,,1.7,-16.91,-39.06,AMP1_PA_46
ITA,AMP1,PA,2006,TURF,47.333333333333336,,,1.7,-16.91,-39.06,AMP1_PA_47
ITA,AMP1,PA,2006,TURF,68.10035842293907,,,1.7,-16.91,-39.06,AMP1_PA_48
ITA,AMP1,PA,2006,TURF,55.39568345323741,,,1.7,-16.91,-39.06,AMP1_PA_49
ITA,AMP1,PA,2007,CCA,13.18181818181818,,,1.7,-16.91,-39.06,AMP1_PA_50
ITA,AMP1,PA,2007,CCA,0.33670033670033667,,,1.7,-16.91,-39.06,AMP1_PA_51
ITA,AMP1,PA,2007,CCA,4.905660377358491,,,1.7,-16.91,-39.06,AMP1_PA_52
ITA,AMP1,PA,2007,CCA,4.895104895104895,,,1.7,-16.91,-39.06,AMP1_PA_53
ITA,AMP1,PA,2007,CCA,5.434782608695652,,,1.7,-16.91,-39.06,AMP1_PA_54
ITA,AMP1,PA,2007,CCA,4.10958904109589,,,1.7,-16.91,-39.06,AMP1_PA_55
ITA,AMP1,PA,2007,CCA,1.2048192771084338,,,1.7,-16.91,-39.06,AMP1_PA_56
ITA,AMP1,PA,2007,CCA,6.185567010309279,,,1.7,-16.91,-39.06,AMP1_PA_57
ITA,AMP1,PA,2007,CCA,6.521739130434782,,,1.7,-16.91,-39.06,AMP1_PA_58
ITA,AMP1,PA,2007,CCA,3.4965034965034967,,,1.7,-16.91,-39.06,AMP1_PA_59
ITA,AMP1,PA,2007,CYANO,0.0,,,1.7,-16.91,-39.06,AMP1_PA_60
ITA,AMP1,PA,2007,CYANO,0.0,,,1.7,-16.91,-39.06,AMP1_PA_61
ITA,AMP1,PA,2007,CYANO,0.0,,,1.7,-16.91,-39.06,AMP1_PA_62
ITA,AMP1,PA,2007,CYANO,0.0,,,1.7,-16.91,-39.06,AMP1_PA_63
ITA,AMP1,PA,2007,CYANO,0.0,,,1.7,-16.91,-39.06,AMP1_PA_64
ITA,AMP1,PA,2007,CYANO,0.0,,,1.7,-16.91,-39.06,AMP1_PA_65
ITA,AMP1,PA,2007,CYANO,0.0,,,1.7,-16.91,-39.06,AMP1_PA_66
ITA,AMP1,PA,2007,CYANO,0.0,,,1.7,-16.91,-39.06,AMP1_PA_67
ITA,AMP1,PA,2007,CYANO,0.0,,,1.7,-16.91,-39.06,AMP1_PA_68
ITA,AMP1,PA,2007,CYANO,0.0,,,1.7,-16.91,-39.06,AMP1_PA_69
ITA,AMP1,PA,2007,MACROALGAE,0.0,,,1.7,-16.91,-39.06,AMP1_PA_70
ITA,AMP1,PA,2007,MACROALGAE,0.33670033670033667,,,1.7,-16.91,-39.06,AMP1_PA_71
ITA,AMP1,PA,2007,MACROALGAE,0.0,,,1.7,-16.91,-39.06,AMP1_PA_72
ITA,AMP1,PA,2007,MACROALGAE,0.0,,,1.7,-16.91,-39.06,AMP1_PA_73
ITA,AMP1,PA,2007,MACROALGAE,0.0,,,1.7,-16.91,-39.06,AMP1_PA_74
ITA,AMP1,PA,2007,MACROALGAE,0.0,,,1.7,-16.91,-39.06,AMP1_PA_75
ITA,AMP1,PA,2007,MACROALGAE,0.8032128514056224,,,1.7,-16.91,-39.06,AMP1_PA_76
ITA,AMP1,PA,2007,MACROALGAE,0.0,,,1.7,-16.91,-39.06,AMP1_PA_77
ITA,AMP1,PA,2007,MACROALGAE,0.36231884057971014,,,1.7,-16.91,-39.06,AMP1_PA_78
ITA,AMP1,PA,2007,MACROALGAE,0.0,,,1.7,-16.91,-39.06,AMP1_PA_79
ITA,AMP1,PA,2007,MUSSISMILIA_HISPIDA,0.0,,,1.7,-16.91,-39.06,AMP1_PA_80
ITA,AMP1,PA,2007,MUSSISMILIA_HISPIDA,0.0,,,1.7,-16.91,-39.06,AMP1_PA_81
ITA,AMP1,PA,2007,MUSSISMILIA_HISPIDA,0.0,,,1.7,-16.91,-39.06,AMP1_PA_82
ITA,AMP1,PA,2007,MUSSISMILIA_HISPIDA,0.0,,,1.7,-16.91,-39.06,AMP1_PA_83
ITA,AMP1,PA,2007,MUSSISMILIA_HISPIDA,0.0,,,1.7,-16.91,-39.06,AMP1_PA_84
ITA,AMP1,PA,2007,MUSSISMILIA_HISPIDA,0.0,,,1.7,-16.91,-39.06,AMP1_PA_85
ITA,AMP1,PA,2007,MUSSISMILIA_HISPIDA,0.0,,,1.7,-16.91,-39.06,AMP1_PA_86
ITA,AMP1,PA,2007,MUSSISMILIA_HISPIDA,0.0,,,1.7,-16.91,-39.06,AMP1_PA_87
ITA,AMP1,PA,2007,MUSSISMILIA_HISPIDA,0.0,,,1.7,-16.91,-39.06,AMP1_PA_88
ITA,AMP1,PA,2007,MUSSISMILIA_HISPIDA,0.0,,,1.7,-16.91,-39.06,AMP1_PA_89
ITA,AMP1,PA,2007,TURF,86.81818181818181,,,1.7,-16.91,-39.06,AMP1_PA_90
ITA,AMP1,PA,2007,TURF,98.65319865319864,,,1.7,-16.91,-39.06,AMP1_PA_91
ITA,AMP1,PA,2007,TURF,93.9622641509434,,,1.7,-16.91,-39.06,AMP1_PA_92
ITA,AMP1,PA,2007,TURF,93.7062937062937,,,1.7,-16.91,-39.06,AMP1_PA_93
ITA,AMP1,PA,2007,TURF,92.7536231884058,,,1.7,-16.91,-39.06,AMP1_PA_94
ITA,AMP1,PA,2007,TURF,93.4931506849315,,,1.7,-16.91,-39.06,AMP1_PA_95
ITA,AMP1,PA,2007,TURF,91.56626506024097,,,1.7,-16.91,-39.06,AMP1_PA_96
ITA,AMP1,PA,2007,TURF,83.50515463917526,,,1.7,-16.91,-39.06,AMP1_PA_97
ITA,AMP1,PA,2007,TURF,74.63768115942028,,,1.7,-16.91,-39.06,AMP1_PA_98
ITA,AMP1,PA,2007,TURF,77.97202797202797,,,1.7,-16.91,-39.06,AMP1_PA_99
ITA,AMP1,PA,2008,CCA,0.0,,,1.7,-16.91,-39.06,AMP1_PA_100
ITA,AMP1,PA,2008,CCA,3.4965034965034967,,,1.7,-16.91,-39.06,AMP1_PA_101
ITA,AMP1,PA,2008,CCA,1.4234875444839856,,,1.7,-16.91,-39.06,AMP1_PA_102
ITA,AMP1,PA,2008,CCA,1.3651877133105803,,,1.7,-16.91,-39.06,AMP1_PA_103
ITA,AMP1,PA,2008,CCA,0.6944444444444444,,,1.7,-16.91,-39.06,AMP1_PA_104
ITA,AMP1,PA,2008,CCA,0.0,,,1.7,-16.91,-39.06,AMP1_PA_105
ITA,AMP1,PA,2008,CCA,2.0905923344947737,,,1.7,-16.91,-39.06,AMP1_PA_106
ITA,AMP1,PA,2008,CCA,5.415162454873646,,,1.7,-16.91,-39.06,AMP1_PA_107
ITA,AMP1,PA,2008,CCA,7.473309608540925,,,1.7,-16.91,-39.06,AMP1_PA_108
ITA,AMP1,PA,2008,CCA,0.6920415224913495,,,1.7,-16.91,-39.06,AMP1_PA_109
ITA,AMP1,PA,2008,CYANO,0.0,,,1.7,-16.91,-39.06,AMP1_PA_110
ITA,AMP1,PA,2008,CYANO,0.0,,,1.7,-16.91,-39.06,AMP1_PA_111
ITA,AMP1,PA,2008,CYANO,0.0,,,1.7,-16.91,-39.06,AMP1_PA_112
ITA,AMP1,PA,2008,CYANO,0.0,,,1.7,-16.91,-39.06,AMP1_PA_113
ITA,AMP1,PA,2008,CYANO,0.0,,,1.7,-16.91,-39.06,AMP1_PA_114
ITA,AMP1,PA,2008,CYANO,0.0,,,1.7,-16.91,-39.06,AMP1_PA_115
ITA,AMP1,PA,2008,CYANO,0.0,,,1.7,-16.91,-39.06,AMP1_PA_116
ITA,AMP1,PA,2008,CYANO,0.0,,,1.7,-16.91,-39.06,AMP1_PA_117
ITA,AMP1,PA,2008,CYANO,0.0,,,1.7,-16.91,-39.06,AMP1_PA_118
ITA,AMP1,PA,2008,CYANO,0.34602076124567477,,,1.7,-16.91,-39.06,AMP1_PA_119
ITA,AMP1,PA,2008,MACROALGAE,0.0,,,1.7,-16.91,-39.06,AMP1_PA_120
ITA,AMP1,PA,2008,MACROALGAE,0.0,,,1.7,-16.91,-39.06,AMP1_PA_121
ITA,AMP1,PA,2008,MACROALGAE,0.0,,,1.7,-16.91,-39.06,AMP1_PA_122
ITA,AMP1,PA,2008,MACROALGAE,0.0,,,1.7,-16.91,-39.06,AMP1_PA_123
ITA,AMP1,PA,2008,MACROALGAE,0.0,,,1.7,-16.91,-39.06,AMP1_PA_124
ITA,AMP1,PA,2008,MACROALGAE,0.0,,,1.7,-16.91,-39.06,AMP1_PA_125
ITA,AMP1,PA,2008,MACROALGAE,0.0,,,1.7,-16.91,-39.06,AMP1_PA_126
ITA,AMP1,PA,2008,MACROALGAE,1.083032490974729,,,1.7,-16.91,-39.06,AMP1_PA_127
ITA,AMP1,PA,2008,MACROALGAE,0.0,,,1.7,-16.91,-39.06,AMP1_PA_128
ITA,AMP1,PA,2008,MACROALGAE,0.0,,,1.7,-16.91,-39.06,AMP1_PA_129
ITA,AMP1,PA,2008,MUSSISMILIA_HISPIDA,0.0,,,1.7,-16.91,-39.06,AMP1_PA_130
ITA,AMP1,PA,2008,MUSSISMILIA_HISPIDA,0.0,,,1.7,-16.91,-39.06,AMP1_PA_131
ITA,AMP1,PA,2008,MUSSISMILIA_HISPIDA,0.0,,,1.7,-16.91,-39.06,AMP1_PA_132
ITA,AMP1,PA,2008,MUSSISMILIA_HISPIDA,0.0,,,1.7,-16.91,-39.06,AMP1_PA_133
ITA,AMP1,PA,2008,MUSSISMILIA_HISPIDA,0.0,,,1.7,-16.91,-39.06,AMP1_PA_134
ITA,AMP1,PA,2008,MUSSISMILIA_HISPIDA,0.0,,,1.7,-16.91,-39.06,AMP1_PA_135
ITA,AMP1,PA,2008,MUSSISMILIA_HISPIDA,0.0,,,1.7,-16.91,-39.06,AMP1_PA_136
ITA,AMP1,PA,2008,MUSSISMILIA_HISPIDA,0.0,,,1.7,-16.91,-39.06,AMP1_PA_137
ITA,AMP1,PA,2008,MUSSISMILIA_HISPIDA,0.0,,,1.7,-16.91,-39.06,AMP1_PA_138
ITA,AMP1,PA,2008,MUSSISMILIA_HISPIDA,0.0,,,1.7,-16.91,-39.06,AMP1_PA_139
ITA,AMP1,PA,2008,TURF,100.0,,,1.7,-16.91,-39.06,AMP1_PA_140
ITA,AMP1,PA,2008,TURF,96.5034965034965,,,1.7,-16.91,-39.06,AMP1_PA_141
ITA,AMP1,PA,2008,TURF,97.86476868327402,,,1.7,-16.91,-39.06,AMP1_PA_142
ITA,AMP1,PA,2008,TURF,97.61092150170649,,,1.7,-16.91,-39.06,AMP1_PA_143
ITA,AMP1,PA,2008,TURF,98.26388888888889,,,1.7,-16.91,-39.06,AMP1_PA_144
ITA,AMP1,PA,2008,TURF,98.55072463768117,,,1.7,-16.91,-39.06,AMP1_PA_145
ITA,AMP1,PA,2008,TURF,93.03135888501743,,,1.7,-16.91,-39.06,AMP1_PA_146
ITA,AMP1,PA,2008,TURF,87.72563176895306,,,1.7,-16.91,-39.06,AMP1_PA_147
ITA,AMP1,PA,2008,TURF,83.27402135231317,,,1.7,-16.91,-39.06,AMP1_PA_148
ITA,AMP1,PA,2008,TURF,81.66089965397924,,,1.7,-16.91,-39.06,AMP1_PA_149
ITA,AMP1,TP,2006,CCA,0.0,,,1.7,-16.91,-39.06,AMP1_TP_0
ITA,AMP1,TP,2006,CCA,0.0,,,1.7,-16.91,-39.06,AMP1_TP_1
ITA,AMP1,TP,2006,CCA,0.0,,,1.7,-16.91,-39.06,AMP1_TP_2
ITA,AMP1,TP,2006,CCA,0.0,,,1.7,-16.91,-39.06,AMP1_TP_3
ITA,AMP1,TP,2006,CCA,0.0,,,1.7,-16.91,-39.06,AMP1_TP_4
ITA,AMP1,TP,2006,CCA,0.0,,,1.7,-16.91,-39.06,AMP1_TP_5
ITA,AMP1,TP,2006,CCA,0.0,,,1.7,-16.91,-39.06,AMP1_TP_6
ITA,AMP1,TP,2006,CYANO,0.0,,,1.7,-16.91,-39.06,AMP1_TP_7
ITA,AMP1,TP,2006,CYANO,0.0,,,1.7,-16.91,-39.06,AMP1_TP_8
ITA,AMP1,TP,2006,CYANO,0.0,,,1.7,-16.91,-39.06,AMP1_TP_9
ITA,AMP1,TP,2006,CYANO,0.0,,,1.7,-16.91,-39.06,AMP1_TP_10
ITA,AMP1,TP,2006,CYANO,0.0,,,1.7,-16.91,-39.06,AMP1_TP_11
ITA,AMP1,TP,2006,CYANO,0.0,,,1.7,-16.91,-39.06,AMP1_TP_12
ITA,AMP1,TP,2006,CYANO,0.0,,,1.7,-16.91,-39.06,AMP1_TP_13
ITA,AMP1,TP,2006,MACROALGAE,50.36496350364964,,,1.7,-16.91,-39.06,AMP1_TP_14
ITA,AMP1,TP,2006,MACROALGAE,25.886524822695034,,,1.7,-16.91,-39.06,AMP1_TP_15
ITA,AMP1,TP,2006,MACROALGAE,0.6872852233676976,,,1.7,-16.91,-39.06,AMP1_TP_16
ITA,AMP1,TP,2006,MACROALGAE,1.7241379310344827,,,1.7,-16.91,-39.06,AMP1_TP_17
ITA,AMP1,TP,2006,MACROALGAE,28.373702422145332,,,1.7,-16.91,-39.06,AMP1_TP_18
ITA,AMP1,TP,2006,MACROALGAE,21.379310344827587,,,1.7,-16.91,-39.06,AMP1_TP_19
ITA,AMP1,TP,2006,MACROALGAE,33.56164383561644,,,1.7,-16.91,-39.06,AMP1_TP_20
ITA,AMP1,TP,2006,MUSSISMILIA_HISPIDA,0.0,,,1.7,-16.91,-39.06,AMP1_TP_21
ITA,AMP1,TP,2006,MUSSISMILIA_HISPIDA,0.0,,,1.7,-16.91,-39.06,AMP1_TP_22
ITA,AMP1,TP,2006,MUSSISMILIA_HISPIDA,0.0,,,1.7,-16.91,-39.06,AMP1_TP_23
ITA,AMP1,TP,2006,MUSSISMILIA_HISPIDA,0.0,,,1.7,-16.91,-39.06,AMP1_TP_24
ITA,AMP1,TP,2006,MUSSISMILIA_HISPIDA,0.0,,,1.7,-16.91,-39.06,AMP1_TP_25
ITA,AMP1,TP,2006,MUSSISMILIA_HISPIDA,0.0,,,1.7,-16.91,-39.06,AMP1_TP_26
ITA,AMP1,TP,2006,MUSSISMILIA_HISPIDA,0.0,,,1.7,-16.91,-39.06,AMP1_TP_27
ITA,AMP1,TP,2006,TURF,22.62773722627737,,,1.7,-16.91,-39.06,AMP1_TP_28
ITA,AMP1,TP,2006,TURF,41.48936170212766,,,1.7,-16.91,-39.06,AMP1_TP_29
ITA,AMP1,TP,2006,TURF,64.60481099656357,,,1.7,-16.91,-39.06,AMP1_TP_30
ITA,AMP1,TP,2006,TURF,65.86206896551724,,,1.7,-16.91,-39.06,AMP1_TP_31
ITA,AMP1,TP,2006,TURF,21.10726643598616,,,1.7,-16.91,-39.06,AMP1_TP_32
ITA,AMP1,TP,2006,TURF,44.48275862068966,,,1.7,-16.91,-39.06,AMP1_TP_33
ITA,AMP1,TP,2006,TURF,47.94520547945205,,,1.7,-16.91,-39.06,AMP1_TP_34
ITA,AMP1,TP,2007,CCA,0.0,,,1.7,-16.91,-39.06,AMP1_TP_35
ITA,AMP1,TP,2007,CCA,0.0,,,1.7,-16.91,-39.06,AMP1_TP_36
ITA,AMP1,TP,2007,CCA,0.34602076124567477,,,1.7,-16.91,-39.06,AMP1_TP_37
ITA,AMP1,TP,2007,CCA,0.0,,,1.7,-16.91,-39.06,AMP1_TP_38
ITA,AMP1,TP,2007,CCA,0.0,,,1.7,-16.91,-39.06,AMP1_TP_39
ITA,AMP1,TP,2007,CCA,0.0,,,1.7,-16.91,-39.06,AMP1_TP_40
ITA,AMP1,TP,2007,CCA,0.0,,,1.7,-16.91,-39.06,AMP1_TP_41
ITA,AMP1,TP,2007,CYANO,0.0,,,1.7,-16.91,-39.06,AMP1_TP_42
ITA,AMP1,TP,2007,CYANO,0.0,,,1.7,-16.91,-39.06,AMP1_TP_43
ITA,AMP1,TP,2007,CYANO,0.0,,,1.7,-16.91,-39.06,AMP1_TP_44
ITA,AMP1,TP,2007,CYANO,0.0,,,1.7,-16.91,-39.06,AMP1_TP_45
ITA,AMP1,TP,2007,CYANO,0.0,,,1.7,-16.91,-39.06,AMP1_TP_46
ITA,AMP1,TP,2007,CYANO,0.0,,,1.7,-16.91,-39.06,AMP1_TP_47
ITA,AMP1,TP,2007,CYANO,0.0,,,1.7,-16.91,-39.06,AMP1_TP_48
ITA,AMP1,TP,2007,MACROALGAE,14.338235294117647,,,1.7,-16.91,-39.06,AMP1_TP_49
ITA,AMP1,TP,2007,MACROALGAE,25.622775800711743,,,1.7,-16.91,-39.06,AMP1_TP_50
ITA,AMP1,TP,2007,MACROALGAE,12.110726643598616,,,1.7,-16.91,-39.06,AMP1_TP_51
ITA,AMP1,TP,2007,MACROALGAE,1.0204081632653061,,,1.7,-16.91,-39.06,AMP1_TP_52
ITA,AMP1,TP,2007,MACROALGAE,23.0,,,1.7,-16.91,-39.06,AMP1_TP_53
ITA,AMP1,TP,2007,MACROALGAE,21.885521885521886,,,1.7,-16.91,-39.06,AMP1_TP_54
ITA,AMP1,TP,2007,MACROALGAE,20.27972027972028,,,1.7,-16.91,-39.06,AMP1_TP_55
ITA,AMP1,TP,2007,MUSSISMILIA_HISPIDA,0.0,,,1.7,-16.91,-39.06,AMP1_TP_56
ITA,AMP1,TP,2007,MUSSISMILIA_HISPIDA,0.0,,,1.7,-16.91,-39.06,AMP1_TP_57
ITA,AMP1,TP,2007,MUSSISMILIA_HISPIDA,0.0,,,1.7,-16.91,-39.06,AMP1_TP_58
ITA,AMP1,TP,2007,MUSSISMILIA_HISPIDA,0.0,,,1.7,-16.91,-39.06,AMP1_TP_59
ITA,AMP1,TP,2007,MUSSISMILIA_HISPIDA,0.0,,,1.7,-16.91,-39.06,AMP1_TP_60
ITA,AMP1,TP,2007,MUSSISMILIA_HISPIDA,0.0,,,1.7,-16.91,-39.06,AMP1_TP_61
ITA,AMP1,TP,2007,MUSSISMILIA_HISPIDA,0.0,,,1.7,-16.91,-39.06,AMP1_TP_62
ITA,AMP1,TP,2007,TURF,27.941176470588236,,,1.7,-16.91,-39.06,AMP1_TP_63
ITA,AMP1,TP,2007,TURF,27.75800711743772,,,1.7,-16.91,-39.06,AMP1_TP_64
ITA,AMP1,TP,2007,TURF,38.4083044982699,,,1.7,-16.91,-39.06,AMP1_TP_65
ITA,AMP1,TP,2007,TURF,57.14285714285714,,,1.7,-16.91,-39.06,AMP1_TP_66
ITA,AMP1,TP,2007,TURF,11.0,,,1.7,-16.91,-39.06,AMP1_TP_67
ITA,AMP1,TP,2007,TURF,31.986531986531986,,,1.7,-16.91,-39.06,AMP1_TP_68
ITA,AMP1,TP,2007,TURF,29.02097902097902,,,1.7,-16.91,-39.06,AMP1_TP_69
ITA,AMP1,TP,2008,CCA,0.0,,,1.7,-16.91,-39.06,AMP1_TP_70
ITA,AMP1,TP,2008,CCA,0.0,,,1.7,-16.91,-39.06,AMP1_TP_71
ITA,AMP1,TP,2008,CCA,0.0,,,1.7,-16.91,-39.06,AMP1_TP_72
ITA,AMP1,TP,2008,CCA,0.0,,,1.7,-16.91,-39.06,AMP1_TP_73
ITA,AMP1,TP,2008,CCA,0.0,,,1.7,-16.91,-39.06,AMP1_TP_74
ITA,AMP1,TP,2008,CCA,0.0,,,1.7,-16.91,-39.06,AMP1_TP_75
ITA,AMP1,TP,2008,CCA,0.0,,,1.7,-16.91,-39.06,AMP1_TP_76
ITA,AMP1,TP,2008,CYANO,0.0,,,1.7,-16.91,-39.06,AMP1_TP_77
ITA,AMP1,TP,2008,CYANO,0.0,,,1.7,-16.91,-39.06,AMP1_TP_78
ITA,AMP1,TP,2008,CYANO,0.0,,,1.7,-16.91,-39.06,AMP1_TP_79
ITA,AMP1,TP,2008,CYANO,0.0,,,1.7,-16.91,-39.06,AMP1_TP_80
ITA,AMP1,TP,2008,CYANO,0.0,,,1.7,-16.91,-39.06,AMP1_TP_81
ITA,AMP1,TP,2008,CYANO,0.0,,,1.7,-16.91,-39.06,AMP1_TP_82
ITA,AMP1,TP,2008,CYANO,0.0,,,1.7,-16.91,-39.06,AMP1_TP_83
ITA,AMP1,TP,2008,MACROALGAE,4.4520547945205475,,,1.7,-16.91,-39.06,AMP1_TP_84
ITA,AMP1,TP,2008,MACROALGAE,0.6779661016949152,,,1.7,-16.91,-39.06,AMP1_TP_85
ITA,AMP1,TP,2008,MACROALGAE,14.827586206896552,,,1.7,-16.91,-39.06,AMP1_TP_86
ITA,AMP1,TP,2008,MACROALGAE,29.47368421052631,,,1.7,-16.91,-39.06,AMP1_TP_87
ITA,AMP1,TP,2008,MACROALGAE,14.432989690721648,,,1.7,-16.91,-39.06,AMP1_TP_88
ITA,AMP1,TP,2008,MACROALGAE,5.574912891986063,,,1.7,-16.91,-39.06,AMP1_TP_89
ITA,AMP1,TP,2008,MACROALGAE,3.4722222222222223,,,1.7,-16.91,-39.06,AMP1_TP_90
ITA,AMP1,TP,2008,MUSSISMILIA_HISPIDA,0.0,,,1.7,-16.91,-39.06,AMP1_TP_91
ITA,AMP1,TP,2008,MUSSISMILIA_HISPIDA,0.0,,,1.7,-16.91,-39.06,AMP1_TP_92
ITA,AMP1,TP,2008,MUSSISMILIA_HISPIDA,0.0,,,1.7,-16.91,-39.06,AMP1_TP_93
ITA,AMP1,TP,2008,MUSSISMILIA_HISPIDA,0.0,,,1.7,-16.91,-39.06,AMP1_TP_94
ITA,AMP1,TP,2008,MUSSISMILIA_HISPIDA,0.0,,,1.7,-16.91,-39.06,AMP1_TP_95
ITA,AMP1,TP,2008,MUSSISMILIA_HISPIDA,0.0,,,1.7,-16.91,-39.06,AMP1_TP_96
ITA,AMP1,TP,2008,MUSSISMILIA_HISPIDA,0.0,,,1.7,-16.91,-39.06,AMP1_TP_97
ITA,AMP1,TP,2008,TURF,94.86301369863014,,,1.7,-16.91,-39.06,AMP1_TP_98
ITA,AMP1,TP,2008,TURF,97.28813559322033,,,1.7,-16.91,-39.06,AMP1_TP_99
ITA,AMP1,TP,2008,TURF,84.82758620689656,,,1.7,-16.91,-39.06,AMP1_TP_100
ITA,AMP1,TP,2008,TURF,69.82456140350877,,,1.7,-16.91,-39.06,AMP1_TP_101
ITA,AMP1,TP,2008,TURF,85.56701030927834,,,1.7,-16.91,-39.06,AMP1_TP_102
ITA,AMP1,TP,2008,TURF,93.37979094076655,,,1.7,-16.91,-39.06,AMP1_TP_103
ITA,AMP1,TP,2008,TURF,93.75,,,1.7,-16.91,-39.06,AMP1_TP_104
ITA,AMP2,PA,2006,CCA,49.23076923076923,,,6.7,-16.91,-39.04,AMP2_PA_0
ITA,AMP2,PA,2006,CCA,41.580756013745706,,,6.7,-16.91,-39.04,AMP2_PA_1
ITA,AMP2,PA,2006,CCA,28.99628252788104,,,6.7,-16.91,-39.04,AMP2_PA_2
ITA,AMP2,PA,2006,CCA,37.45173745173745,,,6.7,-16.91,-39.04,AMP2_PA_3
ITA,AMP2,PA,2006,CCA,58.24175824175825,,,6.7,-16.91,-39.04,AMP2_PA_4
ITA,AMP2,PA,2006,CCA,43.984962406015036,,,6.7,-16.91,-39.04,AMP2_PA_5
ITA,AMP2,PA,2006,CCA,40.14336917562724,,,6.7,-16.91,-39.04,AMP2_PA_6
ITA,AMP2,PA,2006,CCA,8.620689655172415,,,6.7,-16.91,-39.04,AMP2_PA_7
ITA,AMP2,PA,2006,CYANO,0.0,,,6.7,-16.91,-39.04,AMP2_PA_8
ITA,AMP2,PA,2006,CYANO,0.0,,,6.7,-16.91,-39.04,AMP2_PA_9
ITA,AMP2,PA,2006,CYANO,0.0,,,6.7,-16.91,-39.04,AMP2_PA_10
ITA,AMP2,PA,2006,CYANO,0.0,,,6.7,-16.91,-39.04,AMP2_PA_11
ITA,AMP2,PA,2006,CYANO,0.0,,,6.7,-16.91,-39.04,AMP2_PA_12
ITA,AMP2,PA,2006,CYANO,0.0,,,6.7,-16.91,-39.04,AMP2_PA_13
ITA,AMP2,PA,2006,CYANO,0.0,,,6.7,-16.91,-39.04,AMP2_PA_14
ITA,AMP2,PA,2006,CYANO,0.0,,,6.7,-16.91,-39.04,AMP2_PA_15
ITA,AMP2,PA,2006,MACROALGAE,3.8461538461538463,,,6.7,-16.91,-39.04,AMP2_PA_16
ITA,AMP2,PA,2006,MACROALGAE,9.621993127147768,,,6.7,-16.91,-39.04,AMP2_PA_17
ITA,AMP2,PA,2006,MACROALGAE,30.111524163568777,,,6.7,-16.91,-39.04,AMP2_PA_18
ITA,AMP2,PA,2006,MACROALGAE,32.818532818532816,,,6.7,-16.91,-39.04,AMP2_PA_19
ITA,AMP2,PA,2006,MACROALGAE,1.465201465201465,,,6.7,-16.91,-39.04,AMP2_PA_20
ITA,AMP2,PA,2006,MACROALGAE,0.0,,,6.7,-16.91,-39.04,AMP2_PA_21
ITA,AMP2,PA,2006,MACROALGAE,2.1505376344086025,,,6.7,-16.91,-39.04,AMP2_PA_22
ITA,AMP2,PA,2006,MACROALGAE,44.13793103448276,,,6.7,-16.91,-39.04,AMP2_PA_23
ITA,AMP2,PA,2006,MUSSISMILIA_HISPIDA,0.0,,,6.7,-16.91,-39.04,AMP2_PA_24
ITA,AMP2,PA,2006,MUSSISMILIA_HISPIDA,0.0,,,6.7,-16.91,-39.04,AMP2_PA_25
ITA,AMP2,PA,2006,MUSSISMILIA_HISPIDA,0.0,,,6.7,-16.91,-39.04,AMP2_PA_26
ITA,AMP2,PA,2006,MUSSISMILIA_HISPIDA,0.0,,,6.7,-16.91,-39.04,AMP2_PA_27
ITA,AMP2,PA,2006,MUSSISMILIA_HISPIDA,0.0,,,6.7,-16.91,-39.04,AMP2_PA_28
ITA,AMP2,PA,2006,MUSSISMILIA_HISPIDA,0.0,,,6.7,-16.91,-39.04,AMP2_PA_29
ITA,AMP2,PA,2006,MUSSISMILIA_HISPIDA,6.810035842293908,,,6.7,-16.91,-39.04,AMP2_PA_30
ITA,AMP2,PA,2006,MUSSISMILIA_HISPIDA,6.551724137931035,,,6.7,-16.91,-39.04,AMP2_PA_31
ITA,AMP2,PA,2006,TURF,45.0,,,6.7,-16.91,-39.04,AMP2_PA_32
ITA,AMP2,PA,2006,TURF,48.797250859106526,,,6.7,-16.91,-39.04,AMP2_PA_33
ITA,AMP2,PA,2006,TURF,39.77695167286245,,,6.7,-16.91,-39.04,AMP2_PA_34
ITA,AMP2,PA,2006,TURF,27.413127413127413,,,6.7,-16.91,-39.04,AMP2_PA_35
ITA,AMP2,PA,2006,TURF,34.798534798534796,,,6.7,-16.91,-39.04,AMP2_PA_36
ITA,AMP2,PA,2006,TURF,54.51127819548872,,,6.7,-16.91,-39.04,AMP2_PA_37
ITA,AMP2,PA,2006,TURF,44.44444444444444,,,6.7,-16.91,-39.04,AMP2_PA_38
ITA,AMP2,PA,2006,TURF,36.55172413793103,,,6.7,-16.91,-39.04,AMP2_PA_39
ITA,AMP2,PA,2007,CCA,71.09375,,,6.7,-16.91,-39.04,AMP2_PA_40
ITA,AMP2,PA,2007,CCA,32.98611111111111,,,6.7,-16.91,-39.04,AMP2_PA_41
ITA,AMP2,PA,2007,CCA,56.043956043956044,,,6.7,-16.91,-39.04,AMP2_PA_42
ITA,AMP2,PA,2007,CCA,47.67932489451477,,,6.7,-16.91,-39.04,AMP2_PA_43
ITA,AMP2,PA,2007,CCA,38.28125,,,6.7,-16.91,-39.04,AMP2_PA_44
ITA,AMP2,PA,2007,CCA,67.44186046511628,,,6.7,-16.91,-39.04,AMP2_PA_45
ITA,AMP2,PA,2007,CCA,38.84615384615385,,,6.7,-16.91,-39.04,AMP2_PA_46
ITA,AMP2,PA,2007,CCA,19.924812030075188,,,6.7,-16.91,-39.04,AMP2_PA_47
ITA,AMP2,PA,2007,CYANO,0.0,,,6.7,-16.91,-39.04,AMP2_PA_48
ITA,AMP2,PA,2007,CYANO,0.0,,,6.7,-16.91,-39.04,AMP2_PA_49
ITA,AMP2,PA,2007,CYANO,0.0,,,6.7,-16.91,-39.04,AMP2_PA_50
ITA,AMP2,PA,2007,CYANO,0.0,,,6.7,-16.91,-39.04,AMP2_PA_51
ITA,AMP2,PA,2007,CYANO,0.0,,,6.7,-16.91,-39.04,AMP2_PA_52
ITA,AMP2,PA,2007,CYANO,0.0,,,6.7,-16.91,-39.04,AMP2_PA_53
ITA,AMP2,PA,2007,CYANO,0.0,,,6.7,-16.91,-39.04,AMP2_PA_54
ITA,AMP2,PA,2007,CYANO,0.0,,,6.7,-16.91,-39.04,AMP2_PA_55
ITA,AMP2,PA,2007,MACROALGAE,5.859375,,,6.7,-16.91,-39.04,AMP2_PA_56
ITA,AMP2,PA,2007,MACROALGAE,21.875,,,6.7,-16.91,-39.04,AMP2_PA_57
ITA,AMP2,PA,2007,MACROALGAE,1.465201465201465,,,6.7,-16.91,-39.04,AMP2_PA_58
ITA,AMP2,PA,2007,MACROALGAE,37.552742616033754,,,6.7,-16.91,-39.04,AMP2_PA_59
ITA,AMP2,PA,2007,MACROALGAE,5.078125,,,6.7,-16.91,-39.04,AMP2_PA_60
ITA,AMP2,PA,2007,MACROALGAE,0.0,,,6.7,-16.91,-39.04,AMP2_PA_61
ITA,AMP2,PA,2007,MACROALGAE,7.307692307692308,,,6.7,-16.91,-39.04,AMP2_PA_62
ITA,AMP2,PA,2007,MACROALGAE,37.96992481203007,,,6.7,-16.91,-39.04,AMP2_PA_63
ITA,AMP2,PA,2007,MUSSISMILIA_HISPIDA,0.0,,,6.7,-16.91,-39.04,AMP2_PA_64
ITA,AMP2,PA,2007,MUSSISMILIA_HISPIDA,0.0,,,6.7,-16.91,-39.04,AMP2_PA_65
ITA,AMP2,PA,2007,MUSSISMILIA_HISPIDA,0.0,,,6.7,-16.91,-39.04,AMP2_PA_66
ITA,AMP2,PA,2007,MUSSISMILIA_HISPIDA,0.0,,,6.7,-16.91,-39.04,AMP2_PA_67
ITA,AMP2,PA,2007,MUSSISMILIA_HISPIDA,0.0,,,6.7,-16.91,-39.04,AMP2_PA_68
ITA,AMP2,PA,2007,MUSSISMILIA_HISPIDA,0.0,,,6.7,-16.91,-39.04,AMP2_PA_69
ITA,AMP2,PA,2007,MUSSISMILIA_HISPIDA,5.769230769230769,,,6.7,-16.91,-39.04,AMP2_PA_70
ITA,AMP2,PA,2007,MUSSISMILIA_HISPIDA,7.518796992481203,,,6.7,-16.91,-39.04,AMP2_PA_71
ITA,AMP2,PA,2007,TURF,20.3125,,,6.7,-16.91,-39.04,AMP2_PA_72
ITA,AMP2,PA,2007,TURF,45.13888888888889,,,6.7,-16.91,-39.04,AMP2_PA_73
ITA,AMP2,PA,2007,TURF,42.49084249084249,,,6.7,-16.91,-39.04,AMP2_PA_74
ITA,AMP2,PA,2007,TURF,14.345991561181433,,,6.7,-16.91,-39.04,AMP2_PA_75
ITA,AMP2,PA,2007,TURF,55.859375,,,6.7,-16.91,-39.04,AMP2_PA_76
ITA,AMP2,PA,2007,TURF,30.620155038759687,,,6.7,-16.91,-39.04,AMP2_PA_77
ITA,AMP2,PA,2007,TURF,45.0,,,6.7,-16.91,-39.04,AMP2_PA_78
ITA,AMP2,PA,2007,TURF,33.08270676691729,,,6.7,-16.91,-39.04,AMP2_PA_79
ITA,AMP2,PA,2008,CCA,42.248062015503876,,,6.7,-16.91,-39.04,AMP2_PA_80
ITA,AMP2,PA,2008,CCA,51.10132158590308,,,6.7,-16.91,-39.04,AMP2_PA_81
ITA,AMP2,PA,2008,CCA,17.02898550724638,,,6.7,-16.91,-39.04,AMP2_PA_82
ITA,AMP2,PA,2008,CCA,50.607287449392715,,,6.7,-16.91,-39.04,AMP2_PA_83
ITA,AMP2,PA,2008,CCA,21.21212121212121,,,6.7,-16.91,-39.04,AMP2_PA_84
ITA,AMP2,PA,2008,CCA,28.000000000000004,,,6.7,-16.91,-39.04,AMP2_PA_85
ITA,AMP2,PA,2008,CCA,2.247191011235955,,,6.7,-16.91,-39.04,AMP2_PA_86
ITA,AMP2,PA,2008,CCA,19.844357976653697,,,6.7,-16.91,-39.04,AMP2_PA_87
ITA,AMP2,PA,2008,CYANO,0.3875968992248062,,,6.7,-16.91,-39.04,AMP2_PA_88
ITA,AMP2,PA,2008,CYANO,0.4405286343612335,,,6.7,-16.91,-39.04,AMP2_PA_89
ITA,AMP2,PA,2008,CYANO,3.985507246376811,,,6.7,-16.91,-39.04,AMP2_PA_90
ITA,AMP2,PA,2008,CYANO,0.0,,,6.7,-16.91,-39.04,AMP2_PA_91
ITA,AMP2,PA,2008,CYANO,0.0,,,6.7,-16.91,-39.04,AMP2_PA_92
ITA,AMP2,PA,2008,CYANO,0.0,,,6.7,-16.91,-39.04,AMP2_PA_93
ITA,AMP2,PA,2008,CYANO,0.0,,,6.7,-16.91,-39.04,AMP2_PA_94
ITA,AMP2,PA,2008,CYANO,0.0,,,6.7,-16.91,-39.04,AMP2_PA_95
ITA,AMP2,PA,2008,MACROALGAE,9.30232558139535,,,6.7,-16.91,-39.04,AMP2_PA_96
ITA,AMP2,PA,2008,MACROALGAE,4.845814977973569,,,6.7,-16.91,-39.04,AMP2_PA_97
ITA,AMP2,PA,2008,MACROALGAE,19.202898550724637,,,6.7,-16.91,-39.04,AMP2_PA_98
ITA,AMP2,PA,2008,MACROALGAE,4.8582995951417,,,6.7,-16.91,-39.04,AMP2_PA_99
ITA,AMP2,PA,2008,MACROALGAE,50.21645021645021,,,6.7,-16.91,-39.04,AMP2_PA_100
ITA,AMP2,PA,2008,MACROALGAE,1.7777777777777777,,,6.7,-16.91,-39.04,AMP2_PA_101
ITA,AMP2,PA,2008,MACROALGAE,22.846441947565545,,,6.7,-16.91,-39.04,AMP2_PA_102
ITA,AMP2,PA,2008,MACROALGAE,6.614785992217899,,,6.7,-16.91,-39.04,AMP2_PA_103
ITA,AMP2,PA,2008,MUSSISMILIA_HISPIDA,0.0,,,6.7,-16.91,-39.04,AMP2_PA_104
ITA,AMP2,PA,2008,MUSSISMILIA_HISPIDA,0.0,,,6.7,-16.91,-39.04,AMP2_PA_105
ITA,AMP2,PA,2008,MUSSISMILIA_HISPIDA,0.0,,,6.7,-16.91,-39.04,AMP2_PA_106
ITA,AMP2,PA,2008,MUSSISMILIA_HISPIDA,0.0,,,6.7,-16.91,-39.04,AMP2_PA_107
ITA,AMP2,PA,2008,MUSSISMILIA_HISPIDA,0.0,,,6.7,-16.91,-39.04,AMP2_PA_108
ITA,AMP2,PA,2008,MUSSISMILIA_HISPIDA,0.0,,,6.7,-16.91,-39.04,AMP2_PA_109
ITA,AMP2,PA,2008,MUSSISMILIA_HISPIDA,6.741573033707865,,,6.7,-16.91,-39.04,AMP2_PA_110
ITA,AMP2,PA,2008,MUSSISMILIA_HISPIDA,7.003891050583658,,,6.7,-16.91,-39.04,AMP2_PA_111
ITA,AMP2,PA,2008,TURF,48.06201550387597,,,6.7,-16.91,-39.04,AMP2_PA_112
ITA,AMP2,PA,2008,TURF,43.61233480176211,,,6.7,-16.91,-39.04,AMP2_PA_113
ITA,AMP2,PA,2008,TURF,59.782608695652165,,,6.7,-16.91,-39.04,AMP2_PA_114
ITA,AMP2,PA,2008,TURF,44.534412955465584,,,6.7,-16.91,-39.04,AMP2_PA_115
ITA,AMP2,PA,2008,TURF,28.57142857142857,,,6.7,-16.91,-39.04,AMP2_PA_116
ITA,AMP2,PA,2008,TURF,69.33333333333334,,,6.7,-16.91,-39.04,AMP2_PA_117
ITA,AMP2,PA,2008,TURF,67.41573033707866,,,6.7,-16.91,-39.04,AMP2_PA_118
ITA,AMP2,PA,2008,TURF,65.75875486381322,,,6.7,-16.91,-39.04,AMP2_PA_119
ITA,AMP3,PA,2006,CCA,38.07829181494662,,,11.9,-16.914,-39.03,AMP3_PA_0
ITA,AMP3,PA,2006,CCA,22.22222222222222,,,11.9,-16.914,-39.03,AMP3_PA_1
ITA,AMP3,PA,2006,CCA,19.133574007220215,,,11.9,-16.914,-39.03,AMP3_PA_2
ITA,AMP3,PA,2006,CCA,28.125,,,11.9,-16.914,-39.03,AMP3_PA_3
ITA,AMP3,PA,2006,CCA,6.36042402826855,,,11.9,-16.914,-39.03,AMP3_PA_4
ITA,AMP3,PA,2006,CCA,29.67032967032967,,,11.9,-16.914,-39.03,AMP3_PA_5
ITA,AMP3,PA,2006,CCA,21.63265306122449,,,11.9,-16.914,-39.03,AMP3_PA_6
ITA,AMP3,PA,2006,CCA,22.40663900414938,,,11.9,-16.914,-39.03,AMP3_PA_7
ITA,AMP3,PA,2006,CCA,3.225806451612903,,,11.9,-16.914,-39.03,AMP3_PA_8
ITA,AMP3,PA,2006,CCA,9.48905109489051,,,11.9,-16.914,-39.03,AMP3_PA_9
ITA,AMP3,PA,2006,CYANO,0.7117437722419928,,,11.9,-16.914,-39.03,AMP3_PA_10
ITA,AMP3,PA,2006,CYANO,0.0,,,11.9,-16.914,-39.03,AMP3_PA_11
ITA,AMP3,PA,2006,CYANO,0.0,,,11.9,-16.914,-39.03,AMP3_PA_12
ITA,AMP3,PA,2006,CYANO,0.0,,,11.9,-16.914,-39.03,AMP3_PA_13
ITA,AMP3,PA,2006,CYANO,0.0,,,11.9,-16.914,-39.03,AMP3_PA_14
ITA,AMP3,PA,2006,CYANO,0.0,,,11.9,-16.914,-39.03,AMP3_PA_15
ITA,AMP3,PA,2006,CYANO,0.0,,,11.9,-16.914,-39.03,AMP3_PA_16
ITA,AMP3,PA,2006,CYANO,0.0,,,11.9,-16.914,-39.03,AMP3_PA_17
ITA,AMP3,PA,2006,CYANO,0.35842293906810035,,,11.9,-16.914,-39.03,AMP3_PA_18
ITA,AMP3,PA,2006,CYANO,0.0,,,11.9,-16.914,-39.03,AMP3_PA_19
ITA,AMP3,PA,2006,MACROALGAE,50.5338078291815,,,11.9,-16.914,-39.03,AMP3_PA_20
ITA,AMP3,PA,2006,MACROALGAE,31.196581196581196,,,11.9,-16.914,-39.03,AMP3_PA_21
ITA,AMP3,PA,2006,MACROALGAE,56.317689530685925,,,11.9,-16.914,-39.03,AMP3_PA_22
ITA,AMP3,PA,2006,MACROALGAE,20.833333333333336,,,11.9,-16.914,-39.03,AMP3_PA_23
ITA,AMP3,PA,2006,MACROALGAE,15.19434628975265,,,11.9,-16.914,-39.03,AMP3_PA_24
ITA,AMP3,PA,2006,MACROALGAE,2.564102564102564,,,11.9,-16.914,-39.03,AMP3_PA_25
ITA,AMP3,PA,2006,MACROALGAE,8.979591836734693,,,11.9,-16.914,-39.03,AMP3_PA_26
ITA,AMP3,PA,2006,MACROALGAE,7.053941908713693,,,11.9,-16.914,-39.03,AMP3_PA_27
ITA,AMP3,PA,2006,MACROALGAE,22.58064516129032,,,11.9,-16.914,-39.03,AMP3_PA_28
ITA,AMP3,PA,2006,MACROALGAE,28.832116788321166,,,11.9,-16.914,-39.03,AMP3_PA_29
ITA,AMP3,PA,2006,MUSSISMILIA_HISPIDA,0.0,,,11.9,-16.914,-39.03,AMP3_PA_30
ITA,AMP3,PA,2006,MUSSISMILIA_HISPIDA,0.0,,,11.9,-16.914,-39.03,AMP3_PA_31
ITA,AMP3,PA,2006,MUSSISMILIA_HISPIDA,0.0,,,11.9,-16.914,-39.03,AMP3_PA_32
ITA,AMP3,PA,2006,MUSSISMILIA_HISPIDA,0.0,,,11.9,-16.914,-39.03,AMP3_PA_33
ITA,AMP3,PA,2006,MUSSISMILIA_HISPIDA,0.0,,,11.9,-16.914,-39.03,AMP3_PA_34
ITA,AMP3,PA,2006,MUSSISMILIA_HISPIDA,0.0,,,11.9,-16.914,-39.03,AMP3_PA_35
ITA,AMP3,PA,2006,MUSSISMILIA_HISPIDA,0.0,,,11.9,-16.914,-39.03,AMP3_PA_36
ITA,AMP3,PA,2006,MUSSISMILIA_HISPIDA,0.0,,,11.9,-16.914,-39.03,AMP3_PA_37
ITA,AMP3,PA,2006,MUSSISMILIA_HISPIDA,2.1505376344086025,,,11.9,-16.914,-39.03,AMP3_PA_38
ITA,AMP3,PA,2006,MUSSISMILIA_HISPIDA,0.0,,,11.9,-16.914,-39.03,AMP3_PA_39
ITA,AMP3,PA,2006,TURF,9.608540925266903,,,11.9,-16.914,-39.03,AMP3_PA_40
ITA,AMP3,PA,2006,TURF,18.803418803418804,,,11.9,-16.914,-39.03,AMP3_PA_41
ITA,AMP3,PA,2006,TURF,23.826714801444044,,,11.9,-16.914,-39.03,AMP3_PA_42
ITA,AMP3,PA,2006,TURF,46.875,,,11.9,-16.914,-39.03,AMP3_PA_43
ITA,AMP3,PA,2006,TURF,75.26501766784452,,,11.9,-16.914,-39.03,AMP3_PA_44
ITA,AMP3,PA,2006,TURF,58.60805860805861,,,11.9,-16.914,-39.03,AMP3_PA_45
ITA,AMP3,PA,2006,TURF,64.89795918367346,,,11.9,-16.914,-39.03,AMP3_PA_46
ITA,AMP3,PA,2006,TURF,53.11203319502075,,,11.9,-16.914,-39.03,AMP3_PA_47
ITA,AMP3,PA,2006,TURF,70.60931899641577,,,11.9,-16.914,-39.03,AMP3_PA_48
ITA,AMP3,PA,2006,TURF,56.20437956204379,,,11.9,-16.914,-39.03,AMP3_PA_49
ITA,AMP3,PA,2007,CCA,4.332129963898916,,,11.9,-16.914,-39.03,AMP3_PA_50
ITA,AMP3,PA,2007,CCA,21.223021582733814,,,11.9,-16.914,-39.03,AMP3_PA_51
ITA,AMP3,PA,2007,CCA,6.529209621993128,,,11.9,-16.914,-39.03,AMP3_PA_52
ITA,AMP3,PA,2007,CCA,15.789473684210526,,,11.9,-16.914,-39.03,AMP3_PA_53
ITA,AMP3,PA,2007,CCA,1.3888888888888888,,,11.9,-16.914,-39.03,AMP3_PA_54
ITA,AMP3,PA,2007,CCA,25.301204819277107,,,11.9,-16.914,-39.03,AMP3_PA_55
ITA,AMP3,PA,2007,CCA,38.57677902621723,,,11.9,-16.914,-39.03,AMP3_PA_56
ITA,AMP3,PA,2007,CCA,13.494809688581316,,,11.9,-16.914,-39.03,AMP3_PA_57
ITA,AMP3,PA,2007,CCA,14.909090909090908,,,11.9,-16.914,-39.03,AMP3_PA_58
ITA,AMP3,PA,2007,CCA,11.724137931034482,,,11.9,-16.914,-39.03,AMP3_PA_59
ITA,AMP3,PA,2007,CYANO,0.0,,,11.9,-16.914,-39.03,AMP3_PA_60
ITA,AMP3,PA,2007,CYANO,0.0,,,11.9,-16.914,-39.03,AMP3_PA_61
ITA,AMP3,PA,2007,CYANO,0.0,,,11.9,-16.914,-39.03,AMP3_PA_62
ITA,AMP3,PA,2007,CYANO,0.0,,,11.9,-16.914,-39.03,AMP3_PA_63
ITA,AMP3,PA,2007,CYANO,0.0,,,11.9,-16.914,-39.03,AMP3_PA_64
ITA,AMP3,PA,2007,CYANO,0.0,,,11.9,-16.914,-39.03,AMP3_PA_65
ITA,AMP3,PA,2007,CYANO,0.0,,,11.9,-16.914,-39.03,AMP3_PA_66
ITA,AMP3,PA,2007,CYANO,0.0,,,11.9,-16.914,-39.03,AMP3_PA_67
ITA,AMP3,PA,2007,CYANO,0.0,,,11.9,-16.914,-39.03,AMP3_PA_68
ITA,AMP3,PA,2007,CYANO,0.0,,,11.9,-16.914,-39.03,AMP3_PA_69
ITA,AMP3,PA,2007,MACROALGAE,22.382671480144403,,,11.9,-16.914,-39.03,AMP3_PA_70
ITA,AMP3,PA,2007,MACROALGAE,8.633093525179856,,,11.9,-16.914,-39.03,AMP3_PA_71
ITA,AMP3,PA,2007,MACROALGAE,17.869415807560138,,,11.9,-16.914,-39.03,AMP3_PA_72
ITA,AMP3,PA,2007,MACROALGAE,9.473684210526317,,,11.9,-16.914,-39.03,AMP3_PA_73
ITA,AMP3,PA,2007,MACROALGAE,18.40277777777778,,,11.9,-16.914,-39.03,AMP3_PA_74
ITA,AMP3,PA,2007,MACROALGAE,12.851405622489958,,,11.9,-16.914,-39.03,AMP3_PA_75
ITA,AMP3,PA,2007,MACROALGAE,10.486891385767791,,,11.9,-16.914,-39.03,AMP3_PA_76
ITA,AMP3,PA,2007,MACROALGAE,25.259515570934255,,,11.9,-16.914,-39.03,AMP3_PA_77
ITA,AMP3,PA,2007,MACROALGAE,8.363636363636363,,,11.9,-16.914,-39.03,AMP3_PA_78
ITA,AMP3,PA,2007,MACROALGAE,1.3793103448275863,,,11.9,-16.914,-39.03,AMP3_PA_79
ITA,AMP3,PA,2007,MUSSISMILIA_HISPIDA,0.0,,,11.9,-16.914,-39.03,AMP3_PA_80
ITA,AMP3,PA,2007,MUSSISMILIA_HISPIDA,0.0,,,11.9,-16.914,-39.03,AMP3_PA_81
ITA,AMP3,PA,2007,MUSSISMILIA_HISPIDA,0.0,,,11.9,-16.914,-39.03,AMP3_PA_82
ITA,AMP3,PA,2007,MUSSISMILIA_HISPIDA,0.0,,,11.9,-16.914,-39.03,AMP3_PA_83
ITA,AMP3,PA,2007,MUSSISMILIA_HISPIDA,0.0,,,11.9,-16.914,-39.03,AMP3_PA_84
ITA,AMP3,PA,2007,MUSSISMILIA_HISPIDA,0.0,,,11.9,-16.914,-39.03,AMP3_PA_85
ITA,AMP3,PA,2007,MUSSISMILIA_HISPIDA,0.0,,,11.9,-16.914,-39.03,AMP3_PA_86
ITA,AMP3,PA,2007,MUSSISMILIA_HISPIDA,0.0,,,11.9,-16.914,-39.03,AMP3_PA_87
ITA,AMP3,PA,2007,MUSSISMILIA_HISPIDA,1.4545454545454546,,,11.9,-16.914,-39.03,AMP3_PA_88
ITA,AMP3,PA,2007,MUSSISMILIA_HISPIDA,0.0,,,11.9,-16.914,-39.03,AMP3_PA_89
ITA,AMP3,PA,2007,TURF,72.92418772563177,,,11.9,-16.914,-39.03,AMP3_PA_90
ITA,AMP3,PA,2007,TURF,61.15107913669065,,,11.9,-16.914,-39.03,AMP3_PA_91
ITA,AMP3,PA,2007,TURF,75.60137457044674,,,11.9,-16.914,-39.03,AMP3_PA_92
ITA,AMP3,PA,2007,TURF,72.28070175438597,,,11.9,-16.914,-39.03,AMP3_PA_93
ITA,AMP3,PA,2007,TURF,78.81944444444444,,,11.9,-16.914,-39.03,AMP3_PA_94
ITA,AMP3,PA,2007,TURF,61.44578313253012,,,11.9,-16.914,-39.03,AMP3_PA_95
ITA,AMP3,PA,2007,TURF,50.56179775280899,,,11.9,-16.914,-39.03,AMP3_PA_96
ITA,AMP3,PA,2007,TURF,60.89965397923876,,,11.9,-16.914,-39.03,AMP3_PA_97
ITA,AMP3,PA,2007,TURF,75.27272727272727,,,11.9,-16.914,-39.03,AMP3_PA_98
ITA,AMP3,PA,2007,TURF,82.06896551724138,,,11.9,-16.914,-39.03,AMP3_PA_99
ITA,AMP3,PA,2008,CCA,1.1363636363636365,,,11.9,-16.914,-39.03,AMP3_PA_100
ITA,AMP3,PA,2008,CCA,3.7344398340248963,,,11.9,-16.914,-39.03,AMP3_PA_101
ITA,AMP3,PA,2008,CCA,10.622710622710622,,,11.9,-16.914,-39.03,AMP3_PA_102
ITA,AMP3,PA,2008,CCA,7.392996108949417,,,11.9,-16.914,-39.03,AMP3_PA_103
ITA,AMP3,PA,2008,CCA,0.35842293906810035,,,11.9,-16.914,-39.03,AMP3_PA_104
ITA,AMP3,PA,2008,CCA,10.15625,,,11.9,-16.914,-39.03,AMP3_PA_105
ITA,AMP3,PA,2008,CCA,24.150943396226417,,,11.9,-16.914,-39.03,AMP3_PA_106
ITA,AMP3,PA,2008,CCA,6.382978723404255,,,11.9,-16.914,-39.03,AMP3_PA_107
ITA,AMP3,PA,2008,CCA,19.215686274509807,,,11.9,-16.914,-39.03,AMP3_PA_108
ITA,AMP3,PA,2008,CCA,8.088235294117647,,,11.9,-16.914,-39.03,AMP3_PA_109
ITA,AMP3,PA,2008,CYANO,18.939393939393938,,,11.9,-16.914,-39.03,AMP3_PA_110
ITA,AMP3,PA,2008,CYANO,30.70539419087137,,,11.9,-16.914,-39.03,AMP3_PA_111
ITA,AMP3,PA,2008,CYANO,6.95970695970696,,,11.9,-16.914,-39.03,AMP3_PA_112
ITA,AMP3,PA,2008,CYANO,6.22568093385214,,,11.9,-16.914,-39.03,AMP3_PA_113
ITA,AMP3,PA,2008,CYANO,6.093189964157706,,,11.9,-16.914,-39.03,AMP3_PA_114
ITA,AMP3,PA,2008,CYANO,15.234375,,,11.9,-16.914,-39.03,AMP3_PA_115
ITA,AMP3,PA,2008,CYANO,1.8867924528301887,,,11.9,-16.914,-39.03,AMP3_PA_116
ITA,AMP3,PA,2008,CYANO,3.1914893617021276,,,11.9,-16.914,-39.03,AMP3_PA_117
ITA,AMP3,PA,2008,CYANO,0.39215686274509803,,,11.9,-16.914,-39.03,AMP3_PA_118
ITA,AMP3,PA,2008,CYANO,6.61764705882353,,,11.9,-16.914,-39.03,AMP3_PA_119
ITA,AMP3,PA,2008,MACROALGAE,60.60606060606061,,,11.9,-16.914,-39.03,AMP3_PA_120
ITA,AMP3,PA,2008,MACROALGAE,45.643153526970956,,,11.9,-16.914,-39.03,AMP3_PA_121
ITA,AMP3,PA,2008,MACROALGAE,57.14285714285714,,,11.9,-16.914,-39.03,AMP3_PA_122
ITA,AMP3,PA,2008,MACROALGAE,57.19844357976653,,,11.9,-16.914,-39.03,AMP3_PA_123
ITA,AMP3,PA,2008,MACROALGAE,81.00358422939068,,,11.9,-16.914,-39.03,AMP3_PA_124
ITA,AMP3,PA,2008,MACROALGAE,58.203125,,,11.9,-16.914,-39.03,AMP3_PA_125
ITA,AMP3,PA,2008,MACROALGAE,52.45283018867924,,,11.9,-16.914,-39.03,AMP3_PA_126
ITA,AMP3,PA,2008,MACROALGAE,85.46099290780141,,,11.9,-16.914,-39.03,AMP3_PA_127
ITA,AMP3,PA,2008,MACROALGAE,63.921568627450974,,,11.9,-16.914,-39.03,AMP3_PA_128
ITA,AMP3,PA,2008,MACROALGAE,54.779411764705884,,,11.9,-16.914,-39.03,AMP3_PA_129
ITA,AMP3,PA,2008,MUSSISMILIA_HISPIDA,0.0,,,11.9,-16.914,-39.03,AMP3_PA_130
ITA,AMP3,PA,2008,MUSSISMILIA_HISPIDA,0.0,,,11.9,-16.914,-39.03,AMP3_PA_131
ITA,AMP3,PA,2008,MUSSISMILIA_HISPIDA,0.0,,,11.9,-16.914,-39.03,AMP3_PA_132
ITA,AMP3,PA,2008,MUSSISMILIA_HISPIDA,0.0,,,11.9,-16.914,-39.03,AMP3_PA_133
ITA,AMP3,PA,2008,MUSSISMILIA_HISPIDA,0.0,,,11.9,-16.914,-39.03,AMP3_PA_134
ITA,AMP3,PA,2008,MUSSISMILIA_HISPIDA,0.0,,,11.9,-16.914,-39.03,AMP3_PA_135
ITA,AMP3,PA,2008,MUSSISMILIA_HISPIDA,0.0,,,11.9,-16.914,-39.03,AMP3_PA_136
ITA,AMP3,PA,2008,MUSSISMILIA_HISPIDA,0.0,,,11.9,-16.914,-39.03,AMP3_PA_137
ITA,AMP3,PA,2008,MUSSISMILIA_HISPIDA,0.0,,,11.9,-16.914,-39.03,AMP3_PA_138
ITA,AMP3,PA,2008,MUSSISMILIA_HISPIDA,0.0,,,11.9,-16.914,-39.03,AMP3_PA_139
ITA,AMP3,PA,2008,TURF,18.939393939393938,,,11.9,-16.914,-39.03,AMP3_PA_140
ITA,AMP3,PA,2008,TURF,12.863070539419088,,,11.9,-16.914,-39.03,AMP3_PA_141
ITA,AMP3,PA,2008,TURF,24.908424908424905,,,11.9,-16.914,-39.03,AMP3_PA_142
ITA,AMP3,PA,2008,TURF,29.18287937743191,,,11.9,-16.914,-39.03,AMP3_PA_143
ITA,AMP3,PA,2008,TURF,11.46953405017921,,,11.9,-16.914,-39.03,AMP3_PA_144
ITA,AMP3,PA,2008,TURF,14.453125,,,11.9,-16.914,-39.03,AMP3_PA_145
ITA,AMP3,PA,2008,TURF,21.132075471698112,,,11.9,-16.914,-39.03,AMP3_PA_146
ITA,AMP3,PA,2008,TURF,4.9645390070922,,,11.9,-16.914,-39.03,AMP3_PA_147
ITA,AMP3,PA,2008,TURF,16.47058823529412,,,11.9,-16.914,-39.03,AMP3_PA_148
ITA,AMP3,PA,2008,TURF,27.20588235294118,,,11.9,-16.914,-39.03,AMP3_PA_149
ITA,A1,PA,2006,CCA,0.7352941176470588,0.8698829300837769,0.2542519706809724,1.26,-16.9,-39.06,A1_PA_0
ITA,A1,PA,2006,CCA,7.116104868913857,0.8698829300837769,0.2542519706809724,1.26,-16.9,-39.06,A1_PA_1
ITA,A1,PA,2006,CCA,7.8231292517006805,0.8698829300837769,0.2542519706809724,1.26,-16.9,-39.06,A1_PA_2
ITA,A1,PA,2006,CCA,5.204460966542751,0.8698829300837769,0.2542519706809724,1.26,-16.9,-39.06,A1_PA_3
ITA,A1,PA,2006,CCA,1.6891891891891893,0.8698829300837769,0.2542519706809724,1.26,-16.9,-39.06,A1_PA_4
ITA,A1,PA,2006,CCA,1.0101010101010102,0.8698829300837769,0.2542519706809724,1.26,-16.9,-39.06,A1_PA_5
ITA,A1,PA,2006,CCA,3.0821917808219177,0.8698829300837769,0.2542519706809724,1.26,-16.9,-39.06,A1_PA_6
ITA,A1,PA,2006,CCA,3.9568345323741005,0.8698829300837769,0.2542519706809724,1.26,-16.9,-39.06,A1_PA_7
ITA,A1,PA,2006,CCA,5.084745762711865,0.8698829300837769,0.2542519706809724,1.26,-16.9,-39.06,A1_PA_8
ITA,A1,PA,2006,CCA,0.40650406504065045,0.8698829300837769,0.2542519706809724,1.26,-16.9,-39.06,A1_PA_9
ITA,A1,PA,2006,CYANO,0.0,0.8698829300837769,0.2542519706809724,1.26,-16.9,-39.06,A1_PA_10
ITA,A1,PA,2006,CYANO,0.0,0.8698829300837769,0.2542519706809724,1.26,-16.9,-39.06,A1_PA_11
ITA,A1,PA,2006,CYANO,0.0,0.8698829300837769,0.2542519706809724,1.26,-16.9,-39.06,A1_PA_12
ITA,A1,PA,2006,CYANO,0.0,0.8698829300837769,0.2542519706809724,1.26,-16.9,-39.06,A1_PA_13
ITA,A1,PA,2006,CYANO,0.0,0.8698829300837769,0.2542519706809724,1.26,-16.9,-39.06,A1_PA_14
ITA,A1,PA,2006,CYANO,0.0,0.8698829300837769,0.2542519706809724,1.26,-16.9,-39.06,A1_PA_15
ITA,A1,PA,2006,CYANO,0.0,0.8698829300837769,0.2542519706809724,1.26,-16.9,-39.06,A1_PA_16
ITA,A1,PA,2006,CYANO,0.0,0.8698829300837769,0.2542519706809724,1.26,-16.9,-39.06,A1_PA_17
ITA,A1,PA,2006,CYANO,0.0,0.8698829300837769,0.2542519706809724,1.26,-16.9,-39.06,A1_PA_18
ITA,A1,PA,2006,CYANO,0.0,0.8698829300837769,0.2542519706809724,1.26,-16.9,-39.06,A1_PA_19
ITA,A1,PA,2006,MACROALGAE,0.0,0.8698829300837769,0.2542519706809724,1.26,-16.9,-39.06,A1_PA_20
ITA,A1,PA,2006,MACROALGAE,0.0,0.8698829300837769,0.2542519706809724,1.26,-16.9,-39.06,A1_PA_21
ITA,A1,PA,2006,MACROALGAE,2.7210884353741496,0.8698829300837769,0.2542519706809724,1.26,-16.9,-39.06,A1_PA_22
ITA,A1,PA,2006,MACROALGAE,1.1152416356877324,0.8698829300837769,0.2542519706809724,1.26,-16.9,-39.06,A1_PA_23
ITA,A1,PA,2006,MACROALGAE,0.0,0.8698829300837769,0.2542519706809724,1.26,-16.9,-39.06,A1_PA_24
ITA,A1,PA,2006,MACROALGAE,0.0,0.8698829300837769,0.2542519706809724,1.26,-16.9,-39.06,A1_PA_25
ITA,A1,PA,2006,MACROALGAE,0.0,0.8698829300837769,0.2542519706809724,1.26,-16.9,-39.06,A1_PA_26
ITA,A1,PA,2006,MACROALGAE,0.0,0.8698829300837769,0.2542519706809724,1.26,-16.9,-39.06,A1_PA_27
ITA,A1,PA,2006,MACROALGAE,0.0,0.8698829300837769,0.2542519706809724,1.26,-16.9,-39.06,A1_PA_28
ITA,A1,PA,2006,MACROALGAE,0.0,0.8698829300837769,0.2542519706809724,1.26,-16.9,-39.06,A1_PA_29
ITA,A1,PA,2006,MUSSISMILIA_HISPIDA,2.2058823529411766,0.8698829300837769,0.2542519706809724,1.26,-16.9,-39.06,A1_PA_30
ITA,A1,PA,2006,MUSSISMILIA_HISPIDA,1.1235955056179776,0.8698829300837769,0.2542519706809724,1.26,-16.9,-39.06,A1_PA_31
ITA,A1,PA,2006,MUSSISMILIA_HISPIDA,0.0,0.8698829300837769,0.2542519706809724,1.26,-16.9,-39.06,A1_PA_32
ITA,A1,PA,2006,MUSSISMILIA_HISPIDA,0.0,0.8698829300837769,0.2542519706809724,1.26,-16.9,-39.06,A1_PA_33
ITA,A1,PA,2006,MUSSISMILIA_HISPIDA,0.0,0.8698829300837769,0.2542519706809724,1.26,-16.9,-39.06,A1_PA_34
ITA,A1,PA,2006,MUSSISMILIA_HISPIDA,2.0202020202020203,0.8698829300837769,0.2542519706809724,1.26,-16.9,-39.06,A1_PA_35
ITA,A1,PA,2006,MUSSISMILIA_HISPIDA,0.0,0.8698829300837769,0.2542519706809724,1.26,-16.9,-39.06,A1_PA_36
ITA,A1,PA,2006,MUSSISMILIA_HISPIDA,0.0,0.8698829300837769,0.2542519706809724,1.26,-16.9,-39.06,A1_PA_37
ITA,A1,PA,2006,MUSSISMILIA_HISPIDA,0.0,0.8698829300837769,0.2542519706809724,1.26,-16.9,-39.06,A1_PA_38
ITA,A1,PA,2006,MUSSISMILIA_HISPIDA,0.0,0.8698829300837769,0.2542519706809724,1.26,-16.9,-39.06,A1_PA_39
ITA,A1,PA,2006,TURF,96.32352941176471,0.8698829300837769,0.2542519706809724,1.26,-16.9,-39.06,A1_PA_40
ITA,A1,PA,2006,TURF,86.89138576779027,0.8698829300837769,0.2542519706809724,1.26,-16.9,-39.06,A1_PA_41
ITA,A1,PA,2006,TURF,84.35374149659864,0.8698829300837769,0.2542519706809724,1.26,-16.9,-39.06,A1_PA_42
ITA,A1,PA,2006,TURF,86.98884758364312,0.8698829300837769,0.2542519706809724,1.26,-16.9,-39.06,A1_PA_43
ITA,A1,PA,2006,TURF,88.17567567567568,0.8698829300837769,0.2542519706809724,1.26,-16.9,-39.06,A1_PA_44
ITA,A1,PA,2006,TURF,89.56228956228956,0.8698829300837769,0.2542519706809724,1.26,-16.9,-39.06,A1_PA_45
ITA,A1,PA,2006,TURF,80.82191780821918,0.8698829300837769,0.2542519706809724,1.26,-16.9,-39.06,A1_PA_46
ITA,A1,PA,2006,TURF,76.2589928057554,0.8698829300837769,0.2542519706809724,1.26,-16.9,-39.06,A1_PA_47
ITA,A1,PA,2006,TURF,72.54237288135593,0.8698829300837769,0.2542519706809724,1.26,-16.9,-39.06,A1_PA_48
ITA,A1,PA,2006,TURF,43.08943089430895,0.8698829300837769,0.2542519706809724,1.26,-16.9,-39.06,A1_PA_49
ITA,A1,PA,2007,CCA,1.8382352941176472,0.8698829300837769,0.2542519706809724,1.26,-16.9,-39.06,A1_PA_50
ITA,A1,PA,2007,CCA,0.0,0.8698829300837769,0.2542519706809724,1.26,-16.9,-39.06,A1_PA_51
ITA,A1,PA,2007,CCA,1.7301038062283738,0.8698829300837769,0.2542519706809724,1.26,-16.9,-39.06,A1_PA_52
ITA,A1,PA,2007,CCA,0.3472222222222222,0.8698829300837769,0.2542519706809724,1.26,-16.9,-39.06,A1_PA_53
ITA,A1,PA,2007,CCA,0.0,0.8698829300837769,0.2542519706809724,1.26,-16.9,-39.06,A1_PA_54
ITA,A1,PA,2007,CCA,0.0,0.8698829300837769,0.2542519706809724,1.26,-16.9,-39.06,A1_PA_55
ITA,A1,PA,2007,CCA,0.37735849056603776,0.8698829300837769,0.2542519706809724,1.26,-16.9,-39.06,A1_PA_56
ITA,A1,PA,2007,CCA,1.4285714285714286,0.8698829300837769,0.2542519706809724,1.26,-16.9,-39.06,A1_PA_57
ITA,A1,PA,2007,CCA,0.0,0.8698829300837769,0.2542519706809724,1.26,-16.9,-39.06,A1_PA_58
ITA,A1,PA,2007,CCA,0.4608294930875576,0.8698829300837769,0.2542519706809724,1.26,-16.9,-39.06,A1_PA_59
ITA,A1,PA,2007,CYANO,0.0,0.8698829300837769,0.2542519706809724,1.26,-16.9,-39.06,A1_PA_60
ITA,A1,PA,2007,CYANO,0.3787878787878788,0.8698829300837769,0.2542519706809724,1.26,-16.9,-39.06,A1_PA_61
ITA,A1,PA,2007,CYANO,0.0,0.8698829300837769,0.2542519706809724,1.26,-16.9,-39.06,A1_PA_62
ITA,A1,PA,2007,CYANO,0.0,0.8698829300837769,0.2542519706809724,1.26,-16.9,-39.06,A1_PA_63
ITA,A1,PA,2007,CYANO,0.0,0.8698829300837769,0.2542519706809724,1.26,-16.9,-39.06,A1_PA_64
ITA,A1,PA,2007,CYANO,0.0,0.8698829300837769,0.2542519706809724,1.26,-16.9,-39.06,A1_PA_65
ITA,A1,PA,2007,CYANO,0.0,0.8698829300837769,0.2542519706809724,1.26,-16.9,-39.06,A1_PA_66
ITA,A1,PA,2007,CYANO,0.0,0.8698829300837769,0.2542519706809724,1.26,-16.9,-39.06,A1_PA_67
ITA,A1,PA,2007,CYANO,0.0,0.8698829300837769,0.2542519706809724,1.26,-16.9,-39.06,A1_PA_68
ITA,A1,PA,2007,CYANO,0.0,0.8698829300837769,0.2542519706809724,1.26,-16.9,-39.06,A1_PA_69
ITA,A1,PA,2007,MACROALGAE,0.0,0.8698829300837769,0.2542519706809724,1.26,-16.9,-39.06,A1_PA_70
ITA,A1,PA,2007,MACROALGAE,0.0,0.8698829300837769,0.2542519706809724,1.26,-16.9,-39.06,A1_PA_71
ITA,A1,PA,2007,MACROALGAE,0.0,0.8698829300837769,0.2542519706809724,1.26,-16.9,-39.06,A1_PA_72
ITA,A1,PA,2007,MACROALGAE,0.0,0.8698829300837769,0.2542519706809724,1.26,-16.9,-39.06,A1_PA_73
ITA,A1,PA,2007,MACROALGAE,0.0,0.8698829300837769,0.2542519706809724,1.26,-16.9,-39.06,A1_PA_74
ITA,A1,PA,2007,MACROALGAE,1.444043321299639,0.8698829300837769,0.2542519706809724,1.26,-16.9,-39.06,A1_PA_75
ITA,A1,PA,2007,MACROALGAE,0.0,0.8698829300837769,0.2542519706809724,1.26,-16.9,-39.06,A1_PA_76
ITA,A1,PA,2007,MACROALGAE,0.0,0.8698829300837769,0.2542519706809724,1.26,-16.9,-39.06,A1_PA_77
ITA,A1,PA,2007,MACROALGAE,0.0,0.8698829300837769,0.2542519706809724,1.26,-16.9,-39.06,A1_PA_78
ITA,A1,PA,2007,MACROALGAE,0.0,0.8698829300837769,0.2542519706809724,1.26,-16.9,-39.06,A1_PA_79
ITA,A1,PA,2007,MUSSISMILIA_HISPIDA,0.0,0.8698829300837769,0.2542519706809724,1.26,-16.9,-39.06,A1_PA_80
ITA,A1,PA,2007,MUSSISMILIA_HISPIDA,0.0,0.8698829300837769,0.2542519706809724,1.26,-16.9,-39.06,A1_PA_81
ITA,A1,PA,2007,MUSSISMILIA_HISPIDA,1.0380622837370241,0.8698829300837769,0.2542519706809724,1.26,-16.9,-39.06,A1_PA_82
ITA,A1,PA,2007,MUSSISMILIA_HISPIDA,0.0,0.8698829300837769,0.2542519706809724,1.26,-16.9,-39.06,A1_PA_83
ITA,A1,PA,2007,MUSSISMILIA_HISPIDA,0.0,0.8698829300837769,0.2542519706809724,1.26,-16.9,-39.06,A1_PA_84
ITA,A1,PA,2007,MUSSISMILIA_HISPIDA,0.36101083032490977,0.8698829300837769,0.2542519706809724,1.26,-16.9,-39.06,A1_PA_85
ITA,A1,PA,2007,MUSSISMILIA_HISPIDA,0.0,0.8698829300837769,0.2542519706809724,1.26,-16.9,-39.06,A1_PA_86
ITA,A1,PA,2007,MUSSISMILIA_HISPIDA,0.0,0.8698829300837769,0.2542519706809724,1.26,-16.9,-39.06,A1_PA_87
ITA,A1,PA,2007,MUSSISMILIA_HISPIDA,0.3703703703703704,0.8698829300837769,0.2542519706809724,1.26,-16.9,-39.06,A1_PA_88
ITA,A1,PA,2007,MUSSISMILIA_HISPIDA,0.0,0.8698829300837769,0.2542519706809724,1.26,-16.9,-39.06,A1_PA_89
ITA,A1,PA,2007,TURF,95.58823529411765,0.8698829300837769,0.2542519706809724,1.26,-16.9,-39.06,A1_PA_90
ITA,A1,PA,2007,TURF,96.21212121212122,0.8698829300837769,0.2542519706809724,1.26,-16.9,-39.06,A1_PA_91
ITA,A1,PA,2007,TURF,91.00346020761245,0.8698829300837769,0.2542519706809724,1.26,-16.9,-39.06,A1_PA_92
ITA,A1,PA,2007,TURF,93.75,0.8698829300837769,0.2542519706809724,1.26,-16.9,-39.06,A1_PA_93
ITA,A1,PA,2007,TURF,93.97163120567376,0.8698829300837769,0.2542519706809724,1.26,-16.9,-39.06,A1_PA_94
ITA,A1,PA,2007,TURF,89.89169675090253,0.8698829300837769,0.2542519706809724,1.26,-16.9,-39.06,A1_PA_95
ITA,A1,PA,2007,TURF,81.13207547169812,0.8698829300837769,0.2542519706809724,1.26,-16.9,-39.06,A1_PA_96
ITA,A1,PA,2007,TURF,80.0,0.8698829300837769,0.2542519706809724,1.26,-16.9,-39.06,A1_PA_97
ITA,A1,PA,2007,TURF,71.85185185185186,0.8698829300837769,0.2542519706809724,1.26,-16.9,-39.06,A1_PA_98
ITA,A1,PA,2007,TURF,45.16129032258064,0.8698829300837769,0.2542519706809724,1.26,-16.9,-39.06,A1_PA_99
ITA,A1,PA,2008,CCA,0.3558718861209964,0.8698829300837769,0.2542519706809724,1.26,-16.9,-39.06,A1_PA_100
ITA,A1,PA,2008,CCA,8.30188679245283,0.8698829300837769,0.2542519706809724,1.26,-16.9,-39.06,A1_PA_101
ITA,A1,PA,2008,CCA,0.0,0.8698829300837769,0.2542519706809724,1.26,-16.9,-39.06,A1_PA_102
ITA,A1,PA,2008,CCA,1.384083044982699,0.8698829300837769,0.2542519706809724,1.26,-16.9,-39.06,A1_PA_103
ITA,A1,PA,2008,CCA,8.13953488372093,0.8698829300837769,0.2542519706809724,1.26,-16.9,-39.06,A1_PA_104
ITA,A1,PA,2008,CCA,0.0,0.8698829300837769,0.2542519706809724,1.26,-16.9,-39.06,A1_PA_105
ITA,A1,PA,2008,CCA,0.7168458781362007,0.8698829300837769,0.2542519706809724,1.26,-16.9,-39.06,A1_PA_106
ITA,A1,PA,2008,CCA,0.3546099290780142,0.8698829300837769,0.2542519706809724,1.26,-16.9,-39.06,A1_PA_107
ITA,A1,PA,2008,CCA,2.5454545454545454,0.8698829300837769,0.2542519706809724,1.26,-16.9,-39.06,A1_PA_108
ITA,A1,PA,2008,CCA,0.0,0.8698829300837769,0.2542519706809724,1.26,-16.9,-39.06,A1_PA_109
ITA,A1,PA,2008,CYANO,0.0,0.8698829300837769,0.2542519706809724,1.26,-16.9,-39.06,A1_PA_110
ITA,A1,PA,2008,CYANO,0.0,0.8698829300837769,0.2542519706809724,1.26,-16.9,-39.06,A1_PA_111
ITA,A1,PA,2008,CYANO,0.0,0.8698829300837769,0.2542519706809724,1.26,-16.9,-39.06,A1_PA_112
ITA,A1,PA,2008,CYANO,0.0,0.8698829300837769,0.2542519706809724,1.26,-16.9,-39.06,A1_PA_113
ITA,A1,PA,2008,CYANO,0.0,0.8698829300837769,0.2542519706809724,1.26,-16.9,-39.06,A1_PA_114
ITA,A1,PA,2008,CYANO,0.0,0.8698829300837769,0.2542519706809724,1.26,-16.9,-39.06,A1_PA_115
ITA,A1,PA,2008,CYANO,0.0,0.8698829300837769,0.2542519706809724,1.26,-16.9,-39.06,A1_PA_116
ITA,A1,PA,2008,CYANO,0.0,0.8698829300837769,0.2542519706809724,1.26,-16.9,-39.06,A1_PA_117
ITA,A1,PA,2008,CYANO,0.36363636363636365,0.8698829300837769,0.2542519706809724,1.26,-16.9,-39.06,A1_PA_118
ITA,A1,PA,2008,CYANO,0.0,0.8698829300837769,0.2542519706809724,1.26,-16.9,-39.06,A1_PA_119
ITA,A1,PA,2008,MACROALGAE,0.0,0.8698829300837769,0.2542519706809724,1.26,-16.9,-39.06,A1_PA_120
ITA,A1,PA,2008,MACROALGAE,0.7547169811320755,0.8698829300837769,0.2542519706809724,1.26,-16.9,-39.06,A1_PA_121
ITA,A1,PA,2008,MACROALGAE,10.699588477366255,0.8698829300837769,0.2542519706809724,1.26,-16.9,-39.06,A1_PA_122
ITA,A1,PA,2008,MACROALGAE,3.4602076124567476,0.8698829300837769,0.2542519706809724,1.26,-16.9,-39.06,A1_PA_123
ITA,A1,PA,2008,MACROALGAE,0.0,0.8698829300837769,0.2542519706809724,1.26,-16.9,-39.06,A1_PA_124
ITA,A1,PA,2008,MACROALGAE,1.3888888888888888,0.8698829300837769,0.2542519706809724,1.26,-16.9,-39.06,A1_PA_125
ITA,A1,PA,2008,MACROALGAE,0.0,0.8698829300837769,0.2542519706809724,1.26,-16.9,-39.06,A1_PA_126
ITA,A1,PA,2008,MACROALGAE,0.0,0.8698829300837769,0.2542519706809724,1.26,-16.9,-39.06,A1_PA_127
ITA,A1,PA,2008,MACROALGAE,2.909090909090909,0.8698829300837769,0.2542519706809724,1.26,-16.9,-39.06,A1_PA_128
ITA,A1,PA,2008,MACROALGAE,0.4132231404958678,0.8698829300837769,0.2542519706809724,1.26,-16.9,-39.06,A1_PA_129
ITA,A1,PA,2008,MUSSISMILIA_HISPIDA,0.0,0.8698829300837769,0.2542519706809724,1.26,-16.9,-39.06,A1_PA_130
ITA,A1,PA,2008,MUSSISMILIA_HISPIDA,0.37735849056603776,0.8698829300837769,0.2542519706809724,1.26,-16.9,-39.06,A1_PA_131
ITA,A1,PA,2008,MUSSISMILIA_HISPIDA,0.0,0.8698829300837769,0.2542519706809724,1.26,-16.9,-39.06,A1_PA_132
ITA,A1,PA,2008,MUSSISMILIA_HISPIDA,0.0,0.8698829300837769,0.2542519706809724,1.26,-16.9,-39.06,A1_PA_133
ITA,A1,PA,2008,MUSSISMILIA_HISPIDA,0.0,0.8698829300837769,0.2542519706809724,1.26,-16.9,-39.06,A1_PA_134
ITA,A1,PA,2008,MUSSISMILIA_HISPIDA,0.0,0.8698829300837769,0.2542519706809724,1.26,-16.9,-39.06,A1_PA_135
ITA,A1,PA,2008,MUSSISMILIA_HISPIDA,0.0,0.8698829300837769,0.2542519706809724,1.26,-16.9,-39.06,A1_PA_136
ITA,A1,PA,2008,MUSSISMILIA_HISPIDA,0.0,0.8698829300837769,0.2542519706809724,1.26,-16.9,-39.06,A1_PA_137
ITA,A1,PA,2008,MUSSISMILIA_HISPIDA,0.36363636363636365,0.8698829300837769,0.2542519706809724,1.26,-16.9,-39.06,A1_PA_138
ITA,A1,PA,2008,MUSSISMILIA_HISPIDA,0.0,0.8698829300837769,0.2542519706809724,1.26,-16.9,-39.06,A1_PA_139
ITA,A1,PA,2008,TURF,99.28825622775801,0.8698829300837769,0.2542519706809724,1.26,-16.9,-39.06,A1_PA_140
ITA,A1,PA,2008,TURF,88.30188679245283,0.8698829300837769,0.2542519706809724,1.26,-16.9,-39.06,A1_PA_141
ITA,A1,PA,2008,TURF,87.65432098765432,0.8698829300837769,0.2542519706809724,1.26,-16.9,-39.06,A1_PA_142
ITA,A1,PA,2008,TURF,90.3114186851211,0.8698829300837769,0.2542519706809724,1.26,-16.9,-39.06,A1_PA_143
ITA,A1,PA,2008,TURF,84.10852713178295,0.8698829300837769,0.2542519706809724,1.26,-16.9,-39.06,A1_PA_144
ITA,A1,PA,2008,TURF,89.23611111111111,0.8698829300837769,0.2542519706809724,1.26,-16.9,-39.06,A1_PA_145
ITA,A1,PA,2008,TURF,78.13620071684588,0.8698829300837769,0.2542519706809724,1.26,-16.9,-39.06,A1_PA_146
ITA,A1,PA,2008,TURF,78.36879432624113,0.8698829300837769,0.2542519706809724,1.26,-16.9,-39.06,A1_PA_147
ITA,A1,PA,2008,TURF,67.63636363636364,0.8698829300837769,0.2542519706809724,1.26,-16.9,-39.06,A1_PA_148
ITA,A1,PA,2008,TURF,48.760330578512395,0.8698829300837769,0.2542519706809724,1.26,-16.9,-39.06,A1_PA_149
ITA,A1,TP,2006,CCA,0.0,0.8698829300837769,0.2542519706809724,1.26,-16.9,-39.06,A1_TP_0
ITA,A1,TP,2006,CCA,0.0,0.8698829300837769,0.2542519706809724,1.26,-16.9,-39.06,A1_TP_1
ITA,A1,TP,2006,CCA,0.33557046979865773,0.8698829300837769,0.2542519706809724,1.26,-16.9,-39.06,A1_TP_2
ITA,A1,TP,2006,CCA,0.6756756756756757,0.8698829300837769,0.2542519706809724,1.26,-16.9,-39.06,A1_TP_3
ITA,A1,TP,2006,CCA,0.36101083032490977,0.8698829300837769,0.2542519706809724,1.26,-16.9,-39.06,A1_TP_4
ITA,A1,TP,2006,CCA,0.0,0.8698829300837769,0.2542519706809724,1.26,-16.9,-39.06,A1_TP_5
ITA,A1,TP,2006,CCA,0.0,0.8698829300837769,0.2542519706809724,1.26,-16.9,-39.06,A1_TP_6
ITA,A1,TP,2006,CCA,0.33670033670033667,0.8698829300837769,0.2542519706809724,1.26,-16.9,-39.06,A1_TP_7
ITA,A1,TP,2006,CCA,0.0,0.8698829300837769,0.2542519706809724,1.26,-16.9,-39.06,A1_TP_8
ITA,A1,TP,2006,CCA,0.0,0.8698829300837769,0.2542519706809724,1.26,-16.9,-39.06,A1_TP_9
ITA,A1,TP,2006,CYANO,0.0,0.8698829300837769,0.2542519706809724,1.26,-16.9,-39.06,A1_TP_10
ITA,A1,TP,2006,CYANO,0.0,0.8698829300837769,0.2542519706809724,1.26,-16.9,-39.06,A1_TP_11
ITA,A1,TP,2006,CYANO,0.0,0.8698829300837769,0.2542519706809724,1.26,-16.9,-39.06,A1_TP_12
ITA,A1,TP,2006,CYANO,0.0,0.8698829300837769,0.2542519706809724,1.26,-16.9,-39.06,A1_TP_13
ITA,A1,TP,2006,CYANO,0.0,0.8698829300837769,0.2542519706809724,1.26,-16.9,-39.06,A1_TP_14
ITA,A1,TP,2006,CYANO,0.0,0.8698829300837769,0.2542519706809724,1.26,-16.9,-39.06,A1_TP_15
ITA,A1,TP,2006,CYANO,0.0,0.8698829300837769,0.2542519706809724,1.26,-16.9,-39.06,A1_TP_16
ITA,A1,TP,2006,CYANO,0.0,0.8698829300837769,0.2542519706809724,1.26,-16.9,-39.06,A1_TP_17
ITA,A1,TP,2006,CYANO,0.0,0.8698829300837769,0.2542519706809724,1.26,-16.9,-39.06,A1_TP_18
ITA,A1,TP,2006,CYANO,0.0,0.8698829300837769,0.2542519706809724,1.26,-16.9,-39.06,A1_TP_19
ITA,A1,TP,2006,MACROALGAE,93.64548494983278,0.8698829300837769,0.2542519706809724,1.26,-16.9,-39.06,A1_TP_20
ITA,A1,TP,2006,MACROALGAE,15.771812080536913,0.8698829300837769,0.2542519706809724,1.26,-16.9,-39.06,A1_TP_21
ITA,A1,TP,2006,MACROALGAE,98.3221476510067,0.8698829300837769,0.2542519706809724,1.26,-16.9,-39.06,A1_TP_22
ITA,A1,TP,2006,MACROALGAE,63.17567567567568,0.8698829300837769,0.2542519706809724,1.26,-16.9,-39.06,A1_TP_23
ITA,A1,TP,2006,MACROALGAE,8.303249097472925,0.8698829300837769,0.2542519706809724,1.26,-16.9,-39.06,A1_TP_24
ITA,A1,TP,2006,MACROALGAE,18.06020066889632,0.8698829300837769,0.2542519706809724,1.26,-16.9,-39.06,A1_TP_25
ITA,A1,TP,2006,MACROALGAE,8.724832214765101,0.8698829300837769,0.2542519706809724,1.26,-16.9,-39.06,A1_TP_26
ITA,A1,TP,2006,MACROALGAE,51.178451178451176,0.8698829300837769,0.2542519706809724,1.26,-16.9,-39.06,A1_TP_27
ITA,A1,TP,2006,MACROALGAE,0.0,0.8698829300837769,0.2542519706809724,1.26,-16.9,-39.06,A1_TP_28
ITA,A1,TP,2006,MACROALGAE,13.194444444444445,0.8698829300837769,0.2542519706809724,1.26,-16.9,-39.06,A1_TP_29
ITA,A1,TP,2006,MUSSISMILIA_HISPIDA,0.0,0.8698829300837769,0.2542519706809724,1.26,-16.9,-39.06,A1_TP_30
ITA,A1,TP,2006,MUSSISMILIA_HISPIDA,0.0,0.8698829300837769,0.2542519706809724,1.26,-16.9,-39.06,A1_TP_31
ITA,A1,TP,2006,MUSSISMILIA_HISPIDA,0.0,0.8698829300837769,0.2542519706809724,1.26,-16.9,-39.06,A1_TP_32
ITA,A1,TP,2006,MUSSISMILIA_HISPIDA,0.0,0.8698829300837769,0.2542519706809724,1.26,-16.9,-39.06,A1_TP_33
ITA,A1,TP,2006,MUSSISMILIA_HISPIDA,0.0,0.8698829300837769,0.2542519706809724,1.26,-16.9,-39.06,A1_TP_34
ITA,A1,TP,2006,MUSSISMILIA_HISPIDA,0.33444816053511706,0.8698829300837769,0.2542519706809724,1.26,-16.9,-39.06,A1_TP_35
ITA,A1,TP,2006,MUSSISMILIA_HISPIDA,0.0,0.8698829300837769,0.2542519706809724,1.26,-16.9,-39.06,A1_TP_36
ITA,A1,TP,2006,MUSSISMILIA_HISPIDA,0.33670033670033667,0.8698829300837769,0.2542519706809724,1.26,-16.9,-39.06,A1_TP_37
ITA,A1,TP,2006,MUSSISMILIA_HISPIDA,1.0169491525423728,0.8698829300837769,0.2542519706809724,1.26,-16.9,-39.06,A1_TP_38
ITA,A1,TP,2006,MUSSISMILIA_HISPIDA,1.7361111111111112,0.8698829300837769,0.2542519706809724,1.26,-16.9,-39.06,A1_TP_39
ITA,A1,TP,2006,TURF,6.354515050167224,0.8698829300837769,0.2542519706809724,1.26,-16.9,-39.06,A1_TP_40
ITA,A1,TP,2006,TURF,84.22818791946308,0.8698829300837769,0.2542519706809724,1.26,-16.9,-39.06,A1_TP_41
ITA,A1,TP,2006,TURF,1.006711409395973,0.8698829300837769,0.2542519706809724,1.26,-16.9,-39.06,A1_TP_42
ITA,A1,TP,2006,TURF,35.13513513513514,0.8698829300837769,0.2542519706809724,1.26,-16.9,-39.06,A1_TP_43
ITA,A1,TP,2006,TURF,28.880866425992778,0.8698829300837769,0.2542519706809724,1.26,-16.9,-39.06,A1_TP_44
ITA,A1,TP,2006,TURF,76.2541806020067,0.8698829300837769,0.2542519706809724,1.26,-16.9,-39.06,A1_TP_45
ITA,A1,TP,2006,TURF,71.14093959731544,0.8698829300837769,0.2542519706809724,1.26,-16.9,-39.06,A1_TP_46
ITA,A1,TP,2006,TURF,46.464646464646464,0.8698829300837769,0.2542519706809724,1.26,-16.9,-39.06,A1_TP_47
ITA,A1,TP,2006,TURF,93.55932203389831,0.8698829300837769,0.2542519706809724,1.26,-16.9,-39.06,A1_TP_48
ITA,A1,TP,2006,TURF,64.23611111111111,0.8698829300837769,0.2542519706809724,1.26,-16.9,-39.06,A1_TP_49
ITA,A1,TP,2007,CCA,0.0,0.8698829300837769,0.2542519706809724,1.26,-16.9,-39.06,A1_TP_50
ITA,A1,TP,2007,CCA,0.0,0.8698829300837769,0.2542519706809724,1.26,-16.9,-39.06,A1_TP_51
ITA,A1,TP,2007,CCA,0.0,0.8698829300837769,0.2542519706809724,1.26,-16.9,-39.06,A1_TP_52
ITA,A1,TP,2007,CCA,0.6779661016949152,0.8698829300837769,0.2542519706809724,1.26,-16.9,-39.06,A1_TP_53
ITA,A1,TP,2007,CCA,0.0,0.8698829300837769,0.2542519706809724,1.26,-16.9,-39.06,A1_TP_54
ITA,A1,TP,2007,CCA,0.0,0.8698829300837769,0.2542519706809724,1.26,-16.9,-39.06,A1_TP_55
ITA,A1,TP,2007,CCA,0.0,0.8698829300837769,0.2542519706809724,1.26,-16.9,-39.06,A1_TP_56
ITA,A1,TP,2007,CCA,0.0,0.8698829300837769,0.2542519706809724,1.26,-16.9,-39.06,A1_TP_57
ITA,A1,TP,2007,CCA,0.0,0.8698829300837769,0.2542519706809724,1.26,-16.9,-39.06,A1_TP_58
ITA,A1,TP,2007,CCA,0.0,0.8698829300837769,0.2542519706809724,1.26,-16.9,-39.06,A1_TP_59
ITA,A1,TP,2007,CYANO,0.0,0.8698829300837769,0.2542519706809724,1.26,-16.9,-39.06,A1_TP_60
ITA,A1,TP,2007,CYANO,0.0,0.8698829300837769,0.2542519706809724,1.26,-16.9,-39.06,A1_TP_61
ITA,A1,TP,2007,CYANO,0.0,0.8698829300837769,0.2542519706809724,1.26,-16.9,-39.06,A1_TP_62
ITA,A1,TP,2007,CYANO,0.0,0.8698829300837769,0.2542519706809724,1.26,-16.9,-39.06,A1_TP_63
ITA,A1,TP,2007,CYANO,0.0,0.8698829300837769,0.2542519706809724,1.26,-16.9,-39.06,A1_TP_64
ITA,A1,TP,2007,CYANO,0.0,0.8698829300837769,0.2542519706809724,1.26,-16.9,-39.06,A1_TP_65
ITA,A1,TP,2007,CYANO,0.0,0.8698829300837769,0.2542519706809724,1.26,-16.9,-39.06,A1_TP_66
ITA,A1,TP,2007,CYANO,0.0,0.8698829300837769,0.2542519706809724,1.26,-16.9,-39.06,A1_TP_67
ITA,A1,TP,2007,CYANO,0.0,0.8698829300837769,0.2542519706809724,1.26,-16.9,-39.06,A1_TP_68
ITA,A1,TP,2007,CYANO,0.0,0.8698829300837769,0.2542519706809724,1.26,-16.9,-39.06,A1_TP_69
ITA,A1,TP,2007,MACROALGAE,8.135593220338983,0.8698829300837769,0.2542519706809724,1.26,-16.9,-39.06,A1_TP_70
ITA,A1,TP,2007,MACROALGAE,89.19860627177701,0.8698829300837769,0.2542519706809724,1.26,-16.9,-39.06,A1_TP_71
ITA,A1,TP,2007,MACROALGAE,54.54545454545454,0.8698829300837769,0.2542519706809724,1.26,-16.9,-39.06,A1_TP_72
ITA,A1,TP,2007,MACROALGAE,47.79661016949153,0.8698829300837769,0.2542519706809724,1.26,-16.9,-39.06,A1_TP_73
ITA,A1,TP,2007,MACROALGAE,68.15068493150685,0.8698829300837769,0.2542519706809724,1.26,-16.9,-39.06,A1_TP_74
ITA,A1,TP,2007,MACROALGAE,17.88321167883212,0.8698829300837769,0.2542519706809724,1.26,-16.9,-39.06,A1_TP_75
ITA,A1,TP,2007,MACROALGAE,3.3783783783783785,0.8698829300837769,0.2542519706809724,1.26,-16.9,-39.06,A1_TP_76
ITA,A1,TP,2007,MACROALGAE,37.20136518771331,0.8698829300837769,0.2542519706809724,1.26,-16.9,-39.06,A1_TP_77
ITA,A1,TP,2007,MACROALGAE,0.0,0.8698829300837769,0.2542519706809724,1.26,-16.9,-39.06,A1_TP_78
ITA,A1,TP,2007,MACROALGAE,27.77777777777778,0.8698829300837769,0.2542519706809724,1.26,-16.9,-39.06,A1_TP_79
ITA,A1,TP,2007,MUSSISMILIA_HISPIDA,0.0,0.8698829300837769,0.2542519706809724,1.26,-16.9,-39.06,A1_TP_80
ITA,A1,TP,2007,MUSSISMILIA_HISPIDA,0.0,0.8698829300837769,0.2542519706809724,1.26,-16.9,-39.06,A1_TP_81
ITA,A1,TP,2007,MUSSISMILIA_HISPIDA,0.0,0.8698829300837769,0.2542519706809724,1.26,-16.9,-39.06,A1_TP_82
ITA,A1,TP,2007,MUSSISMILIA_HISPIDA,0.0,0.8698829300837769,0.2542519706809724,1.26,-16.9,-39.06,A1_TP_83
ITA,A1,TP,2007,MUSSISMILIA_HISPIDA,0.0,0.8698829300837769,0.2542519706809724,1.26,-16.9,-39.06,A1_TP_84
ITA,A1,TP,2007,MUSSISMILIA_HISPIDA,0.0,0.8698829300837769,0.2542519706809724,1.26,-16.9,-39.06,A1_TP_85
ITA,A1,TP,2007,MUSSISMILIA_HISPIDA,0.0,0.8698829300837769,0.2542519706809724,1.26,-16.9,-39.06,A1_TP_86
ITA,A1,TP,2007,MUSSISMILIA_HISPIDA,1.3651877133105803,0.8698829300837769,0.2542519706809724,1.26,-16.9,-39.06,A1_TP_87
ITA,A1,TP,2007,MUSSISMILIA_HISPIDA,0.3401360544217687,0.8698829300837769,0.2542519706809724,1.26,-16.9,-39.06,A1_TP_88
ITA,A1,TP,2007,MUSSISMILIA_HISPIDA,0.3472222222222222,0.8698829300837769,0.2542519706809724,1.26,-16.9,-39.06,A1_TP_89
ITA,A1,TP,2007,TURF,91.86440677966101,0.8698829300837769,0.2542519706809724,1.26,-16.9,-39.06,A1_TP_90
ITA,A1,TP,2007,TURF,9.40766550522648,0.8698829300837769,0.2542519706809724,1.26,-16.9,-39.06,A1_TP_91
ITA,A1,TP,2007,TURF,34.34343434343434,0.8698829300837769,0.2542519706809724,1.26,-16.9,-39.06,A1_TP_92
ITA,A1,TP,2007,TURF,48.47457627118644,0.8698829300837769,0.2542519706809724,1.26,-16.9,-39.06,A1_TP_93
ITA,A1,TP,2007,TURF,30.82191780821918,0.8698829300837769,0.2542519706809724,1.26,-16.9,-39.06,A1_TP_94
ITA,A1,TP,2007,TURF,22.62773722627737,0.8698829300837769,0.2542519706809724,1.26,-16.9,-39.06,A1_TP_95
ITA,A1,TP,2007,TURF,92.56756756756756,0.8698829300837769,0.2542519706809724,1.26,-16.9,-39.06,A1_TP_96
ITA,A1,TP,2007,TURF,56.655290102389074,0.8698829300837769,0.2542519706809724,1.26,-16.9,-39.06,A1_TP_97
ITA,A1,TP,2007,TURF,91.49659863945578,0.8698829300837769,0.2542519706809724,1.26,-16.9,-39.06,A1_TP_98
ITA,A1,TP,2007,TURF,55.90277777777778,0.8698829300837769,0.2542519706809724,1.26,-16.9,-39.06,A1_TP_99
ITA,A1,TP,2008,CCA,0.33783783783783783,0.8698829300837769,0.2542519706809724,1.26,-16.9,-39.06,A1_TP_100
ITA,A1,TP,2008,CCA,1.3986013986013985,0.8698829300837769,0.2542519706809724,1.26,-16.9,-39.06,A1_TP_101
ITA,A1,TP,2008,CCA,0.0,0.8698829300837769,0.2542519706809724,1.26,-16.9,-39.06,A1_TP_102
ITA,A1,TP,2008,CCA,0.3436426116838488,0.8698829300837769,0.2542519706809724,1.26,-16.9,-39.06,A1_TP_103
ITA,A1,TP,2008,CCA,0.33783783783783783,0.8698829300837769,0.2542519706809724,1.26,-16.9,-39.06,A1_TP_104
ITA,A1,TP,2008,CCA,0.35842293906810035,0.8698829300837769,0.2542519706809724,1.26,-16.9,-39.06,A1_TP_105
ITA,A1,TP,2008,CCA,2.0408163265306123,0.8698829300837769,0.2542519706809724,1.26,-16.9,-39.06,A1_TP_106
ITA,A1,TP,2008,CCA,0.7246376811594203,0.8698829300837769,0.2542519706809724,1.26,-16.9,-39.06,A1_TP_107
ITA,A1,TP,2008,CCA,0.3401360544217687,0.8698829300837769,0.2542519706809724,1.26,-16.9,-39.06,A1_TP_108
ITA,A1,TP,2008,CCA,0.0,0.8698829300837769,0.2542519706809724,1.26,-16.9,-39.06,A1_TP_109
ITA,A1,TP,2008,CYANO,0.0,0.8698829300837769,0.2542519706809724,1.26,-16.9,-39.06,A1_TP_110
ITA,A1,TP,2008,CYANO,0.0,0.8698829300837769,0.2542519706809724,1.26,-16.9,-39.06,A1_TP_111
ITA,A1,TP,2008,CYANO,0.0,0.8698829300837769,0.2542519706809724,1.26,-16.9,-39.06,A1_TP_112
ITA,A1,TP,2008,CYANO,0.0,0.8698829300837769,0.2542519706809724,1.26,-16.9,-39.06,A1_TP_113
ITA,A1,TP,2008,CYANO,0.0,0.8698829300837769,0.2542519706809724,1.26,-16.9,-39.06,A1_TP_114
ITA,A1,TP,2008,CYANO,0.0,0.8698829300837769,0.2542519706809724,1.26,-16.9,-39.06,A1_TP_115
ITA,A1,TP,2008,CYANO,0.0,0.8698829300837769,0.2542519706809724,1.26,-16.9,-39.06,A1_TP_116
ITA,A1,TP,2008,CYANO,0.0,0.8698829300837769,0.2542519706809724,1.26,-16.9,-39.06,A1_TP_117
ITA,A1,TP,2008,CYANO,0.0,0.8698829300837769,0.2542519706809724,1.26,-16.9,-39.06,A1_TP_118
ITA,A1,TP,2008,CYANO,0.0,0.8698829300837769,0.2542519706809724,1.26,-16.9,-39.06,A1_TP_119
ITA,A1,TP,2008,MACROALGAE,0.33783783783783783,0.8698829300837769,0.2542519706809724,1.26,-16.9,-39.06,A1_TP_120
ITA,A1,TP,2008,MACROALGAE,6.993006993006993,0.8698829300837769,0.2542519706809724,1.26,-16.9,-39.06,A1_TP_121
ITA,A1,TP,2008,MACROALGAE,3.7800687285223367,0.8698829300837769,0.2542519706809724,1.26,-16.9,-39.06,A1_TP_122
ITA,A1,TP,2008,MACROALGAE,2.7491408934707904,0.8698829300837769,0.2542519706809724,1.26,-16.9,-39.06,A1_TP_123
ITA,A1,TP,2008,MACROALGAE,3.040540540540541,0.8698829300837769,0.2542519706809724,1.26,-16.9,-39.06,A1_TP_124
ITA,A1,TP,2008,MACROALGAE,0.0,0.8698829300837769,0.2542519706809724,1.26,-16.9,-39.06,A1_TP_125
ITA,A1,TP,2008,MACROALGAE,5.782312925170068,0.8698829300837769,0.2542519706809724,1.26,-16.9,-39.06,A1_TP_126
ITA,A1,TP,2008,MACROALGAE,1.0869565217391304,0.8698829300837769,0.2542519706809724,1.26,-16.9,-39.06,A1_TP_127
ITA,A1,TP,2008,MACROALGAE,1.7006802721088436,0.8698829300837769,0.2542519706809724,1.26,-16.9,-39.06,A1_TP_128
ITA,A1,TP,2008,MACROALGAE,0.684931506849315,0.8698829300837769,0.2542519706809724,1.26,-16.9,-39.06,A1_TP_129
ITA,A1,TP,2008,MUSSISMILIA_HISPIDA,0.0,0.8698829300837769,0.2542519706809724,1.26,-16.9,-39.06,A1_TP_130
ITA,A1,TP,2008,MUSSISMILIA_HISPIDA,0.0,0.8698829300837769,0.2542519706809724,1.26,-16.9,-39.06,A1_TP_131
ITA,A1,TP,2008,MUSSISMILIA_HISPIDA,0.3436426116838488,0.8698829300837769,0.2542519706809724,1.26,-16.9,-39.06,A1_TP_132
ITA,A1,TP,2008,MUSSISMILIA_HISPIDA,0.0,0.8698829300837769,0.2542519706809724,1.26,-16.9,-39.06,A1_TP_133
ITA,A1,TP,2008,MUSSISMILIA_HISPIDA,1.0135135135135136,0.8698829300837769,0.2542519706809724,1.26,-16.9,-39.06,A1_TP_134
ITA,A1,TP,2008,MUSSISMILIA_HISPIDA,0.0,0.8698829300837769,0.2542519706809724,1.26,-16.9,-39.06,A1_TP_135
ITA,A1,TP,2008,MUSSISMILIA_HISPIDA,0.0,0.8698829300837769,0.2542519706809724,1.26,-16.9,-39.06,A1_TP_136
ITA,A1,TP,2008,MUSSISMILIA_HISPIDA,0.36231884057971014,0.8698829300837769,0.2542519706809724,1.26,-16.9,-39.06,A1_TP_137
ITA,A1,TP,2008,MUSSISMILIA_HISPIDA,0.6802721088435374,0.8698829300837769,0.2542519706809724,1.26,-16.9,-39.06,A1_TP_138
ITA,A1,TP,2008,MUSSISMILIA_HISPIDA,1.0273972602739725,0.8698829300837769,0.2542519706809724,1.26,-16.9,-39.06,A1_TP_139
ITA,A1,TP,2008,TURF,98.3108108108108,0.8698829300837769,0.2542519706809724,1.26,-16.9,-39.06,A1_TP_140
ITA,A1,TP,2008,TURF,83.56643356643356,0.8698829300837769,0.2542519706809724,1.26,-16.9,-39.06,A1_TP_141
ITA,A1,TP,2008,TURF,76.6323024054983,0.8698829300837769,0.2542519706809724,1.26,-16.9,-39.06,A1_TP_142
ITA,A1,TP,2008,TURF,93.12714776632302,0.8698829300837769,0.2542519706809724,1.26,-16.9,-39.06,A1_TP_143
ITA,A1,TP,2008,TURF,84.7972972972973,0.8698829300837769,0.2542519706809724,1.26,-16.9,-39.06,A1_TP_144
ITA,A1,TP,2008,TURF,36.91756272401434,0.8698829300837769,0.2542519706809724,1.26,-16.9,-39.06,A1_TP_145
ITA,A1,TP,2008,TURF,85.71428571428571,0.8698829300837769,0.2542519706809724,1.26,-16.9,-39.06,A1_TP_146
ITA,A1,TP,2008,TURF,90.94202898550725,0.8698829300837769,0.2542519706809724,1.26,-16.9,-39.06,A1_TP_147
ITA,A1,TP,2008,TURF,90.1360544217687,0.8698829300837769,0.2542519706809724,1.26,-16.9,-39.06,A1_TP_148
ITA,A1,TP,2008,TURF,76.36986301369863,0.8698829300837769,0.2542519706809724,1.26,-16.9,-39.06,A1_TP_149
ITA,A2,PA,2006,CCA,0.36231884057971014,,,2.2,-16.91,-39.04,A2_PA_0
ITA,A2,PA,2006,CCA,0.0,,,2.2,-16.91,-39.04,A2_PA_1
ITA,A2,PA,2006,CCA,34.48275862068966,,,2.2,-16.91,-39.04,A2_PA_2
ITA,A2,PA,2006,CCA,6.0402684563758395,,,2.2,-16.91,-39.04,A2_PA_3
ITA,A2,PA,2006,CCA,25.666666666666664,,,2.2,-16.91,-39.04,A2_PA_4
ITA,A2,PA,2006,CCA,16.216216216216218,,,2.2,-16.91,-39.04,A2_PA_5
ITA,A2,PA,2006,CCA,28.859060402684566,,,2.2,-16.91,-39.04,A2_PA_6
ITA,A2,PA,2006,CCA,2.405498281786942,,,2.2,-16.91,-39.04,A2_PA_7
ITA,A2,PA,2006,CCA,11.387900355871885,,,2.2,-16.91,-39.04,A2_PA_8
ITA,A2,PA,2006,CCA,1.6835016835016834,,,2.2,-16.91,-39.04,A2_PA_9
ITA,A2,PA,2006,CYANO,0.0,,,2.2,-16.91,-39.04,A2_PA_10
ITA,A2,PA,2006,CYANO,0.0,,,2.2,-16.91,-39.04,A2_PA_11
ITA,A2,PA,2006,CYANO,0.0,,,2.2,-16.91,-39.04,A2_PA_12
ITA,A2,PA,2006,CYANO,0.0,,,2.2,-16.91,-39.04,A2_PA_13
ITA,A2,PA,2006,CYANO,0.0,,,2.2,-16.91,-39.04,A2_PA_14
ITA,A2,PA,2006,CYANO,0.0,,,2.2,-16.91,-39.04,A2_PA_15
ITA,A2,PA,2006,CYANO,0.0,,,2.2,-16.91,-39.04,A2_PA_16
ITA,A2,PA,2006,CYANO,0.0,,,2.2,-16.91,-39.04,A2_PA_17
ITA,A2,PA,2006,CYANO,0.0,,,2.2,-16.91,-39.04,A2_PA_18
ITA,A2,PA,2006,CYANO,0.33670033670033667,,,2.2,-16.91,-39.04,A2_PA_19
ITA,A2,PA,2006,MACROALGAE,75.36231884057972,,,2.2,-16.91,-39.04,A2_PA_20
ITA,A2,PA,2006,MACROALGAE,92.64214046822742,,,2.2,-16.91,-39.04,A2_PA_21
ITA,A2,PA,2006,MACROALGAE,49.310344827586206,,,2.2,-16.91,-39.04,A2_PA_22
ITA,A2,PA,2006,MACROALGAE,7.718120805369128,,,2.2,-16.91,-39.04,A2_PA_23
ITA,A2,PA,2006,MACROALGAE,35.66666666666667,,,2.2,-16.91,-39.04,A2_PA_24
ITA,A2,PA,2006,MACROALGAE,31.756756756756754,,,2.2,-16.91,-39.04,A2_PA_25
ITA,A2,PA,2006,MACROALGAE,42.281879194630875,,,2.2,-16.91,-39.04,A2_PA_26
ITA,A2,PA,2006,MACROALGAE,3.0927835051546393,,,2.2,-16.91,-39.04,A2_PA_27
ITA,A2,PA,2006,MACROALGAE,46.97508896797153,,,2.2,-16.91,-39.04,A2_PA_28
ITA,A2,PA,2006,MACROALGAE,53.87205387205387,,,2.2,-16.91,-39.04,A2_PA_29
ITA,A2,PA,2006,MUSSISMILIA_HISPIDA,0.0,,,2.2,-16.91,-39.04,A2_PA_30
ITA,A2,PA,2006,MUSSISMILIA_HISPIDA,0.0,,,2.2,-16.91,-39.04,A2_PA_31
ITA,A2,PA,2006,MUSSISMILIA_HISPIDA,0.0,,,2.2,-16.91,-39.04,A2_PA_32
ITA,A2,PA,2006,MUSSISMILIA_HISPIDA,0.0,,,2.2,-16.91,-39.04,A2_PA_33
ITA,A2,PA,2006,MUSSISMILIA_HISPIDA,0.0,,,2.2,-16.91,-39.04,A2_PA_34
ITA,A2,PA,2006,MUSSISMILIA_HISPIDA,0.0,,,2.2,-16.91,-39.04,A2_PA_35
ITA,A2,PA,2006,MUSSISMILIA_HISPIDA,0.0,,,2.2,-16.91,-39.04,A2_PA_36
ITA,A2,PA,2006,MUSSISMILIA_HISPIDA,1.718213058419244,,,2.2,-16.91,-39.04,A2_PA_37
ITA,A2,PA,2006,MUSSISMILIA_HISPIDA,2.135231316725979,,,2.2,-16.91,-39.04,A2_PA_38
ITA,A2,PA,2006,MUSSISMILIA_HISPIDA,4.377104377104377,,,2.2,-16.91,-39.04,A2_PA_39
ITA,A2,PA,2006,TURF,24.27536231884058,,,2.2,-16.91,-39.04,A2_PA_40
ITA,A2,PA,2006,TURF,3.3444816053511706,,,2.2,-16.91,-39.04,A2_PA_41
ITA,A2,PA,2006,TURF,11.03448275862069,,,2.2,-16.91,-39.04,A2_PA_42
ITA,A2,PA,2006,TURF,11.409395973154362,,,2.2,-16.91,-39.04,A2_PA_43
ITA,A2,PA,2006,TURF,25.333333333333336,,,2.2,-16.91,-39.04,A2_PA_44
ITA,A2,PA,2006,TURF,37.83783783783784,,,2.2,-16.91,-39.04,A2_PA_45
ITA,A2,PA,2006,TURF,14.429530201342283,,,2.2,-16.91,-39.04,A2_PA_46
ITA,A2,PA,2006,TURF,75.94501718213058,,,2.2,-16.91,-39.04,A2_PA_47
ITA,A2,PA,2006,TURF,21.352313167259787,,,2.2,-16.91,-39.04,A2_PA_48
ITA,A2,PA,2006,TURF,16.161616161616163,,,2.2,-16.91,-39.04,A2_PA_49
ITA,A2,PA,2007,CCA,21.014492753623188,,,2.2,-16.91,-39.04,A2_PA_50
ITA,A2,PA,2007,CCA,24.081632653061224,,,2.2,-16.91,-39.04,A2_PA_51
ITA,A2,PA,2007,CCA,18.928571428571427,,,2.2,-16.91,-39.04,A2_PA_52
ITA,A2,PA,2007,CCA,16.428571428571427,,,2.2,-16.91,-39.04,A2_PA_53
ITA,A2,PA,2007,CCA,23.56902356902357,,,2.2,-16.91,-39.04,A2_PA_54
ITA,A2,PA,2007,CCA,26.209677419354836,,,2.2,-16.91,-39.04,A2_PA_55
ITA,A2,PA,2007,CCA,20.588235294117645,,,2.2,-16.91,-39.04,A2_PA_56
ITA,A2,PA,2007,CCA,25.09090909090909,,,2.2,-16.91,-39.04,A2_PA_57
ITA,A2,PA,2007,CCA,21.3768115942029,,,2.2,-16.91,-39.04,A2_PA_58
ITA,A2,PA,2007,CCA,5.714285714285714,,,2.2,-16.91,-39.04,A2_PA_59
ITA,A2,PA,2007,CYANO,0.0,,,2.2,-16.91,-39.04,A2_PA_60
ITA,A2,PA,2007,CYANO,0.0,,,2.2,-16.91,-39.04,A2_PA_61
ITA,A2,PA,2007,CYANO,0.0,,,2.2,-16.91,-39.04,A2_PA_62
ITA,A2,PA,2007,CYANO,0.0,,,2.2,-16.91,-39.04,A2_PA_63
ITA,A2,PA,2007,CYANO,0.0,,,2.2,-16.91,-39.04,A2_PA_64
ITA,A2,PA,2007,CYANO,0.0,,,2.2,-16.91,-39.04,A2_PA_65
ITA,A2,PA,2007,CYANO,0.0,,,2.2,-16.91,-39.04,A2_PA_66
ITA,A2,PA,2007,CYANO,0.0,,,2.2,-16.91,-39.04,A2_PA_67
ITA,A2,PA,2007,CYANO,0.0,,,2.2,-16.91,-39.04,A2_PA_68
ITA,A2,PA,2007,CYANO,0.0,,,2.2,-16.91,-39.04,A2_PA_69
ITA,A2,PA,2007,MACROALGAE,3.6231884057971016,,,2.2,-16.91,-39.04,A2_PA_70
ITA,A2,PA,2007,MACROALGAE,0.0,,,2.2,-16.91,-39.04,A2_PA_71
ITA,A2,PA,2007,MACROALGAE,0.0,,,2.2,-16.91,-39.04,A2_PA_72
ITA,A2,PA,2007,MACROALGAE,1.0714285714285714,,,2.2,-16.91,-39.04,A2_PA_73
ITA,A2,PA,2007,MACROALGAE,0.0,,,2.2,-16.91,-39.04,A2_PA_74
ITA,A2,PA,2007,MACROALGAE,0.0,,,2.2,-16.91,-39.04,A2_PA_75
ITA,A2,PA,2007,MACROALGAE,2.941176470588235,,,2.2,-16.91,-39.04,A2_PA_76
ITA,A2,PA,2007,MACROALGAE,1.4545454545454546,,,2.2,-16.91,-39.04,A2_PA_77
ITA,A2,PA,2007,MACROALGAE,0.0,,,2.2,-16.91,-39.04,A2_PA_78
ITA,A2,PA,2007,MACROALGAE,0.0,,,2.2,-16.91,-39.04,A2_PA_79
ITA,A2,PA,2007,MUSSISMILIA_HISPIDA,0.0,,,2.2,-16.91,-39.04,A2_PA_80
ITA,A2,PA,2007,MUSSISMILIA_HISPIDA,0.0,,,2.2,-16.91,-39.04,A2_PA_81
ITA,A2,PA,2007,MUSSISMILIA_HISPIDA,0.0,,,2.2,-16.91,-39.04,A2_PA_82
ITA,A2,PA,2007,MUSSISMILIA_HISPIDA,0.0,,,2.2,-16.91,-39.04,A2_PA_83
ITA,A2,PA,2007,MUSSISMILIA_HISPIDA,0.0,,,2.2,-16.91,-39.04,A2_PA_84
ITA,A2,PA,2007,MUSSISMILIA_HISPIDA,0.0,,,2.2,-16.91,-39.04,A2_PA_85
ITA,A2,PA,2007,MUSSISMILIA_HISPIDA,0.0,,,2.2,-16.91,-39.04,A2_PA_86
ITA,A2,PA,2007,MUSSISMILIA_HISPIDA,0.0,,,2.2,-16.91,-39.04,A2_PA_87
ITA,A2,PA,2007,MUSSISMILIA_HISPIDA,0.0,,,2.2,-16.91,-39.04,A2_PA_88
ITA,A2,PA,2007,MUSSISMILIA_HISPIDA,1.0714285714285714,,,2.2,-16.91,-39.04,A2_PA_89
ITA,A2,PA,2007,TURF,74.63768115942028,,,2.2,-16.91,-39.04,A2_PA_90
ITA,A2,PA,2007,TURF,74.6938775510204,,,2.2,-16.91,-39.04,A2_PA_91
ITA,A2,PA,2007,TURF,76.42857142857142,,,2.2,-16.91,-39.04,A2_PA_92
ITA,A2,PA,2007,TURF,68.57142857142857,,,2.2,-16.91,-39.04,A2_PA_93
ITA,A2,PA,2007,TURF,69.02356902356902,,,2.2,-16.91,-39.04,A2_PA_94
ITA,A2,PA,2007,TURF,65.32258064516128,,,2.2,-16.91,-39.04,A2_PA_95
ITA,A2,PA,2007,TURF,66.17647058823529,,,2.2,-16.91,-39.04,A2_PA_96
ITA,A2,PA,2007,TURF,61.09090909090909,,,2.2,-16.91,-39.04,A2_PA_97
ITA,A2,PA,2007,TURF,63.76811594202898,,,2.2,-16.91,-39.04,A2_PA_98
ITA,A2,PA,2007,TURF,73.57142857142858,,,2.2,-16.91,-39.04,A2_PA_99
ITA,A2,PA,2008,CCA,20.588235294117645,,,2.2,-16.91,-39.04,A2_PA_100
ITA,A2,PA,2008,CCA,5.836575875486381,,,2.2,-16.91,-39.04,A2_PA_101
ITA,A2,PA,2008,CCA,3.3333333333333335,,,2.2,-16.91,-39.04,A2_PA_102
ITA,A2,PA,2008,CCA,6.153846153846154,,,2.2,-16.91,-39.04,A2_PA_103
ITA,A2,PA,2008,CCA,19.444444444444446,,,2.2,-16.91,-39.04,A2_PA_104
ITA,A2,PA,2008,CCA,1.9455252918287937,,,2.2,-16.91,-39.04,A2_PA_105
ITA,A2,PA,2008,CCA,6.451612903225806,,,2.2,-16.91,-39.04,A2_PA_106
ITA,A2,PA,2008,CCA,20.069204152249135,,,2.2,-16.91,-39.04,A2_PA_107
ITA,A2,PA,2008,CCA,10.606060606060606,,,2.2,-16.91,-39.04,A2_PA_108
ITA,A2,PA,2008,CCA,6.405693950177936,,,2.2,-16.91,-39.04,A2_PA_109
ITA,A2,PA,2008,CYANO,0.0,,,2.2,-16.91,-39.04,A2_PA_110
ITA,A2,PA,2008,CYANO,0.0,,,2.2,-16.91,-39.04,A2_PA_111
ITA,A2,PA,2008,CYANO,1.1111111111111112,,,2.2,-16.91,-39.04,A2_PA_112
ITA,A2,PA,2008,CYANO,1.5384615384615385,,,2.2,-16.91,-39.04,A2_PA_113
ITA,A2,PA,2008,CYANO,1.5873015873015872,,,2.2,-16.91,-39.04,A2_PA_114
ITA,A2,PA,2008,CYANO,0.7782101167315175,,,2.2,-16.91,-39.04,A2_PA_115
ITA,A2,PA,2008,CYANO,0.35842293906810035,,,2.2,-16.91,-39.04,A2_PA_116
ITA,A2,PA,2008,CYANO,0.0,,,2.2,-16.91,-39.04,A2_PA_117
ITA,A2,PA,2008,CYANO,1.893939393939394,,,2.2,-16.91,-39.04,A2_PA_118
ITA,A2,PA,2008,CYANO,0.3558718861209964,,,2.2,-16.91,-39.04,A2_PA_119
ITA,A2,PA,2008,MACROALGAE,17.27941176470588,,,2.2,-16.91,-39.04,A2_PA_120
ITA,A2,PA,2008,MACROALGAE,31.906614785992215,,,2.2,-16.91,-39.04,A2_PA_121
ITA,A2,PA,2008,MACROALGAE,0.0,,,2.2,-16.91,-39.04,A2_PA_122
ITA,A2,PA,2008,MACROALGAE,33.07692307692307,,,2.2,-16.91,-39.04,A2_PA_123
ITA,A2,PA,2008,MACROALGAE,6.349206349206349,,,2.2,-16.91,-39.04,A2_PA_124
ITA,A2,PA,2008,MACROALGAE,4.280155642023346,,,2.2,-16.91,-39.04,A2_PA_125
ITA,A2,PA,2008,MACROALGAE,7.526881720430108,,,2.2,-16.91,-39.04,A2_PA_126
ITA,A2,PA,2008,MACROALGAE,3.1141868512110724,,,2.2,-16.91,-39.04,A2_PA_127
ITA,A2,PA,2008,MACROALGAE,9.469696969696969,,,2.2,-16.91,-39.04,A2_PA_128
ITA,A2,PA,2008,MACROALGAE,3.558718861209965,,,2.2,-16.91,-39.04,A2_PA_129
ITA,A2,PA,2008,MUSSISMILIA_HISPIDA,0.0,,,2.2,-16.91,-39.04,A2_PA_130
ITA,A2,PA,2008,MUSSISMILIA_HISPIDA,0.0,,,2.2,-16.91,-39.04,A2_PA_131
ITA,A2,PA,2008,MUSSISMILIA_HISPIDA,0.0,,,2.2,-16.91,-39.04,A2_PA_132
ITA,A2,PA,2008,MUSSISMILIA_HISPIDA,0.0,,,2.2,-16.91,-39.04,A2_PA_133
ITA,A2,PA,2008,MUSSISMILIA_HISPIDA,0.0,,,2.2,-16.91,-39.04,A2_PA_134
ITA,A2,PA,2008,MUSSISMILIA_HISPIDA,0.38910505836575876,,,2.2,-16.91,-39.04,A2_PA_135
ITA,A2,PA,2008,MUSSISMILIA_HISPIDA,0.0,,,2.2,-16.91,-39.04,A2_PA_136
ITA,A2,PA,2008,MUSSISMILIA_HISPIDA,0.0,,,2.2,-16.91,-39.04,A2_PA_137
ITA,A2,PA,2008,MUSSISMILIA_HISPIDA,0.0,,,2.2,-16.91,-39.04,A2_PA_138
ITA,A2,PA,2008,MUSSISMILIA_HISPIDA,1.4234875444839856,,,2.2,-16.91,-39.04,A2_PA_139
ITA,A2,PA,2008,TURF,61.76470588235294,,,2.2,-16.91,-39.04,A2_PA_140
ITA,A2,PA,2008,TURF,60.70038910505836,,,2.2,-16.91,-39.04,A2_PA_141
ITA,A2,PA,2008,TURF,89.62962962962963,,,2.2,-16.91,-39.04,A2_PA_142
ITA,A2,PA,2008,TURF,56.92307692307693,,,2.2,-16.91,-39.04,A2_PA_143
ITA,A2,PA,2008,TURF,60.317460317460316,,,2.2,-16.91,-39.04,A2_PA_144
ITA,A2,PA,2008,TURF,77.82101167315176,,,2.2,-16.91,-39.04,A2_PA_145
ITA,A2,PA,2008,TURF,70.60931899641577,,,2.2,-16.91,-39.04,A2_PA_146
ITA,A2,PA,2008,TURF,62.9757785467128,,,2.2,-16.91,-39.04,A2_PA_147
ITA,A2,PA,2008,TURF,59.469696969696976,,,2.2,-16.91,-39.04,A2_PA_148
ITA,A2,PA,2008,TURF,65.48042704626334,,,2.2,-16.91,-39.04,A2_PA_149
ITA,A2,TP,2006,CCA,2.0080321285140563,,,2.2,-16.91,-39.04,A2_TP_0
ITA,A2,TP,2006,CCA,4.280155642023346,,,2.2,-16.91,-39.04,A2_TP_1
ITA,A2,TP,2006,CCA,3.6231884057971016,,,2.2,-16.91,-39.04,A2_TP_2
ITA,A2,TP,2006,CCA,5.415162454873646,,,2.2,-16.91,-39.04,A2_TP_3
ITA,A2,TP,2006,CCA,2.083333333333333,,,2.2,-16.91,-39.04,A2_TP_4
ITA,A2,TP,2006,CCA,5.0,,,2.2,-16.91,-39.04,A2_TP_5
ITA,A2,TP,2006,CCA,1.4598540145985401,,,2.2,-16.91,-39.04,A2_TP_6
ITA,A2,TP,2006,CCA,3.0927835051546393,,,2.2,-16.91,-39.04,A2_TP_7
ITA,A2,TP,2006,CCA,2.3890784982935154,,,2.2,-16.91,-39.04,A2_TP_8
ITA,A2,TP,2006,CCA,1.0380622837370241,,,2.2,-16.91,-39.04,A2_TP_9
ITA,A2,TP,2006,CYANO,0.0,,,2.2,-16.91,-39.04,A2_TP_10
ITA,A2,TP,2006,CYANO,0.0,,,2.2,-16.91,-39.04,A2_TP_11
ITA,A2,TP,2006,CYANO,0.0,,,2.2,-16.91,-39.04,A2_TP_12
ITA,A2,TP,2006,CYANO,0.0,,,2.2,-16.91,-39.04,A2_TP_13
ITA,A2,TP,2006,CYANO,0.0,,,2.2,-16.91,-39.04,A2_TP_14
ITA,A2,TP,2006,CYANO,0.0,,,2.2,-16.91,-39.04,A2_TP_15
ITA,A2,TP,2006,CYANO,0.0,,,2.2,-16.91,-39.04,A2_TP_16
ITA,A2,TP,2006,CYANO,0.0,,,2.2,-16.91,-39.04,A2_TP_17
ITA,A2,TP,2006,CYANO,0.0,,,2.2,-16.91,-39.04,A2_TP_18
ITA,A2,TP,2006,CYANO,0.0,,,2.2,-16.91,-39.04,A2_TP_19
ITA,A2,TP,2006,MACROALGAE,0.4016064257028112,,,2.2,-16.91,-39.04,A2_TP_20
ITA,A2,TP,2006,MACROALGAE,9.33852140077821,,,2.2,-16.91,-39.04,A2_TP_21
ITA,A2,TP,2006,MACROALGAE,7.608695652173914,,,2.2,-16.91,-39.04,A2_TP_22
ITA,A2,TP,2006,MACROALGAE,5.776173285198556,,,2.2,-16.91,-39.04,A2_TP_23
ITA,A2,TP,2006,MACROALGAE,4.513888888888888,,,2.2,-16.91,-39.04,A2_TP_24
ITA,A2,TP,2006,MACROALGAE,0.0,,,2.2,-16.91,-39.04,A2_TP_25
ITA,A2,TP,2006,MACROALGAE,0.36496350364963503,,,2.2,-16.91,-39.04,A2_TP_26
ITA,A2,TP,2006,MACROALGAE,3.0927835051546393,,,2.2,-16.91,-39.04,A2_TP_27
ITA,A2,TP,2006,MACROALGAE,4.09556313993174,,,2.2,-16.91,-39.04,A2_TP_28
ITA,A2,TP,2006,MACROALGAE,2.422145328719723,,,2.2,-16.91,-39.04,A2_TP_29
ITA,A2,TP,2006,MUSSISMILIA_HISPIDA,0.0,,,2.2,-16.91,-39.04,A2_TP_30
ITA,A2,TP,2006,MUSSISMILIA_HISPIDA,0.0,,,2.2,-16.91,-39.04,A2_TP_31
ITA,A2,TP,2006,MUSSISMILIA_HISPIDA,0.0,,,2.2,-16.91,-39.04,A2_TP_32
ITA,A2,TP,2006,MUSSISMILIA_HISPIDA,0.0,,,2.2,-16.91,-39.04,A2_TP_33
ITA,A2,TP,2006,MUSSISMILIA_HISPIDA,0.0,,,2.2,-16.91,-39.04,A2_TP_34
ITA,A2,TP,2006,MUSSISMILIA_HISPIDA,0.0,,,2.2,-16.91,-39.04,A2_TP_35
ITA,A2,TP,2006,MUSSISMILIA_HISPIDA,0.0,,,2.2,-16.91,-39.04,A2_TP_36
ITA,A2,TP,2006,MUSSISMILIA_HISPIDA,0.0,,,2.2,-16.91,-39.04,A2_TP_37
ITA,A2,TP,2006,MUSSISMILIA_HISPIDA,0.0,,,2.2,-16.91,-39.04,A2_TP_38
ITA,A2,TP,2006,MUSSISMILIA_HISPIDA,0.0,,,2.2,-16.91,-39.04,A2_TP_39
ITA,A2,TP,2006,TURF,69.87951807228916,,,2.2,-16.91,-39.04,A2_TP_40
ITA,A2,TP,2006,TURF,73.54085603112841,,,2.2,-16.91,-39.04,A2_TP_41
ITA,A2,TP,2006,TURF,88.04347826086956,,,2.2,-16.91,-39.04,A2_TP_42
ITA,A2,TP,2006,TURF,86.64259927797833,,,2.2,-16.91,-39.04,A2_TP_43
ITA,A2,TP,2006,TURF,92.36111111111111,,,2.2,-16.91,-39.04,A2_TP_44
ITA,A2,TP,2006,TURF,93.57142857142857,,,2.2,-16.91,-39.04,A2_TP_45
ITA,A2,TP,2006,TURF,96.35036496350365,,,2.2,-16.91,-39.04,A2_TP_46
ITA,A2,TP,2006,TURF,91.06529209621993,,,2.2,-16.91,-39.04,A2_TP_47
ITA,A2,TP,2006,TURF,81.91126279863481,,,2.2,-16.91,-39.04,A2_TP_48
ITA,A2,TP,2006,TURF,74.0484429065744,,,2.2,-16.91,-39.04,A2_TP_49
ITA,A2,TP,2007,CCA,6.696428571428571,,,2.2,-16.91,-39.04,A2_TP_50
ITA,A2,TP,2007,CCA,7.228915662650602,,,2.2,-16.91,-39.04,A2_TP_51
ITA,A2,TP,2007,CCA,4.924242424242424,,,2.2,-16.91,-39.04,A2_TP_52
ITA,A2,TP,2007,CCA,9.897610921501707,,,2.2,-16.91,-39.04,A2_TP_53
ITA,A2,TP,2007,CCA,11.272727272727273,,,2.2,-16.91,-39.04,A2_TP_54
ITA,A2,TP,2007,CCA,12.267657992565056,,,2.2,-16.91,-39.04,A2_TP_55
ITA,A2,TP,2007,CCA,4.225352112676056,,,2.2,-16.91,-39.04,A2_TP_56
ITA,A2,TP,2007,CCA,4.240282685512367,,,2.2,-16.91,-39.04,A2_TP_57
ITA,A2,TP,2007,CCA,1.694915254237288,,,2.2,-16.91,-39.04,A2_TP_58
ITA,A2,TP,2007,CCA,2.0689655172413794,,,2.2,-16.91,-39.04,A2_TP_59
ITA,A2,TP,2007,CYANO,0.0,,,2.2,-16.91,-39.04,A2_TP_60
ITA,A2,TP,2007,CYANO,0.0,,,2.2,-16.91,-39.04,A2_TP_61
ITA,A2,TP,2007,CYANO,0.0,,,2.2,-16.91,-39.04,A2_TP_62
ITA,A2,TP,2007,CYANO,0.0,,,2.2,-16.91,-39.04,A2_TP_63
ITA,A2,TP,2007,CYANO,0.0,,,2.2,-16.91,-39.04,A2_TP_64
ITA,A2,TP,2007,CYANO,0.0,,,2.2,-16.91,-39.04,A2_TP_65
ITA,A2,TP,2007,CYANO,0.0,,,2.2,-16.91,-39.04,A2_TP_66
ITA,A2,TP,2007,CYANO,0.0,,,2.2,-16.91,-39.04,A2_TP_67
ITA,A2,TP,2007,CYANO,0.0,,,2.2,-16.91,-39.04,A2_TP_68
ITA,A2,TP,2007,CYANO,0.0,,,2.2,-16.91,-39.04,A2_TP_69
ITA,A2,TP,2007,MACROALGAE,0.0,,,2.2,-16.91,-39.04,A2_TP_70
ITA,A2,TP,2007,MACROALGAE,4.417670682730924,,,2.2,-16.91,-39.04,A2_TP_71
ITA,A2,TP,2007,MACROALGAE,34.84848484848485,,,2.2,-16.91,-39.04,A2_TP_72
ITA,A2,TP,2007,MACROALGAE,6.143344709897611,,,2.2,-16.91,-39.04,A2_TP_73
ITA,A2,TP,2007,MACROALGAE,51.63636363636363,,,2.2,-16.91,-39.04,A2_TP_74
ITA,A2,TP,2007,MACROALGAE,36.80297397769517,,,2.2,-16.91,-39.04,A2_TP_75
ITA,A2,TP,2007,MACROALGAE,7.042253521126761,,,2.2,-16.91,-39.04,A2_TP_76
ITA,A2,TP,2007,MACROALGAE,33.92226148409894,,,2.2,-16.91,-39.04,A2_TP_77
ITA,A2,TP,2007,MACROALGAE,3.389830508474576,,,2.2,-16.91,-39.04,A2_TP_78
ITA,A2,TP,2007,MACROALGAE,3.4482758620689653,,,2.2,-16.91,-39.04,A2_TP_79
ITA,A2,TP,2007,MUSSISMILIA_HISPIDA,0.0,,,2.2,-16.91,-39.04,A2_TP_80
ITA,A2,TP,2007,MUSSISMILIA_HISPIDA,0.0,,,2.2,-16.91,-39.04,A2_TP_81
ITA,A2,TP,2007,MUSSISMILIA_HISPIDA,0.0,,,2.2,-16.91,-39.04,A2_TP_82
ITA,A2,TP,2007,MUSSISMILIA_HISPIDA,0.0,,,2.2,-16.91,-39.04,A2_TP_83
ITA,A2,TP,2007,MUSSISMILIA_HISPIDA,0.0,,,2.2,-16.91,-39.04,A2_TP_84
ITA,A2,TP,2007,MUSSISMILIA_HISPIDA,0.0,,,2.2,-16.91,-39.04,A2_TP_85
ITA,A2,TP,2007,MUSSISMILIA_HISPIDA,0.0,,,2.2,-16.91,-39.04,A2_TP_86
ITA,A2,TP,2007,MUSSISMILIA_HISPIDA,0.0,,,2.2,-16.91,-39.04,A2_TP_87
ITA,A2,TP,2007,MUSSISMILIA_HISPIDA,0.0,,,2.2,-16.91,-39.04,A2_TP_88
ITA,A2,TP,2007,MUSSISMILIA_HISPIDA,0.0,,,2.2,-16.91,-39.04,A2_TP_89
ITA,A2,TP,2007,TURF,50.89285714285714,,,2.2,-16.91,-39.04,A2_TP_90
ITA,A2,TP,2007,TURF,74.69879518072288,,,2.2,-16.91,-39.04,A2_TP_91
ITA,A2,TP,2007,TURF,59.84848484848485,,,2.2,-16.91,-39.04,A2_TP_92
ITA,A2,TP,2007,TURF,81.91126279863481,,,2.2,-16.91,-39.04,A2_TP_93
ITA,A2,TP,2007,TURF,37.09090909090909,,,2.2,-16.91,-39.04,A2_TP_94
ITA,A2,TP,2007,TURF,50.92936802973978,,,2.2,-16.91,-39.04,A2_TP_95
ITA,A2,TP,2007,TURF,88.02816901408451,,,2.2,-16.91,-39.04,A2_TP_96
ITA,A2,TP,2007,TURF,58.303886925795055,,,2.2,-16.91,-39.04,A2_TP_97
ITA,A2,TP,2007,TURF,84.06779661016948,,,2.2,-16.91,-39.04,A2_TP_98
ITA,A2,TP,2007,TURF,78.96551724137932,,,2.2,-16.91,-39.04,A2_TP_99
ITA,A2,TP,2008,CCA,0.6711409395973155,,,2.2,-16.91,-39.04,A2_TP_100
ITA,A2,TP,2008,CCA,8.860759493670885,,,2.2,-16.91,-39.04,A2_TP_101
ITA,A2,TP,2008,CCA,11.428571428571429,,,2.2,-16.91,-39.04,A2_TP_102
ITA,A2,TP,2008,CCA,0.7462686567164178,,,2.2,-16.91,-39.04,A2_TP_103
ITA,A2,TP,2008,CCA,8.130081300813007,,,2.2,-16.91,-39.04,A2_TP_104
ITA,A2,TP,2008,CCA,1.7543859649122806,,,2.2,-16.91,-39.04,A2_TP_105
ITA,A2,TP,2008,CCA,2.0491803278688523,,,2.2,-16.91,-39.04,A2_TP_106
ITA,A2,TP,2008,CCA,3.558718861209965,,,2.2,-16.91,-39.04,A2_TP_107
ITA,A2,TP,2008,CCA,1.1363636363636365,,,2.2,-16.91,-39.04,A2_TP_108
ITA,A2,TP,2008,CCA,6.081081081081082,,,2.2,-16.91,-39.04,A2_TP_109
ITA,A2,TP,2008,CYANO,0.0,,,2.2,-16.91,-39.04,A2_TP_110
ITA,A2,TP,2008,CYANO,0.0,,,2.2,-16.91,-39.04,A2_TP_111
ITA,A2,TP,2008,CYANO,0.0,,,2.2,-16.91,-39.04,A2_TP_112
ITA,A2,TP,2008,CYANO,0.0,,,2.2,-16.91,-39.04,A2_TP_113
ITA,A2,TP,2008,CYANO,0.0,,,2.2,-16.91,-39.04,A2_TP_114
ITA,A2,TP,2008,CYANO,0.0,,,2.2,-16.91,-39.04,A2_TP_115
ITA,A2,TP,2008,CYANO,0.819672131147541,,,2.2,-16.91,-39.04,A2_TP_116
ITA,A2,TP,2008,CYANO,15.302491103202847,,,2.2,-16.91,-39.04,A2_TP_117
ITA,A2,TP,2008,CYANO,0.0,,,2.2,-16.91,-39.04,A2_TP_118
ITA,A2,TP,2008,CYANO,0.0,,,2.2,-16.91,-39.04,A2_TP_119
ITA,A2,TP,2008,MACROALGAE,0.33557046979865773,,,2.2,-16.91,-39.04,A2_TP_120
ITA,A2,TP,2008,MACROALGAE,0.8438818565400843,,,2.2,-16.91,-39.04,A2_TP_121
ITA,A2,TP,2008,MACROALGAE,15.918367346938775,,,2.2,-16.91,-39.04,A2_TP_122
ITA,A2,TP,2008,MACROALGAE,41.7910447761194,,,2.2,-16.91,-39.04,A2_TP_123
ITA,A2,TP,2008,MACROALGAE,22.76422764227642,,,2.2,-16.91,-39.04,A2_TP_124
ITA,A2,TP,2008,MACROALGAE,58.94736842105262,,,2.2,-16.91,-39.04,A2_TP_125
ITA,A2,TP,2008,MACROALGAE,47.540983606557376,,,2.2,-16.91,-39.04,A2_TP_126
ITA,A2,TP,2008,MACROALGAE,14.94661921708185,,,2.2,-16.91,-39.04,A2_TP_127
ITA,A2,TP,2008,MACROALGAE,19.318181818181817,,,2.2,-16.91,-39.04,A2_TP_128
ITA,A2,TP,2008,MACROALGAE,3.040540540540541,,,2.2,-16.91,-39.04,A2_TP_129
ITA,A2,TP,2008,MUSSISMILIA_HISPIDA,0.0,,,2.2,-16.91,-39.04,A2_TP_130
ITA,A2,TP,2008,MUSSISMILIA_HISPIDA,0.0,,,2.2,-16.91,-39.04,A2_TP_131
ITA,A2,TP,2008,MUSSISMILIA_HISPIDA,0.0,,,2.2,-16.91,-39.04,A2_TP_132
ITA,A2,TP,2008,MUSSISMILIA_HISPIDA,0.0,,,2.2,-16.91,-39.04,A2_TP_133
ITA,A2,TP,2008,MUSSISMILIA_HISPIDA,0.0,,,2.2,-16.91,-39.04,A2_TP_134
ITA,A2,TP,2008,MUSSISMILIA_HISPIDA,0.0,,,2.2,-16.91,-39.04,A2_TP_135
ITA,A2,TP,2008,MUSSISMILIA_HISPIDA,0.0,,,2.2,-16.91,-39.04,A2_TP_136
ITA,A2,TP,2008,MUSSISMILIA_HISPIDA,0.0,,,2.2,-16.91,-39.04,A2_TP_137
ITA,A2,TP,2008,MUSSISMILIA_HISPIDA,0.0,,,2.2,-16.91,-39.04,A2_TP_138
ITA,A2,TP,2008,MUSSISMILIA_HISPIDA,0.0,,,2.2,-16.91,-39.04,A2_TP_139
ITA,A2,TP,2008,TURF,98.99328859060402,,,2.2,-16.91,-39.04,A2_TP_140
ITA,A2,TP,2008,TURF,62.869198312236286,,,2.2,-16.91,-39.04,A2_TP_141
ITA,A2,TP,2008,TURF,71.42857142857143,,,2.2,-16.91,-39.04,A2_TP_142
ITA,A2,TP,2008,TURF,57.46268656716418,,,2.2,-16.91,-39.04,A2_TP_143
ITA,A2,TP,2008,TURF,67.88617886178862,,,2.2,-16.91,-39.04,A2_TP_144
ITA,A2,TP,2008,TURF,39.29824561403509,,,2.2,-16.91,-39.04,A2_TP_145
ITA,A2,TP,2008,TURF,49.59016393442622,,,2.2,-16.91,-39.04,A2_TP_146
ITA,A2,TP,2008,TURF,58.362989323843415,,,2.2,-16.91,-39.04,A2_TP_147
ITA,A2,TP,2008,TURF,75.75757575757575,,,2.2,-16.91,-39.04,A2_TP_148
ITA,A2,TP,2008,TURF,72.2972972972973,,,2.2,-16.91,-39.04,A2_TP_149
ITA,A3,PA,2006,CCA,18.91891891891892,0.2187169845269189,0.0196169280678092,12.3,-16.9040821138363,-39.0312968944208,A3_PA_0
ITA,A3,PA,2006,CCA,4.761904761904762,0.2187169845269189,0.0196169280678092,12.3,-16.9040821138363,-39.0312968944208,A3_PA_1
ITA,A3,PA,2006,CCA,15.646258503401361,0.2187169845269189,0.0196169280678092,12.3,-16.9040821138363,-39.0312968944208,A3_PA_2
ITA,A3,PA,2006,CCA,6.451612903225806,0.2187169845269189,0.0196169280678092,12.3,-16.9040821138363,-39.0312968944208,A3_PA_3
ITA,A3,PA,2006,CCA,7.457627118644068,0.2187169845269189,0.0196169280678092,12.3,-16.9040821138363,-39.0312968944208,A3_PA_4
ITA,A3,PA,2006,CCA,0.35714285714285715,0.2187169845269189,0.0196169280678092,12.3,-16.9040821138363,-39.0312968944208,A3_PA_5
ITA,A3,PA,2006,CCA,9.491525423728813,0.2187169845269189,0.0196169280678092,12.3,-16.9040821138363,-39.0312968944208,A3_PA_6
ITA,A3,PA,2006,CCA,7.094594594594595,0.2187169845269189,0.0196169280678092,12.3,-16.9040821138363,-39.0312968944208,A3_PA_7
ITA,A3,PA,2006,CCA,14.333333333333334,0.2187169845269189,0.0196169280678092,12.3,-16.9040821138363,-39.0312968944208,A3_PA_8
ITA,A3,PA,2006,CCA,5.0,0.2187169845269189,0.0196169280678092,12.3,-16.9040821138363,-39.0312968944208,A3_PA_9
ITA,A3,PA,2006,CYANO,0.0,0.2187169845269189,0.0196169280678092,12.3,-16.9040821138363,-39.0312968944208,A3_PA_10
ITA,A3,PA,2006,CYANO,0.0,0.2187169845269189,0.0196169280678092,12.3,-16.9040821138363,-39.0312968944208,A3_PA_11
ITA,A3,PA,2006,CYANO,0.0,0.2187169845269189,0.0196169280678092,12.3,-16.9040821138363,-39.0312968944208,A3_PA_12
ITA,A3,PA,2006,CYANO,0.0,0.2187169845269189,0.0196169280678092,12.3,-16.9040821138363,-39.0312968944208,A3_PA_13
ITA,A3,PA,2006,CYANO,0.0,0.2187169845269189,0.0196169280678092,12.3,-16.9040821138363,-39.0312968944208,A3_PA_14
ITA,A3,PA,2006,CYANO,0.0,0.2187169845269189,0.0196169280678092,12.3,-16.9040821138363,-39.0312968944208,A3_PA_15
ITA,A3,PA,2006,CYANO,0.0,0.2187169845269189,0.0196169280678092,12.3,-16.9040821138363,-39.0312968944208,A3_PA_16
ITA,A3,PA,2006,CYANO,0.0,0.2187169845269189,0.0196169280678092,12.3,-16.9040821138363,-39.0312968944208,A3_PA_17
ITA,A3,PA,2006,CYANO,0.0,0.2187169845269189,0.0196169280678092,12.3,-16.9040821138363,-39.0312968944208,A3_PA_18
ITA,A3,PA,2006,CYANO,0.0,0.2187169845269189,0.0196169280678092,12.3,-16.9040821138363,-39.0312968944208,A3_PA_19
ITA,A3,PA,2006,MACROALGAE,4.72972972972973,0.2187169845269189,0.0196169280678092,12.3,-16.9040821138363,-39.0312968944208,A3_PA_20
ITA,A3,PA,2006,MACROALGAE,22.108843537414966,0.2187169845269189,0.0196169280678092,12.3,-16.9040821138363,-39.0312968944208,A3_PA_21
ITA,A3,PA,2006,MACROALGAE,0.0,0.2187169845269189,0.0196169280678092,12.3,-16.9040821138363,-39.0312968944208,A3_PA_22
ITA,A3,PA,2006,MACROALGAE,0.0,0.2187169845269189,0.0196169280678092,12.3,-16.9040821138363,-39.0312968944208,A3_PA_23
ITA,A3,PA,2006,MACROALGAE,3.050847457627119,0.2187169845269189,0.0196169280678092,12.3,-16.9040821138363,-39.0312968944208,A3_PA_24
ITA,A3,PA,2006,MACROALGAE,18.21428571428571,0.2187169845269189,0.0196169280678092,12.3,-16.9040821138363,-39.0312968944208,A3_PA_25
ITA,A3,PA,2006,MACROALGAE,28.135593220338983,0.2187169845269189,0.0196169280678092,12.3,-16.9040821138363,-39.0312968944208,A3_PA_26
ITA,A3,PA,2006,MACROALGAE,0.0,0.2187169845269189,0.0196169280678092,12.3,-16.9040821138363,-39.0312968944208,A3_PA_27
ITA,A3,PA,2006,MACROALGAE,4.666666666666667,0.2187169845269189,0.0196169280678092,12.3,-16.9040821138363,-39.0312968944208,A3_PA_28
ITA,A3,PA,2006,MACROALGAE,3.3333333333333335,0.2187169845269189,0.0196169280678092,12.3,-16.9040821138363,-39.0312968944208,A3_PA_29
ITA,A3,PA,2006,MUSSISMILIA_HISPIDA,0.0,0.2187169845269189,0.0196169280678092,12.3,-16.9040821138363,-39.0312968944208,A3_PA_30
ITA,A3,PA,2006,MUSSISMILIA_HISPIDA,0.0,0.2187169845269189,0.0196169280678092,12.3,-16.9040821138363,-39.0312968944208,A3_PA_31
ITA,A3,PA,2006,MUSSISMILIA_HISPIDA,0.0,0.2187169845269189,0.0196169280678092,12.3,-16.9040821138363,-39.0312968944208,A3_PA_32
ITA,A3,PA,2006,MUSSISMILIA_HISPIDA,0.0,0.2187169845269189,0.0196169280678092,12.3,-16.9040821138363,-39.0312968944208,A3_PA_33
ITA,A3,PA,2006,MUSSISMILIA_HISPIDA,0.0,0.2187169845269189,0.0196169280678092,12.3,-16.9040821138363,-39.0312968944208,A3_PA_34
ITA,A3,PA,2006,MUSSISMILIA_HISPIDA,0.0,0.2187169845269189,0.0196169280678092,12.3,-16.9040821138363,-39.0312968944208,A3_PA_35
ITA,A3,PA,2006,MUSSISMILIA_HISPIDA,0.0,0.2187169845269189,0.0196169280678092,12.3,-16.9040821138363,-39.0312968944208,A3_PA_36
ITA,A3,PA,2006,MUSSISMILIA_HISPIDA,0.6756756756756757,0.2187169845269189,0.0196169280678092,12.3,-16.9040821138363,-39.0312968944208,A3_PA_37
ITA,A3,PA,2006,MUSSISMILIA_HISPIDA,0.0,0.2187169845269189,0.0196169280678092,12.3,-16.9040821138363,-39.0312968944208,A3_PA_38
ITA,A3,PA,2006,MUSSISMILIA_HISPIDA,1.3333333333333335,0.2187169845269189,0.0196169280678092,12.3,-16.9040821138363,-39.0312968944208,A3_PA_39
ITA,A3,PA,2006,TURF,74.32432432432432,0.2187169845269189,0.0196169280678092,12.3,-16.9040821138363,-39.0312968944208,A3_PA_40
ITA,A3,PA,2006,TURF,70.06802721088435,0.2187169845269189,0.0196169280678092,12.3,-16.9040821138363,-39.0312968944208,A3_PA_41
ITA,A3,PA,2006,TURF,84.35374149659864,0.2187169845269189,0.0196169280678092,12.3,-16.9040821138363,-39.0312968944208,A3_PA_42
ITA,A3,PA,2006,TURF,93.54838709677419,0.2187169845269189,0.0196169280678092,12.3,-16.9040821138363,-39.0312968944208,A3_PA_43
ITA,A3,PA,2006,TURF,88.8135593220339,0.2187169845269189,0.0196169280678092,12.3,-16.9040821138363,-39.0312968944208,A3_PA_44
ITA,A3,PA,2006,TURF,81.07142857142857,0.2187169845269189,0.0196169280678092,12.3,-16.9040821138363,-39.0312968944208,A3_PA_45
ITA,A3,PA,2006,TURF,55.932203389830505,0.2187169845269189,0.0196169280678092,12.3,-16.9040821138363,-39.0312968944208,A3_PA_46
ITA,A3,PA,2006,TURF,86.82432432432432,0.2187169845269189,0.0196169280678092,12.3,-16.9040821138363,-39.0312968944208,A3_PA_47
ITA,A3,PA,2006,TURF,79.33333333333333,0.2187169845269189,0.0196169280678092,12.3,-16.9040821138363,-39.0312968944208,A3_PA_48
ITA,A3,PA,2006,TURF,89.33333333333333,0.2187169845269189,0.0196169280678092,12.3,-16.9040821138363,-39.0312968944208,A3_PA_49
ITA,A3,PA,2007,CCA,4.21455938697318,0.2187169845269189,0.0196169280678092,12.3,-16.9040821138363,-39.0312968944208,A3_PA_50
ITA,A3,PA,2007,CCA,17.753623188405797,0.2187169845269189,0.0196169280678092,12.3,-16.9040821138363,-39.0312968944208,A3_PA_51
ITA,A3,PA,2007,CCA,4.247104247104247,0.2187169845269189,0.0196169280678092,12.3,-16.9040821138363,-39.0312968944208,A3_PA_52
ITA,A3,PA,2007,CCA,14.184397163120568,0.2187169845269189,0.0196169280678092,12.3,-16.9040821138363,-39.0312968944208,A3_PA_53
ITA,A3,PA,2007,CCA,13.970588235294118,0.2187169845269189,0.0196169280678092,12.3,-16.9040821138363,-39.0312968944208,A3_PA_54
ITA,A3,PA,2007,CCA,9.40766550522648,0.2187169845269189,0.0196169280678092,12.3,-16.9040821138363,-39.0312968944208,A3_PA_55
ITA,A3,PA,2007,CCA,10.424710424710424,0.2187169845269189,0.0196169280678092,12.3,-16.9040821138363,-39.0312968944208,A3_PA_56
ITA,A3,PA,2007,CCA,12.267657992565056,0.2187169845269189,0.0196169280678092,12.3,-16.9040821138363,-39.0312968944208,A3_PA_57
ITA,A3,PA,2007,CCA,0.0,0.2187169845269189,0.0196169280678092,12.3,-16.9040821138363,-39.0312968944208,A3_PA_58
ITA,A3,PA,2007,CCA,4.878048780487805,0.2187169845269189,0.0196169280678092,12.3,-16.9040821138363,-39.0312968944208,A3_PA_59
ITA,A3,PA,2007,CYANO,0.0,0.2187169845269189,0.0196169280678092,12.3,-16.9040821138363,-39.0312968944208,A3_PA_60
ITA,A3,PA,2007,CYANO,0.0,0.2187169845269189,0.0196169280678092,12.3,-16.9040821138363,-39.0312968944208,A3_PA_61
ITA,A3,PA,2007,CYANO,0.0,0.2187169845269189,0.0196169280678092,12.3,-16.9040821138363,-39.0312968944208,A3_PA_62
ITA,A3,PA,2007,CYANO,0.0,0.2187169845269189,0.0196169280678092,12.3,-16.9040821138363,-39.0312968944208,A3_PA_63
ITA,A3,PA,2007,CYANO,0.0,0.2187169845269189,0.0196169280678092,12.3,-16.9040821138363,-39.0312968944208,A3_PA_64
ITA,A3,PA,2007,CYANO,0.0,0.2187169845269189,0.0196169280678092,12.3,-16.9040821138363,-39.0312968944208,A3_PA_65
ITA,A3,PA,2007,CYANO,0.0,0.2187169845269189,0.0196169280678092,12.3,-16.9040821138363,-39.0312968944208,A3_PA_66
ITA,A3,PA,2007,CYANO,0.0,0.2187169845269189,0.0196169280678092,12.3,-16.9040821138363,-39.0312968944208,A3_PA_67
ITA,A3,PA,2007,CYANO,0.0,0.2187169845269189,0.0196169280678092,12.3,-16.9040821138363,-39.0312968944208,A3_PA_68
ITA,A3,PA,2007,CYANO,0.0,0.2187169845269189,0.0196169280678092,12.3,-16.9040821138363,-39.0312968944208,A3_PA_69
ITA,A3,PA,2007,MACROALGAE,5.363984674329502,0.2187169845269189,0.0196169280678092,12.3,-16.9040821138363,-39.0312968944208,A3_PA_70
ITA,A3,PA,2007,MACROALGAE,17.753623188405797,0.2187169845269189,0.0196169280678092,12.3,-16.9040821138363,-39.0312968944208,A3_PA_71
ITA,A3,PA,2007,MACROALGAE,2.3166023166023164,0.2187169845269189,0.0196169280678092,12.3,-16.9040821138363,-39.0312968944208,A3_PA_72
ITA,A3,PA,2007,MACROALGAE,0.7092198581560284,0.2187169845269189,0.0196169280678092,12.3,-16.9040821138363,-39.0312968944208,A3_PA_73
ITA,A3,PA,2007,MACROALGAE,9.558823529411764,0.2187169845269189,0.0196169280678092,12.3,-16.9040821138363,-39.0312968944208,A3_PA_74
ITA,A3,PA,2007,MACROALGAE,13.588850174216027,0.2187169845269189,0.0196169280678092,12.3,-16.9040821138363,-39.0312968944208,A3_PA_75
ITA,A3,PA,2007,MACROALGAE,15.444015444015443,0.2187169845269189,0.0196169280678092,12.3,-16.9040821138363,-39.0312968944208,A3_PA_76
ITA,A3,PA,2007,MACROALGAE,5.947955390334572,0.2187169845269189,0.0196169280678092,12.3,-16.9040821138363,-39.0312968944208,A3_PA_77
ITA,A3,PA,2007,MACROALGAE,13.745704467353953,0.2187169845269189,0.0196169280678092,12.3,-16.9040821138363,-39.0312968944208,A3_PA_78
ITA,A3,PA,2007,MACROALGAE,3.484320557491289,0.2187169845269189,0.0196169280678092,12.3,-16.9040821138363,-39.0312968944208,A3_PA_79
ITA,A3,PA,2007,MUSSISMILIA_HISPIDA,0.0,0.2187169845269189,0.0196169280678092,12.3,-16.9040821138363,-39.0312968944208,A3_PA_80
ITA,A3,PA,2007,MUSSISMILIA_HISPIDA,0.0,0.2187169845269189,0.0196169280678092,12.3,-16.9040821138363,-39.0312968944208,A3_PA_81
ITA,A3,PA,2007,MUSSISMILIA_HISPIDA,0.0,0.2187169845269189,0.0196169280678092,12.3,-16.9040821138363,-39.0312968944208,A3_PA_82
ITA,A3,PA,2007,MUSSISMILIA_HISPIDA,0.0,0.2187169845269189,0.0196169280678092,12.3,-16.9040821138363,-39.0312968944208,A3_PA_83
ITA,A3,PA,2007,MUSSISMILIA_HISPIDA,0.0,0.2187169845269189,0.0196169280678092,12.3,-16.9040821138363,-39.0312968944208,A3_PA_84
ITA,A3,PA,2007,MUSSISMILIA_HISPIDA,0.0,0.2187169845269189,0.0196169280678092,12.3,-16.9040821138363,-39.0312968944208,A3_PA_85
ITA,A3,PA,2007,MUSSISMILIA_HISPIDA,0.0,0.2187169845269189,0.0196169280678092,12.3,-16.9040821138363,-39.0312968944208,A3_PA_86
ITA,A3,PA,2007,MUSSISMILIA_HISPIDA,0.0,0.2187169845269189,0.0196169280678092,12.3,-16.9040821138363,-39.0312968944208,A3_PA_87
ITA,A3,PA,2007,MUSSISMILIA_HISPIDA,1.3745704467353952,0.2187169845269189,0.0196169280678092,12.3,-16.9040821138363,-39.0312968944208,A3_PA_88
ITA,A3,PA,2007,MUSSISMILIA_HISPIDA,1.3937282229965158,0.2187169845269189,0.0196169280678092,12.3,-16.9040821138363,-39.0312968944208,A3_PA_89
ITA,A3,PA,2007,TURF,90.42145593869732,0.2187169845269189,0.0196169280678092,12.3,-16.9040821138363,-39.0312968944208,A3_PA_90
ITA,A3,PA,2007,TURF,64.13043478260869,0.2187169845269189,0.0196169280678092,12.3,-16.9040821138363,-39.0312968944208,A3_PA_91
ITA,A3,PA,2007,TURF,90.73359073359073,0.2187169845269189,0.0196169280678092,12.3,-16.9040821138363,-39.0312968944208,A3_PA_92
ITA,A3,PA,2007,TURF,85.1063829787234,0.2187169845269189,0.0196169280678092,12.3,-16.9040821138363,-39.0312968944208,A3_PA_93
ITA,A3,PA,2007,TURF,76.47058823529412,0.2187169845269189,0.0196169280678092,12.3,-16.9040821138363,-39.0312968944208,A3_PA_94
ITA,A3,PA,2007,TURF,76.30662020905923,0.2187169845269189,0.0196169280678092,12.3,-16.9040821138363,-39.0312968944208,A3_PA_95
ITA,A3,PA,2007,TURF,72.97297297297297,0.2187169845269189,0.0196169280678092,12.3,-16.9040821138363,-39.0312968944208,A3_PA_96
ITA,A3,PA,2007,TURF,80.66914498141264,0.2187169845269189,0.0196169280678092,12.3,-16.9040821138363,-39.0312968944208,A3_PA_97
ITA,A3,PA,2007,TURF,84.87972508591065,0.2187169845269189,0.0196169280678092,12.3,-16.9040821138363,-39.0312968944208,A3_PA_98
ITA,A3,PA,2007,TURF,87.10801393728222,0.2187169845269189,0.0196169280678092,12.3,-16.9040821138363,-39.0312968944208,A3_PA_99
ITA,A3,PA,2008,CCA,0.6993006993006993,0.2187169845269189,0.0196169280678092,12.3,-16.9040821138363,-39.0312968944208,A3_PA_100
ITA,A3,PA,2008,CCA,5.0,0.2187169845269189,0.0196169280678092,12.3,-16.9040821138363,-39.0312968944208,A3_PA_101
ITA,A3,PA,2008,CCA,12.280701754385964,0.2187169845269189,0.0196169280678092,12.3,-16.9040821138363,-39.0312968944208,A3_PA_102
ITA,A3,PA,2008,CCA,5.985915492957746,0.2187169845269189,0.0196169280678092,12.3,-16.9040821138363,-39.0312968944208,A3_PA_103
ITA,A3,PA,2008,CCA,1.465201465201465,0.2187169845269189,0.0196169280678092,12.3,-16.9040821138363,-39.0312968944208,A3_PA_104
ITA,A3,PA,2008,CCA,7.420494699646643,0.2187169845269189,0.0196169280678092,12.3,-16.9040821138363,-39.0312968944208,A3_PA_105
ITA,A3,PA,2008,CCA,11.11111111111111,0.2187169845269189,0.0196169280678092,12.3,-16.9040821138363,-39.0312968944208,A3_PA_106
ITA,A3,PA,2008,CCA,6.093189964157706,0.2187169845269189,0.0196169280678092,12.3,-16.9040821138363,-39.0312968944208,A3_PA_107
ITA,A3,PA,2008,CCA,0.35211267605633806,0.2187169845269189,0.0196169280678092,12.3,-16.9040821138363,-39.0312968944208,A3_PA_108
ITA,A3,PA,2008,CCA,4.895104895104895,0.2187169845269189,0.0196169280678092,12.3,-16.9040821138363,-39.0312968944208,A3_PA_109
ITA,A3,PA,2008,CYANO,0.34965034965034963,0.2187169845269189,0.0196169280678092,12.3,-16.9040821138363,-39.0312968944208,A3_PA_110
ITA,A3,PA,2008,CYANO,0.35714285714285715,0.2187169845269189,0.0196169280678092,12.3,-16.9040821138363,-39.0312968944208,A3_PA_111
ITA,A3,PA,2008,CYANO,0.0,0.2187169845269189,0.0196169280678092,12.3,-16.9040821138363,-39.0312968944208,A3_PA_112
ITA,A3,PA,2008,CYANO,0.7042253521126761,0.2187169845269189,0.0196169280678092,12.3,-16.9040821138363,-39.0312968944208,A3_PA_113
ITA,A3,PA,2008,CYANO,0.0,0.2187169845269189,0.0196169280678092,12.3,-16.9040821138363,-39.0312968944208,A3_PA_114
ITA,A3,PA,2008,CYANO,0.35335689045936397,0.2187169845269189,0.0196169280678092,12.3,-16.9040821138363,-39.0312968944208,A3_PA_115
ITA,A3,PA,2008,CYANO,1.0752688172043012,0.2187169845269189,0.0196169280678092,12.3,-16.9040821138363,-39.0312968944208,A3_PA_116
ITA,A3,PA,2008,CYANO,5.734767025089606,0.2187169845269189,0.0196169280678092,12.3,-16.9040821138363,-39.0312968944208,A3_PA_117
ITA,A3,PA,2008,CYANO,0.0,0.2187169845269189,0.0196169280678092,12.3,-16.9040821138363,-39.0312968944208,A3_PA_118
ITA,A3,PA,2008,CYANO,0.0,0.2187169845269189,0.0196169280678092,12.3,-16.9040821138363,-39.0312968944208,A3_PA_119
ITA,A3,PA,2008,MACROALGAE,48.25174825174825,0.2187169845269189,0.0196169280678092,12.3,-16.9040821138363,-39.0312968944208,A3_PA_120
ITA,A3,PA,2008,MACROALGAE,41.785714285714285,0.2187169845269189,0.0196169280678092,12.3,-16.9040821138363,-39.0312968944208,A3_PA_121
ITA,A3,PA,2008,MACROALGAE,69.47368421052632,0.2187169845269189,0.0196169280678092,12.3,-16.9040821138363,-39.0312968944208,A3_PA_122
ITA,A3,PA,2008,MACROALGAE,74.29577464788733,0.2187169845269189,0.0196169280678092,12.3,-16.9040821138363,-39.0312968944208,A3_PA_123
ITA,A3,PA,2008,MACROALGAE,45.05494505494506,0.2187169845269189,0.0196169280678092,12.3,-16.9040821138363,-39.0312968944208,A3_PA_124
ITA,A3,PA,2008,MACROALGAE,87.98586572438163,0.2187169845269189,0.0196169280678092,12.3,-16.9040821138363,-39.0312968944208,A3_PA_125
ITA,A3,PA,2008,MACROALGAE,72.75985663082437,0.2187169845269189,0.0196169280678092,12.3,-16.9040821138363,-39.0312968944208,A3_PA_126
ITA,A3,PA,2008,MACROALGAE,66.30824372759857,0.2187169845269189,0.0196169280678092,12.3,-16.9040821138363,-39.0312968944208,A3_PA_127
ITA,A3,PA,2008,MACROALGAE,37.32394366197183,0.2187169845269189,0.0196169280678092,12.3,-16.9040821138363,-39.0312968944208,A3_PA_128
ITA,A3,PA,2008,MACROALGAE,50.0,0.2187169845269189,0.0196169280678092,12.3,-16.9040821138363,-39.0312968944208,A3_PA_129
ITA,A3,PA,2008,MUSSISMILIA_HISPIDA,0.0,0.2187169845269189,0.0196169280678092,12.3,-16.9040821138363,-39.0312968944208,A3_PA_130
ITA,A3,PA,2008,MUSSISMILIA_HISPIDA,0.0,0.2187169845269189,0.0196169280678092,12.3,-16.9040821138363,-39.0312968944208,A3_PA_131
ITA,A3,PA,2008,MUSSISMILIA_HISPIDA,0.0,0.2187169845269189,0.0196169280678092,12.3,-16.9040821138363,-39.0312968944208,A3_PA_132
ITA,A3,PA,2008,MUSSISMILIA_HISPIDA,0.0,0.2187169845269189,0.0196169280678092,12.3,-16.9040821138363,-39.0312968944208,A3_PA_133
ITA,A3,PA,2008,MUSSISMILIA_HISPIDA,0.0,0.2187169845269189,0.0196169280678092,12.3,-16.9040821138363,-39.0312968944208,A3_PA_134
ITA,A3,PA,2008,MUSSISMILIA_HISPIDA,0.0,0.2187169845269189,0.0196169280678092,12.3,-16.9040821138363,-39.0312968944208,A3_PA_135
ITA,A3,PA,2008,MUSSISMILIA_HISPIDA,0.0,0.2187169845269189,0.0196169280678092,12.3,-16.9040821138363,-39.0312968944208,A3_PA_136
ITA,A3,PA,2008,MUSSISMILIA_HISPIDA,0.0,0.2187169845269189,0.0196169280678092,12.3,-16.9040821138363,-39.0312968944208,A3_PA_137
ITA,A3,PA,2008,MUSSISMILIA_HISPIDA,1.4084507042253522,0.2187169845269189,0.0196169280678092,12.3,-16.9040821138363,-39.0312968944208,A3_PA_138
ITA,A3,PA,2008,MUSSISMILIA_HISPIDA,1.7482517482517483,0.2187169845269189,0.0196169280678092,12.3,-16.9040821138363,-39.0312968944208,A3_PA_139
ITA,A3,PA,2008,TURF,50.349650349650354,0.2187169845269189,0.0196169280678092,12.3,-16.9040821138363,-39.0312968944208,A3_PA_140
ITA,A3,PA,2008,TURF,52.50000000000001,0.2187169845269189,0.0196169280678092,12.3,-16.9040821138363,-39.0312968944208,A3_PA_141
ITA,A3,PA,2008,TURF,17.894736842105264,0.2187169845269189,0.0196169280678092,12.3,-16.9040821138363,-39.0312968944208,A3_PA_142
ITA,A3,PA,2008,TURF,17.95774647887324,0.2187169845269189,0.0196169280678092,12.3,-16.9040821138363,-39.0312968944208,A3_PA_143
ITA,A3,PA,2008,TURF,52.74725274725275,0.2187169845269189,0.0196169280678092,12.3,-16.9040821138363,-39.0312968944208,A3_PA_144
ITA,A3,PA,2008,TURF,3.8869257950530036,0.2187169845269189,0.0196169280678092,12.3,-16.9040821138363,-39.0312968944208,A3_PA_145
ITA,A3,PA,2008,TURF,14.695340501792113,0.2187169845269189,0.0196169280678092,12.3,-16.9040821138363,-39.0312968944208,A3_PA_146
ITA,A3,PA,2008,TURF,21.146953405017918,0.2187169845269189,0.0196169280678092,12.3,-16.9040821138363,-39.0312968944208,A3_PA_147
ITA,A3,PA,2008,TURF,60.56338028169014,0.2187169845269189,0.0196169280678092,12.3,-16.9040821138363,-39.0312968944208,A3_PA_148
ITA,A3,PA,2008,TURF,43.00699300699301,0.2187169845269189,0.0196169280678092,12.3,-16.9040821138363,-39.0312968944208,A3_PA_149
ITA,B1,PA,2006,CCA,0.0,0.8698829300837769,0.2542519706809724,1.5,-16.9,-39.06,B1_PA_0
ITA,B1,PA,2006,CCA,0.0,0.8698829300837769,0.2542519706809724,1.5,-16.9,-39.06,B1_PA_1
ITA,B1,PA,2006,CCA,1.0033444816053512,0.8698829300837769,0.2542519706809724,1.5,-16.9,-39.06,B1_PA_2
ITA,B1,PA,2006,CCA,0.33670033670033667,0.8698829300837769,0.2542519706809724,1.5,-16.9,-39.06,B1_PA_3
ITA,B1,PA,2006,CCA,0.0,0.8698829300837769,0.2542519706809724,1.5,-16.9,-39.06,B1_PA_4
ITA,B1,PA,2006,CCA,3.3783783783783785,0.8698829300837769,0.2542519706809724,1.5,-16.9,-39.06,B1_PA_5
ITA,B1,PA,2006,CCA,0.0,0.8698829300837769,0.2542519706809724,1.5,-16.9,-39.06,B1_PA_6
ITA,B1,PA,2006,CCA,0.0,0.8698829300837769,0.2542519706809724,1.5,-16.9,-39.06,B1_PA_7
ITA,B1,PA,2006,CCA,0.0,0.8698829300837769,0.2542519706809724,1.5,-16.9,-39.06,B1_PA_8
ITA,B1,PA,2006,CCA,0.0,0.8698829300837769,0.2542519706809724,1.5,-16.9,-39.06,B1_PA_9
ITA,B1,PA,2006,CYANO,0.0,0.8698829300837769,0.2542519706809724,1.5,-16.9,-39.06,B1_PA_10
ITA,B1,PA,2006,CYANO,0.0,0.8698829300837769,0.2542519706809724,1.5,-16.9,-39.06,B1_PA_11
ITA,B1,PA,2006,CYANO,0.0,0.8698829300837769,0.2542519706809724,1.5,-16.9,-39.06,B1_PA_12
ITA,B1,PA,2006,CYANO,0.0,0.8698829300837769,0.2542519706809724,1.5,-16.9,-39.06,B1_PA_13
ITA,B1,PA,2006,CYANO,0.0,0.8698829300837769,0.2542519706809724,1.5,-16.9,-39.06,B1_PA_14
ITA,B1,PA,2006,CYANO,0.0,0.8698829300837769,0.2542519706809724,1.5,-16.9,-39.06,B1_PA_15
ITA,B1,PA,2006,CYANO,0.0,0.8698829300837769,0.2542519706809724,1.5,-16.9,-39.06,B1_PA_16
ITA,B1,PA,2006,CYANO,0.0,0.8698829300837769,0.2542519706809724,1.5,-16.9,-39.06,B1_PA_17
ITA,B1,PA,2006,CYANO,0.0,0.8698829300837769,0.2542519706809724,1.5,-16.9,-39.06,B1_PA_18
ITA,B1,PA,2006,CYANO,0.0,0.8698829300837769,0.2542519706809724,1.5,-16.9,-39.06,B1_PA_19
ITA,B1,PA,2006,MACROALGAE,26.666666666666668,0.8698829300837769,0.2542519706809724,1.5,-16.9,-39.06,B1_PA_20
ITA,B1,PA,2006,MACROALGAE,57.666666666666664,0.8698829300837769,0.2542519706809724,1.5,-16.9,-39.06,B1_PA_21
ITA,B1,PA,2006,MACROALGAE,0.0,0.8698829300837769,0.2542519706809724,1.5,-16.9,-39.06,B1_PA_22
ITA,B1,PA,2006,MACROALGAE,12.457912457912458,0.8698829300837769,0.2542519706809724,1.5,-16.9,-39.06,B1_PA_23
ITA,B1,PA,2006,MACROALGAE,5.666666666666666,0.8698829300837769,0.2542519706809724,1.5,-16.9,-39.06,B1_PA_24
ITA,B1,PA,2006,MACROALGAE,0.0,0.8698829300837769,0.2542519706809724,1.5,-16.9,-39.06,B1_PA_25
ITA,B1,PA,2006,MACROALGAE,21.0,0.8698829300837769,0.2542519706809724,1.5,-16.9,-39.06,B1_PA_26
ITA,B1,PA,2006,MACROALGAE,3.6666666666666665,0.8698829300837769,0.2542519706809724,1.5,-16.9,-39.06,B1_PA_27
ITA,B1,PA,2006,MACROALGAE,16.423357664233578,0.8698829300837769,0.2542519706809724,1.5,-16.9,-39.06,B1_PA_28
ITA,B1,PA,2006,MACROALGAE,20.0,0.8698829300837769,0.2542519706809724,1.5,-16.9,-39.06,B1_PA_29
ITA,B1,PA,2006,MUSSISMILIA_HISPIDA,0.0,0.8698829300837769,0.2542519706809724,1.5,-16.9,-39.06,B1_PA_30
ITA,B1,PA,2006,MUSSISMILIA_HISPIDA,0.0,0.8698829300837769,0.2542519706809724,1.5,-16.9,-39.06,B1_PA_31
ITA,B1,PA,2006,MUSSISMILIA_HISPIDA,1.6722408026755853,0.8698829300837769,0.2542519706809724,1.5,-16.9,-39.06,B1_PA_32
ITA,B1,PA,2006,MUSSISMILIA_HISPIDA,0.33670033670033667,0.8698829300837769,0.2542519706809724,1.5,-16.9,-39.06,B1_PA_33
ITA,B1,PA,2006,MUSSISMILIA_HISPIDA,0.0,0.8698829300837769,0.2542519706809724,1.5,-16.9,-39.06,B1_PA_34
ITA,B1,PA,2006,MUSSISMILIA_HISPIDA,0.6756756756756757,0.8698829300837769,0.2542519706809724,1.5,-16.9,-39.06,B1_PA_35
ITA,B1,PA,2006,MUSSISMILIA_HISPIDA,2.3333333333333335,0.8698829300837769,0.2542519706809724,1.5,-16.9,-39.06,B1_PA_36
ITA,B1,PA,2006,MUSSISMILIA_HISPIDA,0.0,0.8698829300837769,0.2542519706809724,1.5,-16.9,-39.06,B1_PA_37
ITA,B1,PA,2006,MUSSISMILIA_HISPIDA,2.5547445255474455,0.8698829300837769,0.2542519706809724,1.5,-16.9,-39.06,B1_PA_38
ITA,B1,PA,2006,MUSSISMILIA_HISPIDA,0.0,0.8698829300837769,0.2542519706809724,1.5,-16.9,-39.06,B1_PA_39
ITA,B1,PA,2006,TURF,72.66666666666667,0.8698829300837769,0.2542519706809724,1.5,-16.9,-39.06,B1_PA_40
ITA,B1,PA,2006,TURF,26.333333333333332,0.8698829300837769,0.2542519706809724,1.5,-16.9,-39.06,B1_PA_41
ITA,B1,PA,2006,TURF,74.91638795986621,0.8698829300837769,0.2542519706809724,1.5,-16.9,-39.06,B1_PA_42
ITA,B1,PA,2006,TURF,62.96296296296296,0.8698829300837769,0.2542519706809724,1.5,-16.9,-39.06,B1_PA_43
ITA,B1,PA,2006,TURF,48.333333333333336,0.8698829300837769,0.2542519706809724,1.5,-16.9,-39.06,B1_PA_44
ITA,B1,PA,2006,TURF,73.3108108108108,0.8698829300837769,0.2542519706809724,1.5,-16.9,-39.06,B1_PA_45
ITA,B1,PA,2006,TURF,41.333333333333336,0.8698829300837769,0.2542519706809724,1.5,-16.9,-39.06,B1_PA_46
ITA,B1,PA,2006,TURF,69.66666666666667,0.8698829300837769,0.2542519706809724,1.5,-16.9,-39.06,B1_PA_47
ITA,B1,PA,2006,TURF,46.715328467153284,0.8698829300837769,0.2542519706809724,1.5,-16.9,-39.06,B1_PA_48
ITA,B1,PA,2006,TURF,48.333333333333336,0.8698829300837769,0.2542519706809724,1.5,-16.9,-39.06,B1_PA_49
ITA,B1,PA,2007,CCA,25.597269624573375,0.8698829300837769,0.2542519706809724,1.5,-16.9,-39.06,B1_PA_50
ITA,B1,PA,2007,CCA,3.3333333333333335,0.8698829300837769,0.2542519706809724,1.5,-16.9,-39.06,B1_PA_51
ITA,B1,PA,2007,CCA,0.0,0.8698829300837769,0.2542519706809724,1.5,-16.9,-39.06,B1_PA_52
ITA,B1,PA,2007,CCA,0.0,0.8698829300837769,0.2542519706809724,1.5,-16.9,-39.06,B1_PA_53
ITA,B1,PA,2007,CCA,0.0,0.8698829300837769,0.2542519706809724,1.5,-16.9,-39.06,B1_PA_54
ITA,B1,PA,2007,CCA,0.33783783783783783,0.8698829300837769,0.2542519706809724,1.5,-16.9,-39.06,B1_PA_55
ITA,B1,PA,2007,CCA,0.3508771929824561,0.8698829300837769,0.2542519706809724,1.5,-16.9,-39.06,B1_PA_56
ITA,B1,PA,2007,CCA,1.3986013986013985,0.8698829300837769,0.2542519706809724,1.5,-16.9,-39.06,B1_PA_57
ITA,B1,PA,2007,CCA,1.4336917562724014,0.8698829300837769,0.2542519706809724,1.5,-16.9,-39.06,B1_PA_58
ITA,B1,PA,2007,CCA,4.778156996587031,0.8698829300837769,0.2542519706809724,1.5,-16.9,-39.06,B1_PA_59
ITA,B1,PA,2007,CYANO,0.0,0.8698829300837769,0.2542519706809724,1.5,-16.9,-39.06,B1_PA_60
ITA,B1,PA,2007,CYANO,0.0,0.8698829300837769,0.2542519706809724,1.5,-16.9,-39.06,B1_PA_61
ITA,B1,PA,2007,CYANO,0.0,0.8698829300837769,0.2542519706809724,1.5,-16.9,-39.06,B1_PA_62
ITA,B1,PA,2007,CYANO,0.0,0.8698829300837769,0.2542519706809724,1.5,-16.9,-39.06,B1_PA_63
ITA,B1,PA,2007,CYANO,0.0,0.8698829300837769,0.2542519706809724,1.5,-16.9,-39.06,B1_PA_64
ITA,B1,PA,2007,CYANO,0.0,0.8698829300837769,0.2542519706809724,1.5,-16.9,-39.06,B1_PA_65
ITA,B1,PA,2007,CYANO,0.0,0.8698829300837769,0.2542519706809724,1.5,-16.9,-39.06,B1_PA_66
ITA,B1,PA,2007,CYANO,0.0,0.8698829300837769,0.2542519706809724,1.5,-16.9,-39.06,B1_PA_67
ITA,B1,PA,2007,CYANO,0.0,0.8698829300837769,0.2542519706809724,1.5,-16.9,-39.06,B1_PA_68
ITA,B1,PA,2007,CYANO,0.0,0.8698829300837769,0.2542519706809724,1.5,-16.9,-39.06,B1_PA_69
ITA,B1,PA,2007,MACROALGAE,0.0,0.8698829300837769,0.2542519706809724,1.5,-16.9,-39.06,B1_PA_70
ITA,B1,PA,2007,MACROALGAE,0.0,0.8698829300837769,0.2542519706809724,1.5,-16.9,-39.06,B1_PA_71
ITA,B1,PA,2007,MACROALGAE,0.6711409395973155,0.8698829300837769,0.2542519706809724,1.5,-16.9,-39.06,B1_PA_72
ITA,B1,PA,2007,MACROALGAE,0.7042253521126761,0.8698829300837769,0.2542519706809724,1.5,-16.9,-39.06,B1_PA_73
ITA,B1,PA,2007,MACROALGAE,0.3389830508474576,0.8698829300837769,0.2542519706809724,1.5,-16.9,-39.06,B1_PA_74
ITA,B1,PA,2007,MACROALGAE,1.0135135135135136,0.8698829300837769,0.2542519706809724,1.5,-16.9,-39.06,B1_PA_75
ITA,B1,PA,2007,MACROALGAE,0.7017543859649122,0.8698829300837769,0.2542519706809724,1.5,-16.9,-39.06,B1_PA_76
ITA,B1,PA,2007,MACROALGAE,2.097902097902098,0.8698829300837769,0.2542519706809724,1.5,-16.9,-39.06,B1_PA_77
ITA,B1,PA,2007,MACROALGAE,2.5089605734767026,0.8698829300837769,0.2542519706809724,1.5,-16.9,-39.06,B1_PA_78
ITA,B1,PA,2007,MACROALGAE,0.0,0.8698829300837769,0.2542519706809724,1.5,-16.9,-39.06,B1_PA_79
ITA,B1,PA,2007,MUSSISMILIA_HISPIDA,0.0,0.8698829300837769,0.2542519706809724,1.5,-16.9,-39.06,B1_PA_80
ITA,B1,PA,2007,MUSSISMILIA_HISPIDA,0.0,0.8698829300837769,0.2542519706809724,1.5,-16.9,-39.06,B1_PA_81
ITA,B1,PA,2007,MUSSISMILIA_HISPIDA,1.6778523489932886,0.8698829300837769,0.2542519706809724,1.5,-16.9,-39.06,B1_PA_82
ITA,B1,PA,2007,MUSSISMILIA_HISPIDA,0.35211267605633806,0.8698829300837769,0.2542519706809724,1.5,-16.9,-39.06,B1_PA_83
ITA,B1,PA,2007,MUSSISMILIA_HISPIDA,0.0,0.8698829300837769,0.2542519706809724,1.5,-16.9,-39.06,B1_PA_84
ITA,B1,PA,2007,MUSSISMILIA_HISPIDA,0.33783783783783783,0.8698829300837769,0.2542519706809724,1.5,-16.9,-39.06,B1_PA_85
ITA,B1,PA,2007,MUSSISMILIA_HISPIDA,1.4035087719298245,0.8698829300837769,0.2542519706809724,1.5,-16.9,-39.06,B1_PA_86
ITA,B1,PA,2007,MUSSISMILIA_HISPIDA,1.048951048951049,0.8698829300837769,0.2542519706809724,1.5,-16.9,-39.06,B1_PA_87
ITA,B1,PA,2007,MUSSISMILIA_HISPIDA,0.35842293906810035,0.8698829300837769,0.2542519706809724,1.5,-16.9,-39.06,B1_PA_88
ITA,B1,PA,2007,MUSSISMILIA_HISPIDA,0.3412969283276451,0.8698829300837769,0.2542519706809724,1.5,-16.9,-39.06,B1_PA_89
ITA,B1,PA,2007,TURF,74.40273037542661,0.8698829300837769,0.2542519706809724,1.5,-16.9,-39.06,B1_PA_90
ITA,B1,PA,2007,TURF,85.18518518518519,0.8698829300837769,0.2542519706809724,1.5,-16.9,-39.06,B1_PA_91
ITA,B1,PA,2007,TURF,84.22818791946308,0.8698829300837769,0.2542519706809724,1.5,-16.9,-39.06,B1_PA_92
ITA,B1,PA,2007,TURF,86.26760563380282,0.8698829300837769,0.2542519706809724,1.5,-16.9,-39.06,B1_PA_93
ITA,B1,PA,2007,TURF,75.2542372881356,0.8698829300837769,0.2542519706809724,1.5,-16.9,-39.06,B1_PA_94
ITA,B1,PA,2007,TURF,76.6891891891892,0.8698829300837769,0.2542519706809724,1.5,-16.9,-39.06,B1_PA_95
ITA,B1,PA,2007,TURF,79.64912280701755,0.8698829300837769,0.2542519706809724,1.5,-16.9,-39.06,B1_PA_96
ITA,B1,PA,2007,TURF,70.97902097902097,0.8698829300837769,0.2542519706809724,1.5,-16.9,-39.06,B1_PA_97
ITA,B1,PA,2007,TURF,70.60931899641577,0.8698829300837769,0.2542519706809724,1.5,-16.9,-39.06,B1_PA_98
ITA,B1,PA,2007,TURF,69.6245733788396,0.8698829300837769,0.2542519706809724,1.5,-16.9,-39.06,B1_PA_99
ITA,B1,PA,2008,CCA,1.094890510948905,0.8698829300837769,0.2542519706809724,1.5,-16.9,-39.06,B1_PA_100
ITA,B1,PA,2008,CCA,1.8181818181818181,0.8698829300837769,0.2542519706809724,1.5,-16.9,-39.06,B1_PA_101
ITA,B1,PA,2008,CCA,0.0,0.8698829300837769,0.2542519706809724,1.5,-16.9,-39.06,B1_PA_102
ITA,B1,PA,2008,CCA,1.7361111111111112,0.8698829300837769,0.2542519706809724,1.5,-16.9,-39.06,B1_PA_103
ITA,B1,PA,2008,CCA,0.36231884057971014,0.8698829300837769,0.2542519706809724,1.5,-16.9,-39.06,B1_PA_104
ITA,B1,PA,2008,CCA,0.0,0.8698829300837769,0.2542519706809724,1.5,-16.9,-39.06,B1_PA_105
ITA,B1,PA,2008,CCA,0.39370078740157477,0.8698829300837769,0.2542519706809724,1.5,-16.9,-39.06,B1_PA_106
ITA,B1,PA,2008,CCA,2.6923076923076925,0.8698829300837769,0.2542519706809724,1.5,-16.9,-39.06,B1_PA_107
ITA,B1,PA,2008,CCA,0.3508771929824561,0.8698829300837769,0.2542519706809724,1.5,-16.9,-39.06,B1_PA_108
ITA,B1,PA,2008,CCA,0.0,0.8698829300837769,0.2542519706809724,1.5,-16.9,-39.06,B1_PA_109
ITA,B1,PA,2008,CYANO,0.0,0.8698829300837769,0.2542519706809724,1.5,-16.9,-39.06,B1_PA_110
ITA,B1,PA,2008,CYANO,0.0,0.8698829300837769,0.2542519706809724,1.5,-16.9,-39.06,B1_PA_111
ITA,B1,PA,2008,CYANO,0.0,0.8698829300837769,0.2542519706809724,1.5,-16.9,-39.06,B1_PA_112
ITA,B1,PA,2008,CYANO,0.0,0.8698829300837769,0.2542519706809724,1.5,-16.9,-39.06,B1_PA_113
ITA,B1,PA,2008,CYANO,0.0,0.8698829300837769,0.2542519706809724,1.5,-16.9,-39.06,B1_PA_114
ITA,B1,PA,2008,CYANO,0.0,0.8698829300837769,0.2542519706809724,1.5,-16.9,-39.06,B1_PA_115
ITA,B1,PA,2008,CYANO,0.0,0.8698829300837769,0.2542519706809724,1.5,-16.9,-39.06,B1_PA_116
ITA,B1,PA,2008,CYANO,0.0,0.8698829300837769,0.2542519706809724,1.5,-16.9,-39.06,B1_PA_117
ITA,B1,PA,2008,CYANO,0.0,0.8698829300837769,0.2542519706809724,1.5,-16.9,-39.06,B1_PA_118
ITA,B1,PA,2008,CYANO,0.0,0.8698829300837769,0.2542519706809724,1.5,-16.9,-39.06,B1_PA_119
ITA,B1,PA,2008,MACROALGAE,0.0,0.8698829300837769,0.2542519706809724,1.5,-16.9,-39.06,B1_PA_120
ITA,B1,PA,2008,MACROALGAE,1.090909090909091,0.8698829300837769,0.2542519706809724,1.5,-16.9,-39.06,B1_PA_121
ITA,B1,PA,2008,MACROALGAE,0.0,0.8698829300837769,0.2542519706809724,1.5,-16.9,-39.06,B1_PA_122
ITA,B1,PA,2008,MACROALGAE,1.3888888888888888,0.8698829300837769,0.2542519706809724,1.5,-16.9,-39.06,B1_PA_123
ITA,B1,PA,2008,MACROALGAE,1.0869565217391304,0.8698829300837769,0.2542519706809724,1.5,-16.9,-39.06,B1_PA_124
ITA,B1,PA,2008,MACROALGAE,0.0,0.8698829300837769,0.2542519706809724,1.5,-16.9,-39.06,B1_PA_125
ITA,B1,PA,2008,MACROALGAE,0.39370078740157477,0.8698829300837769,0.2542519706809724,1.5,-16.9,-39.06,B1_PA_126
ITA,B1,PA,2008,MACROALGAE,0.0,0.8698829300837769,0.2542519706809724,1.5,-16.9,-39.06,B1_PA_127
ITA,B1,PA,2008,MACROALGAE,0.0,0.8698829300837769,0.2542519706809724,1.5,-16.9,-39.06,B1_PA_128
ITA,B1,PA,2008,MACROALGAE,0.7067137809187279,0.8698829300837769,0.2542519706809724,1.5,-16.9,-39.06,B1_PA_129
ITA,B1,PA,2008,MUSSISMILIA_HISPIDA,0.0,0.8698829300837769,0.2542519706809724,1.5,-16.9,-39.06,B1_PA_130
ITA,B1,PA,2008,MUSSISMILIA_HISPIDA,0.0,0.8698829300837769,0.2542519706809724,1.5,-16.9,-39.06,B1_PA_131
ITA,B1,PA,2008,MUSSISMILIA_HISPIDA,0.8032128514056224,0.8698829300837769,0.2542519706809724,1.5,-16.9,-39.06,B1_PA_132
ITA,B1,PA,2008,MUSSISMILIA_HISPIDA,0.6944444444444444,0.8698829300837769,0.2542519706809724,1.5,-16.9,-39.06,B1_PA_133
ITA,B1,PA,2008,MUSSISMILIA_HISPIDA,1.8115942028985508,0.8698829300837769,0.2542519706809724,1.5,-16.9,-39.06,B1_PA_134
ITA,B1,PA,2008,MUSSISMILIA_HISPIDA,0.7246376811594203,0.8698829300837769,0.2542519706809724,1.5,-16.9,-39.06,B1_PA_135
ITA,B1,PA,2008,MUSSISMILIA_HISPIDA,0.0,0.8698829300837769,0.2542519706809724,1.5,-16.9,-39.06,B1_PA_136
ITA,B1,PA,2008,MUSSISMILIA_HISPIDA,1.153846153846154,0.8698829300837769,0.2542519706809724,1.5,-16.9,-39.06,B1_PA_137
ITA,B1,PA,2008,MUSSISMILIA_HISPIDA,0.0,0.8698829300837769,0.2542519706809724,1.5,-16.9,-39.06,B1_PA_138
ITA,B1,PA,2008,MUSSISMILIA_HISPIDA,0.35335689045936397,0.8698829300837769,0.2542519706809724,1.5,-16.9,-39.06,B1_PA_139
ITA,B1,PA,2008,TURF,97.44525547445255,0.8698829300837769,0.2542519706809724,1.5,-16.9,-39.06,B1_PA_140
ITA,B1,PA,2008,TURF,90.9090909090909,0.8698829300837769,0.2542519706809724,1.5,-16.9,-39.06,B1_PA_141
ITA,B1,PA,2008,TURF,90.76305220883533,0.8698829300837769,0.2542519706809724,1.5,-16.9,-39.06,B1_PA_142
ITA,B1,PA,2008,TURF,82.29166666666666,0.8698829300837769,0.2542519706809724,1.5,-16.9,-39.06,B1_PA_143
ITA,B1,PA,2008,TURF,82.6086956521739,0.8698829300837769,0.2542519706809724,1.5,-16.9,-39.06,B1_PA_144
ITA,B1,PA,2008,TURF,81.88405797101449,0.8698829300837769,0.2542519706809724,1.5,-16.9,-39.06,B1_PA_145
ITA,B1,PA,2008,TURF,79.92125984251969,0.8698829300837769,0.2542519706809724,1.5,-16.9,-39.06,B1_PA_146
ITA,B1,PA,2008,TURF,70.0,0.8698829300837769,0.2542519706809724,1.5,-16.9,-39.06,B1_PA_147
ITA,B1,PA,2008,TURF,69.47368421052632,0.8698829300837769,0.2542519706809724,1.5,-16.9,-39.06,B1_PA_148
ITA,B1,PA,2008,TURF,72.79151943462897,0.8698829300837769,0.2542519706809724,1.5,-16.9,-39.06,B1_PA_149
ITA,B1,TP,2006,CCA,0.0,0.8698829300837769,0.2542519706809724,1.5,-16.9,-39.06,B1_TP_0
ITA,B1,TP,2006,CCA,0.0,0.8698829300837769,0.2542519706809724,1.5,-16.9,-39.06,B1_TP_1
ITA,B1,TP,2006,CCA,0.0,0.8698829300837769,0.2542519706809724,1.5,-16.9,-39.06,B1_TP_2
ITA,B1,TP,2006,CCA,1.0169491525423728,0.8698829300837769,0.2542519706809724,1.5,-16.9,-39.06,B1_TP_3
ITA,B1,TP,2006,CCA,0.0,0.8698829300837769,0.2542519706809724,1.5,-16.9,-39.06,B1_TP_4
ITA,B1,TP,2006,CCA,0.0,0.8698829300837769,0.2542519706809724,1.5,-16.9,-39.06,B1_TP_5
ITA,B1,TP,2006,CCA,0.0,0.8698829300837769,0.2542519706809724,1.5,-16.9,-39.06,B1_TP_6
ITA,B1,TP,2006,CCA,0.0,0.8698829300837769,0.2542519706809724,1.5,-16.9,-39.06,B1_TP_7
ITA,B1,TP,2006,CCA,0.0,0.8698829300837769,0.2542519706809724,1.5,-16.9,-39.06,B1_TP_8
ITA,B1,TP,2006,CCA,0.0,0.8698829300837769,0.2542519706809724,1.5,-16.9,-39.06,B1_TP_9
ITA,B1,TP,2006,CYANO,0.0,0.8698829300837769,0.2542519706809724,1.5,-16.9,-39.06,B1_TP_10
ITA,B1,TP,2006,CYANO,0.0,0.8698829300837769,0.2542519706809724,1.5,-16.9,-39.06,B1_TP_11
ITA,B1,TP,2006,CYANO,0.0,0.8698829300837769,0.2542519706809724,1.5,-16.9,-39.06,B1_TP_12
ITA,B1,TP,2006,CYANO,0.0,0.8698829300837769,0.2542519706809724,1.5,-16.9,-39.06,B1_TP_13
ITA,B1,TP,2006,CYANO,0.0,0.8698829300837769,0.2542519706809724,1.5,-16.9,-39.06,B1_TP_14
ITA,B1,TP,2006,CYANO,0.0,0.8698829300837769,0.2542519706809724,1.5,-16.9,-39.06,B1_TP_15
ITA,B1,TP,2006,CYANO,0.0,0.8698829300837769,0.2542519706809724,1.5,-16.9,-39.06,B1_TP_16
ITA,B1,TP,2006,CYANO,0.0,0.8698829300837769,0.2542519706809724,1.5,-16.9,-39.06,B1_TP_17
ITA,B1,TP,2006,CYANO,0.0,0.8698829300837769,0.2542519706809724,1.5,-16.9,-39.06,B1_TP_18
ITA,B1,TP,2006,CYANO,0.6711409395973155,0.8698829300837769,0.2542519706809724,1.5,-16.9,-39.06,B1_TP_19
ITA,B1,TP,2006,MACROALGAE,80.93645484949833,0.8698829300837769,0.2542519706809724,1.5,-16.9,-39.06,B1_TP_20
ITA,B1,TP,2006,MACROALGAE,81.75675675675676,0.8698829300837769,0.2542519706809724,1.5,-16.9,-39.06,B1_TP_21
ITA,B1,TP,2006,MACROALGAE,32.88590604026846,0.8698829300837769,0.2542519706809724,1.5,-16.9,-39.06,B1_TP_22
ITA,B1,TP,2006,MACROALGAE,44.74576271186441,0.8698829300837769,0.2542519706809724,1.5,-16.9,-39.06,B1_TP_23
ITA,B1,TP,2006,MACROALGAE,81.66666666666667,0.8698829300837769,0.2542519706809724,1.5,-16.9,-39.06,B1_TP_24
ITA,B1,TP,2006,MACROALGAE,25.925925925925924,0.8698829300837769,0.2542519706809724,1.5,-16.9,-39.06,B1_TP_25
ITA,B1,TP,2006,MACROALGAE,27.500000000000004,0.8698829300837769,0.2542519706809724,1.5,-16.9,-39.06,B1_TP_26
ITA,B1,TP,2006,MACROALGAE,59.06040268456376,0.8698829300837769,0.2542519706809724,1.5,-16.9,-39.06,B1_TP_27
ITA,B1,TP,2006,MACROALGAE,24.548736462093864,0.8698829300837769,0.2542519706809724,1.5,-16.9,-39.06,B1_TP_28
ITA,B1,TP,2006,MACROALGAE,4.697986577181208,0.8698829300837769,0.2542519706809724,1.5,-16.9,-39.06,B1_TP_29
ITA,B1,TP,2006,MUSSISMILIA_HISPIDA,0.0,0.8698829300837769,0.2542519706809724,1.5,-16.9,-39.06,B1_TP_30
ITA,B1,TP,2006,MUSSISMILIA_HISPIDA,0.0,0.8698829300837769,0.2542519706809724,1.5,-16.9,-39.06,B1_TP_31
ITA,B1,TP,2006,MUSSISMILIA_HISPIDA,0.0,0.8698829300837769,0.2542519706809724,1.5,-16.9,-39.06,B1_TP_32
ITA,B1,TP,2006,MUSSISMILIA_HISPIDA,0.0,0.8698829300837769,0.2542519706809724,1.5,-16.9,-39.06,B1_TP_33
ITA,B1,TP,2006,MUSSISMILIA_HISPIDA,0.0,0.8698829300837769,0.2542519706809724,1.5,-16.9,-39.06,B1_TP_34
ITA,B1,TP,2006,MUSSISMILIA_HISPIDA,0.0,0.8698829300837769,0.2542519706809724,1.5,-16.9,-39.06,B1_TP_35
ITA,B1,TP,2006,MUSSISMILIA_HISPIDA,0.3125,0.8698829300837769,0.2542519706809724,1.5,-16.9,-39.06,B1_TP_36
ITA,B1,TP,2006,MUSSISMILIA_HISPIDA,0.0,0.8698829300837769,0.2542519706809724,1.5,-16.9,-39.06,B1_TP_37
ITA,B1,TP,2006,MUSSISMILIA_HISPIDA,0.0,0.8698829300837769,0.2542519706809724,1.5,-16.9,-39.06,B1_TP_38
ITA,B1,TP,2006,MUSSISMILIA_HISPIDA,0.0,0.8698829300837769,0.2542519706809724,1.5,-16.9,-39.06,B1_TP_39
ITA,B1,TP,2006,TURF,7.6923076923076925,0.8698829300837769,0.2542519706809724,1.5,-16.9,-39.06,B1_TP_40
ITA,B1,TP,2006,TURF,7.094594594594595,0.8698829300837769,0.2542519706809724,1.5,-16.9,-39.06,B1_TP_41
ITA,B1,TP,2006,TURF,29.86577181208054,0.8698829300837769,0.2542519706809724,1.5,-16.9,-39.06,B1_TP_42
ITA,B1,TP,2006,TURF,38.983050847457626,0.8698829300837769,0.2542519706809724,1.5,-16.9,-39.06,B1_TP_43
ITA,B1,TP,2006,TURF,6.333333333333334,0.8698829300837769,0.2542519706809724,1.5,-16.9,-39.06,B1_TP_44
ITA,B1,TP,2006,TURF,57.23905723905723,0.8698829300837769,0.2542519706809724,1.5,-16.9,-39.06,B1_TP_45
ITA,B1,TP,2006,TURF,39.6875,0.8698829300837769,0.2542519706809724,1.5,-16.9,-39.06,B1_TP_46
ITA,B1,TP,2006,TURF,28.187919463087248,0.8698829300837769,0.2542519706809724,1.5,-16.9,-39.06,B1_TP_47
ITA,B1,TP,2006,TURF,62.093862815884485,0.8698829300837769,0.2542519706809724,1.5,-16.9,-39.06,B1_TP_48
ITA,B1,TP,2006,TURF,43.288590604026844,0.8698829300837769,0.2542519706809724,1.5,-16.9,-39.06,B1_TP_49
ITA,B1,TP,2007,CCA,0.3424657534246575,0.8698829300837769,0.2542519706809724,1.5,-16.9,-39.06,B1_TP_50
ITA,B1,TP,2007,CCA,0.3472222222222222,0.8698829300837769,0.2542519706809724,1.5,-16.9,-39.06,B1_TP_51
ITA,B1,TP,2007,CCA,0.0,0.8698829300837769,0.2542519706809724,1.5,-16.9,-39.06,B1_TP_52
ITA,B1,TP,2007,CCA,0.0,0.8698829300837769,0.2542519706809724,1.5,-16.9,-39.06,B1_TP_53
ITA,B1,TP,2007,CCA,0.0,0.8698829300837769,0.2542519706809724,1.5,-16.9,-39.06,B1_TP_54
ITA,B1,TP,2007,CCA,0.0,0.8698829300837769,0.2542519706809724,1.5,-16.9,-39.06,B1_TP_55
ITA,B1,TP,2007,CCA,0.0,0.8698829300837769,0.2542519706809724,1.5,-16.9,-39.06,B1_TP_56
ITA,B1,TP,2007,CCA,0.0,0.8698829300837769,0.2542519706809724,1.5,-16.9,-39.06,B1_TP_57
ITA,B1,TP,2007,CCA,0.0,0.8698829300837769,0.2542519706809724,1.5,-16.9,-39.06,B1_TP_58
ITA,B1,TP,2007,CCA,0.0,0.8698829300837769,0.2542519706809724,1.5,-16.9,-39.06,B1_TP_59
ITA,B1,TP,2007,CYANO,0.0,0.8698829300837769,0.2542519706809724,1.5,-16.9,-39.06,B1_TP_60
ITA,B1,TP,2007,CYANO,0.0,0.8698829300837769,0.2542519706809724,1.5,-16.9,-39.06,B1_TP_61
ITA,B1,TP,2007,CYANO,0.0,0.8698829300837769,0.2542519706809724,1.5,-16.9,-39.06,B1_TP_62
ITA,B1,TP,2007,CYANO,0.0,0.8698829300837769,0.2542519706809724,1.5,-16.9,-39.06,B1_TP_63
ITA,B1,TP,2007,CYANO,0.0,0.8698829300837769,0.2542519706809724,1.5,-16.9,-39.06,B1_TP_64
ITA,B1,TP,2007,CYANO,0.0,0.8698829300837769,0.2542519706809724,1.5,-16.9,-39.06,B1_TP_65
ITA,B1,TP,2007,CYANO,0.0,0.8698829300837769,0.2542519706809724,1.5,-16.9,-39.06,B1_TP_66
ITA,B1,TP,2007,CYANO,0.0,0.8698829300837769,0.2542519706809724,1.5,-16.9,-39.06,B1_TP_67
ITA,B1,TP,2007,CYANO,0.0,0.8698829300837769,0.2542519706809724,1.5,-16.9,-39.06,B1_TP_68
ITA,B1,TP,2007,CYANO,0.0,0.8698829300837769,0.2542519706809724,1.5,-16.9,-39.06,B1_TP_69
ITA,B1,TP,2007,MACROALGAE,51.02739726027398,0.8698829300837769,0.2542519706809724,1.5,-16.9,-39.06,B1_TP_70
ITA,B1,TP,2007,MACROALGAE,34.375,0.8698829300837769,0.2542519706809724,1.5,-16.9,-39.06,B1_TP_71
ITA,B1,TP,2007,MACROALGAE,55.59440559440559,0.8698829300837769,0.2542519706809724,1.5,-16.9,-39.06,B1_TP_72
ITA,B1,TP,2007,MACROALGAE,22.45614035087719,0.8698829300837769,0.2542519706809724,1.5,-16.9,-39.06,B1_TP_73
ITA,B1,TP,2007,MACROALGAE,29.166666666666668,0.8698829300837769,0.2542519706809724,1.5,-16.9,-39.06,B1_TP_74
ITA,B1,TP,2007,MACROALGAE,56.573705179282875,0.8698829300837769,0.2542519706809724,1.5,-16.9,-39.06,B1_TP_75
ITA,B1,TP,2007,MACROALGAE,28.90625,0.8698829300837769,0.2542519706809724,1.5,-16.9,-39.06,B1_TP_76
ITA,B1,TP,2007,MACROALGAE,6.844106463878327,0.8698829300837769,0.2542519706809724,1.5,-16.9,-39.06,B1_TP_77
ITA,B1,TP,2007,MACROALGAE,66.66666666666666,0.8698829300837769,0.2542519706809724,1.5,-16.9,-39.06,B1_TP_78
ITA,B1,TP,2007,MACROALGAE,8.480565371024735,0.8698829300837769,0.2542519706809724,1.5,-16.9,-39.06,B1_TP_79
ITA,B1,TP,2007,MUSSISMILIA_HISPIDA,0.0,0.8698829300837769,0.2542519706809724,1.5,-16.9,-39.06,B1_TP_80
ITA,B1,TP,2007,MUSSISMILIA_HISPIDA,0.0,0.8698829300837769,0.2542519706809724,1.5,-16.9,-39.06,B1_TP_81
ITA,B1,TP,2007,MUSSISMILIA_HISPIDA,0.0,0.8698829300837769,0.2542519706809724,1.5,-16.9,-39.06,B1_TP_82
ITA,B1,TP,2007,MUSSISMILIA_HISPIDA,0.0,0.8698829300837769,0.2542519706809724,1.5,-16.9,-39.06,B1_TP_83
ITA,B1,TP,2007,MUSSISMILIA_HISPIDA,0.0,0.8698829300837769,0.2542519706809724,1.5,-16.9,-39.06,B1_TP_84
ITA,B1,TP,2007,MUSSISMILIA_HISPIDA,0.0,0.8698829300837769,0.2542519706809724,1.5,-16.9,-39.06,B1_TP_85
ITA,B1,TP,2007,MUSSISMILIA_HISPIDA,0.0,0.8698829300837769,0.2542519706809724,1.5,-16.9,-39.06,B1_TP_86
ITA,B1,TP,2007,MUSSISMILIA_HISPIDA,0.0,0.8698829300837769,0.2542519706809724,1.5,-16.9,-39.06,B1_TP_87
ITA,B1,TP,2007,MUSSISMILIA_HISPIDA,0.0,0.8698829300837769,0.2542519706809724,1.5,-16.9,-39.06,B1_TP_88
ITA,B1,TP,2007,MUSSISMILIA_HISPIDA,0.0,0.8698829300837769,0.2542519706809724,1.5,-16.9,-39.06,B1_TP_89
ITA,B1,TP,2007,TURF,41.78082191780822,0.8698829300837769,0.2542519706809724,1.5,-16.9,-39.06,B1_TP_90
ITA,B1,TP,2007,TURF,30.90277777777778,0.8698829300837769,0.2542519706809724,1.5,-16.9,-39.06,B1_TP_91
ITA,B1,TP,2007,TURF,41.60839160839161,0.8698829300837769,0.2542519706809724,1.5,-16.9,-39.06,B1_TP_92
ITA,B1,TP,2007,TURF,27.368421052631582,0.8698829300837769,0.2542519706809724,1.5,-16.9,-39.06,B1_TP_93
ITA,B1,TP,2007,TURF,59.46969696969697,0.8698829300837769,0.2542519706809724,1.5,-16.9,-39.06,B1_TP_94
ITA,B1,TP,2007,TURF,37.84860557768924,0.8698829300837769,0.2542519706809724,1.5,-16.9,-39.06,B1_TP_95
ITA,B1,TP,2007,TURF,57.421875,0.8698829300837769,0.2542519706809724,1.5,-16.9,-39.06,B1_TP_96
ITA,B1,TP,2007,TURF,81.36882129277566,0.8698829300837769,0.2542519706809724,1.5,-16.9,-39.06,B1_TP_97
ITA,B1,TP,2007,TURF,25.964912280701753,0.8698829300837769,0.2542519706809724,1.5,-16.9,-39.06,B1_TP_98
ITA,B1,TP,2007,TURF,53.71024734982333,0.8698829300837769,0.2542519706809724,1.5,-16.9,-39.06,B1_TP_99
ITA,B1,TP,2008,CCA,0.3546099290780142,0.8698829300837769,0.2542519706809724,1.5,-16.9,-39.06,B1_TP_100
ITA,B1,TP,2008,CCA,0.0,0.8698829300837769,0.2542519706809724,1.5,-16.9,-39.06,B1_TP_101
ITA,B1,TP,2008,CCA,2.112676056338028,0.8698829300837769,0.2542519706809724,1.5,-16.9,-39.06,B1_TP_102
ITA,B1,TP,2008,CCA,2.2304832713754648,0.8698829300837769,0.2542519706809724,1.5,-16.9,-39.06,B1_TP_103
ITA,B1,TP,2008,CCA,2.5179856115107913,0.8698829300837769,0.2542519706809724,1.5,-16.9,-39.06,B1_TP_104
ITA,B1,TP,2008,CCA,0.0,0.8698829300837769,0.2542519706809724,1.5,-16.9,-39.06,B1_TP_105
ITA,B1,TP,2008,CCA,0.3731343283582089,0.8698829300837769,0.2542519706809724,1.5,-16.9,-39.06,B1_TP_106
ITA,B1,TP,2008,CCA,0.0,0.8698829300837769,0.2542519706809724,1.5,-16.9,-39.06,B1_TP_107
ITA,B1,TP,2008,CCA,2.711864406779661,0.8698829300837769,0.2542519706809724,1.5,-16.9,-39.06,B1_TP_108
ITA,B1,TP,2008,CCA,1.083032490974729,0.8698829300837769,0.2542519706809724,1.5,-16.9,-39.06,B1_TP_109
ITA,B1,TP,2008,CYANO,0.0,0.8698829300837769,0.2542519706809724,1.5,-16.9,-39.06,B1_TP_110
ITA,B1,TP,2008,CYANO,0.0,0.8698829300837769,0.2542519706809724,1.5,-16.9,-39.06,B1_TP_111
ITA,B1,TP,2008,CYANO,0.0,0.8698829300837769,0.2542519706809724,1.5,-16.9,-39.06,B1_TP_112
ITA,B1,TP,2008,CYANO,0.0,0.8698829300837769,0.2542519706809724,1.5,-16.9,-39.06,B1_TP_113
ITA,B1,TP,2008,CYANO,0.0,0.8698829300837769,0.2542519706809724,1.5,-16.9,-39.06,B1_TP_114
ITA,B1,TP,2008,CYANO,0.0,0.8698829300837769,0.2542519706809724,1.5,-16.9,-39.06,B1_TP_115
ITA,B1,TP,2008,CYANO,0.0,0.8698829300837769,0.2542519706809724,1.5,-16.9,-39.06,B1_TP_116
ITA,B1,TP,2008,CYANO,0.0,0.8698829300837769,0.2542519706809724,1.5,-16.9,-39.06,B1_TP_117
ITA,B1,TP,2008,CYANO,0.0,0.8698829300837769,0.2542519706809724,1.5,-16.9,-39.06,B1_TP_118
ITA,B1,TP,2008,CYANO,0.0,0.8698829300837769,0.2542519706809724,1.5,-16.9,-39.06,B1_TP_119
ITA,B1,TP,2008,MACROALGAE,26.95035460992908,0.8698829300837769,0.2542519706809724,1.5,-16.9,-39.06,B1_TP_120
ITA,B1,TP,2008,MACROALGAE,19.28571428571429,0.8698829300837769,0.2542519706809724,1.5,-16.9,-39.06,B1_TP_121
ITA,B1,TP,2008,MACROALGAE,21.12676056338028,0.8698829300837769,0.2542519706809724,1.5,-16.9,-39.06,B1_TP_122
ITA,B1,TP,2008,MACROALGAE,29.36802973977695,0.8698829300837769,0.2542519706809724,1.5,-16.9,-39.06,B1_TP_123
ITA,B1,TP,2008,MACROALGAE,20.503597122302157,0.8698829300837769,0.2542519706809724,1.5,-16.9,-39.06,B1_TP_124
ITA,B1,TP,2008,MACROALGAE,22.676579925650557,0.8698829300837769,0.2542519706809724,1.5,-16.9,-39.06,B1_TP_125
ITA,B1,TP,2008,MACROALGAE,10.074626865671641,0.8698829300837769,0.2542519706809724,1.5,-16.9,-39.06,B1_TP_126
ITA,B1,TP,2008,MACROALGAE,12.274368231046932,0.8698829300837769,0.2542519706809724,1.5,-16.9,-39.06,B1_TP_127
ITA,B1,TP,2008,MACROALGAE,2.0338983050847457,0.8698829300837769,0.2542519706809724,1.5,-16.9,-39.06,B1_TP_128
ITA,B1,TP,2008,MACROALGAE,3.6101083032490973,0.8698829300837769,0.2542519706809724,1.5,-16.9,-39.06,B1_TP_129
ITA,B1,TP,2008,MUSSISMILIA_HISPIDA,0.0,0.8698829300837769,0.2542519706809724,1.5,-16.9,-39.06,B1_TP_130
ITA,B1,TP,2008,MUSSISMILIA_HISPIDA,0.0,0.8698829300837769,0.2542519706809724,1.5,-16.9,-39.06,B1_TP_131
ITA,B1,TP,2008,MUSSISMILIA_HISPIDA,0.0,0.8698829300837769,0.2542519706809724,1.5,-16.9,-39.06,B1_TP_132
ITA,B1,TP,2008,MUSSISMILIA_HISPIDA,0.0,0.8698829300837769,0.2542519706809724,1.5,-16.9,-39.06,B1_TP_133
ITA,B1,TP,2008,MUSSISMILIA_HISPIDA,0.0,0.8698829300837769,0.2542519706809724,1.5,-16.9,-39.06,B1_TP_134
ITA,B1,TP,2008,MUSSISMILIA_HISPIDA,0.0,0.8698829300837769,0.2542519706809724,1.5,-16.9,-39.06,B1_TP_135
ITA,B1,TP,2008,MUSSISMILIA_HISPIDA,0.0,0.8698829300837769,0.2542519706809724,1.5,-16.9,-39.06,B1_TP_136
ITA,B1,TP,2008,MUSSISMILIA_HISPIDA,0.0,0.8698829300837769,0.2542519706809724,1.5,-16.9,-39.06,B1_TP_137
ITA,B1,TP,2008,MUSSISMILIA_HISPIDA,0.0,0.8698829300837769,0.2542519706809724,1.5,-16.9,-39.06,B1_TP_138
ITA,B1,TP,2008,MUSSISMILIA_HISPIDA,0.0,0.8698829300837769,0.2542519706809724,1.5,-16.9,-39.06,B1_TP_139
ITA,B1,TP,2008,TURF,63.47517730496454,0.8698829300837769,0.2542519706809724,1.5,-16.9,-39.06,B1_TP_140
ITA,B1,TP,2008,TURF,34.64285714285714,0.8698829300837769,0.2542519706809724,1.5,-16.9,-39.06,B1_TP_141
ITA,B1,TP,2008,TURF,65.14084507042254,0.8698829300837769,0.2542519706809724,1.5,-16.9,-39.06,B1_TP_142
ITA,B1,TP,2008,TURF,40.520446096654275,0.8698829300837769,0.2542519706809724,1.5,-16.9,-39.06,B1_TP_143
ITA,B1,TP,2008,TURF,69.7841726618705,0.8698829300837769,0.2542519706809724,1.5,-16.9,-39.06,B1_TP_144
ITA,B1,TP,2008,TURF,68.40148698884758,0.8698829300837769,0.2542519706809724,1.5,-16.9,-39.06,B1_TP_145
ITA,B1,TP,2008,TURF,79.47761194029852,0.8698829300837769,0.2542519706809724,1.5,-16.9,-39.06,B1_TP_146
ITA,B1,TP,2008,TURF,74.72924187725631,0.8698829300837769,0.2542519706809724,1.5,-16.9,-39.06,B1_TP_147
ITA,B1,TP,2008,TURF,84.40677966101696,0.8698829300837769,0.2542519706809724,1.5,-16.9,-39.06,B1_TP_148
ITA,B1,TP,2008,TURF,53.42960288808665,0.8698829300837769,0.2542519706809724,1.5,-16.9,-39.06,B1_TP_149
ITA,B2,PA,2006,CCA,8.080808080808081,0.2187169845269189,0.0196169280678092,1.5,-16.9,-39.04,B2_PA_0
ITA,B2,PA,2006,CCA,0.0,0.2187169845269189,0.0196169280678092,1.5,-16.9,-39.04,B2_PA_1
ITA,B2,PA,2006,CCA,1.7482517482517483,0.2187169845269189,0.0196169280678092,1.5,-16.9,-39.04,B2_PA_2
ITA,B2,PA,2006,CCA,0.35211267605633806,0.2187169845269189,0.0196169280678092,1.5,-16.9,-39.04,B2_PA_3
ITA,B2,PA,2006,CCA,0.6825938566552902,0.2187169845269189,0.0196169280678092,1.5,-16.9,-39.04,B2_PA_4
ITA,B2,PA,2006,CCA,0.7067137809187279,0.2187169845269189,0.0196169280678092,1.5,-16.9,-39.04,B2_PA_5
ITA,B2,PA,2006,CCA,0.33444816053511706,0.2187169845269189,0.0196169280678092,1.5,-16.9,-39.04,B2_PA_6
ITA,B2,PA,2006,CCA,0.3448275862068966,0.2187169845269189,0.0196169280678092,1.5,-16.9,-39.04,B2_PA_7
ITA,B2,PA,2006,CCA,0.3676470588235294,0.2187169845269189,0.0196169280678092,1.5,-16.9,-39.04,B2_PA_8
ITA,B2,PA,2006,CCA,0.0,0.2187169845269189,0.0196169280678092,1.5,-16.9,-39.04,B2_PA_9
ITA,B2,PA,2006,CYANO,0.0,0.2187169845269189,0.0196169280678092,1.5,-16.9,-39.04,B2_PA_10
ITA,B2,PA,2006,CYANO,0.0,0.2187169845269189,0.0196169280678092,1.5,-16.9,-39.04,B2_PA_11
ITA,B2,PA,2006,CYANO,0.0,0.2187169845269189,0.0196169280678092,1.5,-16.9,-39.04,B2_PA_12
ITA,B2,PA,2006,CYANO,0.0,0.2187169845269189,0.0196169280678092,1.5,-16.9,-39.04,B2_PA_13
ITA,B2,PA,2006,CYANO,0.0,0.2187169845269189,0.0196169280678092,1.5,-16.9,-39.04,B2_PA_14
ITA,B2,PA,2006,CYANO,0.0,0.2187169845269189,0.0196169280678092,1.5,-16.9,-39.04,B2_PA_15
ITA,B2,PA,2006,CYANO,0.0,0.2187169845269189,0.0196169280678092,1.5,-16.9,-39.04,B2_PA_16
ITA,B2,PA,2006,CYANO,0.0,0.2187169845269189,0.0196169280678092,1.5,-16.9,-39.04,B2_PA_17
ITA,B2,PA,2006,CYANO,0.0,0.2187169845269189,0.0196169280678092,1.5,-16.9,-39.04,B2_PA_18
ITA,B2,PA,2006,CYANO,0.0,0.2187169845269189,0.0196169280678092,1.5,-16.9,-39.04,B2_PA_19
ITA,B2,PA,2006,MACROALGAE,0.0,0.2187169845269189,0.0196169280678092,1.5,-16.9,-39.04,B2_PA_20
ITA,B2,PA,2006,MACROALGAE,4.391891891891892,0.2187169845269189,0.0196169280678092,1.5,-16.9,-39.04,B2_PA_21
ITA,B2,PA,2006,MACROALGAE,0.0,0.2187169845269189,0.0196169280678092,1.5,-16.9,-39.04,B2_PA_22
ITA,B2,PA,2006,MACROALGAE,0.7042253521126761,0.2187169845269189,0.0196169280678092,1.5,-16.9,-39.04,B2_PA_23
ITA,B2,PA,2006,MACROALGAE,2.7303754266211606,0.2187169845269189,0.0196169280678092,1.5,-16.9,-39.04,B2_PA_24
ITA,B2,PA,2006,MACROALGAE,0.0,0.2187169845269189,0.0196169280678092,1.5,-16.9,-39.04,B2_PA_25
ITA,B2,PA,2006,MACROALGAE,0.0,0.2187169845269189,0.0196169280678092,1.5,-16.9,-39.04,B2_PA_26
ITA,B2,PA,2006,MACROALGAE,5.862068965517241,0.2187169845269189,0.0196169280678092,1.5,-16.9,-39.04,B2_PA_27
ITA,B2,PA,2006,MACROALGAE,0.0,0.2187169845269189,0.0196169280678092,1.5,-16.9,-39.04,B2_PA_28
ITA,B2,PA,2006,MACROALGAE,0.0,0.2187169845269189,0.0196169280678092,1.5,-16.9,-39.04,B2_PA_29
ITA,B2,PA,2006,MUSSISMILIA_HISPIDA,0.0,0.2187169845269189,0.0196169280678092,1.5,-16.9,-39.04,B2_PA_30
ITA,B2,PA,2006,MUSSISMILIA_HISPIDA,0.0,0.2187169845269189,0.0196169280678092,1.5,-16.9,-39.04,B2_PA_31
ITA,B2,PA,2006,MUSSISMILIA_HISPIDA,0.0,0.2187169845269189,0.0196169280678092,1.5,-16.9,-39.04,B2_PA_32
ITA,B2,PA,2006,MUSSISMILIA_HISPIDA,0.0,0.2187169845269189,0.0196169280678092,1.5,-16.9,-39.04,B2_PA_33
ITA,B2,PA,2006,MUSSISMILIA_HISPIDA,0.0,0.2187169845269189,0.0196169280678092,1.5,-16.9,-39.04,B2_PA_34
ITA,B2,PA,2006,MUSSISMILIA_HISPIDA,1.0600706713780919,0.2187169845269189,0.0196169280678092,1.5,-16.9,-39.04,B2_PA_35
ITA,B2,PA,2006,MUSSISMILIA_HISPIDA,0.0,0.2187169845269189,0.0196169280678092,1.5,-16.9,-39.04,B2_PA_36
ITA,B2,PA,2006,MUSSISMILIA_HISPIDA,0.0,0.2187169845269189,0.0196169280678092,1.5,-16.9,-39.04,B2_PA_37
ITA,B2,PA,2006,MUSSISMILIA_HISPIDA,0.0,0.2187169845269189,0.0196169280678092,1.5,-16.9,-39.04,B2_PA_38
ITA,B2,PA,2006,MUSSISMILIA_HISPIDA,0.0,0.2187169845269189,0.0196169280678092,1.5,-16.9,-39.04,B2_PA_39
ITA,B2,PA,2006,TURF,91.91919191919192,0.2187169845269189,0.0196169280678092,1.5,-16.9,-39.04,B2_PA_40
ITA,B2,PA,2006,TURF,92.56756756756756,0.2187169845269189,0.0196169280678092,1.5,-16.9,-39.04,B2_PA_41
ITA,B2,PA,2006,TURF,90.55944055944056,0.2187169845269189,0.0196169280678092,1.5,-16.9,-39.04,B2_PA_42
ITA,B2,PA,2006,TURF,92.25352112676056,0.2187169845269189,0.0196169280678092,1.5,-16.9,-39.04,B2_PA_43
ITA,B2,PA,2006,TURF,86.00682593856655,0.2187169845269189,0.0196169280678092,1.5,-16.9,-39.04,B2_PA_44
ITA,B2,PA,2006,TURF,81.2720848056537,0.2187169845269189,0.0196169280678092,1.5,-16.9,-39.04,B2_PA_45
ITA,B2,PA,2006,TURF,81.27090301003345,0.2187169845269189,0.0196169280678092,1.5,-16.9,-39.04,B2_PA_46
ITA,B2,PA,2006,TURF,75.17241379310344,0.2187169845269189,0.0196169280678092,1.5,-16.9,-39.04,B2_PA_47
ITA,B2,PA,2006,TURF,77.94117647058823,0.2187169845269189,0.0196169280678092,1.5,-16.9,-39.04,B2_PA_48
ITA,B2,PA,2006,TURF,67.65799256505576,0.2187169845269189,0.0196169280678092,1.5,-16.9,-39.04,B2_PA_49
ITA,B2,PA,2007,CCA,8.064516129032258,0.2187169845269189,0.0196169280678092,1.5,-16.9,-39.04,B2_PA_50
ITA,B2,PA,2007,CCA,0.3424657534246575,0.2187169845269189,0.0196169280678092,1.5,-16.9,-39.04,B2_PA_51
ITA,B2,PA,2007,CCA,10.37037037037037,0.2187169845269189,0.0196169280678092,1.5,-16.9,-39.04,B2_PA_52
ITA,B2,PA,2007,CCA,4.814814814814815,0.2187169845269189,0.0196169280678092,1.5,-16.9,-39.04,B2_PA_53
ITA,B2,PA,2007,CCA,4.477611940298507,0.2187169845269189,0.0196169280678092,1.5,-16.9,-39.04,B2_PA_54
ITA,B2,PA,2007,CCA,0.7843137254901961,0.2187169845269189,0.0196169280678092,1.5,-16.9,-39.04,B2_PA_55
ITA,B2,PA,2007,CCA,3.1372549019607843,0.2187169845269189,0.0196169280678092,1.5,-16.9,-39.04,B2_PA_56
ITA,B2,PA,2007,CCA,0.7751937984496124,0.2187169845269189,0.0196169280678092,1.5,-16.9,-39.04,B2_PA_57
ITA,B2,PA,2007,CCA,3.1413612565445024,0.2187169845269189,0.0196169280678092,1.5,-16.9,-39.04,B2_PA_58
ITA,B2,PA,2007,CCA,4.184100418410042,0.2187169845269189,0.0196169280678092,1.5,-16.9,-39.04,B2_PA_59
ITA,B2,PA,2007,CYANO,0.0,0.2187169845269189,0.0196169280678092,1.5,-16.9,-39.04,B2_PA_60
ITA,B2,PA,2007,CYANO,0.0,0.2187169845269189,0.0196169280678092,1.5,-16.9,-39.04,B2_PA_61
ITA,B2,PA,2007,CYANO,0.0,0.2187169845269189,0.0196169280678092,1.5,-16.9,-39.04,B2_PA_62
ITA,B2,PA,2007,CYANO,0.0,0.2187169845269189,0.0196169280678092,1.5,-16.9,-39.04,B2_PA_63
ITA,B2,PA,2007,CYANO,0.0,0.2187169845269189,0.0196169280678092,1.5,-16.9,-39.04,B2_PA_64
ITA,B2,PA,2007,CYANO,0.0,0.2187169845269189,0.0196169280678092,1.5,-16.9,-39.04,B2_PA_65
ITA,B2,PA,2007,CYANO,0.0,0.2187169845269189,0.0196169280678092,1.5,-16.9,-39.04,B2_PA_66
ITA,B2,PA,2007,CYANO,0.0,0.2187169845269189,0.0196169280678092,1.5,-16.9,-39.04,B2_PA_67
ITA,B2,PA,2007,CYANO,0.0,0.2187169845269189,0.0196169280678092,1.5,-16.9,-39.04,B2_PA_68
ITA,B2,PA,2007,CYANO,0.0,0.2187169845269189,0.0196169280678092,1.5,-16.9,-39.04,B2_PA_69
ITA,B2,PA,2007,MACROALGAE,1.2096774193548387,0.2187169845269189,0.0196169280678092,1.5,-16.9,-39.04,B2_PA_70
ITA,B2,PA,2007,MACROALGAE,0.0,0.2187169845269189,0.0196169280678092,1.5,-16.9,-39.04,B2_PA_71
ITA,B2,PA,2007,MACROALGAE,10.37037037037037,0.2187169845269189,0.0196169280678092,1.5,-16.9,-39.04,B2_PA_72
ITA,B2,PA,2007,MACROALGAE,0.0,0.2187169845269189,0.0196169280678092,1.5,-16.9,-39.04,B2_PA_73
ITA,B2,PA,2007,MACROALGAE,1.4925373134328357,0.2187169845269189,0.0196169280678092,1.5,-16.9,-39.04,B2_PA_74
ITA,B2,PA,2007,MACROALGAE,0.39215686274509803,0.2187169845269189,0.0196169280678092,1.5,-16.9,-39.04,B2_PA_75
ITA,B2,PA,2007,MACROALGAE,0.0,0.2187169845269189,0.0196169280678092,1.5,-16.9,-39.04,B2_PA_76
ITA,B2,PA,2007,MACROALGAE,0.3875968992248062,0.2187169845269189,0.0196169280678092,1.5,-16.9,-39.04,B2_PA_77
ITA,B2,PA,2007,MACROALGAE,1.0471204188481675,0.2187169845269189,0.0196169280678092,1.5,-16.9,-39.04,B2_PA_78
ITA,B2,PA,2007,MACROALGAE,0.0,0.2187169845269189,0.0196169280678092,1.5,-16.9,-39.04,B2_PA_79
ITA,B2,PA,2007,MUSSISMILIA_HISPIDA,0.0,0.2187169845269189,0.0196169280678092,1.5,-16.9,-39.04,B2_PA_80
ITA,B2,PA,2007,MUSSISMILIA_HISPIDA,0.0,0.2187169845269189,0.0196169280678092,1.5,-16.9,-39.04,B2_PA_81
ITA,B2,PA,2007,MUSSISMILIA_HISPIDA,0.0,0.2187169845269189,0.0196169280678092,1.5,-16.9,-39.04,B2_PA_82
ITA,B2,PA,2007,MUSSISMILIA_HISPIDA,0.0,0.2187169845269189,0.0196169280678092,1.5,-16.9,-39.04,B2_PA_83
ITA,B2,PA,2007,MUSSISMILIA_HISPIDA,0.0,0.2187169845269189,0.0196169280678092,1.5,-16.9,-39.04,B2_PA_84
ITA,B2,PA,2007,MUSSISMILIA_HISPIDA,0.0,0.2187169845269189,0.0196169280678092,1.5,-16.9,-39.04,B2_PA_85
ITA,B2,PA,2007,MUSSISMILIA_HISPIDA,0.0,0.2187169845269189,0.0196169280678092,1.5,-16.9,-39.04,B2_PA_86
ITA,B2,PA,2007,MUSSISMILIA_HISPIDA,5.038759689922481,0.2187169845269189,0.0196169280678092,1.5,-16.9,-39.04,B2_PA_87
ITA,B2,PA,2007,MUSSISMILIA_HISPIDA,0.0,0.2187169845269189,0.0196169280678092,1.5,-16.9,-39.04,B2_PA_88
ITA,B2,PA,2007,MUSSISMILIA_HISPIDA,0.0,0.2187169845269189,0.0196169280678092,1.5,-16.9,-39.04,B2_PA_89
ITA,B2,PA,2007,TURF,90.32258064516128,0.2187169845269189,0.0196169280678092,1.5,-16.9,-39.04,B2_PA_90
ITA,B2,PA,2007,TURF,95.54794520547945,0.2187169845269189,0.0196169280678092,1.5,-16.9,-39.04,B2_PA_91
ITA,B2,PA,2007,TURF,75.55555555555556,0.2187169845269189,0.0196169280678092,1.5,-16.9,-39.04,B2_PA_92
ITA,B2,PA,2007,TURF,83.7037037037037,0.2187169845269189,0.0196169280678092,1.5,-16.9,-39.04,B2_PA_93
ITA,B2,PA,2007,TURF,74.6268656716418,0.2187169845269189,0.0196169280678092,1.5,-16.9,-39.04,B2_PA_94
ITA,B2,PA,2007,TURF,78.82352941176471,0.2187169845269189,0.0196169280678092,1.5,-16.9,-39.04,B2_PA_95
ITA,B2,PA,2007,TURF,76.86274509803923,0.2187169845269189,0.0196169280678092,1.5,-16.9,-39.04,B2_PA_96
ITA,B2,PA,2007,TURF,73.64341085271317,0.2187169845269189,0.0196169280678092,1.5,-16.9,-39.04,B2_PA_97
ITA,B2,PA,2007,TURF,67.01570680628272,0.2187169845269189,0.0196169280678092,1.5,-16.9,-39.04,B2_PA_98
ITA,B2,PA,2007,TURF,67.78242677824268,0.2187169845269189,0.0196169280678092,1.5,-16.9,-39.04,B2_PA_99
ITA,B2,PA,2008,CCA,0.0,0.2187169845269189,0.0196169280678092,1.5,-16.9,-39.04,B2_PA_100
ITA,B2,PA,2008,CCA,0.0,0.2187169845269189,0.0196169280678092,1.5,-16.9,-39.04,B2_PA_101
ITA,B2,PA,2008,CCA,0.5882352941176471,0.2187169845269189,0.0196169280678092,1.5,-16.9,-39.04,B2_PA_102
ITA,B2,PA,2008,CCA,0.37735849056603776,0.2187169845269189,0.0196169280678092,1.5,-16.9,-39.04,B2_PA_103
ITA,B2,PA,2008,CCA,0.0,0.2187169845269189,0.0196169280678092,1.5,-16.9,-39.04,B2_PA_104
ITA,B2,PA,2008,CCA,0.0,0.2187169845269189,0.0196169280678092,1.5,-16.9,-39.04,B2_PA_105
ITA,B2,PA,2008,CCA,0.0,0.2187169845269189,0.0196169280678092,1.5,-16.9,-39.04,B2_PA_106
ITA,B2,PA,2008,CCA,0.0,0.2187169845269189,0.0196169280678092,1.5,-16.9,-39.04,B2_PA_107
ITA,B2,PA,2008,CCA,0.0,0.2187169845269189,0.0196169280678092,1.5,-16.9,-39.04,B2_PA_108
ITA,B2,PA,2008,CCA,2.9585798816568047,0.2187169845269189,0.0196169280678092,1.5,-16.9,-39.04,B2_PA_109
ITA,B2,PA,2008,CYANO,0.0,0.2187169845269189,0.0196169280678092,1.5,-16.9,-39.04,B2_PA_110
ITA,B2,PA,2008,CYANO,0.0,0.2187169845269189,0.0196169280678092,1.5,-16.9,-39.04,B2_PA_111
ITA,B2,PA,2008,CYANO,0.0,0.2187169845269189,0.0196169280678092,1.5,-16.9,-39.04,B2_PA_112
ITA,B2,PA,2008,CYANO,0.0,0.2187169845269189,0.0196169280678092,1.5,-16.9,-39.04,B2_PA_113
ITA,B2,PA,2008,CYANO,0.0,0.2187169845269189,0.0196169280678092,1.5,-16.9,-39.04,B2_PA_114
ITA,B2,PA,2008,CYANO,0.0,0.2187169845269189,0.0196169280678092,1.5,-16.9,-39.04,B2_PA_115
ITA,B2,PA,2008,CYANO,0.0,0.2187169845269189,0.0196169280678092,1.5,-16.9,-39.04,B2_PA_116
ITA,B2,PA,2008,CYANO,0.5128205128205128,0.2187169845269189,0.0196169280678092,1.5,-16.9,-39.04,B2_PA_117
ITA,B2,PA,2008,CYANO,0.0,0.2187169845269189,0.0196169280678092,1.5,-16.9,-39.04,B2_PA_118
ITA,B2,PA,2008,CYANO,0.0,0.2187169845269189,0.0196169280678092,1.5,-16.9,-39.04,B2_PA_119
ITA,B2,PA,2008,MACROALGAE,0.0,0.2187169845269189,0.0196169280678092,1.5,-16.9,-39.04,B2_PA_120
ITA,B2,PA,2008,MACROALGAE,0.0,0.2187169845269189,0.0196169280678092,1.5,-16.9,-39.04,B2_PA_121
ITA,B2,PA,2008,MACROALGAE,0.0,0.2187169845269189,0.0196169280678092,1.5,-16.9,-39.04,B2_PA_122
ITA,B2,PA,2008,MACROALGAE,0.0,0.2187169845269189,0.0196169280678092,1.5,-16.9,-39.04,B2_PA_123
ITA,B2,PA,2008,MACROALGAE,0.0,0.2187169845269189,0.0196169280678092,1.5,-16.9,-39.04,B2_PA_124
ITA,B2,PA,2008,MACROALGAE,0.0,0.2187169845269189,0.0196169280678092,1.5,-16.9,-39.04,B2_PA_125
ITA,B2,PA,2008,MACROALGAE,2.898550724637681,0.2187169845269189,0.0196169280678092,1.5,-16.9,-39.04,B2_PA_126
ITA,B2,PA,2008,MACROALGAE,0.0,0.2187169845269189,0.0196169280678092,1.5,-16.9,-39.04,B2_PA_127
ITA,B2,PA,2008,MACROALGAE,0.0,0.2187169845269189,0.0196169280678092,1.5,-16.9,-39.04,B2_PA_128
ITA,B2,PA,2008,MACROALGAE,0.0,0.2187169845269189,0.0196169280678092,1.5,-16.9,-39.04,B2_PA_129
ITA,B2,PA,2008,MUSSISMILIA_HISPIDA,0.0,0.2187169845269189,0.0196169280678092,1.5,-16.9,-39.04,B2_PA_130
ITA,B2,PA,2008,MUSSISMILIA_HISPIDA,0.0,0.2187169845269189,0.0196169280678092,1.5,-16.9,-39.04,B2_PA_131
ITA,B2,PA,2008,MUSSISMILIA_HISPIDA,0.0,0.2187169845269189,0.0196169280678092,1.5,-16.9,-39.04,B2_PA_132
ITA,B2,PA,2008,MUSSISMILIA_HISPIDA,0.0,0.2187169845269189,0.0196169280678092,1.5,-16.9,-39.04,B2_PA_133
ITA,B2,PA,2008,MUSSISMILIA_HISPIDA,0.0,0.2187169845269189,0.0196169280678092,1.5,-16.9,-39.04,B2_PA_134
ITA,B2,PA,2008,MUSSISMILIA_HISPIDA,0.0,0.2187169845269189,0.0196169280678092,1.5,-16.9,-39.04,B2_PA_135
ITA,B2,PA,2008,MUSSISMILIA_HISPIDA,0.0,0.2187169845269189,0.0196169280678092,1.5,-16.9,-39.04,B2_PA_136
ITA,B2,PA,2008,MUSSISMILIA_HISPIDA,0.0,0.2187169845269189,0.0196169280678092,1.5,-16.9,-39.04,B2_PA_137
ITA,B2,PA,2008,MUSSISMILIA_HISPIDA,4.901960784313726,0.2187169845269189,0.0196169280678092,1.5,-16.9,-39.04,B2_PA_138
ITA,B2,PA,2008,MUSSISMILIA_HISPIDA,0.0,0.2187169845269189,0.0196169280678092,1.5,-16.9,-39.04,B2_PA_139
ITA,B2,PA,2008,TURF,97.65625,0.2187169845269189,0.0196169280678092,1.5,-16.9,-39.04,B2_PA_140
ITA,B2,PA,2008,TURF,94.11764705882352,0.2187169845269189,0.0196169280678092,1.5,-16.9,-39.04,B2_PA_141
ITA,B2,PA,2008,TURF,84.11764705882354,0.2187169845269189,0.0196169280678092,1.5,-16.9,-39.04,B2_PA_142
ITA,B2,PA,2008,TURF,81.88679245283019,0.2187169845269189,0.0196169280678092,1.5,-16.9,-39.04,B2_PA_143
ITA,B2,PA,2008,TURF,79.7872340425532,0.2187169845269189,0.0196169280678092,1.5,-16.9,-39.04,B2_PA_144
ITA,B2,PA,2008,TURF,75.31914893617021,0.2187169845269189,0.0196169280678092,1.5,-16.9,-39.04,B2_PA_145
ITA,B2,PA,2008,TURF,58.69565217391305,0.2187169845269189,0.0196169280678092,1.5,-16.9,-39.04,B2_PA_146
ITA,B2,PA,2008,TURF,67.6923076923077,0.2187169845269189,0.0196169280678092,1.5,-16.9,-39.04,B2_PA_147
ITA,B2,PA,2008,TURF,65.19607843137256,0.2187169845269189,0.0196169280678092,1.5,-16.9,-39.04,B2_PA_148
ITA,B2,PA,2008,TURF,62.1301775147929,0.2187169845269189,0.0196169280678092,1.5,-16.9,-39.04,B2_PA_149
ITA,B2,TP,2006,CCA,2.013422818791946,0.2187169845269189,0.0196169280678092,1.5,-16.9,-39.04,B2_TP_0
ITA,B2,TP,2006,CCA,2.348993288590604,0.2187169845269189,0.0196169280678092,1.5,-16.9,-39.04,B2_TP_1
ITA,B2,TP,2006,CCA,2.04778156996587,0.2187169845269189,0.0196169280678092,1.5,-16.9,-39.04,B2_TP_2
ITA,B2,TP,2006,CCA,0.6872852233676976,0.2187169845269189,0.0196169280678092,1.5,-16.9,-39.04,B2_TP_3
ITA,B2,TP,2006,CCA,2.380952380952381,0.2187169845269189,0.0196169280678092,1.5,-16.9,-39.04,B2_TP_4
ITA,B2,TP,2006,CCA,2.3972602739726026,0.2187169845269189,0.0196169280678092,1.5,-16.9,-39.04,B2_TP_5
ITA,B2,TP,2006,CCA,0.3436426116838488,0.2187169845269189,0.0196169280678092,1.5,-16.9,-39.04,B2_TP_6
ITA,B2,TP,2006,CCA,1.694915254237288,0.2187169845269189,0.0196169280678092,1.5,-16.9,-39.04,B2_TP_7
ITA,B2,TP,2006,CCA,5.369127516778524,0.2187169845269189,0.0196169280678092,1.5,-16.9,-39.04,B2_TP_8
ITA,B2,TP,2006,CCA,1.3513513513513513,0.2187169845269189,0.0196169280678092,1.5,-16.9,-39.04,B2_TP_9
ITA,B2,TP,2006,CYANO,0.0,0.2187169845269189,0.0196169280678092,1.5,-16.9,-39.04,B2_TP_10
ITA,B2,TP,2006,CYANO,0.0,0.2187169845269189,0.0196169280678092,1.5,-16.9,-39.04,B2_TP_11
ITA,B2,TP,2006,CYANO,0.0,0.2187169845269189,0.0196169280678092,1.5,-16.9,-39.04,B2_TP_12
ITA,B2,TP,2006,CYANO,0.0,0.2187169845269189,0.0196169280678092,1.5,-16.9,-39.04,B2_TP_13
ITA,B2,TP,2006,CYANO,0.0,0.2187169845269189,0.0196169280678092,1.5,-16.9,-39.04,B2_TP_14
ITA,B2,TP,2006,CYANO,0.0,0.2187169845269189,0.0196169280678092,1.5,-16.9,-39.04,B2_TP_15
ITA,B2,TP,2006,CYANO,0.0,0.2187169845269189,0.0196169280678092,1.5,-16.9,-39.04,B2_TP_16
ITA,B2,TP,2006,CYANO,0.0,0.2187169845269189,0.0196169280678092,1.5,-16.9,-39.04,B2_TP_17
ITA,B2,TP,2006,CYANO,0.0,0.2187169845269189,0.0196169280678092,1.5,-16.9,-39.04,B2_TP_18
ITA,B2,TP,2006,CYANO,0.0,0.2187169845269189,0.0196169280678092,1.5,-16.9,-39.04,B2_TP_19
ITA,B2,TP,2006,MACROALGAE,8.389261744966444,0.2187169845269189,0.0196169280678092,1.5,-16.9,-39.04,B2_TP_20
ITA,B2,TP,2006,MACROALGAE,1.006711409395973,0.2187169845269189,0.0196169280678092,1.5,-16.9,-39.04,B2_TP_21
ITA,B2,TP,2006,MACROALGAE,12.286689419795222,0.2187169845269189,0.0196169280678092,1.5,-16.9,-39.04,B2_TP_22
ITA,B2,TP,2006,MACROALGAE,11.34020618556701,0.2187169845269189,0.0196169280678092,1.5,-16.9,-39.04,B2_TP_23
ITA,B2,TP,2006,MACROALGAE,8.503401360544217,0.2187169845269189,0.0196169280678092,1.5,-16.9,-39.04,B2_TP_24
ITA,B2,TP,2006,MACROALGAE,15.068493150684931,0.2187169845269189,0.0196169280678092,1.5,-16.9,-39.04,B2_TP_25
ITA,B2,TP,2006,MACROALGAE,4.810996563573884,0.2187169845269189,0.0196169280678092,1.5,-16.9,-39.04,B2_TP_26
ITA,B2,TP,2006,MACROALGAE,9.491525423728813,0.2187169845269189,0.0196169280678092,1.5,-16.9,-39.04,B2_TP_27
ITA,B2,TP,2006,MACROALGAE,4.697986577181208,0.2187169845269189,0.0196169280678092,1.5,-16.9,-39.04,B2_TP_28
ITA,B2,TP,2006,MACROALGAE,1.0135135135135136,0.2187169845269189,0.0196169280678092,1.5,-16.9,-39.04,B2_TP_29
ITA,B2,TP,2006,MUSSISMILIA_HISPIDA,0.0,0.2187169845269189,0.0196169280678092,1.5,-16.9,-39.04,B2_TP_30
ITA,B2,TP,2006,MUSSISMILIA_HISPIDA,0.0,0.2187169845269189,0.0196169280678092,1.5,-16.9,-39.04,B2_TP_31
ITA,B2,TP,2006,MUSSISMILIA_HISPIDA,0.0,0.2187169845269189,0.0196169280678092,1.5,-16.9,-39.04,B2_TP_32
ITA,B2,TP,2006,MUSSISMILIA_HISPIDA,0.0,0.2187169845269189,0.0196169280678092,1.5,-16.9,-39.04,B2_TP_33
ITA,B2,TP,2006,MUSSISMILIA_HISPIDA,0.0,0.2187169845269189,0.0196169280678092,1.5,-16.9,-39.04,B2_TP_34
ITA,B2,TP,2006,MUSSISMILIA_HISPIDA,0.0,0.2187169845269189,0.0196169280678092,1.5,-16.9,-39.04,B2_TP_35
ITA,B2,TP,2006,MUSSISMILIA_HISPIDA,0.0,0.2187169845269189,0.0196169280678092,1.5,-16.9,-39.04,B2_TP_36
ITA,B2,TP,2006,MUSSISMILIA_HISPIDA,0.0,0.2187169845269189,0.0196169280678092,1.5,-16.9,-39.04,B2_TP_37
ITA,B2,TP,2006,MUSSISMILIA_HISPIDA,0.0,0.2187169845269189,0.0196169280678092,1.5,-16.9,-39.04,B2_TP_38
ITA,B2,TP,2006,MUSSISMILIA_HISPIDA,0.0,0.2187169845269189,0.0196169280678092,1.5,-16.9,-39.04,B2_TP_39
ITA,B2,TP,2006,TURF,88.25503355704699,0.2187169845269189,0.0196169280678092,1.5,-16.9,-39.04,B2_TP_40
ITA,B2,TP,2006,TURF,91.94630872483222,0.2187169845269189,0.0196169280678092,1.5,-16.9,-39.04,B2_TP_41
ITA,B2,TP,2006,TURF,78.49829351535837,0.2187169845269189,0.0196169280678092,1.5,-16.9,-39.04,B2_TP_42
ITA,B2,TP,2006,TURF,73.8831615120275,0.2187169845269189,0.0196169280678092,1.5,-16.9,-39.04,B2_TP_43
ITA,B2,TP,2006,TURF,82.6530612244898,0.2187169845269189,0.0196169280678092,1.5,-16.9,-39.04,B2_TP_44
ITA,B2,TP,2006,TURF,75.68493150684932,0.2187169845269189,0.0196169280678092,1.5,-16.9,-39.04,B2_TP_45
ITA,B2,TP,2006,TURF,87.62886597938144,0.2187169845269189,0.0196169280678092,1.5,-16.9,-39.04,B2_TP_46
ITA,B2,TP,2006,TURF,78.64406779661017,0.2187169845269189,0.0196169280678092,1.5,-16.9,-39.04,B2_TP_47
ITA,B2,TP,2006,TURF,78.85906040268456,0.2187169845269189,0.0196169280678092,1.5,-16.9,-39.04,B2_TP_48
ITA,B2,TP,2006,TURF,80.74324324324324,0.2187169845269189,0.0196169280678092,1.5,-16.9,-39.04,B2_TP_49
ITA,B2,TP,2007,CCA,1.384083044982699,0.2187169845269189,0.0196169280678092,1.5,-16.9,-39.04,B2_TP_50
ITA,B2,TP,2007,CCA,1.0273972602739725,0.2187169845269189,0.0196169280678092,1.5,-16.9,-39.04,B2_TP_51
ITA,B2,TP,2007,CCA,0.0,0.2187169845269189,0.0196169280678092,1.5,-16.9,-39.04,B2_TP_52
ITA,B2,TP,2007,CCA,2.0408163265306123,0.2187169845269189,0.0196169280678092,1.5,-16.9,-39.04,B2_TP_53
ITA,B2,TP,2007,CCA,1.3745704467353952,0.2187169845269189,0.0196169280678092,1.5,-16.9,-39.04,B2_TP_54
ITA,B2,TP,2007,CCA,1.718213058419244,0.2187169845269189,0.0196169280678092,1.5,-16.9,-39.04,B2_TP_55
ITA,B2,TP,2007,CCA,0.7042253521126761,0.2187169845269189,0.0196169280678092,1.5,-16.9,-39.04,B2_TP_56
ITA,B2,TP,2007,CCA,0.3472222222222222,0.2187169845269189,0.0196169280678092,1.5,-16.9,-39.04,B2_TP_57
ITA,B2,TP,2007,CCA,1.0600706713780919,0.2187169845269189,0.0196169280678092,1.5,-16.9,-39.04,B2_TP_58
ITA,B2,TP,2007,CCA,0.0,0.2187169845269189,0.0196169280678092,1.5,-16.9,-39.04,B2_TP_59
ITA,B2,TP,2007,CYANO,0.0,0.2187169845269189,0.0196169280678092,1.5,-16.9,-39.04,B2_TP_60
ITA,B2,TP,2007,CYANO,0.0,0.2187169845269189,0.0196169280678092,1.5,-16.9,-39.04,B2_TP_61
ITA,B2,TP,2007,CYANO,0.0,0.2187169845269189,0.0196169280678092,1.5,-16.9,-39.04,B2_TP_62
ITA,B2,TP,2007,CYANO,0.0,0.2187169845269189,0.0196169280678092,1.5,-16.9,-39.04,B2_TP_63
ITA,B2,TP,2007,CYANO,0.0,0.2187169845269189,0.0196169280678092,1.5,-16.9,-39.04,B2_TP_64
ITA,B2,TP,2007,CYANO,0.0,0.2187169845269189,0.0196169280678092,1.5,-16.9,-39.04,B2_TP_65
ITA,B2,TP,2007,CYANO,0.0,0.2187169845269189,0.0196169280678092,1.5,-16.9,-39.04,B2_TP_66
ITA,B2,TP,2007,CYANO,0.0,0.2187169845269189,0.0196169280678092,1.5,-16.9,-39.04,B2_TP_67
ITA,B2,TP,2007,CYANO,0.0,0.2187169845269189,0.0196169280678092,1.5,-16.9,-39.04,B2_TP_68
ITA,B2,TP,2007,CYANO,0.0,0.2187169845269189,0.0196169280678092,1.5,-16.9,-39.04,B2_TP_69
ITA,B2,TP,2007,MACROALGAE,7.26643598615917,0.2187169845269189,0.0196169280678092,1.5,-16.9,-39.04,B2_TP_70
ITA,B2,TP,2007,MACROALGAE,1.7123287671232876,0.2187169845269189,0.0196169280678092,1.5,-16.9,-39.04,B2_TP_71
ITA,B2,TP,2007,MACROALGAE,15.358361774744028,0.2187169845269189,0.0196169280678092,1.5,-16.9,-39.04,B2_TP_72
ITA,B2,TP,2007,MACROALGAE,1.3605442176870748,0.2187169845269189,0.0196169280678092,1.5,-16.9,-39.04,B2_TP_73
ITA,B2,TP,2007,MACROALGAE,3.7800687285223367,0.2187169845269189,0.0196169280678092,1.5,-16.9,-39.04,B2_TP_74
ITA,B2,TP,2007,MACROALGAE,4.123711340206185,0.2187169845269189,0.0196169280678092,1.5,-16.9,-39.04,B2_TP_75
ITA,B2,TP,2007,MACROALGAE,13.028169014084506,0.2187169845269189,0.0196169280678092,1.5,-16.9,-39.04,B2_TP_76
ITA,B2,TP,2007,MACROALGAE,3.4722222222222223,0.2187169845269189,0.0196169280678092,1.5,-16.9,-39.04,B2_TP_77
ITA,B2,TP,2007,MACROALGAE,6.007067137809187,0.2187169845269189,0.0196169280678092,1.5,-16.9,-39.04,B2_TP_78
ITA,B2,TP,2007,MACROALGAE,8.108108108108109,0.2187169845269189,0.0196169280678092,1.5,-16.9,-39.04,B2_TP_79
ITA,B2,TP,2007,MUSSISMILIA_HISPIDA,0.0,0.2187169845269189,0.0196169280678092,1.5,-16.9,-39.04,B2_TP_80
ITA,B2,TP,2007,MUSSISMILIA_HISPIDA,0.3424657534246575,0.2187169845269189,0.0196169280678092,1.5,-16.9,-39.04,B2_TP_81
ITA,B2,TP,2007,MUSSISMILIA_HISPIDA,0.3412969283276451,0.2187169845269189,0.0196169280678092,1.5,-16.9,-39.04,B2_TP_82
ITA,B2,TP,2007,MUSSISMILIA_HISPIDA,0.0,0.2187169845269189,0.0196169280678092,1.5,-16.9,-39.04,B2_TP_83
ITA,B2,TP,2007,MUSSISMILIA_HISPIDA,0.0,0.2187169845269189,0.0196169280678092,1.5,-16.9,-39.04,B2_TP_84
ITA,B2,TP,2007,MUSSISMILIA_HISPIDA,0.0,0.2187169845269189,0.0196169280678092,1.5,-16.9,-39.04,B2_TP_85
ITA,B2,TP,2007,MUSSISMILIA_HISPIDA,0.0,0.2187169845269189,0.0196169280678092,1.5,-16.9,-39.04,B2_TP_86
ITA,B2,TP,2007,MUSSISMILIA_HISPIDA,0.0,0.2187169845269189,0.0196169280678092,1.5,-16.9,-39.04,B2_TP_87
ITA,B2,TP,2007,MUSSISMILIA_HISPIDA,0.0,0.2187169845269189,0.0196169280678092,1.5,-16.9,-39.04,B2_TP_88
ITA,B2,TP,2007,MUSSISMILIA_HISPIDA,0.0,0.2187169845269189,0.0196169280678092,1.5,-16.9,-39.04,B2_TP_89
ITA,B2,TP,2007,TURF,90.65743944636678,0.2187169845269189,0.0196169280678092,1.5,-16.9,-39.04,B2_TP_90
ITA,B2,TP,2007,TURF,93.15068493150685,0.2187169845269189,0.0196169280678092,1.5,-16.9,-39.04,B2_TP_91
ITA,B2,TP,2007,TURF,76.45051194539249,0.2187169845269189,0.0196169280678092,1.5,-16.9,-39.04,B2_TP_92
ITA,B2,TP,2007,TURF,89.1156462585034,0.2187169845269189,0.0196169280678092,1.5,-16.9,-39.04,B2_TP_93
ITA,B2,TP,2007,TURF,86.5979381443299,0.2187169845269189,0.0196169280678092,1.5,-16.9,-39.04,B2_TP_94
ITA,B2,TP,2007,TURF,85.2233676975945,0.2187169845269189,0.0196169280678092,1.5,-16.9,-39.04,B2_TP_95
ITA,B2,TP,2007,TURF,76.05633802816901,0.2187169845269189,0.0196169280678092,1.5,-16.9,-39.04,B2_TP_96
ITA,B2,TP,2007,TURF,84.72222222222221,0.2187169845269189,0.0196169280678092,1.5,-16.9,-39.04,B2_TP_97
ITA,B2,TP,2007,TURF,71.73144876325088,0.2187169845269189,0.0196169280678092,1.5,-16.9,-39.04,B2_TP_98
ITA,B2,TP,2007,TURF,80.06756756756756,0.2187169845269189,0.0196169280678092,1.5,-16.9,-39.04,B2_TP_99
ITA,B2,TP,2008,CCA,1.0135135135135136,0.2187169845269189,0.0196169280678092,1.5,-16.9,-39.04,B2_TP_100
ITA,B2,TP,2008,CCA,0.3401360544217687,0.2187169845269189,0.0196169280678092,1.5,-16.9,-39.04,B2_TP_101
ITA,B2,TP,2008,CCA,1.7301038062283738,0.2187169845269189,0.0196169280678092,1.5,-16.9,-39.04,B2_TP_102
ITA,B2,TP,2008,CCA,0.33783783783783783,0.2187169845269189,0.0196169280678092,1.5,-16.9,-39.04,B2_TP_103
ITA,B2,TP,2008,CCA,1.36986301369863,0.2187169845269189,0.0196169280678092,1.5,-16.9,-39.04,B2_TP_104
ITA,B2,TP,2008,CCA,1.0169491525423728,0.2187169845269189,0.0196169280678092,1.5,-16.9,-39.04,B2_TP_105
ITA,B2,TP,2008,CCA,0.3558718861209964,0.2187169845269189,0.0196169280678092,1.5,-16.9,-39.04,B2_TP_106
ITA,B2,TP,2008,CCA,0.0,0.2187169845269189,0.0196169280678092,1.5,-16.9,-39.04,B2_TP_107
ITA,B2,TP,2008,CCA,0.3412969283276451,0.2187169845269189,0.0196169280678092,1.5,-16.9,-39.04,B2_TP_108
ITA,B2,TP,2008,CCA,0.0,0.2187169845269189,0.0196169280678092,1.5,-16.9,-39.04,B2_TP_109
ITA,B2,TP,2008,CYANO,0.0,0.2187169845269189,0.0196169280678092,1.5,-16.9,-39.04,B2_TP_110
ITA,B2,TP,2008,CYANO,0.0,0.2187169845269189,0.0196169280678092,1.5,-16.9,-39.04,B2_TP_111
ITA,B2,TP,2008,CYANO,0.0,0.2187169845269189,0.0196169280678092,1.5,-16.9,-39.04,B2_TP_112
ITA,B2,TP,2008,CYANO,0.0,0.2187169845269189,0.0196169280678092,1.5,-16.9,-39.04,B2_TP_113
ITA,B2,TP,2008,CYANO,0.0,0.2187169845269189,0.0196169280678092,1.5,-16.9,-39.04,B2_TP_114
ITA,B2,TP,2008,CYANO,0.0,0.2187169845269189,0.0196169280678092,1.5,-16.9,-39.04,B2_TP_115
ITA,B2,TP,2008,CYANO,0.0,0.2187169845269189,0.0196169280678092,1.5,-16.9,-39.04,B2_TP_116
ITA,B2,TP,2008,CYANO,0.0,0.2187169845269189,0.0196169280678092,1.5,-16.9,-39.04,B2_TP_117
ITA,B2,TP,2008,CYANO,0.0,0.2187169845269189,0.0196169280678092,1.5,-16.9,-39.04,B2_TP_118
ITA,B2,TP,2008,CYANO,0.0,0.2187169845269189,0.0196169280678092,1.5,-16.9,-39.04,B2_TP_119
ITA,B2,TP,2008,MACROALGAE,9.121621621621621,0.2187169845269189,0.0196169280678092,1.5,-16.9,-39.04,B2_TP_120
ITA,B2,TP,2008,MACROALGAE,0.0,0.2187169845269189,0.0196169280678092,1.5,-16.9,-39.04,B2_TP_121
ITA,B2,TP,2008,MACROALGAE,1.0380622837370241,0.2187169845269189,0.0196169280678092,1.5,-16.9,-39.04,B2_TP_122
ITA,B2,TP,2008,MACROALGAE,9.797297297297296,0.2187169845269189,0.0196169280678092,1.5,-16.9,-39.04,B2_TP_123
ITA,B2,TP,2008,MACROALGAE,2.73972602739726,0.2187169845269189,0.0196169280678092,1.5,-16.9,-39.04,B2_TP_124
ITA,B2,TP,2008,MACROALGAE,0.6779661016949152,0.2187169845269189,0.0196169280678092,1.5,-16.9,-39.04,B2_TP_125
ITA,B2,TP,2008,MACROALGAE,9.252669039145907,0.2187169845269189,0.0196169280678092,1.5,-16.9,-39.04,B2_TP_126
ITA,B2,TP,2008,MACROALGAE,9.090909090909092,0.2187169845269189,0.0196169280678092,1.5,-16.9,-39.04,B2_TP_127
ITA,B2,TP,2008,MACROALGAE,4.436860068259386,0.2187169845269189,0.0196169280678092,1.5,-16.9,-39.04,B2_TP_128
ITA,B2,TP,2008,MACROALGAE,2.7210884353741496,0.2187169845269189,0.0196169280678092,1.5,-16.9,-39.04,B2_TP_129
ITA,B2,TP,2008,MUSSISMILIA_HISPIDA,0.0,0.2187169845269189,0.0196169280678092,1.5,-16.9,-39.04,B2_TP_130
ITA,B2,TP,2008,MUSSISMILIA_HISPIDA,0.0,0.2187169845269189,0.0196169280678092,1.5,-16.9,-39.04,B2_TP_131
ITA,B2,TP,2008,MUSSISMILIA_HISPIDA,0.0,0.2187169845269189,0.0196169280678092,1.5,-16.9,-39.04,B2_TP_132
ITA,B2,TP,2008,MUSSISMILIA_HISPIDA,0.0,0.2187169845269189,0.0196169280678092,1.5,-16.9,-39.04,B2_TP_133
ITA,B2,TP,2008,MUSSISMILIA_HISPIDA,0.0,0.2187169845269189,0.0196169280678092,1.5,-16.9,-39.04,B2_TP_134
ITA,B2,TP,2008,MUSSISMILIA_HISPIDA,0.0,0.2187169845269189,0.0196169280678092,1.5,-16.9,-39.04,B2_TP_135
ITA,B2,TP,2008,MUSSISMILIA_HISPIDA,0.0,0.2187169845269189,0.0196169280678092,1.5,-16.9,-39.04,B2_TP_136
ITA,B2,TP,2008,MUSSISMILIA_HISPIDA,0.0,0.2187169845269189,0.0196169280678092,1.5,-16.9,-39.04,B2_TP_137
ITA,B2,TP,2008,MUSSISMILIA_HISPIDA,0.0,0.2187169845269189,0.0196169280678092,1.5,-16.9,-39.04,B2_TP_138
ITA,B2,TP,2008,MUSSISMILIA_HISPIDA,0.0,0.2187169845269189,0.0196169280678092,1.5,-16.9,-39.04,B2_TP_139
ITA,B2,TP,2008,TURF,87.5,0.2187169845269189,0.0196169280678092,1.5,-16.9,-39.04,B2_TP_140
ITA,B2,TP,2008,TURF,95.91836734693877,0.2187169845269189,0.0196169280678092,1.5,-16.9,-39.04,B2_TP_141
ITA,B2,TP,2008,TURF,92.38754325259517,0.2187169845269189,0.0196169280678092,1.5,-16.9,-39.04,B2_TP_142
ITA,B2,TP,2008,TURF,77.7027027027027,0.2187169845269189,0.0196169280678092,1.5,-16.9,-39.04,B2_TP_143
ITA,B2,TP,2008,TURF,88.01369863013699,0.2187169845269189,0.0196169280678092,1.5,-16.9,-39.04,B2_TP_144
ITA,B2,TP,2008,TURF,89.83050847457628,0.2187169845269189,0.0196169280678092,1.5,-16.9,-39.04,B2_TP_145
ITA,B2,TP,2008,TURF,81.49466192170819,0.2187169845269189,0.0196169280678092,1.5,-16.9,-39.04,B2_TP_146
ITA,B2,TP,2008,TURF,78.78787878787878,0.2187169845269189,0.0196169280678092,1.5,-16.9,-39.04,B2_TP_147
ITA,B2,TP,2008,TURF,83.27645051194538,0.2187169845269189,0.0196169280678092,1.5,-16.9,-39.04,B2_TP_148
ITA,B2,TP,2008,TURF,83.6734693877551,0.2187169845269189,0.0196169280678092,1.5,-16.9,-39.04,B2_TP_149
ITA,C1,PA,2006,CCA,0.35335689045936397,0.8698829300837769,0.2542519706809724,1.4,-16.89,-39.06,C1_PA_0
ITA,C1,PA,2006,CCA,3.53356890459364,0.8698829300837769,0.2542519706809724,1.4,-16.89,-39.06,C1_PA_1
ITA,C1,PA,2006,CCA,3.1578947368421053,0.8698829300837769,0.2542519706809724,1.4,-16.89,-39.06,C1_PA_2
ITA,C1,PA,2006,CCA,0.6825938566552902,0.8698829300837769,0.2542519706809724,1.4,-16.89,-39.06,C1_PA_3
ITA,C1,PA,2006,CCA,6.451612903225806,0.8698829300837769,0.2542519706809724,1.4,-16.89,-39.06,C1_PA_4
ITA,C1,PA,2006,CCA,0.0,0.8698829300837769,0.2542519706809724,1.4,-16.89,-39.06,C1_PA_5
ITA,C1,PA,2006,CCA,0.36900369003690037,0.8698829300837769,0.2542519706809724,1.4,-16.89,-39.06,C1_PA_6
ITA,C1,PA,2006,CCA,1.0452961672473868,0.8698829300837769,0.2542519706809724,1.4,-16.89,-39.06,C1_PA_7
ITA,C1,PA,2006,CCA,3.1358885017421603,0.8698829300837769,0.2542519706809724,1.4,-16.89,-39.06,C1_PA_8
ITA,C1,PA,2006,CCA,1.0638297872340425,0.8698829300837769,0.2542519706809724,1.4,-16.89,-39.06,C1_PA_9
ITA,C1,PA,2006,CYANO,0.0,0.8698829300837769,0.2542519706809724,1.4,-16.89,-39.06,C1_PA_10
ITA,C1,PA,2006,CYANO,0.0,0.8698829300837769,0.2542519706809724,1.4,-16.89,-39.06,C1_PA_11
ITA,C1,PA,2006,CYANO,1.4035087719298245,0.8698829300837769,0.2542519706809724,1.4,-16.89,-39.06,C1_PA_12
ITA,C1,PA,2006,CYANO,1.023890784982935,0.8698829300837769,0.2542519706809724,1.4,-16.89,-39.06,C1_PA_13
ITA,C1,PA,2006,CYANO,0.0,0.8698829300837769,0.2542519706809724,1.4,-16.89,-39.06,C1_PA_14
ITA,C1,PA,2006,CYANO,0.7168458781362007,0.8698829300837769,0.2542519706809724,1.4,-16.89,-39.06,C1_PA_15
ITA,C1,PA,2006,CYANO,0.0,0.8698829300837769,0.2542519706809724,1.4,-16.89,-39.06,C1_PA_16
ITA,C1,PA,2006,CYANO,0.0,0.8698829300837769,0.2542519706809724,1.4,-16.89,-39.06,C1_PA_17
ITA,C1,PA,2006,CYANO,0.0,0.8698829300837769,0.2542519706809724,1.4,-16.89,-39.06,C1_PA_18
ITA,C1,PA,2006,CYANO,0.0,0.8698829300837769,0.2542519706809724,1.4,-16.89,-39.06,C1_PA_19
ITA,C1,PA,2006,MACROALGAE,36.042402826855124,0.8698829300837769,0.2542519706809724,1.4,-16.89,-39.06,C1_PA_20
ITA,C1,PA,2006,MACROALGAE,0.35335689045936397,0.8698829300837769,0.2542519706809724,1.4,-16.89,-39.06,C1_PA_21
ITA,C1,PA,2006,MACROALGAE,0.0,0.8698829300837769,0.2542519706809724,1.4,-16.89,-39.06,C1_PA_22
ITA,C1,PA,2006,MACROALGAE,0.0,0.8698829300837769,0.2542519706809724,1.4,-16.89,-39.06,C1_PA_23
ITA,C1,PA,2006,MACROALGAE,0.0,0.8698829300837769,0.2542519706809724,1.4,-16.89,-39.06,C1_PA_24
ITA,C1,PA,2006,MACROALGAE,1.0752688172043012,0.8698829300837769,0.2542519706809724,1.4,-16.89,-39.06,C1_PA_25
ITA,C1,PA,2006,MACROALGAE,11.439114391143912,0.8698829300837769,0.2542519706809724,1.4,-16.89,-39.06,C1_PA_26
ITA,C1,PA,2006,MACROALGAE,0.6968641114982579,0.8698829300837769,0.2542519706809724,1.4,-16.89,-39.06,C1_PA_27
ITA,C1,PA,2006,MACROALGAE,0.0,0.8698829300837769,0.2542519706809724,1.4,-16.89,-39.06,C1_PA_28
ITA,C1,PA,2006,MACROALGAE,0.7092198581560284,0.8698829300837769,0.2542519706809724,1.4,-16.89,-39.06,C1_PA_29
ITA,C1,PA,2006,MUSSISMILIA_HISPIDA,0.0,0.8698829300837769,0.2542519706809724,1.4,-16.89,-39.06,C1_PA_30
ITA,C1,PA,2006,MUSSISMILIA_HISPIDA,0.0,0.8698829300837769,0.2542519706809724,1.4,-16.89,-39.06,C1_PA_31
ITA,C1,PA,2006,MUSSISMILIA_HISPIDA,0.0,0.8698829300837769,0.2542519706809724,1.4,-16.89,-39.06,C1_PA_32
ITA,C1,PA,2006,MUSSISMILIA_HISPIDA,5.460750853242321,0.8698829300837769,0.2542519706809724,1.4,-16.89,-39.06,C1_PA_33
ITA,C1,PA,2006,MUSSISMILIA_HISPIDA,0.0,0.8698829300837769,0.2542519706809724,1.4,-16.89,-39.06,C1_PA_34
ITA,C1,PA,2006,MUSSISMILIA_HISPIDA,0.0,0.8698829300837769,0.2542519706809724,1.4,-16.89,-39.06,C1_PA_35
ITA,C1,PA,2006,MUSSISMILIA_HISPIDA,1.107011070110701,0.8698829300837769,0.2542519706809724,1.4,-16.89,-39.06,C1_PA_36
ITA,C1,PA,2006,MUSSISMILIA_HISPIDA,0.0,0.8698829300837769,0.2542519706809724,1.4,-16.89,-39.06,C1_PA_37
ITA,C1,PA,2006,MUSSISMILIA_HISPIDA,6.968641114982578,0.8698829300837769,0.2542519706809724,1.4,-16.89,-39.06,C1_PA_38
ITA,C1,PA,2006,MUSSISMILIA_HISPIDA,0.3546099290780142,0.8698829300837769,0.2542519706809724,1.4,-16.89,-39.06,C1_PA_39
ITA,C1,PA,2006,TURF,60.42402826855123,0.8698829300837769,0.2542519706809724,1.4,-16.89,-39.06,C1_PA_40
ITA,C1,PA,2006,TURF,91.16607773851591,0.8698829300837769,0.2542519706809724,1.4,-16.89,-39.06,C1_PA_41
ITA,C1,PA,2006,TURF,87.71929824561404,0.8698829300837769,0.2542519706809724,1.4,-16.89,-39.06,C1_PA_42
ITA,C1,PA,2006,TURF,87.03071672354949,0.8698829300837769,0.2542519706809724,1.4,-16.89,-39.06,C1_PA_43
ITA,C1,PA,2006,TURF,78.49462365591397,0.8698829300837769,0.2542519706809724,1.4,-16.89,-39.06,C1_PA_44
ITA,C1,PA,2006,TURF,84.2293906810036,0.8698829300837769,0.2542519706809724,1.4,-16.89,-39.06,C1_PA_45
ITA,C1,PA,2006,TURF,71.21771217712177,0.8698829300837769,0.2542519706809724,1.4,-16.89,-39.06,C1_PA_46
ITA,C1,PA,2006,TURF,78.397212543554,0.8698829300837769,0.2542519706809724,1.4,-16.89,-39.06,C1_PA_47
ITA,C1,PA,2006,TURF,75.60975609756098,0.8698829300837769,0.2542519706809724,1.4,-16.89,-39.06,C1_PA_48
ITA,C1,PA,2006,TURF,71.27659574468085,0.8698829300837769,0.2542519706809724,1.4,-16.89,-39.06,C1_PA_49
ITA,C1,PA,2007,CCA,8.5,0.8698829300837769,0.2542519706809724,1.4,-16.89,-39.06,C1_PA_50
ITA,C1,PA,2007,CCA,0.5,0.8698829300837769,0.2542519706809724,1.4,-16.89,-39.06,C1_PA_51
ITA,C1,PA,2007,CCA,1.02,0.8698829300837769,0.2542519706809724,1.4,-16.89,-39.06,C1_PA_52
ITA,C1,PA,2007,CCA,0.0,0.8698829300837769,0.2542519706809724,1.4,-16.89,-39.06,C1_PA_53
ITA,C1,PA,2007,CCA,1.77,0.8698829300837769,0.2542519706809724,1.4,-16.89,-39.06,C1_PA_54
ITA,C1,PA,2007,CCA,0.67,0.8698829300837769,0.2542519706809724,1.4,-16.89,-39.06,C1_PA_55
ITA,C1,PA,2007,CCA,4.61,0.8698829300837769,0.2542519706809724,1.4,-16.89,-39.06,C1_PA_56
ITA,C1,PA,2007,CCA,5.06,0.8698829300837769,0.2542519706809724,1.4,-16.89,-39.06,C1_PA_57
ITA,C1,PA,2007,CCA,0.0,0.8698829300837769,0.2542519706809724,1.4,-16.89,-39.06,C1_PA_58
ITA,C1,PA,2007,CCA,0.0,0.8698829300837769,0.2542519706809724,1.4,-16.89,-39.06,C1_PA_59
ITA,C1,PA,2007,CYANO,8.16,0.8698829300837769,0.2542519706809724,1.4,-16.89,-39.06,C1_PA_60
ITA,C1,PA,2007,CYANO,0.0,0.8698829300837769,0.2542519706809724,1.4,-16.89,-39.06,C1_PA_61
ITA,C1,PA,2007,CYANO,1.02,0.8698829300837769,0.2542519706809724,1.4,-16.89,-39.06,C1_PA_62
ITA,C1,PA,2007,CYANO,2.36,0.8698829300837769,0.2542519706809724,1.4,-16.89,-39.06,C1_PA_63
ITA,C1,PA,2007,CYANO,0.0,0.8698829300837769,0.2542519706809724,1.4,-16.89,-39.06,C1_PA_64
ITA,C1,PA,2007,CYANO,0.34,0.8698829300837769,0.2542519706809724,1.4,-16.89,-39.06,C1_PA_65
ITA,C1,PA,2007,CYANO,4.96,0.8698829300837769,0.2542519706809724,1.4,-16.89,-39.06,C1_PA_66
ITA,C1,PA,2007,CYANO,0.42,0.8698829300837769,0.2542519706809724,1.4,-16.89,-39.06,C1_PA_67
ITA,C1,PA,2007,CYANO,0.33,0.8698829300837769,0.2542519706809724,1.4,-16.89,-39.06,C1_PA_68
ITA,C1,PA,2007,CYANO,0.0,0.8698829300837769,0.2542519706809724,1.4,-16.89,-39.06,C1_PA_69
ITA,C1,PA,2007,MACROALGAE,0.0,0.8698829300837769,0.2542519706809724,1.4,-16.89,-39.06,C1_PA_70
ITA,C1,PA,2007,MACROALGAE,43.72,0.8698829300837769,0.2542519706809724,1.4,-16.89,-39.06,C1_PA_71
ITA,C1,PA,2007,MACROALGAE,0.0,0.8698829300837769,0.2542519706809724,1.4,-16.89,-39.06,C1_PA_72
ITA,C1,PA,2007,MACROALGAE,0.34,0.8698829300837769,0.2542519706809724,1.4,-16.89,-39.06,C1_PA_73
ITA,C1,PA,2007,MACROALGAE,2.12,0.8698829300837769,0.2542519706809724,1.4,-16.89,-39.06,C1_PA_74
ITA,C1,PA,2007,MACROALGAE,0.0,0.8698829300837769,0.2542519706809724,1.4,-16.89,-39.06,C1_PA_75
ITA,C1,PA,2007,MACROALGAE,1.42,0.8698829300837769,0.2542519706809724,1.4,-16.89,-39.06,C1_PA_76
ITA,C1,PA,2007,MACROALGAE,12.66,0.8698829300837769,0.2542519706809724,1.4,-16.89,-39.06,C1_PA_77
ITA,C1,PA,2007,MACROALGAE,0.67,0.8698829300837769,0.2542519706809724,1.4,-16.89,-39.06,C1_PA_78
ITA,C1,PA,2007,MACROALGAE,0.0,0.8698829300837769,0.2542519706809724,1.4,-16.89,-39.06,C1_PA_79
ITA,C1,PA,2007,MUSSISMILIA_HISPIDA,0.0,0.8698829300837769,0.2542519706809724,1.4,-16.89,-39.06,C1_PA_80
ITA,C1,PA,2007,MUSSISMILIA_HISPIDA,0.0,0.8698829300837769,0.2542519706809724,1.4,-16.89,-39.06,C1_PA_81
ITA,C1,PA,2007,MUSSISMILIA_HISPIDA,0.0,0.8698829300837769,0.2542519706809724,1.4,-16.89,-39.06,C1_PA_82
ITA,C1,PA,2007,MUSSISMILIA_HISPIDA,7.09,0.8698829300837769,0.2542519706809724,1.4,-16.89,-39.06,C1_PA_83
ITA,C1,PA,2007,MUSSISMILIA_HISPIDA,0.0,0.8698829300837769,0.2542519706809724,1.4,-16.89,-39.06,C1_PA_84
ITA,C1,PA,2007,MUSSISMILIA_HISPIDA,0.0,0.8698829300837769,0.2542519706809724,1.4,-16.89,-39.06,C1_PA_85
ITA,C1,PA,2007,MUSSISMILIA_HISPIDA,0.0,0.8698829300837769,0.2542519706809724,1.4,-16.89,-39.06,C1_PA_86
ITA,C1,PA,2007,MUSSISMILIA_HISPIDA,2.53,0.8698829300837769,0.2542519706809724,1.4,-16.89,-39.06,C1_PA_87
ITA,C1,PA,2007,MUSSISMILIA_HISPIDA,0.0,0.8698829300837769,0.2542519706809724,1.4,-16.89,-39.06,C1_PA_88
ITA,C1,PA,2007,MUSSISMILIA_HISPIDA,15.6,0.8698829300837769,0.2542519706809724,1.4,-16.89,-39.06,C1_PA_89
ITA,C1,PA,2007,TURF,36.739999999999995,0.8698829300837769,0.2542519706809724,1.4,-16.89,-39.06,C1_PA_90
ITA,C1,PA,2007,TURF,11.06,0.8698829300837769,0.2542519706809724,1.4,-16.89,-39.06,C1_PA_91
ITA,C1,PA,2007,TURF,2.73,0.8698829300837769,0.2542519706809724,1.4,-16.89,-39.06,C1_PA_92
ITA,C1,PA,2007,TURF,6.42,0.8698829300837769,0.2542519706809724,1.4,-16.89,-39.06,C1_PA_93
ITA,C1,PA,2007,TURF,40.28,0.8698829300837769,0.2542519706809724,1.4,-16.89,-39.06,C1_PA_94
ITA,C1,PA,2007,TURF,48.31999999999999,0.8698829300837769,0.2542519706809724,1.4,-16.89,-39.06,C1_PA_95
ITA,C1,PA,2007,TURF,42.56,0.8698829300837769,0.2542519706809724,1.4,-16.89,-39.06,C1_PA_96
ITA,C1,PA,2007,TURF,32.91,0.8698829300837769,0.2542519706809724,1.4,-16.89,-39.06,C1_PA_97
ITA,C1,PA,2007,TURF,51.84,0.8698829300837769,0.2542519706809724,1.4,-16.89,-39.06,C1_PA_98
ITA,C1,PA,2007,TURF,60.0,0.8698829300837769,0.2542519706809724,1.4,-16.89,-39.06,C1_PA_99
ITA,C1,PA,2008,CCA,2.3972602739726026,0.8698829300837769,0.2542519706809724,1.4,-16.89,-39.06,C1_PA_100
ITA,C1,PA,2008,CCA,3.3210332103321036,0.8698829300837769,0.2542519706809724,1.4,-16.89,-39.06,C1_PA_101
ITA,C1,PA,2008,CCA,0.0,0.8698829300837769,0.2542519706809724,1.4,-16.89,-39.06,C1_PA_102
ITA,C1,PA,2008,CCA,1.3745704467353952,0.8698829300837769,0.2542519706809724,1.4,-16.89,-39.06,C1_PA_103
ITA,C1,PA,2008,CCA,0.0,0.8698829300837769,0.2542519706809724,1.4,-16.89,-39.06,C1_PA_104
ITA,C1,PA,2008,CCA,1.3793103448275863,0.8698829300837769,0.2542519706809724,1.4,-16.89,-39.06,C1_PA_105
ITA,C1,PA,2008,CCA,1.7301038062283738,0.8698829300837769,0.2542519706809724,1.4,-16.89,-39.06,C1_PA_106
ITA,C1,PA,2008,CCA,1.3745704467353952,0.8698829300837769,0.2542519706809724,1.4,-16.89,-39.06,C1_PA_107
ITA,C1,PA,2008,CCA,2.5089605734767026,0.8698829300837769,0.2542519706809724,1.4,-16.89,-39.06,C1_PA_108
ITA,C1,PA,2008,CCA,0.0,0.8698829300837769,0.2542519706809724,1.4,-16.89,-39.06,C1_PA_109
ITA,C1,PA,2008,CYANO,0.0,0.8698829300837769,0.2542519706809724,1.4,-16.89,-39.06,C1_PA_110
ITA,C1,PA,2008,CYANO,0.0,0.8698829300837769,0.2542519706809724,1.4,-16.89,-39.06,C1_PA_111
ITA,C1,PA,2008,CYANO,0.0,0.8698829300837769,0.2542519706809724,1.4,-16.89,-39.06,C1_PA_112
ITA,C1,PA,2008,CYANO,0.0,0.8698829300837769,0.2542519706809724,1.4,-16.89,-39.06,C1_PA_113
ITA,C1,PA,2008,CYANO,0.0,0.8698829300837769,0.2542519706809724,1.4,-16.89,-39.06,C1_PA_114
ITA,C1,PA,2008,CYANO,0.0,0.8698829300837769,0.2542519706809724,1.4,-16.89,-39.06,C1_PA_115
ITA,C1,PA,2008,CYANO,0.0,0.8698829300837769,0.2542519706809724,1.4,-16.89,-39.06,C1_PA_116
ITA,C1,PA,2008,CYANO,0.0,0.8698829300837769,0.2542519706809724,1.4,-16.89,-39.06,C1_PA_117
ITA,C1,PA,2008,CYANO,0.0,0.8698829300837769,0.2542519706809724,1.4,-16.89,-39.06,C1_PA_118
ITA,C1,PA,2008,CYANO,0.0,0.8698829300837769,0.2542519706809724,1.4,-16.89,-39.06,C1_PA_119
ITA,C1,PA,2008,MACROALGAE,3.4246575342465753,0.8698829300837769,0.2542519706809724,1.4,-16.89,-39.06,C1_PA_120
ITA,C1,PA,2008,MACROALGAE,33.579335793357934,0.8698829300837769,0.2542519706809724,1.4,-16.89,-39.06,C1_PA_121
ITA,C1,PA,2008,MACROALGAE,0.0,0.8698829300837769,0.2542519706809724,1.4,-16.89,-39.06,C1_PA_122
ITA,C1,PA,2008,MACROALGAE,15.463917525773196,0.8698829300837769,0.2542519706809724,1.4,-16.89,-39.06,C1_PA_123
ITA,C1,PA,2008,MACROALGAE,0.0,0.8698829300837769,0.2542519706809724,1.4,-16.89,-39.06,C1_PA_124
ITA,C1,PA,2008,MACROALGAE,6.206896551724138,0.8698829300837769,0.2542519706809724,1.4,-16.89,-39.06,C1_PA_125
ITA,C1,PA,2008,MACROALGAE,0.0,0.8698829300837769,0.2542519706809724,1.4,-16.89,-39.06,C1_PA_126
ITA,C1,PA,2008,MACROALGAE,2.405498281786942,0.8698829300837769,0.2542519706809724,1.4,-16.89,-39.06,C1_PA_127
ITA,C1,PA,2008,MACROALGAE,1.7921146953405016,0.8698829300837769,0.2542519706809724,1.4,-16.89,-39.06,C1_PA_128
ITA,C1,PA,2008,MACROALGAE,0.0,0.8698829300837769,0.2542519706809724,1.4,-16.89,-39.06,C1_PA_129
ITA,C1,PA,2008,MUSSISMILIA_HISPIDA,0.0,0.8698829300837769,0.2542519706809724,1.4,-16.89,-39.06,C1_PA_130
ITA,C1,PA,2008,MUSSISMILIA_HISPIDA,0.0,0.8698829300837769,0.2542519706809724,1.4,-16.89,-39.06,C1_PA_131
ITA,C1,PA,2008,MUSSISMILIA_HISPIDA,1.107011070110701,0.8698829300837769,0.2542519706809724,1.4,-16.89,-39.06,C1_PA_132
ITA,C1,PA,2008,MUSSISMILIA_HISPIDA,0.3436426116838488,0.8698829300837769,0.2542519706809724,1.4,-16.89,-39.06,C1_PA_133
ITA,C1,PA,2008,MUSSISMILIA_HISPIDA,0.0,0.8698829300837769,0.2542519706809724,1.4,-16.89,-39.06,C1_PA_134
ITA,C1,PA,2008,MUSSISMILIA_HISPIDA,1.0344827586206897,0.8698829300837769,0.2542519706809724,1.4,-16.89,-39.06,C1_PA_135
ITA,C1,PA,2008,MUSSISMILIA_HISPIDA,0.0,0.8698829300837769,0.2542519706809724,1.4,-16.89,-39.06,C1_PA_136
ITA,C1,PA,2008,MUSSISMILIA_HISPIDA,0.0,0.8698829300837769,0.2542519706809724,1.4,-16.89,-39.06,C1_PA_137
ITA,C1,PA,2008,MUSSISMILIA_HISPIDA,6.093189964157706,0.8698829300837769,0.2542519706809724,1.4,-16.89,-39.06,C1_PA_138
ITA,C1,PA,2008,MUSSISMILIA_HISPIDA,0.0,0.8698829300837769,0.2542519706809724,1.4,-16.89,-39.06,C1_PA_139
ITA,C1,PA,2008,TURF,94.17808219178082,0.8698829300837769,0.2542519706809724,1.4,-16.89,-39.06,C1_PA_140
ITA,C1,PA,2008,TURF,58.30258302583026,0.8698829300837769,0.2542519706809724,1.4,-16.89,-39.06,C1_PA_141
ITA,C1,PA,2008,TURF,91.14391143911439,0.8698829300837769,0.2542519706809724,1.4,-16.89,-39.06,C1_PA_142
ITA,C1,PA,2008,TURF,80.41237113402062,0.8698829300837769,0.2542519706809724,1.4,-16.89,-39.06,C1_PA_143
ITA,C1,PA,2008,TURF,93.21428571428572,0.8698829300837769,0.2542519706809724,1.4,-16.89,-39.06,C1_PA_144
ITA,C1,PA,2008,TURF,78.96551724137932,0.8698829300837769,0.2542519706809724,1.4,-16.89,-39.06,C1_PA_145
ITA,C1,PA,2008,TURF,87.19723183391004,0.8698829300837769,0.2542519706809724,1.4,-16.89,-39.06,C1_PA_146
ITA,C1,PA,2008,TURF,82.13058419243985,0.8698829300837769,0.2542519706809724,1.4,-16.89,-39.06,C1_PA_147
ITA,C1,PA,2008,TURF,79.21146953405018,0.8698829300837769,0.2542519706809724,1.4,-16.89,-39.06,C1_PA_148
ITA,C1,PA,2008,TURF,79.64285714285714,0.8698829300837769,0.2542519706809724,1.4,-16.89,-39.06,C1_PA_149
ITA,C1,TP,2006,CCA,1.7921146953405016,0.8698829300837769,0.2542519706809724,1.4,-16.89,-39.06,C1_TP_0
ITA,C1,TP,2006,CCA,1.048951048951049,0.8698829300837769,0.2542519706809724,1.4,-16.89,-39.06,C1_TP_1
ITA,C1,TP,2006,CCA,1.023890784982935,0.8698829300837769,0.2542519706809724,1.4,-16.89,-39.06,C1_TP_2
ITA,C1,TP,2006,CCA,0.3663003663003663,0.8698829300837769,0.2542519706809724,1.4,-16.89,-39.06,C1_TP_3
ITA,C1,TP,2006,CCA,1.0344827586206897,0.8698829300837769,0.2542519706809724,1.4,-16.89,-39.06,C1_TP_4
ITA,C1,TP,2006,CCA,1.1235955056179776,0.8698829300837769,0.2542519706809724,1.4,-16.89,-39.06,C1_TP_5
ITA,C1,TP,2006,CCA,0.6993006993006993,0.8698829300837769,0.2542519706809724,1.4,-16.89,-39.06,C1_TP_6
ITA,C1,TP,2006,CCA,0.3424657534246575,0.8698829300837769,0.2542519706809724,1.4,-16.89,-39.06,C1_TP_7
ITA,C1,TP,2006,CCA,0.6993006993006993,0.8698829300837769,0.2542519706809724,1.4,-16.89,-39.06,C1_TP_8
ITA,C1,TP,2006,CCA,2.430555555555556,0.8698829300837769,0.2542519706809724,1.4,-16.89,-39.06,C1_TP_9
ITA,C1,TP,2006,CYANO,0.35842293906810035,0.8698829300837769,0.2542519706809724,1.4,-16.89,-39.06,C1_TP_10
ITA,C1,TP,2006,CYANO,0.0,0.8698829300837769,0.2542519706809724,1.4,-16.89,-39.06,C1_TP_11
ITA,C1,TP,2006,CYANO,0.0,0.8698829300837769,0.2542519706809724,1.4,-16.89,-39.06,C1_TP_12
ITA,C1,TP,2006,CYANO,0.0,0.8698829300837769,0.2542519706809724,1.4,-16.89,-39.06,C1_TP_13
ITA,C1,TP,2006,CYANO,0.0,0.8698829300837769,0.2542519706809724,1.4,-16.89,-39.06,C1_TP_14
ITA,C1,TP,2006,CYANO,0.0,0.8698829300837769,0.2542519706809724,1.4,-16.89,-39.06,C1_TP_15
ITA,C1,TP,2006,CYANO,0.0,0.8698829300837769,0.2542519706809724,1.4,-16.89,-39.06,C1_TP_16
ITA,C1,TP,2006,CYANO,0.0,0.8698829300837769,0.2542519706809724,1.4,-16.89,-39.06,C1_TP_17
ITA,C1,TP,2006,CYANO,0.0,0.8698829300837769,0.2542519706809724,1.4,-16.89,-39.06,C1_TP_18
ITA,C1,TP,2006,CYANO,0.0,0.8698829300837769,0.2542519706809724,1.4,-16.89,-39.06,C1_TP_19
ITA,C1,TP,2006,MACROALGAE,63.08243727598566,0.8698829300837769,0.2542519706809724,1.4,-16.89,-39.06,C1_TP_20
ITA,C1,TP,2006,MACROALGAE,75.87412587412588,0.8698829300837769,0.2542519706809724,1.4,-16.89,-39.06,C1_TP_21
ITA,C1,TP,2006,MACROALGAE,76.79180887372013,0.8698829300837769,0.2542519706809724,1.4,-16.89,-39.06,C1_TP_22
ITA,C1,TP,2006,MACROALGAE,82.05128205128204,0.8698829300837769,0.2542519706809724,1.4,-16.89,-39.06,C1_TP_23
ITA,C1,TP,2006,MACROALGAE,65.17241379310344,0.8698829300837769,0.2542519706809724,1.4,-16.89,-39.06,C1_TP_24
ITA,C1,TP,2006,MACROALGAE,71.53558052434457,0.8698829300837769,0.2542519706809724,1.4,-16.89,-39.06,C1_TP_25
ITA,C1,TP,2006,MACROALGAE,84.61538461538461,0.8698829300837769,0.2542519706809724,1.4,-16.89,-39.06,C1_TP_26
ITA,C1,TP,2006,MACROALGAE,4.10958904109589,0.8698829300837769,0.2542519706809724,1.4,-16.89,-39.06,C1_TP_27
ITA,C1,TP,2006,MACROALGAE,3.8461538461538463,0.8698829300837769,0.2542519706809724,1.4,-16.89,-39.06,C1_TP_28
ITA,C1,TP,2006,MACROALGAE,15.277777777777779,0.8698829300837769,0.2542519706809724,1.4,-16.89,-39.06,C1_TP_29
ITA,C1,TP,2006,MUSSISMILIA_HISPIDA,0.0,0.8698829300837769,0.2542519706809724,1.4,-16.89,-39.06,C1_TP_30
ITA,C1,TP,2006,MUSSISMILIA_HISPIDA,0.0,0.8698829300837769,0.2542519706809724,1.4,-16.89,-39.06,C1_TP_31
ITA,C1,TP,2006,MUSSISMILIA_HISPIDA,0.0,0.8698829300837769,0.2542519706809724,1.4,-16.89,-39.06,C1_TP_32
ITA,C1,TP,2006,MUSSISMILIA_HISPIDA,0.0,0.8698829300837769,0.2542519706809724,1.4,-16.89,-39.06,C1_TP_33
ITA,C1,TP,2006,MUSSISMILIA_HISPIDA,0.0,0.8698829300837769,0.2542519706809724,1.4,-16.89,-39.06,C1_TP_34
ITA,C1,TP,2006,MUSSISMILIA_HISPIDA,0.0,0.8698829300837769,0.2542519706809724,1.4,-16.89,-39.06,C1_TP_35
ITA,C1,TP,2006,MUSSISMILIA_HISPIDA,0.0,0.8698829300837769,0.2542519706809724,1.4,-16.89,-39.06,C1_TP_36
ITA,C1,TP,2006,MUSSISMILIA_HISPIDA,0.0,0.8698829300837769,0.2542519706809724,1.4,-16.89,-39.06,C1_TP_37
ITA,C1,TP,2006,MUSSISMILIA_HISPIDA,0.0,0.8698829300837769,0.2542519706809724,1.4,-16.89,-39.06,C1_TP_38
ITA,C1,TP,2006,MUSSISMILIA_HISPIDA,0.3472222222222222,0.8698829300837769,0.2542519706809724,1.4,-16.89,-39.06,C1_TP_39
ITA,C1,TP,2006,TURF,30.824372759856633,0.8698829300837769,0.2542519706809724,1.4,-16.89,-39.06,C1_TP_40
ITA,C1,TP,2006,TURF,19.230769230769234,0.8698829300837769,0.2542519706809724,1.4,-16.89,-39.06,C1_TP_41
ITA,C1,TP,2006,TURF,2.7303754266211606,0.8698829300837769,0.2542519706809724,1.4,-16.89,-39.06,C1_TP_42
ITA,C1,TP,2006,TURF,2.197802197802198,0.8698829300837769,0.2542519706809724,1.4,-16.89,-39.06,C1_TP_43
ITA,C1,TP,2006,TURF,3.103448275862069,0.8698829300837769,0.2542519706809724,1.4,-16.89,-39.06,C1_TP_44
ITA,C1,TP,2006,TURF,24.719101123595504,0.8698829300837769,0.2542519706809724,1.4,-16.89,-39.06,C1_TP_45
ITA,C1,TP,2006,TURF,2.4475524475524475,0.8698829300837769,0.2542519706809724,1.4,-16.89,-39.06,C1_TP_46
ITA,C1,TP,2006,TURF,75.68493150684932,0.8698829300837769,0.2542519706809724,1.4,-16.89,-39.06,C1_TP_47
ITA,C1,TP,2006,TURF,54.89510489510489,0.8698829300837769,0.2542519706809724,1.4,-16.89,-39.06,C1_TP_48
ITA,C1,TP,2006,TURF,63.888888888888886,0.8698829300837769,0.2542519706809724,1.4,-16.89,-39.06,C1_TP_49
ITA,C1,TP,2007,CCA,3.546099290780142,0.8698829300837769,0.2542519706809724,1.4,-16.89,-39.06,C1_TP_50
ITA,C1,TP,2007,CCA,0.0,0.8698829300837769,0.2542519706809724,1.4,-16.89,-39.06,C1_TP_51
ITA,C1,TP,2007,CCA,1.023890784982935,0.8698829300837769,0.2542519706809724,1.4,-16.89,-39.06,C1_TP_52
ITA,C1,TP,2007,CCA,0.6779661016949152,0.8698829300837769,0.2542519706809724,1.4,-16.89,-39.06,C1_TP_53
ITA,C1,TP,2007,CCA,2.7777777777777777,0.8698829300837769,0.2542519706809724,1.4,-16.89,-39.06,C1_TP_54
ITA,C1,TP,2007,CCA,0.6944444444444444,0.8698829300837769,0.2542519706809724,1.4,-16.89,-39.06,C1_TP_55
ITA,C1,TP,2007,CCA,1.0638297872340425,0.8698829300837769,0.2542519706809724,1.4,-16.89,-39.06,C1_TP_56
ITA,C1,TP,2007,CCA,0.3472222222222222,0.8698829300837769,0.2542519706809724,1.4,-16.89,-39.06,C1_TP_57
ITA,C1,TP,2007,CCA,4.593639575971731,0.8698829300837769,0.2542519706809724,1.4,-16.89,-39.06,C1_TP_58
ITA,C1,TP,2007,CCA,0.0,0.8698829300837769,0.2542519706809724,1.4,-16.89,-39.06,C1_TP_59
ITA,C1,TP,2007,CYANO,0.0,0.8698829300837769,0.2542519706809724,1.4,-16.89,-39.06,C1_TP_60
ITA,C1,TP,2007,CYANO,0.0,0.8698829300837769,0.2542519706809724,1.4,-16.89,-39.06,C1_TP_61
ITA,C1,TP,2007,CYANO,0.0,0.8698829300837769,0.2542519706809724,1.4,-16.89,-39.06,C1_TP_62
ITA,C1,TP,2007,CYANO,0.0,0.8698829300837769,0.2542519706809724,1.4,-16.89,-39.06,C1_TP_63
ITA,C1,TP,2007,CYANO,0.0,0.8698829300837769,0.2542519706809724,1.4,-16.89,-39.06,C1_TP_64
ITA,C1,TP,2007,CYANO,0.0,0.8698829300837769,0.2542519706809724,1.4,-16.89,-39.06,C1_TP_65
ITA,C1,TP,2007,CYANO,0.0,0.8698829300837769,0.2542519706809724,1.4,-16.89,-39.06,C1_TP_66
ITA,C1,TP,2007,CYANO,0.0,0.8698829300837769,0.2542519706809724,1.4,-16.89,-39.06,C1_TP_67
ITA,C1,TP,2007,CYANO,0.0,0.8698829300837769,0.2542519706809724,1.4,-16.89,-39.06,C1_TP_68
ITA,C1,TP,2007,CYANO,0.0,0.8698829300837769,0.2542519706809724,1.4,-16.89,-39.06,C1_TP_69
ITA,C1,TP,2007,MACROALGAE,48.93617021276596,0.8698829300837769,0.2542519706809724,1.4,-16.89,-39.06,C1_TP_70
ITA,C1,TP,2007,MACROALGAE,66.44295302013423,0.8698829300837769,0.2542519706809724,1.4,-16.89,-39.06,C1_TP_71
ITA,C1,TP,2007,MACROALGAE,27.64505119453925,0.8698829300837769,0.2542519706809724,1.4,-16.89,-39.06,C1_TP_72
ITA,C1,TP,2007,MACROALGAE,57.6271186440678,0.8698829300837769,0.2542519706809724,1.4,-16.89,-39.06,C1_TP_73
ITA,C1,TP,2007,MACROALGAE,41.66666666666667,0.8698829300837769,0.2542519706809724,1.4,-16.89,-39.06,C1_TP_74
ITA,C1,TP,2007,MACROALGAE,1.3888888888888888,0.8698829300837769,0.2542519706809724,1.4,-16.89,-39.06,C1_TP_75
ITA,C1,TP,2007,MACROALGAE,17.375886524822697,0.8698829300837769,0.2542519706809724,1.4,-16.89,-39.06,C1_TP_76
ITA,C1,TP,2007,MACROALGAE,0.6944444444444444,0.8698829300837769,0.2542519706809724,1.4,-16.89,-39.06,C1_TP_77
ITA,C1,TP,2007,MACROALGAE,4.946996466431095,0.8698829300837769,0.2542519706809724,1.4,-16.89,-39.06,C1_TP_78
ITA,C1,TP,2007,MACROALGAE,0.684931506849315,0.8698829300837769,0.2542519706809724,1.4,-16.89,-39.06,C1_TP_79
ITA,C1,TP,2007,MUSSISMILIA_HISPIDA,0.0,0.8698829300837769,0.2542519706809724,1.4,-16.89,-39.06,C1_TP_80
ITA,C1,TP,2007,MUSSISMILIA_HISPIDA,0.0,0.8698829300837769,0.2542519706809724,1.4,-16.89,-39.06,C1_TP_81
ITA,C1,TP,2007,MUSSISMILIA_HISPIDA,0.0,0.8698829300837769,0.2542519706809724,1.4,-16.89,-39.06,C1_TP_82
ITA,C1,TP,2007,MUSSISMILIA_HISPIDA,0.0,0.8698829300837769,0.2542519706809724,1.4,-16.89,-39.06,C1_TP_83
ITA,C1,TP,2007,MUSSISMILIA_HISPIDA,0.0,0.8698829300837769,0.2542519706809724,1.4,-16.89,-39.06,C1_TP_84
ITA,C1,TP,2007,MUSSISMILIA_HISPIDA,0.0,0.8698829300837769,0.2542519706809724,1.4,-16.89,-39.06,C1_TP_85
ITA,C1,TP,2007,MUSSISMILIA_HISPIDA,0.0,0.8698829300837769,0.2542519706809724,1.4,-16.89,-39.06,C1_TP_86
ITA,C1,TP,2007,MUSSISMILIA_HISPIDA,0.0,0.8698829300837769,0.2542519706809724,1.4,-16.89,-39.06,C1_TP_87
ITA,C1,TP,2007,MUSSISMILIA_HISPIDA,0.7067137809187279,0.8698829300837769,0.2542519706809724,1.4,-16.89,-39.06,C1_TP_88
ITA,C1,TP,2007,MUSSISMILIA_HISPIDA,1.36986301369863,0.8698829300837769,0.2542519706809724,1.4,-16.89,-39.06,C1_TP_89
ITA,C1,TP,2007,TURF,43.61702127659575,0.8698829300837769,0.2542519706809724,1.4,-16.89,-39.06,C1_TP_90
ITA,C1,TP,2007,TURF,0.0,0.8698829300837769,0.2542519706809724,1.4,-16.89,-39.06,C1_TP_91
ITA,C1,TP,2007,TURF,6.825938566552901,0.8698829300837769,0.2542519706809724,1.4,-16.89,-39.06,C1_TP_92
ITA,C1,TP,2007,TURF,40.0,0.8698829300837769,0.2542519706809724,1.4,-16.89,-39.06,C1_TP_93
ITA,C1,TP,2007,TURF,36.80555555555556,0.8698829300837769,0.2542519706809724,1.4,-16.89,-39.06,C1_TP_94
ITA,C1,TP,2007,TURF,75.34722222222221,0.8698829300837769,0.2542519706809724,1.4,-16.89,-39.06,C1_TP_95
ITA,C1,TP,2007,TURF,70.92198581560284,0.8698829300837769,0.2542519706809724,1.4,-16.89,-39.06,C1_TP_96
ITA,C1,TP,2007,TURF,55.55555555555556,0.8698829300837769,0.2542519706809724,1.4,-16.89,-39.06,C1_TP_97
ITA,C1,TP,2007,TURF,61.83745583038869,0.8698829300837769,0.2542519706809724,1.4,-16.89,-39.06,C1_TP_98
ITA,C1,TP,2007,TURF,45.20547945205479,0.8698829300837769,0.2542519706809724,1.4,-16.89,-39.06,C1_TP_99
ITA,C1,TP,2008,CCA,0.684931506849315,0.8698829300837769,0.2542519706809724,1.4,-16.89,-39.06,C1_TP_100
ITA,C1,TP,2008,CCA,0.6825938566552902,0.8698829300837769,0.2542519706809724,1.4,-16.89,-39.06,C1_TP_101
ITA,C1,TP,2008,CCA,0.4048582995951417,0.8698829300837769,0.2542519706809724,1.4,-16.89,-39.06,C1_TP_102
ITA,C1,TP,2008,CCA,0.0,0.8698829300837769,0.2542519706809724,1.4,-16.89,-39.06,C1_TP_103
ITA,C1,TP,2008,CCA,0.0,0.8698829300837769,0.2542519706809724,1.4,-16.89,-39.06,C1_TP_104
ITA,C1,TP,2008,CCA,3.557312252964427,0.8698829300837769,0.2542519706809724,1.4,-16.89,-39.06,C1_TP_105
ITA,C1,TP,2008,CCA,0.0,0.8698829300837769,0.2542519706809724,1.4,-16.89,-39.06,C1_TP_106
ITA,C1,TP,2008,CCA,0.6944444444444444,0.8698829300837769,0.2542519706809724,1.4,-16.89,-39.06,C1_TP_107
ITA,C1,TP,2008,CCA,0.7722007722007722,0.8698829300837769,0.2542519706809724,1.4,-16.89,-39.06,C1_TP_108
ITA,C1,TP,2008,CCA,0.0,0.8698829300837769,0.2542519706809724,1.4,-16.89,-39.06,C1_TP_109
ITA,C1,TP,2008,CYANO,0.0,0.8698829300837769,0.2542519706809724,1.4,-16.89,-39.06,C1_TP_110
ITA,C1,TP,2008,CYANO,0.0,0.8698829300837769,0.2542519706809724,1.4,-16.89,-39.06,C1_TP_111
ITA,C1,TP,2008,CYANO,0.0,0.8698829300837769,0.2542519706809724,1.4,-16.89,-39.06,C1_TP_112
ITA,C1,TP,2008,CYANO,0.0,0.8698829300837769,0.2542519706809724,1.4,-16.89,-39.06,C1_TP_113
ITA,C1,TP,2008,CYANO,0.0,0.8698829300837769,0.2542519706809724,1.4,-16.89,-39.06,C1_TP_114
ITA,C1,TP,2008,CYANO,0.0,0.8698829300837769,0.2542519706809724,1.4,-16.89,-39.06,C1_TP_115
ITA,C1,TP,2008,CYANO,0.0,0.8698829300837769,0.2542519706809724,1.4,-16.89,-39.06,C1_TP_116
ITA,C1,TP,2008,CYANO,0.0,0.8698829300837769,0.2542519706809724,1.4,-16.89,-39.06,C1_TP_117
ITA,C1,TP,2008,CYANO,0.0,0.8698829300837769,0.2542519706809724,1.4,-16.89,-39.06,C1_TP_118
ITA,C1,TP,2008,CYANO,0.0,0.8698829300837769,0.2542519706809724,1.4,-16.89,-39.06,C1_TP_119
ITA,C1,TP,2008,MACROALGAE,85.61643835616438,0.8698829300837769,0.2542519706809724,1.4,-16.89,-39.06,C1_TP_120
ITA,C1,TP,2008,MACROALGAE,57.33788395904437,0.8698829300837769,0.2542519706809724,1.4,-16.89,-39.06,C1_TP_121
ITA,C1,TP,2008,MACROALGAE,94.33198380566802,0.8698829300837769,0.2542519706809724,1.4,-16.89,-39.06,C1_TP_122
ITA,C1,TP,2008,MACROALGAE,86.29032258064517,0.8698829300837769,0.2542519706809724,1.4,-16.89,-39.06,C1_TP_123
ITA,C1,TP,2008,MACROALGAE,1.3986013986013985,0.8698829300837769,0.2542519706809724,1.4,-16.89,-39.06,C1_TP_124
ITA,C1,TP,2008,MACROALGAE,45.059288537549406,0.8698829300837769,0.2542519706809724,1.4,-16.89,-39.06,C1_TP_125
ITA,C1,TP,2008,MACROALGAE,9.701492537313433,0.8698829300837769,0.2542519706809724,1.4,-16.89,-39.06,C1_TP_126
ITA,C1,TP,2008,MACROALGAE,1.3888888888888888,0.8698829300837769,0.2542519706809724,1.4,-16.89,-39.06,C1_TP_127
ITA,C1,TP,2008,MACROALGAE,14.285714285714285,0.8698829300837769,0.2542519706809724,1.4,-16.89,-39.06,C1_TP_128
ITA,C1,TP,2008,MACROALGAE,0.0,0.8698829300837769,0.2542519706809724,1.4,-16.89,-39.06,C1_TP_129
ITA,C1,TP,2008,MUSSISMILIA_HISPIDA,0.0,0.8698829300837769,0.2542519706809724,1.4,-16.89,-39.06,C1_TP_130
ITA,C1,TP,2008,MUSSISMILIA_HISPIDA,0.0,0.8698829300837769,0.2542519706809724,1.4,-16.89,-39.06,C1_TP_131
ITA,C1,TP,2008,MUSSISMILIA_HISPIDA,0.0,0.8698829300837769,0.2542519706809724,1.4,-16.89,-39.06,C1_TP_132
ITA,C1,TP,2008,MUSSISMILIA_HISPIDA,0.0,0.8698829300837769,0.2542519706809724,1.4,-16.89,-39.06,C1_TP_133
ITA,C1,TP,2008,MUSSISMILIA_HISPIDA,0.0,0.8698829300837769,0.2542519706809724,1.4,-16.89,-39.06,C1_TP_134
ITA,C1,TP,2008,MUSSISMILIA_HISPIDA,0.0,0.8698829300837769,0.2542519706809724,1.4,-16.89,-39.06,C1_TP_135
ITA,C1,TP,2008,MUSSISMILIA_HISPIDA,1.4925373134328357,0.8698829300837769,0.2542519706809724,1.4,-16.89,-39.06,C1_TP_136
ITA,C1,TP,2008,MUSSISMILIA_HISPIDA,0.6944444444444444,0.8698829300837769,0.2542519706809724,1.4,-16.89,-39.06,C1_TP_137
ITA,C1,TP,2008,MUSSISMILIA_HISPIDA,0.3861003861003861,0.8698829300837769,0.2542519706809724,1.4,-16.89,-39.06,C1_TP_138
ITA,C1,TP,2008,MUSSISMILIA_HISPIDA,0.6493506493506493,0.8698829300837769,0.2542519706809724,1.4,-16.89,-39.06,C1_TP_139
ITA,C1,TP,2008,TURF,2.73972602739726,0.8698829300837769,0.2542519706809724,1.4,-16.89,-39.06,C1_TP_140
ITA,C1,TP,2008,TURF,8.19112627986348,0.8698829300837769,0.2542519706809724,1.4,-16.89,-39.06,C1_TP_141
ITA,C1,TP,2008,TURF,2.0242914979757085,0.8698829300837769,0.2542519706809724,1.4,-16.89,-39.06,C1_TP_142
ITA,C1,TP,2008,TURF,9.274193548387096,0.8698829300837769,0.2542519706809724,1.4,-16.89,-39.06,C1_TP_143
ITA,C1,TP,2008,TURF,70.27972027972028,0.8698829300837769,0.2542519706809724,1.4,-16.89,-39.06,C1_TP_144
ITA,C1,TP,2008,TURF,43.873517786561266,0.8698829300837769,0.2542519706809724,1.4,-16.89,-39.06,C1_TP_145
ITA,C1,TP,2008,TURF,75.0,0.8698829300837769,0.2542519706809724,1.4,-16.89,-39.06,C1_TP_146
ITA,C1,TP,2008,TURF,62.84722222222222,0.8698829300837769,0.2542519706809724,1.4,-16.89,-39.06,C1_TP_147
ITA,C1,TP,2008,TURF,64.86486486486487,0.8698829300837769,0.2542519706809724,1.4,-16.89,-39.06,C1_TP_148
ITA,C1,TP,2008,TURF,68.83116883116884,0.8698829300837769,0.2542519706809724,1.4,-16.89,-39.06,C1_TP_149
ITA,C2,PA,2006,CCA,17.17171717171717,0.2187169845269189,0.0196169280678092,2.6,-16.9,-39.04,C2_PA_0
ITA,C2,PA,2006,CCA,20.60810810810811,0.2187169845269189,0.0196169280678092,2.6,-16.9,-39.04,C2_PA_1
ITA,C2,PA,2006,CCA,11.379310344827587,0.2187169845269189,0.0196169280678092,2.6,-16.9,-39.04,C2_PA_2
ITA,C2,PA,2006,CCA,1.7361111111111112,0.2187169845269189,0.0196169280678092,2.6,-16.9,-39.04,C2_PA_3
ITA,C2,PA,2006,CCA,8.02675585284281,0.2187169845269189,0.0196169280678092,2.6,-16.9,-39.04,C2_PA_4
ITA,C2,PA,2006,CCA,6.397306397306397,0.2187169845269189,0.0196169280678092,2.6,-16.9,-39.04,C2_PA_5
ITA,C2,PA,2006,CCA,12.286689419795222,0.2187169845269189,0.0196169280678092,2.6,-16.9,-39.04,C2_PA_6
ITA,C2,PA,2006,CCA,8.21917808219178,0.2187169845269189,0.0196169280678092,2.6,-16.9,-39.04,C2_PA_7
ITA,C2,PA,2006,CCA,9.05511811023622,0.2187169845269189,0.0196169280678092,2.6,-16.9,-39.04,C2_PA_8
ITA,C2,PA,2006,CCA,8.058608058608058,0.2187169845269189,0.0196169280678092,2.6,-16.9,-39.04,C2_PA_9
ITA,C2,PA,2006,CYANO,0.0,0.2187169845269189,0.0196169280678092,2.6,-16.9,-39.04,C2_PA_10
ITA,C2,PA,2006,CYANO,0.0,0.2187169845269189,0.0196169280678092,2.6,-16.9,-39.04,C2_PA_11
ITA,C2,PA,2006,CYANO,0.0,0.2187169845269189,0.0196169280678092,2.6,-16.9,-39.04,C2_PA_12
ITA,C2,PA,2006,CYANO,0.0,0.2187169845269189,0.0196169280678092,2.6,-16.9,-39.04,C2_PA_13
ITA,C2,PA,2006,CYANO,0.0,0.2187169845269189,0.0196169280678092,2.6,-16.9,-39.04,C2_PA_14
ITA,C2,PA,2006,CYANO,0.0,0.2187169845269189,0.0196169280678092,2.6,-16.9,-39.04,C2_PA_15
ITA,C2,PA,2006,CYANO,0.0,0.2187169845269189,0.0196169280678092,2.6,-16.9,-39.04,C2_PA_16
ITA,C2,PA,2006,CYANO,0.0,0.2187169845269189,0.0196169280678092,2.6,-16.9,-39.04,C2_PA_17
ITA,C2,PA,2006,CYANO,0.0,0.2187169845269189,0.0196169280678092,2.6,-16.9,-39.04,C2_PA_18
ITA,C2,PA,2006,CYANO,0.0,0.2187169845269189,0.0196169280678092,2.6,-16.9,-39.04,C2_PA_19
ITA,C2,PA,2006,MACROALGAE,76.0942760942761,0.2187169845269189,0.0196169280678092,2.6,-16.9,-39.04,C2_PA_20
ITA,C2,PA,2006,MACROALGAE,77.36486486486487,0.2187169845269189,0.0196169280678092,2.6,-16.9,-39.04,C2_PA_21
ITA,C2,PA,2006,MACROALGAE,87.24137931034483,0.2187169845269189,0.0196169280678092,2.6,-16.9,-39.04,C2_PA_22
ITA,C2,PA,2006,MACROALGAE,27.77777777777778,0.2187169845269189,0.0196169280678092,2.6,-16.9,-39.04,C2_PA_23
ITA,C2,PA,2006,MACROALGAE,91.30434782608695,0.2187169845269189,0.0196169280678092,2.6,-16.9,-39.04,C2_PA_24
ITA,C2,PA,2006,MACROALGAE,17.845117845117844,0.2187169845269189,0.0196169280678092,2.6,-16.9,-39.04,C2_PA_25
ITA,C2,PA,2006,MACROALGAE,82.93515358361775,0.2187169845269189,0.0196169280678092,2.6,-16.9,-39.04,C2_PA_26
ITA,C2,PA,2006,MACROALGAE,32.19178082191781,0.2187169845269189,0.0196169280678092,2.6,-16.9,-39.04,C2_PA_27
ITA,C2,PA,2006,MACROALGAE,51.181102362204726,0.2187169845269189,0.0196169280678092,2.6,-16.9,-39.04,C2_PA_28
ITA,C2,PA,2006,MACROALGAE,73.26007326007326,0.2187169845269189,0.0196169280678092,2.6,-16.9,-39.04,C2_PA_29
ITA,C2,PA,2006,MUSSISMILIA_HISPIDA,0.0,0.2187169845269189,0.0196169280678092,2.6,-16.9,-39.04,C2_PA_30
ITA,C2,PA,2006,MUSSISMILIA_HISPIDA,0.0,0.2187169845269189,0.0196169280678092,2.6,-16.9,-39.04,C2_PA_31
ITA,C2,PA,2006,MUSSISMILIA_HISPIDA,0.0,0.2187169845269189,0.0196169280678092,2.6,-16.9,-39.04,C2_PA_32
ITA,C2,PA,2006,MUSSISMILIA_HISPIDA,0.0,0.2187169845269189,0.0196169280678092,2.6,-16.9,-39.04,C2_PA_33
ITA,C2,PA,2006,MUSSISMILIA_HISPIDA,0.0,0.2187169845269189,0.0196169280678092,2.6,-16.9,-39.04,C2_PA_34
ITA,C2,PA,2006,MUSSISMILIA_HISPIDA,0.0,0.2187169845269189,0.0196169280678092,2.6,-16.9,-39.04,C2_PA_35
ITA,C2,PA,2006,MUSSISMILIA_HISPIDA,0.0,0.2187169845269189,0.0196169280678092,2.6,-16.9,-39.04,C2_PA_36
ITA,C2,PA,2006,MUSSISMILIA_HISPIDA,5.821917808219178,0.2187169845269189,0.0196169280678092,2.6,-16.9,-39.04,C2_PA_37
ITA,C2,PA,2006,MUSSISMILIA_HISPIDA,9.448818897637794,0.2187169845269189,0.0196169280678092,2.6,-16.9,-39.04,C2_PA_38
ITA,C2,PA,2006,MUSSISMILIA_HISPIDA,0.7326007326007326,0.2187169845269189,0.0196169280678092,2.6,-16.9,-39.04,C2_PA_39
ITA,C2,PA,2006,TURF,6.7340067340067336,0.2187169845269189,0.0196169280678092,2.6,-16.9,-39.04,C2_PA_40
ITA,C2,PA,2006,TURF,2.027027027027027,0.2187169845269189,0.0196169280678092,2.6,-16.9,-39.04,C2_PA_41
ITA,C2,PA,2006,TURF,1.3793103448275863,0.2187169845269189,0.0196169280678092,2.6,-16.9,-39.04,C2_PA_42
ITA,C2,PA,2006,TURF,70.48611111111111,0.2187169845269189,0.0196169280678092,2.6,-16.9,-39.04,C2_PA_43
ITA,C2,PA,2006,TURF,0.0,0.2187169845269189,0.0196169280678092,2.6,-16.9,-39.04,C2_PA_44
ITA,C2,PA,2006,TURF,74.07407407407408,0.2187169845269189,0.0196169280678092,2.6,-16.9,-39.04,C2_PA_45
ITA,C2,PA,2006,TURF,0.0,0.2187169845269189,0.0196169280678092,2.6,-16.9,-39.04,C2_PA_46
ITA,C2,PA,2006,TURF,52.054794520547944,0.2187169845269189,0.0196169280678092,2.6,-16.9,-39.04,C2_PA_47
ITA,C2,PA,2006,TURF,25.984251968503933,0.2187169845269189,0.0196169280678092,2.6,-16.9,-39.04,C2_PA_48
ITA,C2,PA,2006,TURF,0.7326007326007326,0.2187169845269189,0.0196169280678092,2.6,-16.9,-39.04,C2_PA_49
ITA,C2,PA,2007,CCA,17.670682730923694,0.2187169845269189,0.0196169280678092,2.6,-16.9,-39.04,C2_PA_50
ITA,C2,PA,2007,CCA,23.157894736842106,0.2187169845269189,0.0196169280678092,2.6,-16.9,-39.04,C2_PA_51
ITA,C2,PA,2007,CCA,24.074074074074073,0.2187169845269189,0.0196169280678092,2.6,-16.9,-39.04,C2_PA_52
ITA,C2,PA,2007,CCA,5.208333333333334,0.2187169845269189,0.0196169280678092,2.6,-16.9,-39.04,C2_PA_53
ITA,C2,PA,2007,CCA,1.824817518248175,0.2187169845269189,0.0196169280678092,2.6,-16.9,-39.04,C2_PA_54
ITA,C2,PA,2007,CCA,8.856088560885608,0.2187169845269189,0.0196169280678092,2.6,-16.9,-39.04,C2_PA_55
ITA,C2,PA,2007,CCA,21.691176470588236,0.2187169845269189,0.0196169280678092,2.6,-16.9,-39.04,C2_PA_56
ITA,C2,PA,2007,CCA,9.505703422053232,0.2187169845269189,0.0196169280678092,2.6,-16.9,-39.04,C2_PA_57
ITA,C2,PA,2007,CCA,8.0,0.2187169845269189,0.0196169280678092,2.6,-16.9,-39.04,C2_PA_58
ITA,C2,PA,2007,CCA,10.980392156862745,0.2187169845269189,0.0196169280678092,2.6,-16.9,-39.04,C2_PA_59
ITA,C2,PA,2007,CYANO,0.0,0.2187169845269189,0.0196169280678092,2.6,-16.9,-39.04,C2_PA_60
ITA,C2,PA,2007,CYANO,0.0,0.2187169845269189,0.0196169280678092,2.6,-16.9,-39.04,C2_PA_61
ITA,C2,PA,2007,CYANO,0.0,0.2187169845269189,0.0196169280678092,2.6,-16.9,-39.04,C2_PA_62
ITA,C2,PA,2007,CYANO,0.0,0.2187169845269189,0.0196169280678092,2.6,-16.9,-39.04,C2_PA_63
ITA,C2,PA,2007,CYANO,0.0,0.2187169845269189,0.0196169280678092,2.6,-16.9,-39.04,C2_PA_64
ITA,C2,PA,2007,CYANO,0.0,0.2187169845269189,0.0196169280678092,2.6,-16.9,-39.04,C2_PA_65
ITA,C2,PA,2007,CYANO,0.0,0.2187169845269189,0.0196169280678092,2.6,-16.9,-39.04,C2_PA_66
ITA,C2,PA,2007,CYANO,0.0,0.2187169845269189,0.0196169280678092,2.6,-16.9,-39.04,C2_PA_67
ITA,C2,PA,2007,CYANO,0.0,0.2187169845269189,0.0196169280678092,2.6,-16.9,-39.04,C2_PA_68
ITA,C2,PA,2007,CYANO,0.0,0.2187169845269189,0.0196169280678092,2.6,-16.9,-39.04,C2_PA_69
ITA,C2,PA,2007,MACROALGAE,2.0080321285140563,0.2187169845269189,0.0196169280678092,2.6,-16.9,-39.04,C2_PA_70
ITA,C2,PA,2007,MACROALGAE,0.0,0.2187169845269189,0.0196169280678092,2.6,-16.9,-39.04,C2_PA_71
ITA,C2,PA,2007,MACROALGAE,0.3703703703703704,0.2187169845269189,0.0196169280678092,2.6,-16.9,-39.04,C2_PA_72
ITA,C2,PA,2007,MACROALGAE,0.0,0.2187169845269189,0.0196169280678092,2.6,-16.9,-39.04,C2_PA_73
ITA,C2,PA,2007,MACROALGAE,0.0,0.2187169845269189,0.0196169280678092,2.6,-16.9,-39.04,C2_PA_74
ITA,C2,PA,2007,MACROALGAE,1.107011070110701,0.2187169845269189,0.0196169280678092,2.6,-16.9,-39.04,C2_PA_75
ITA,C2,PA,2007,MACROALGAE,1.8382352941176472,0.2187169845269189,0.0196169280678092,2.6,-16.9,-39.04,C2_PA_76
ITA,C2,PA,2007,MACROALGAE,0.38022813688212925,0.2187169845269189,0.0196169280678092,2.6,-16.9,-39.04,C2_PA_77
ITA,C2,PA,2007,MACROALGAE,0.0,0.2187169845269189,0.0196169280678092,2.6,-16.9,-39.04,C2_PA_78
ITA,C2,PA,2007,MACROALGAE,0.39215686274509803,0.2187169845269189,0.0196169280678092,2.6,-16.9,-39.04,C2_PA_79
ITA,C2,PA,2007,MUSSISMILIA_HISPIDA,0.0,0.2187169845269189,0.0196169280678092,2.6,-16.9,-39.04,C2_PA_80
ITA,C2,PA,2007,MUSSISMILIA_HISPIDA,0.0,0.2187169845269189,0.0196169280678092,2.6,-16.9,-39.04,C2_PA_81
ITA,C2,PA,2007,MUSSISMILIA_HISPIDA,0.0,0.2187169845269189,0.0196169280678092,2.6,-16.9,-39.04,C2_PA_82
ITA,C2,PA,2007,MUSSISMILIA_HISPIDA,0.0,0.2187169845269189,0.0196169280678092,2.6,-16.9,-39.04,C2_PA_83
ITA,C2,PA,2007,MUSSISMILIA_HISPIDA,0.0,0.2187169845269189,0.0196169280678092,2.6,-16.9,-39.04,C2_PA_84
ITA,C2,PA,2007,MUSSISMILIA_HISPIDA,0.0,0.2187169845269189,0.0196169280678092,2.6,-16.9,-39.04,C2_PA_85
ITA,C2,PA,2007,MUSSISMILIA_HISPIDA,0.0,0.2187169845269189,0.0196169280678092,2.6,-16.9,-39.04,C2_PA_86
ITA,C2,PA,2007,MUSSISMILIA_HISPIDA,6.083650190114068,0.2187169845269189,0.0196169280678092,2.6,-16.9,-39.04,C2_PA_87
ITA,C2,PA,2007,MUSSISMILIA_HISPIDA,10.8,0.2187169845269189,0.0196169280678092,2.6,-16.9,-39.04,C2_PA_88
ITA,C2,PA,2007,MUSSISMILIA_HISPIDA,0.7843137254901961,0.2187169845269189,0.0196169280678092,2.6,-16.9,-39.04,C2_PA_89
ITA,C2,PA,2007,TURF,79.51807228915662,0.2187169845269189,0.0196169280678092,2.6,-16.9,-39.04,C2_PA_90
ITA,C2,PA,2007,TURF,76.84210526315789,0.2187169845269189,0.0196169280678092,2.6,-16.9,-39.04,C2_PA_91
ITA,C2,PA,2007,TURF,75.55555555555556,0.2187169845269189,0.0196169280678092,2.6,-16.9,-39.04,C2_PA_92
ITA,C2,PA,2007,TURF,94.79166666666666,0.2187169845269189,0.0196169280678092,2.6,-16.9,-39.04,C2_PA_93
ITA,C2,PA,2007,TURF,98.17518248175182,0.2187169845269189,0.0196169280678092,2.6,-16.9,-39.04,C2_PA_94
ITA,C2,PA,2007,TURF,89.66789667896678,0.2187169845269189,0.0196169280678092,2.6,-16.9,-39.04,C2_PA_95
ITA,C2,PA,2007,TURF,74.63235294117648,0.2187169845269189,0.0196169280678092,2.6,-16.9,-39.04,C2_PA_96
ITA,C2,PA,2007,TURF,84.03041825095056,0.2187169845269189,0.0196169280678092,2.6,-16.9,-39.04,C2_PA_97
ITA,C2,PA,2007,TURF,76.8,0.2187169845269189,0.0196169280678092,2.6,-16.9,-39.04,C2_PA_98
ITA,C2,PA,2007,TURF,72.94117647058823,0.2187169845269189,0.0196169280678092,2.6,-16.9,-39.04,C2_PA_99
ITA,C2,PA,2008,CCA,8.560311284046692,0.2187169845269189,0.0196169280678092,2.6,-16.9,-39.04,C2_PA_100
ITA,C2,PA,2008,CCA,15.96958174904943,0.2187169845269189,0.0196169280678092,2.6,-16.9,-39.04,C2_PA_101
ITA,C2,PA,2008,CCA,10.1010101010101,0.2187169845269189,0.0196169280678092,2.6,-16.9,-39.04,C2_PA_102
ITA,C2,PA,2008,CCA,3.5999999999999996,0.2187169845269189,0.0196169280678092,2.6,-16.9,-39.04,C2_PA_103
ITA,C2,PA,2008,CCA,6.382978723404255,0.2187169845269189,0.0196169280678092,2.6,-16.9,-39.04,C2_PA_104
ITA,C2,PA,2008,CCA,6.153846153846154,0.2187169845269189,0.0196169280678092,2.6,-16.9,-39.04,C2_PA_105
ITA,C2,PA,2008,CCA,8.461538461538462,0.2187169845269189,0.0196169280678092,2.6,-16.9,-39.04,C2_PA_106
ITA,C2,PA,2008,CCA,4.310344827586207,0.2187169845269189,0.0196169280678092,2.6,-16.9,-39.04,C2_PA_107
ITA,C2,PA,2008,CCA,2.6595744680851063,0.2187169845269189,0.0196169280678092,2.6,-16.9,-39.04,C2_PA_108
ITA,C2,PA,2008,CCA,5.14018691588785,0.2187169845269189,0.0196169280678092,2.6,-16.9,-39.04,C2_PA_109
ITA,C2,PA,2008,CYANO,0.0,0.2187169845269189,0.0196169280678092,2.6,-16.9,-39.04,C2_PA_110
ITA,C2,PA,2008,CYANO,0.0,0.2187169845269189,0.0196169280678092,2.6,-16.9,-39.04,C2_PA_111
ITA,C2,PA,2008,CYANO,0.0,0.2187169845269189,0.0196169280678092,2.6,-16.9,-39.04,C2_PA_112
ITA,C2,PA,2008,CYANO,0.0,0.2187169845269189,0.0196169280678092,2.6,-16.9,-39.04,C2_PA_113
ITA,C2,PA,2008,CYANO,0.0,0.2187169845269189,0.0196169280678092,2.6,-16.9,-39.04,C2_PA_114
ITA,C2,PA,2008,CYANO,0.0,0.2187169845269189,0.0196169280678092,2.6,-16.9,-39.04,C2_PA_115
ITA,C2,PA,2008,CYANO,0.0,0.2187169845269189,0.0196169280678092,2.6,-16.9,-39.04,C2_PA_116
ITA,C2,PA,2008,CYANO,0.0,0.2187169845269189,0.0196169280678092,2.6,-16.9,-39.04,C2_PA_117
ITA,C2,PA,2008,CYANO,0.0,0.2187169845269189,0.0196169280678092,2.6,-16.9,-39.04,C2_PA_118
ITA,C2,PA,2008,CYANO,0.0,0.2187169845269189,0.0196169280678092,2.6,-16.9,-39.04,C2_PA_119
ITA,C2,PA,2008,MACROALGAE,1.9455252918287937,0.2187169845269189,0.0196169280678092,2.6,-16.9,-39.04,C2_PA_120
ITA,C2,PA,2008,MACROALGAE,32.69961977186312,0.2187169845269189,0.0196169280678092,2.6,-16.9,-39.04,C2_PA_121
ITA,C2,PA,2008,MACROALGAE,36.868686868686865,0.2187169845269189,0.0196169280678092,2.6,-16.9,-39.04,C2_PA_122
ITA,C2,PA,2008,MACROALGAE,0.0,0.2187169845269189,0.0196169280678092,2.6,-16.9,-39.04,C2_PA_123
ITA,C2,PA,2008,MACROALGAE,6.808510638297872,0.2187169845269189,0.0196169280678092,2.6,-16.9,-39.04,C2_PA_124
ITA,C2,PA,2008,MACROALGAE,23.076923076923077,0.2187169845269189,0.0196169280678092,2.6,-16.9,-39.04,C2_PA_125
ITA,C2,PA,2008,MACROALGAE,5.384615384615385,0.2187169845269189,0.0196169280678092,2.6,-16.9,-39.04,C2_PA_126
ITA,C2,PA,2008,MACROALGAE,19.82758620689655,0.2187169845269189,0.0196169280678092,2.6,-16.9,-39.04,C2_PA_127
ITA,C2,PA,2008,MACROALGAE,0.5319148936170213,0.2187169845269189,0.0196169280678092,2.6,-16.9,-39.04,C2_PA_128
ITA,C2,PA,2008,MACROALGAE,21.962616822429908,0.2187169845269189,0.0196169280678092,2.6,-16.9,-39.04,C2_PA_129
ITA,C2,PA,2008,MUSSISMILIA_HISPIDA,0.0,0.2187169845269189,0.0196169280678092,2.6,-16.9,-39.04,C2_PA_130
ITA,C2,PA,2008,MUSSISMILIA_HISPIDA,0.0,0.2187169845269189,0.0196169280678092,2.6,-16.9,-39.04,C2_PA_131
ITA,C2,PA,2008,MUSSISMILIA_HISPIDA,0.0,0.2187169845269189,0.0196169280678092,2.6,-16.9,-39.04,C2_PA_132
ITA,C2,PA,2008,MUSSISMILIA_HISPIDA,0.0,0.2187169845269189,0.0196169280678092,2.6,-16.9,-39.04,C2_PA_133
ITA,C2,PA,2008,MUSSISMILIA_HISPIDA,0.0,0.2187169845269189,0.0196169280678092,2.6,-16.9,-39.04,C2_PA_134
ITA,C2,PA,2008,MUSSISMILIA_HISPIDA,0.0,0.2187169845269189,0.0196169280678092,2.6,-16.9,-39.04,C2_PA_135
ITA,C2,PA,2008,MUSSISMILIA_HISPIDA,0.0,0.2187169845269189,0.0196169280678092,2.6,-16.9,-39.04,C2_PA_136
ITA,C2,PA,2008,MUSSISMILIA_HISPIDA,6.896551724137931,0.2187169845269189,0.0196169280678092,2.6,-16.9,-39.04,C2_PA_137
ITA,C2,PA,2008,MUSSISMILIA_HISPIDA,0.0,0.2187169845269189,0.0196169280678092,2.6,-16.9,-39.04,C2_PA_138
ITA,C2,PA,2008,MUSSISMILIA_HISPIDA,15.42056074766355,0.2187169845269189,0.0196169280678092,2.6,-16.9,-39.04,C2_PA_139
ITA,C2,PA,2008,TURF,89.10505836575877,0.2187169845269189,0.0196169280678092,2.6,-16.9,-39.04,C2_PA_140
ITA,C2,PA,2008,TURF,51.33079847908745,0.2187169845269189,0.0196169280678092,2.6,-16.9,-39.04,C2_PA_141
ITA,C2,PA,2008,TURF,50.0,0.2187169845269189,0.0196169280678092,2.6,-16.9,-39.04,C2_PA_142
ITA,C2,PA,2008,TURF,94.8,0.2187169845269189,0.0196169280678092,2.6,-16.9,-39.04,C2_PA_143
ITA,C2,PA,2008,TURF,85.95744680851064,0.2187169845269189,0.0196169280678092,2.6,-16.9,-39.04,C2_PA_144
ITA,C2,PA,2008,TURF,68.84615384615384,0.2187169845269189,0.0196169280678092,2.6,-16.9,-39.04,C2_PA_145
ITA,C2,PA,2008,TURF,81.53846153846153,0.2187169845269189,0.0196169280678092,2.6,-16.9,-39.04,C2_PA_146
ITA,C2,PA,2008,TURF,61.206896551724135,0.2187169845269189,0.0196169280678092,2.6,-16.9,-39.04,C2_PA_147
ITA,C2,PA,2008,TURF,81.38297872340425,0.2187169845269189,0.0196169280678092,2.6,-16.9,-39.04,C2_PA_148
ITA,C2,PA,2008,TURF,52.336448598130836,0.2187169845269189,0.0196169280678092,2.6,-16.9,-39.04,C2_PA_149
ITA,C2,TP,2006,CCA,26.82926829268293,0.2187169845269189,0.0196169280678092,2.6,-16.9,-39.04,C2_TP_0
ITA,C2,TP,2006,CCA,18.315018315018314,0.2187169845269189,0.0196169280678092,2.6,-16.9,-39.04,C2_TP_1
ITA,C2,TP,2006,CCA,13.565891472868216,0.2187169845269189,0.0196169280678092,2.6,-16.9,-39.04,C2_TP_2
ITA,C2,TP,2006,CCA,3.7344398340248963,0.2187169845269189,0.0196169280678092,2.6,-16.9,-39.04,C2_TP_3
ITA,C2,TP,2006,CCA,8.741258741258742,0.2187169845269189,0.0196169280678092,2.6,-16.9,-39.04,C2_TP_4
ITA,C2,TP,2006,CCA,8.664259927797833,0.2187169845269189,0.0196169280678092,2.6,-16.9,-39.04,C2_TP_5
ITA,C2,TP,2006,CCA,31.802120141342755,0.2187169845269189,0.0196169280678092,2.6,-16.9,-39.04,C2_TP_6
ITA,C2,TP,2006,CCA,8.896797153024911,0.2187169845269189,0.0196169280678092,2.6,-16.9,-39.04,C2_TP_7
ITA,C2,TP,2006,CCA,12.355212355212355,0.2187169845269189,0.0196169280678092,2.6,-16.9,-39.04,C2_TP_8
ITA,C2,TP,2006,CCA,30.136986301369863,0.2187169845269189,0.0196169280678092,2.6,-16.9,-39.04,C2_TP_9
ITA,C2,TP,2006,CYANO,0.0,0.2187169845269189,0.0196169280678092,2.6,-16.9,-39.04,C2_TP_10
ITA,C2,TP,2006,CYANO,0.0,0.2187169845269189,0.0196169280678092,2.6,-16.9,-39.04,C2_TP_11
ITA,C2,TP,2006,CYANO,0.0,0.2187169845269189,0.0196169280678092,2.6,-16.9,-39.04,C2_TP_12
ITA,C2,TP,2006,CYANO,0.0,0.2187169845269189,0.0196169280678092,2.6,-16.9,-39.04,C2_TP_13
ITA,C2,TP,2006,CYANO,0.0,0.2187169845269189,0.0196169280678092,2.6,-16.9,-39.04,C2_TP_14
ITA,C2,TP,2006,CYANO,0.0,0.2187169845269189,0.0196169280678092,2.6,-16.9,-39.04,C2_TP_15
ITA,C2,TP,2006,CYANO,0.0,0.2187169845269189,0.0196169280678092,2.6,-16.9,-39.04,C2_TP_16
ITA,C2,TP,2006,CYANO,0.0,0.2187169845269189,0.0196169280678092,2.6,-16.9,-39.04,C2_TP_17
ITA,C2,TP,2006,CYANO,0.0,0.2187169845269189,0.0196169280678092,2.6,-16.9,-39.04,C2_TP_18
ITA,C2,TP,2006,CYANO,0.0,0.2187169845269189,0.0196169280678092,2.6,-16.9,-39.04,C2_TP_19
ITA,C2,TP,2006,MACROALGAE,0.0,0.2187169845269189,0.0196169280678092,2.6,-16.9,-39.04,C2_TP_20
ITA,C2,TP,2006,MACROALGAE,0.0,0.2187169845269189,0.0196169280678092,2.6,-16.9,-39.04,C2_TP_21
ITA,C2,TP,2006,MACROALGAE,0.0,0.2187169845269189,0.0196169280678092,2.6,-16.9,-39.04,C2_TP_22
ITA,C2,TP,2006,MACROALGAE,0.0,0.2187169845269189,0.0196169280678092,2.6,-16.9,-39.04,C2_TP_23
ITA,C2,TP,2006,MACROALGAE,0.0,0.2187169845269189,0.0196169280678092,2.6,-16.9,-39.04,C2_TP_24
ITA,C2,TP,2006,MACROALGAE,0.0,0.2187169845269189,0.0196169280678092,2.6,-16.9,-39.04,C2_TP_25
ITA,C2,TP,2006,MACROALGAE,0.0,0.2187169845269189,0.0196169280678092,2.6,-16.9,-39.04,C2_TP_26
ITA,C2,TP,2006,MACROALGAE,3.558718861209965,0.2187169845269189,0.0196169280678092,2.6,-16.9,-39.04,C2_TP_27
ITA,C2,TP,2006,MACROALGAE,0.0,0.2187169845269189,0.0196169280678092,2.6,-16.9,-39.04,C2_TP_28
ITA,C2,TP,2006,MACROALGAE,0.684931506849315,0.2187169845269189,0.0196169280678092,2.6,-16.9,-39.04,C2_TP_29
ITA,C2,TP,2006,MUSSISMILIA_HISPIDA,0.0,0.2187169845269189,0.0196169280678092,2.6,-16.9,-39.04,C2_TP_30
ITA,C2,TP,2006,MUSSISMILIA_HISPIDA,0.0,0.2187169845269189,0.0196169280678092,2.6,-16.9,-39.04,C2_TP_31
ITA,C2,TP,2006,MUSSISMILIA_HISPIDA,0.0,0.2187169845269189,0.0196169280678092,2.6,-16.9,-39.04,C2_TP_32
ITA,C2,TP,2006,MUSSISMILIA_HISPIDA,1.2448132780082988,0.2187169845269189,0.0196169280678092,2.6,-16.9,-39.04,C2_TP_33
ITA,C2,TP,2006,MUSSISMILIA_HISPIDA,0.0,0.2187169845269189,0.0196169280678092,2.6,-16.9,-39.04,C2_TP_34
ITA,C2,TP,2006,MUSSISMILIA_HISPIDA,0.0,0.2187169845269189,0.0196169280678092,2.6,-16.9,-39.04,C2_TP_35
ITA,C2,TP,2006,MUSSISMILIA_HISPIDA,0.0,0.2187169845269189,0.0196169280678092,2.6,-16.9,-39.04,C2_TP_36
ITA,C2,TP,2006,MUSSISMILIA_HISPIDA,0.3558718861209964,0.2187169845269189,0.0196169280678092,2.6,-16.9,-39.04,C2_TP_37
ITA,C2,TP,2006,MUSSISMILIA_HISPIDA,0.0,0.2187169845269189,0.0196169280678092,2.6,-16.9,-39.04,C2_TP_38
ITA,C2,TP,2006,MUSSISMILIA_HISPIDA,1.0273972602739725,0.2187169845269189,0.0196169280678092,2.6,-16.9,-39.04,C2_TP_39
ITA,C2,TP,2006,TURF,37.63066202090592,0.2187169845269189,0.0196169280678092,2.6,-16.9,-39.04,C2_TP_40
ITA,C2,TP,2006,TURF,72.52747252747253,0.2187169845269189,0.0196169280678092,2.6,-16.9,-39.04,C2_TP_41
ITA,C2,TP,2006,TURF,85.65891472868216,0.2187169845269189,0.0196169280678092,2.6,-16.9,-39.04,C2_TP_42
ITA,C2,TP,2006,TURF,95.0207468879668,0.2187169845269189,0.0196169280678092,2.6,-16.9,-39.04,C2_TP_43
ITA,C2,TP,2006,TURF,89.5104895104895,0.2187169845269189,0.0196169280678092,2.6,-16.9,-39.04,C2_TP_44
ITA,C2,TP,2006,TURF,71.84115523465704,0.2187169845269189,0.0196169280678092,2.6,-16.9,-39.04,C2_TP_45
ITA,C2,TP,2006,TURF,1.4134275618374559,0.2187169845269189,0.0196169280678092,2.6,-16.9,-39.04,C2_TP_46
ITA,C2,TP,2006,TURF,82.20640569395017,0.2187169845269189,0.0196169280678092,2.6,-16.9,-39.04,C2_TP_47
ITA,C2,TP,2006,TURF,59.84555984555985,0.2187169845269189,0.0196169280678092,2.6,-16.9,-39.04,C2_TP_48
ITA,C2,TP,2006,TURF,39.38356164383562,0.2187169845269189,0.0196169280678092,2.6,-16.9,-39.04,C2_TP_49
ITA,C2,TP,2007,CCA,8.679245283018867,0.2187169845269189,0.0196169280678092,2.6,-16.9,-39.04,C2_TP_50
ITA,C2,TP,2007,CCA,14.285714285714285,0.2187169845269189,0.0196169280678092,2.6,-16.9,-39.04,C2_TP_51
ITA,C2,TP,2007,CCA,8.333333333333332,0.2187169845269189,0.0196169280678092,2.6,-16.9,-39.04,C2_TP_52
ITA,C2,TP,2007,CCA,22.134387351778656,0.2187169845269189,0.0196169280678092,2.6,-16.9,-39.04,C2_TP_53
ITA,C2,TP,2007,CCA,15.32258064516129,0.2187169845269189,0.0196169280678092,2.6,-16.9,-39.04,C2_TP_54
ITA,C2,TP,2007,CCA,11.940298507462686,0.2187169845269189,0.0196169280678092,2.6,-16.9,-39.04,C2_TP_55
ITA,C2,TP,2007,CCA,10.507246376811594,0.2187169845269189,0.0196169280678092,2.6,-16.9,-39.04,C2_TP_56
ITA,C2,TP,2007,CCA,17.037037037037038,0.2187169845269189,0.0196169280678092,2.6,-16.9,-39.04,C2_TP_57
ITA,C2,TP,2007,CCA,14.814814814814813,0.2187169845269189,0.0196169280678092,2.6,-16.9,-39.04,C2_TP_58
ITA,C2,TP,2007,CCA,15.936254980079681,0.2187169845269189,0.0196169280678092,2.6,-16.9,-39.04,C2_TP_59
ITA,C2,TP,2007,CYANO,0.0,0.2187169845269189,0.0196169280678092,2.6,-16.9,-39.04,C2_TP_60
ITA,C2,TP,2007,CYANO,0.0,0.2187169845269189,0.0196169280678092,2.6,-16.9,-39.04,C2_TP_61
ITA,C2,TP,2007,CYANO,0.0,0.2187169845269189,0.0196169280678092,2.6,-16.9,-39.04,C2_TP_62
ITA,C2,TP,2007,CYANO,0.0,0.2187169845269189,0.0196169280678092,2.6,-16.9,-39.04,C2_TP_63
ITA,C2,TP,2007,CYANO,0.0,0.2187169845269189,0.0196169280678092,2.6,-16.9,-39.04,C2_TP_64
ITA,C2,TP,2007,CYANO,0.0,0.2187169845269189,0.0196169280678092,2.6,-16.9,-39.04,C2_TP_65
ITA,C2,TP,2007,CYANO,0.0,0.2187169845269189,0.0196169280678092,2.6,-16.9,-39.04,C2_TP_66
ITA,C2,TP,2007,CYANO,0.0,0.2187169845269189,0.0196169280678092,2.6,-16.9,-39.04,C2_TP_67
ITA,C2,TP,2007,CYANO,0.0,0.2187169845269189,0.0196169280678092,2.6,-16.9,-39.04,C2_TP_68
ITA,C2,TP,2007,CYANO,0.0,0.2187169845269189,0.0196169280678092,2.6,-16.9,-39.04,C2_TP_69
ITA,C2,TP,2007,MACROALGAE,0.0,0.2187169845269189,0.0196169280678092,2.6,-16.9,-39.04,C2_TP_70
ITA,C2,TP,2007,MACROALGAE,0.40816326530612246,0.2187169845269189,0.0196169280678092,2.6,-16.9,-39.04,C2_TP_71
ITA,C2,TP,2007,MACROALGAE,0.3787878787878788,0.2187169845269189,0.0196169280678092,2.6,-16.9,-39.04,C2_TP_72
ITA,C2,TP,2007,MACROALGAE,0.3952569169960474,0.2187169845269189,0.0196169280678092,2.6,-16.9,-39.04,C2_TP_73
ITA,C2,TP,2007,MACROALGAE,1.6129032258064515,0.2187169845269189,0.0196169280678092,2.6,-16.9,-39.04,C2_TP_74
ITA,C2,TP,2007,MACROALGAE,1.8656716417910446,0.2187169845269189,0.0196169280678092,2.6,-16.9,-39.04,C2_TP_75
ITA,C2,TP,2007,MACROALGAE,0.0,0.2187169845269189,0.0196169280678092,2.6,-16.9,-39.04,C2_TP_76
ITA,C2,TP,2007,MACROALGAE,0.0,0.2187169845269189,0.0196169280678092,2.6,-16.9,-39.04,C2_TP_77
ITA,C2,TP,2007,MACROALGAE,0.7407407407407408,0.2187169845269189,0.0196169280678092,2.6,-16.9,-39.04,C2_TP_78
ITA,C2,TP,2007,MACROALGAE,0.796812749003984,0.2187169845269189,0.0196169280678092,2.6,-16.9,-39.04,C2_TP_79
ITA,C2,TP,2007,MUSSISMILIA_HISPIDA,0.0,0.2187169845269189,0.0196169280678092,2.6,-16.9,-39.04,C2_TP_80
ITA,C2,TP,2007,MUSSISMILIA_HISPIDA,0.0,0.2187169845269189,0.0196169280678092,2.6,-16.9,-39.04,C2_TP_81
ITA,C2,TP,2007,MUSSISMILIA_HISPIDA,0.3787878787878788,0.2187169845269189,0.0196169280678092,2.6,-16.9,-39.04,C2_TP_82
ITA,C2,TP,2007,MUSSISMILIA_HISPIDA,0.0,0.2187169845269189,0.0196169280678092,2.6,-16.9,-39.04,C2_TP_83
ITA,C2,TP,2007,MUSSISMILIA_HISPIDA,0.0,0.2187169845269189,0.0196169280678092,2.6,-16.9,-39.04,C2_TP_84
ITA,C2,TP,2007,MUSSISMILIA_HISPIDA,1.1194029850746268,0.2187169845269189,0.0196169280678092,2.6,-16.9,-39.04,C2_TP_85
ITA,C2,TP,2007,MUSSISMILIA_HISPIDA,0.0,0.2187169845269189,0.0196169280678092,2.6,-16.9,-39.04,C2_TP_86
ITA,C2,TP,2007,MUSSISMILIA_HISPIDA,0.0,0.2187169845269189,0.0196169280678092,2.6,-16.9,-39.04,C2_TP_87
ITA,C2,TP,2007,MUSSISMILIA_HISPIDA,0.0,0.2187169845269189,0.0196169280678092,2.6,-16.9,-39.04,C2_TP_88
ITA,C2,TP,2007,MUSSISMILIA_HISPIDA,0.0,0.2187169845269189,0.0196169280678092,2.6,-16.9,-39.04,C2_TP_89
ITA,C2,TP,2007,TURF,55.84905660377358,0.2187169845269189,0.0196169280678092,2.6,-16.9,-39.04,C2_TP_90
ITA,C2,TP,2007,TURF,62.04081632653061,0.2187169845269189,0.0196169280678092,2.6,-16.9,-39.04,C2_TP_91
ITA,C2,TP,2007,TURF,85.98484848484848,0.2187169845269189,0.0196169280678092,2.6,-16.9,-39.04,C2_TP_92
ITA,C2,TP,2007,TURF,67.58893280632411,0.2187169845269189,0.0196169280678092,2.6,-16.9,-39.04,C2_TP_93
ITA,C2,TP,2007,TURF,79.83870967741935,0.2187169845269189,0.0196169280678092,2.6,-16.9,-39.04,C2_TP_94
ITA,C2,TP,2007,TURF,58.2089552238806,0.2187169845269189,0.0196169280678092,2.6,-16.9,-39.04,C2_TP_95
ITA,C2,TP,2007,TURF,37.68115942028986,0.2187169845269189,0.0196169280678092,2.6,-16.9,-39.04,C2_TP_96
ITA,C2,TP,2007,TURF,65.18518518518519,0.2187169845269189,0.0196169280678092,2.6,-16.9,-39.04,C2_TP_97
ITA,C2,TP,2007,TURF,59.62962962962963,0.2187169845269189,0.0196169280678092,2.6,-16.9,-39.04,C2_TP_98
ITA,C2,TP,2007,TURF,30.278884462151396,0.2187169845269189,0.0196169280678092,2.6,-16.9,-39.04,C2_TP_99
ITA,C2,TP,2008,CCA,4.3999999999999995,0.2187169845269189,0.0196169280678092,2.6,-16.9,-39.04,C2_TP_100
ITA,C2,TP,2008,CCA,1.1952191235059761,0.2187169845269189,0.0196169280678092,2.6,-16.9,-39.04,C2_TP_101
ITA,C2,TP,2008,CCA,0.0,0.2187169845269189,0.0196169280678092,2.6,-16.9,-39.04,C2_TP_102
ITA,C2,TP,2008,CCA,0.38167938931297707,0.2187169845269189,0.0196169280678092,2.6,-16.9,-39.04,C2_TP_103
ITA,C2,TP,2008,CCA,5.622489959839357,0.2187169845269189,0.0196169280678092,2.6,-16.9,-39.04,C2_TP_104
ITA,C2,TP,2008,CCA,0.819672131147541,0.2187169845269189,0.0196169280678092,2.6,-16.9,-39.04,C2_TP_105
ITA,C2,TP,2008,CCA,0.0,0.2187169845269189,0.0196169280678092,2.6,-16.9,-39.04,C2_TP_106
ITA,C2,TP,2008,CCA,2.6615969581749046,0.2187169845269189,0.0196169280678092,2.6,-16.9,-39.04,C2_TP_107
ITA,C2,TP,2008,CCA,0.47393364928909953,0.2187169845269189,0.0196169280678092,2.6,-16.9,-39.04,C2_TP_108
ITA,C2,TP,2008,CCA,4.132231404958678,0.2187169845269189,0.0196169280678092,2.6,-16.9,-39.04,C2_TP_109
ITA,C2,TP,2008,CYANO,0.0,0.2187169845269189,0.0196169280678092,2.6,-16.9,-39.04,C2_TP_110
ITA,C2,TP,2008,CYANO,0.0,0.2187169845269189,0.0196169280678092,2.6,-16.9,-39.04,C2_TP_111
ITA,C2,TP,2008,CYANO,0.0,0.2187169845269189,0.0196169280678092,2.6,-16.9,-39.04,C2_TP_112
ITA,C2,TP,2008,CYANO,0.0,0.2187169845269189,0.0196169280678092,2.6,-16.9,-39.04,C2_TP_113
ITA,C2,TP,2008,CYANO,0.0,0.2187169845269189,0.0196169280678092,2.6,-16.9,-39.04,C2_TP_114
ITA,C2,TP,2008,CYANO,0.0,0.2187169845269189,0.0196169280678092,2.6,-16.9,-39.04,C2_TP_115
ITA,C2,TP,2008,CYANO,0.0,0.2187169845269189,0.0196169280678092,2.6,-16.9,-39.04,C2_TP_116
ITA,C2,TP,2008,CYANO,0.0,0.2187169845269189,0.0196169280678092,2.6,-16.9,-39.04,C2_TP_117
ITA,C2,TP,2008,CYANO,0.0,0.2187169845269189,0.0196169280678092,2.6,-16.9,-39.04,C2_TP_118
ITA,C2,TP,2008,CYANO,0.0,0.2187169845269189,0.0196169280678092,2.6,-16.9,-39.04,C2_TP_119
ITA,C2,TP,2008,MACROALGAE,0.0,0.2187169845269189,0.0196169280678092,2.6,-16.9,-39.04,C2_TP_120
ITA,C2,TP,2008,MACROALGAE,0.0,0.2187169845269189,0.0196169280678092,2.6,-16.9,-39.04,C2_TP_121
ITA,C2,TP,2008,MACROALGAE,0.0,0.2187169845269189,0.0196169280678092,2.6,-16.9,-39.04,C2_TP_122
ITA,C2,TP,2008,MACROALGAE,0.0,0.2187169845269189,0.0196169280678092,2.6,-16.9,-39.04,C2_TP_123
ITA,C2,TP,2008,MACROALGAE,0.0,0.2187169845269189,0.0196169280678092,2.6,-16.9,-39.04,C2_TP_124
ITA,C2,TP,2008,MACROALGAE,2.0491803278688523,0.2187169845269189,0.0196169280678092,2.6,-16.9,-39.04,C2_TP_125
ITA,C2,TP,2008,MACROALGAE,0.4464285714285714,0.2187169845269189,0.0196169280678092,2.6,-16.9,-39.04,C2_TP_126
ITA,C2,TP,2008,MACROALGAE,17.110266159695815,0.2187169845269189,0.0196169280678092,2.6,-16.9,-39.04,C2_TP_127
ITA,C2,TP,2008,MACROALGAE,0.0,0.2187169845269189,0.0196169280678092,2.6,-16.9,-39.04,C2_TP_128
ITA,C2,TP,2008,MACROALGAE,0.4132231404958678,0.2187169845269189,0.0196169280678092,2.6,-16.9,-39.04,C2_TP_129
ITA,C2,TP,2008,MUSSISMILIA_HISPIDA,0.0,0.2187169845269189,0.0196169280678092,2.6,-16.9,-39.04,C2_TP_130
ITA,C2,TP,2008,MUSSISMILIA_HISPIDA,0.0,0.2187169845269189,0.0196169280678092,2.6,-16.9,-39.04,C2_TP_131
ITA,C2,TP,2008,MUSSISMILIA_HISPIDA,0.0,0.2187169845269189,0.0196169280678092,2.6,-16.9,-39.04,C2_TP_132
ITA,C2,TP,2008,MUSSISMILIA_HISPIDA,0.0,0.2187169845269189,0.0196169280678092,2.6,-16.9,-39.04,C2_TP_133
ITA,C2,TP,2008,MUSSISMILIA_HISPIDA,0.0,0.2187169845269189,0.0196169280678092,2.6,-16.9,-39.04,C2_TP_134
ITA,C2,TP,2008,MUSSISMILIA_HISPIDA,0.4098360655737705,0.2187169845269189,0.0196169280678092,2.6,-16.9,-39.04,C2_TP_135
ITA,C2,TP,2008,MUSSISMILIA_HISPIDA,0.8928571428571428,0.2187169845269189,0.0196169280678092,2.6,-16.9,-39.04,C2_TP_136
ITA,C2,TP,2008,MUSSISMILIA_HISPIDA,0.7604562737642585,0.2187169845269189,0.0196169280678092,2.6,-16.9,-39.04,C2_TP_137
ITA,C2,TP,2008,MUSSISMILIA_HISPIDA,0.0,0.2187169845269189,0.0196169280678092,2.6,-16.9,-39.04,C2_TP_138
ITA,C2,TP,2008,MUSSISMILIA_HISPIDA,0.0,0.2187169845269189,0.0196169280678092,2.6,-16.9,-39.04,C2_TP_139
ITA,C2,TP,2008,TURF,95.19999999999999,0.2187169845269189,0.0196169280678092,2.6,-16.9,-39.04,C2_TP_140
ITA,C2,TP,2008,TURF,78.48605577689243,0.2187169845269189,0.0196169280678092,2.6,-16.9,-39.04,C2_TP_141
ITA,C2,TP,2008,TURF,57.95454545454546,0.2187169845269189,0.0196169280678092,2.6,-16.9,-39.04,C2_TP_142
ITA,C2,TP,2008,TURF,89.69465648854961,0.2187169845269189,0.0196169280678092,2.6,-16.9,-39.04,C2_TP_143
ITA,C2,TP,2008,TURF,78.714859437751,0.2187169845269189,0.0196169280678092,2.6,-16.9,-39.04,C2_TP_144
ITA,C2,TP,2008,TURF,93.85245901639344,0.2187169845269189,0.0196169280678092,2.6,-16.9,-39.04,C2_TP_145
ITA,C2,TP,2008,TURF,48.214285714285715,0.2187169845269189,0.0196169280678092,2.6,-16.9,-39.04,C2_TP_146
ITA,C2,TP,2008,TURF,73.76425855513308,0.2187169845269189,0.0196169280678092,2.6,-16.9,-39.04,C2_TP_147
ITA,C2,TP,2008,TURF,72.51184834123224,0.2187169845269189,0.0196169280678092,2.6,-16.9,-39.04,C2_TP_148
ITA,C2,TP,2008,TURF,59.50413223140496,0.2187169845269189,0.0196169280678092,2.6,-16.9,-39.04,C2_TP_149
PAB,PAB1,PA,2006,CCA,0.0,-0.3331308228781938,-0.9938220199188424,5.9,-17.99,-38.65,PAB1_PA_0
PAB,PAB1,PA,2006,CCA,0.0,-0.3331308228781938,-0.9938220199188424,5.9,-17.99,-38.65,PAB1_PA_1
PAB,PAB1,PA,2006,CCA,0.0,-0.3331308228781938,-0.9938220199188424,5.9,-17.99,-38.65,PAB1_PA_2
PAB,PAB1,PA,2006,CCA,0.0,-0.3331308228781938,-0.9938220199188424,5.9,-17.99,-38.65,PAB1_PA_3
PAB,PAB1,PA,2006,CCA,0.0,-0.3331308228781938,-0.9938220199188424,5.9,-17.99,-38.65,PAB1_PA_4
PAB,PAB1,PA,2006,CCA,0.0,-0.3331308228781938,-0.9938220199188424,5.9,-17.99,-38.65,PAB1_PA_5
PAB,PAB1,PA,2006,CCA,0.0,-0.3331308228781938,-0.9938220199188424,5.9,-17.99,-38.65,PAB1_PA_6
PAB,PAB1,PA,2006,CCA,2.013422818791946,-0.3331308228781938,-0.9938220199188424,5.9,-17.99,-38.65,PAB1_PA_7
PAB,PAB1,PA,2006,CCA,0.0,-0.3331308228781938,-0.9938220199188424,5.9,-17.99,-38.65,PAB1_PA_8
PAB,PAB1,PA,2006,CCA,0.0,-0.3331308228781938,-0.9938220199188424,5.9,-17.99,-38.65,PAB1_PA_9
PAB,PAB1,PA,2006,CYANO,0.0,-0.3331308228781938,-0.9938220199188424,5.9,-17.99,-38.65,PAB1_PA_10
PAB,PAB1,PA,2006,CYANO,0.0,-0.3331308228781938,-0.9938220199188424,5.9,-17.99,-38.65,PAB1_PA_11
PAB,PAB1,PA,2006,CYANO,0.33444816053511706,-0.3331308228781938,-0.9938220199188424,5.9,-17.99,-38.65,PAB1_PA_12
PAB,PAB1,PA,2006,CYANO,0.33444816053511706,-0.3331308228781938,-0.9938220199188424,5.9,-17.99,-38.65,PAB1_PA_13
PAB,PAB1,PA,2006,CYANO,1.6778523489932886,-0.3331308228781938,-0.9938220199188424,5.9,-17.99,-38.65,PAB1_PA_14
PAB,PAB1,PA,2006,CYANO,0.0,-0.3331308228781938,-0.9938220199188424,5.9,-17.99,-38.65,PAB1_PA_15
PAB,PAB1,PA,2006,CYANO,0.0,-0.3331308228781938,-0.9938220199188424,5.9,-17.99,-38.65,PAB1_PA_16
PAB,PAB1,PA,2006,CYANO,0.0,-0.3331308228781938,-0.9938220199188424,5.9,-17.99,-38.65,PAB1_PA_17
PAB,PAB1,PA,2006,CYANO,0.0,-0.3331308228781938,-0.9938220199188424,5.9,-17.99,-38.65,PAB1_PA_18
PAB,PAB1,PA,2006,CYANO,0.0,-0.3331308228781938,-0.9938220199188424,5.9,-17.99,-38.65,PAB1_PA_19
PAB,PAB1,PA,2006,MACROALGAE,0.0,-0.3331308228781938,-0.9938220199188424,5.9,-17.99,-38.65,PAB1_PA_20
PAB,PAB1,PA,2006,MACROALGAE,0.0,-0.3331308228781938,-0.9938220199188424,5.9,-17.99,-38.65,PAB1_PA_21
PAB,PAB1,PA,2006,MACROALGAE,0.0,-0.3331308228781938,-0.9938220199188424,5.9,-17.99,-38.65,PAB1_PA_22
PAB,PAB1,PA,2006,MACROALGAE,0.0,-0.3331308228781938,-0.9938220199188424,5.9,-17.99,-38.65,PAB1_PA_23
PAB,PAB1,PA,2006,MACROALGAE,0.0,-0.3331308228781938,-0.9938220199188424,5.9,-17.99,-38.65,PAB1_PA_24
PAB,PAB1,PA,2006,MACROALGAE,0.0,-0.3331308228781938,-0.9938220199188424,5.9,-17.99,-38.65,PAB1_PA_25
PAB,PAB1,PA,2006,MACROALGAE,0.0,-0.3331308228781938,-0.9938220199188424,5.9,-17.99,-38.65,PAB1_PA_26
PAB,PAB1,PA,2006,MACROALGAE,0.0,-0.3331308228781938,-0.9938220199188424,5.9,-17.99,-38.65,PAB1_PA_27
PAB,PAB1,PA,2006,MACROALGAE,0.0,-0.3331308228781938,-0.9938220199188424,5.9,-17.99,-38.65,PAB1_PA_28
PAB,PAB1,PA,2006,MACROALGAE,0.0,-0.3331308228781938,-0.9938220199188424,5.9,-17.99,-38.65,PAB1_PA_29
PAB,PAB1,PA,2006,MUSSISMILIA_HISPIDA,0.0,-0.3331308228781938,-0.9938220199188424,5.9,-17.99,-38.65,PAB1_PA_30
PAB,PAB1,PA,2006,MUSSISMILIA_HISPIDA,0.0,-0.3331308228781938,-0.9938220199188424,5.9,-17.99,-38.65,PAB1_PA_31
PAB,PAB1,PA,2006,MUSSISMILIA_HISPIDA,0.0,-0.3331308228781938,-0.9938220199188424,5.9,-17.99,-38.65,PAB1_PA_32
PAB,PAB1,PA,2006,MUSSISMILIA_HISPIDA,0.0,-0.3331308228781938,-0.9938220199188424,5.9,-17.99,-38.65,PAB1_PA_33
PAB,PAB1,PA,2006,MUSSISMILIA_HISPIDA,1.342281879194631,-0.3331308228781938,-0.9938220199188424,5.9,-17.99,-38.65,PAB1_PA_34
PAB,PAB1,PA,2006,MUSSISMILIA_HISPIDA,2.666666666666667,-0.3331308228781938,-0.9938220199188424,5.9,-17.99,-38.65,PAB1_PA_35
PAB,PAB1,PA,2006,MUSSISMILIA_HISPIDA,0.0,-0.3331308228781938,-0.9938220199188424,5.9,-17.99,-38.65,PAB1_PA_36
PAB,PAB1,PA,2006,MUSSISMILIA_HISPIDA,4.026845637583892,-0.3331308228781938,-0.9938220199188424,5.9,-17.99,-38.65,PAB1_PA_37
PAB,PAB1,PA,2006,MUSSISMILIA_HISPIDA,0.0,-0.3331308228781938,-0.9938220199188424,5.9,-17.99,-38.65,PAB1_PA_38
PAB,PAB1,PA,2006,MUSSISMILIA_HISPIDA,0.0,-0.3331308228781938,-0.9938220199188424,5.9,-17.99,-38.65,PAB1_PA_39
PAB,PAB1,PA,2006,TURF,44.63087248322148,-0.3331308228781938,-0.9938220199188424,5.9,-17.99,-38.65,PAB1_PA_40
PAB,PAB1,PA,2006,TURF,29.431438127090303,-0.3331308228781938,-0.9938220199188424,5.9,-17.99,-38.65,PAB1_PA_41
PAB,PAB1,PA,2006,TURF,28.762541806020064,-0.3331308228781938,-0.9938220199188424,5.9,-17.99,-38.65,PAB1_PA_42
PAB,PAB1,PA,2006,TURF,30.434782608695652,-0.3331308228781938,-0.9938220199188424,5.9,-17.99,-38.65,PAB1_PA_43
PAB,PAB1,PA,2006,TURF,23.154362416107386,-0.3331308228781938,-0.9938220199188424,5.9,-17.99,-38.65,PAB1_PA_44
PAB,PAB1,PA,2006,TURF,39.33333333333333,-0.3331308228781938,-0.9938220199188424,5.9,-17.99,-38.65,PAB1_PA_45
PAB,PAB1,PA,2006,TURF,44.666666666666664,-0.3331308228781938,-0.9938220199188424,5.9,-17.99,-38.65,PAB1_PA_46
PAB,PAB1,PA,2006,TURF,40.26845637583892,-0.3331308228781938,-0.9938220199188424,5.9,-17.99,-38.65,PAB1_PA_47
PAB,PAB1,PA,2006,TURF,41.333333333333336,-0.3331308228781938,-0.9938220199188424,5.9,-17.99,-38.65,PAB1_PA_48
PAB,PAB1,PA,2006,TURF,41.61073825503356,-0.3331308228781938,-0.9938220199188424,5.9,-17.99,-38.65,PAB1_PA_49
PAB,PAB1,PA,2007,CCA,12.32876712328767,-0.3331308228781938,-0.9938220199188424,5.9,-17.99,-38.65,PAB1_PA_50
PAB,PAB1,PA,2007,CCA,27.536231884057973,-0.3331308228781938,-0.9938220199188424,5.9,-17.99,-38.65,PAB1_PA_51
PAB,PAB1,PA,2007,CCA,29.01023890784983,-0.3331308228781938,-0.9938220199188424,5.9,-17.99,-38.65,PAB1_PA_52
PAB,PAB1,PA,2007,CCA,29.88505747126437,-0.3331308228781938,-0.9938220199188424,5.9,-17.99,-38.65,PAB1_PA_53
PAB,PAB1,PA,2007,CCA,23.91304347826087,-0.3331308228781938,-0.9938220199188424,5.9,-17.99,-38.65,PAB1_PA_54
PAB,PAB1,PA,2007,CCA,9.44055944055944,-0.3331308228781938,-0.9938220199188424,5.9,-17.99,-38.65,PAB1_PA_55
PAB,PAB1,PA,2007,CCA,30.223880597014922,-0.3331308228781938,-0.9938220199188424,5.9,-17.99,-38.65,PAB1_PA_56
PAB,PAB1,PA,2007,CCA,23.61111111111111,-0.3331308228781938,-0.9938220199188424,5.9,-17.99,-38.65,PAB1_PA_57
PAB,PAB1,PA,2007,CCA,20.205479452054796,-0.3331308228781938,-0.9938220199188424,5.9,-17.99,-38.65,PAB1_PA_58
PAB,PAB1,PA,2007,CCA,6.101694915254238,-0.3331308228781938,-0.9938220199188424,5.9,-17.99,-38.65,PAB1_PA_59
PAB,PAB1,PA,2007,CYANO,2.054794520547945,-0.3331308228781938,-0.9938220199188424,5.9,-17.99,-38.65,PAB1_PA_60
PAB,PAB1,PA,2007,CYANO,4.710144927536232,-0.3331308228781938,-0.9938220199188424,5.9,-17.99,-38.65,PAB1_PA_61
PAB,PAB1,PA,2007,CYANO,0.3412969283276451,-0.3331308228781938,-0.9938220199188424,5.9,-17.99,-38.65,PAB1_PA_62
PAB,PAB1,PA,2007,CYANO,0.38314176245210724,-0.3331308228781938,-0.9938220199188424,5.9,-17.99,-38.65,PAB1_PA_63
PAB,PAB1,PA,2007,CYANO,0.36231884057971014,-0.3331308228781938,-0.9938220199188424,5.9,-17.99,-38.65,PAB1_PA_64
PAB,PAB1,PA,2007,CYANO,0.34965034965034963,-0.3331308228781938,-0.9938220199188424,5.9,-17.99,-38.65,PAB1_PA_65
PAB,PAB1,PA,2007,CYANO,7.08955223880597,-0.3331308228781938,-0.9938220199188424,5.9,-17.99,-38.65,PAB1_PA_66
PAB,PAB1,PA,2007,CYANO,0.0,-0.3331308228781938,-0.9938220199188424,5.9,-17.99,-38.65,PAB1_PA_67
PAB,PAB1,PA,2007,CYANO,0.3424657534246575,-0.3331308228781938,-0.9938220199188424,5.9,-17.99,-38.65,PAB1_PA_68
PAB,PAB1,PA,2007,CYANO,1.0169491525423728,-0.3331308228781938,-0.9938220199188424,5.9,-17.99,-38.65,PAB1_PA_69
PAB,PAB1,PA,2007,MACROALGAE,0.0,-0.3331308228781938,-0.9938220199188424,5.9,-17.99,-38.65,PAB1_PA_70
PAB,PAB1,PA,2007,MACROALGAE,0.36231884057971014,-0.3331308228781938,-0.9938220199188424,5.9,-17.99,-38.65,PAB1_PA_71
PAB,PAB1,PA,2007,MACROALGAE,10.921501706484642,-0.3331308228781938,-0.9938220199188424,5.9,-17.99,-38.65,PAB1_PA_72
PAB,PAB1,PA,2007,MACROALGAE,2.2988505747126435,-0.3331308228781938,-0.9938220199188424,5.9,-17.99,-38.65,PAB1_PA_73
PAB,PAB1,PA,2007,MACROALGAE,1.8115942028985508,-0.3331308228781938,-0.9938220199188424,5.9,-17.99,-38.65,PAB1_PA_74
PAB,PAB1,PA,2007,MACROALGAE,0.0,-0.3331308228781938,-0.9938220199188424,5.9,-17.99,-38.65,PAB1_PA_75
PAB,PAB1,PA,2007,MACROALGAE,0.3731343283582089,-0.3331308228781938,-0.9938220199188424,5.9,-17.99,-38.65,PAB1_PA_76
PAB,PAB1,PA,2007,MACROALGAE,1.7361111111111112,-0.3331308228781938,-0.9938220199188424,5.9,-17.99,-38.65,PAB1_PA_77
PAB,PAB1,PA,2007,MACROALGAE,0.3424657534246575,-0.3331308228781938,-0.9938220199188424,5.9,-17.99,-38.65,PAB1_PA_78
PAB,PAB1,PA,2007,MACROALGAE,3.050847457627119,-0.3331308228781938,-0.9938220199188424,5.9,-17.99,-38.65,PAB1_PA_79
PAB,PAB1,PA,2007,MUSSISMILIA_HISPIDA,0.0,-0.3331308228781938,-0.9938220199188424,5.9,-17.99,-38.65,PAB1_PA_80
PAB,PAB1,PA,2007,MUSSISMILIA_HISPIDA,0.0,-0.3331308228781938,-0.9938220199188424,5.9,-17.99,-38.65,PAB1_PA_81
PAB,PAB1,PA,2007,MUSSISMILIA_HISPIDA,0.0,-0.3331308228781938,-0.9938220199188424,5.9,-17.99,-38.65,PAB1_PA_82
PAB,PAB1,PA,2007,MUSSISMILIA_HISPIDA,1.9157088122605364,-0.3331308228781938,-0.9938220199188424,5.9,-17.99,-38.65,PAB1_PA_83
PAB,PAB1,PA,2007,MUSSISMILIA_HISPIDA,0.0,-0.3331308228781938,-0.9938220199188424,5.9,-17.99,-38.65,PAB1_PA_84
PAB,PAB1,PA,2007,MUSSISMILIA_HISPIDA,0.0,-0.3331308228781938,-0.9938220199188424,5.9,-17.99,-38.65,PAB1_PA_85
PAB,PAB1,PA,2007,MUSSISMILIA_HISPIDA,0.0,-0.3331308228781938,-0.9938220199188424,5.9,-17.99,-38.65,PAB1_PA_86
PAB,PAB1,PA,2007,MUSSISMILIA_HISPIDA,2.430555555555556,-0.3331308228781938,-0.9938220199188424,5.9,-17.99,-38.65,PAB1_PA_87
PAB,PAB1,PA,2007,MUSSISMILIA_HISPIDA,0.0,-0.3331308228781938,-0.9938220199188424,5.9,-17.99,-38.65,PAB1_PA_88
PAB,PAB1,PA,2007,MUSSISMILIA_HISPIDA,0.0,-0.3331308228781938,-0.9938220199188424,5.9,-17.99,-38.65,PAB1_PA_89
PAB,PAB1,PA,2007,TURF,83.9041095890411,-0.3331308228781938,-0.9938220199188424,5.9,-17.99,-38.65,PAB1_PA_90
PAB,PAB1,PA,2007,TURF,61.95652173913042,-0.3331308228781938,-0.9938220199188424,5.9,-17.99,-38.65,PAB1_PA_91
PAB,PAB1,PA,2007,TURF,55.97269624573379,-0.3331308228781938,-0.9938220199188424,5.9,-17.99,-38.65,PAB1_PA_92
PAB,PAB1,PA,2007,TURF,60.91954022988506,-0.3331308228781938,-0.9938220199188424,5.9,-17.99,-38.65,PAB1_PA_93
PAB,PAB1,PA,2007,TURF,63.04347826086957,-0.3331308228781938,-0.9938220199188424,5.9,-17.99,-38.65,PAB1_PA_94
PAB,PAB1,PA,2007,TURF,81.46853146853148,-0.3331308228781938,-0.9938220199188424,5.9,-17.99,-38.65,PAB1_PA_95
PAB,PAB1,PA,2007,TURF,53.73134328358209,-0.3331308228781938,-0.9938220199188424,5.9,-17.99,-38.65,PAB1_PA_96
PAB,PAB1,PA,2007,TURF,62.5,-0.3331308228781938,-0.9938220199188424,5.9,-17.99,-38.65,PAB1_PA_97
PAB,PAB1,PA,2007,TURF,56.84931506849315,-0.3331308228781938,-0.9938220199188424,5.9,-17.99,-38.65,PAB1_PA_98
PAB,PAB1,PA,2007,TURF,63.05084745762712,-0.3331308228781938,-0.9938220199188424,5.9,-17.99,-38.65,PAB1_PA_99
PAB,PAB1,PA,2008,CCA,20.437956204379564,-0.3331308228781938,-0.9938220199188424,5.9,-17.99,-38.65,PAB1_PA_100
PAB,PAB1,PA,2008,CCA,3.6885245901639343,-0.3331308228781938,-0.9938220199188424,5.9,-17.99,-38.65,PAB1_PA_101
PAB,PAB1,PA,2008,CCA,10.037174721189592,-0.3331308228781938,-0.9938220199188424,5.9,-17.99,-38.65,PAB1_PA_102
PAB,PAB1,PA,2008,CCA,17.786561264822133,-0.3331308228781938,-0.9938220199188424,5.9,-17.99,-38.65,PAB1_PA_103
PAB,PAB1,PA,2008,CCA,7.476635514018691,-0.3331308228781938,-0.9938220199188424,5.9,-17.99,-38.65,PAB1_PA_104
PAB,PAB1,PA,2008,CCA,9.652509652509652,-0.3331308228781938,-0.9938220199188424,5.9,-17.99,-38.65,PAB1_PA_105
PAB,PAB1,PA,2008,CCA,15.241635687732341,-0.3331308228781938,-0.9938220199188424,5.9,-17.99,-38.65,PAB1_PA_106
PAB,PAB1,PA,2008,CCA,7.08955223880597,-0.3331308228781938,-0.9938220199188424,5.9,-17.99,-38.65,PAB1_PA_107
PAB,PAB1,PA,2008,CCA,10.037174721189592,-0.3331308228781938,-0.9938220199188424,5.9,-17.99,-38.65,PAB1_PA_108
PAB,PAB1,PA,2008,CCA,0.36900369003690037,-0.3331308228781938,-0.9938220199188424,5.9,-17.99,-38.65,PAB1_PA_109
PAB,PAB1,PA,2008,CYANO,0.0,-0.3331308228781938,-0.9938220199188424,5.9,-17.99,-38.65,PAB1_PA_110
PAB,PAB1,PA,2008,CYANO,0.0,-0.3331308228781938,-0.9938220199188424,5.9,-17.99,-38.65,PAB1_PA_111
PAB,PAB1,PA,2008,CYANO,34.20074349442379,-0.3331308228781938,-0.9938220199188424,5.9,-17.99,-38.65,PAB1_PA_112
PAB,PAB1,PA,2008,CYANO,0.0,-0.3331308228781938,-0.9938220199188424,5.9,-17.99,-38.65,PAB1_PA_113
PAB,PAB1,PA,2008,CYANO,0.9345794392523363,-0.3331308228781938,-0.9938220199188424,5.9,-17.99,-38.65,PAB1_PA_114
PAB,PAB1,PA,2008,CYANO,0.0,-0.3331308228781938,-0.9938220199188424,5.9,-17.99,-38.65,PAB1_PA_115
PAB,PAB1,PA,2008,CYANO,0.0,-0.3331308228781938,-0.9938220199188424,5.9,-17.99,-38.65,PAB1_PA_116
PAB,PAB1,PA,2008,CYANO,0.0,-0.3331308228781938,-0.9938220199188424,5.9,-17.99,-38.65,PAB1_PA_117
PAB,PAB1,PA,2008,CYANO,0.0,-0.3331308228781938,-0.9938220199188424,5.9,-17.99,-38.65,PAB1_PA_118
PAB,PAB1,PA,2008,CYANO,0.0,-0.3331308228781938,-0.9938220199188424,5.9,-17.99,-38.65,PAB1_PA_119
PAB,PAB1,PA,2008,MACROALGAE,15.328467153284672,-0.3331308228781938,-0.9938220199188424,5.9,-17.99,-38.65,PAB1_PA_120
PAB,PAB1,PA,2008,MACROALGAE,0.0,-0.3331308228781938,-0.9938220199188424,5.9,-17.99,-38.65,PAB1_PA_121
PAB,PAB1,PA,2008,MACROALGAE,7.063197026022305,-0.3331308228781938,-0.9938220199188424,5.9,-17.99,-38.65,PAB1_PA_122
PAB,PAB1,PA,2008,MACROALGAE,7.905138339920949,-0.3331308228781938,-0.9938220199188424,5.9,-17.99,-38.65,PAB1_PA_123
PAB,PAB1,PA,2008,MACROALGAE,3.7383177570093453,-0.3331308228781938,-0.9938220199188424,5.9,-17.99,-38.65,PAB1_PA_124
PAB,PAB1,PA,2008,MACROALGAE,7.335907335907336,-0.3331308228781938,-0.9938220199188424,5.9,-17.99,-38.65,PAB1_PA_125
PAB,PAB1,PA,2008,MACROALGAE,1.486988847583643,-0.3331308228781938,-0.9938220199188424,5.9,-17.99,-38.65,PAB1_PA_126
PAB,PAB1,PA,2008,MACROALGAE,0.3731343283582089,-0.3331308228781938,-0.9938220199188424,5.9,-17.99,-38.65,PAB1_PA_127
PAB,PAB1,PA,2008,MACROALGAE,2.2304832713754648,-0.3331308228781938,-0.9938220199188424,5.9,-17.99,-38.65,PAB1_PA_128
PAB,PAB1,PA,2008,MACROALGAE,2.5830258302583027,-0.3331308228781938,-0.9938220199188424,5.9,-17.99,-38.65,PAB1_PA_129
PAB,PAB1,PA,2008,MUSSISMILIA_HISPIDA,0.0,-0.3331308228781938,-0.9938220199188424,5.9,-17.99,-38.65,PAB1_PA_130
PAB,PAB1,PA,2008,MUSSISMILIA_HISPIDA,0.0,-0.3331308228781938,-0.9938220199188424,5.9,-17.99,-38.65,PAB1_PA_131
PAB,PAB1,PA,2008,MUSSISMILIA_HISPIDA,0.7434944237918215,-0.3331308228781938,-0.9938220199188424,5.9,-17.99,-38.65,PAB1_PA_132
PAB,PAB1,PA,2008,MUSSISMILIA_HISPIDA,0.0,-0.3331308228781938,-0.9938220199188424,5.9,-17.99,-38.65,PAB1_PA_133
PAB,PAB1,PA,2008,MUSSISMILIA_HISPIDA,1.8691588785046727,-0.3331308228781938,-0.9938220199188424,5.9,-17.99,-38.65,PAB1_PA_134
PAB,PAB1,PA,2008,MUSSISMILIA_HISPIDA,1.1583011583011582,-0.3331308228781938,-0.9938220199188424,5.9,-17.99,-38.65,PAB1_PA_135
PAB,PAB1,PA,2008,MUSSISMILIA_HISPIDA,0.0,-0.3331308228781938,-0.9938220199188424,5.9,-17.99,-38.65,PAB1_PA_136
PAB,PAB1,PA,2008,MUSSISMILIA_HISPIDA,0.0,-0.3331308228781938,-0.9938220199188424,5.9,-17.99,-38.65,PAB1_PA_137
PAB,PAB1,PA,2008,MUSSISMILIA_HISPIDA,0.0,-0.3331308228781938,-0.9938220199188424,5.9,-17.99,-38.65,PAB1_PA_138
PAB,PAB1,PA,2008,MUSSISMILIA_HISPIDA,0.0,-0.3331308228781938,-0.9938220199188424,5.9,-17.99,-38.65,PAB1_PA_139
PAB,PAB1,PA,2008,TURF,58.3941605839416,-0.3331308228781938,-0.9938220199188424,5.9,-17.99,-38.65,PAB1_PA_140
PAB,PAB1,PA,2008,TURF,84.8360655737705,-0.3331308228781938,-0.9938220199188424,5.9,-17.99,-38.65,PAB1_PA_141
PAB,PAB1,PA,2008,TURF,38.66171003717473,-0.3331308228781938,-0.9938220199188424,5.9,-17.99,-38.65,PAB1_PA_142
PAB,PAB1,PA,2008,TURF,64.03162055335969,-0.3331308228781938,-0.9938220199188424,5.9,-17.99,-38.65,PAB1_PA_143
PAB,PAB1,PA,2008,TURF,75.70093457943925,-0.3331308228781938,-0.9938220199188424,5.9,-17.99,-38.65,PAB1_PA_144
PAB,PAB1,PA,2008,TURF,67.56756756756756,-0.3331308228781938,-0.9938220199188424,5.9,-17.99,-38.65,PAB1_PA_145
PAB,PAB1,PA,2008,TURF,69.88847583643123,-0.3331308228781938,-0.9938220199188424,5.9,-17.99,-38.65,PAB1_PA_146
PAB,PAB1,PA,2008,TURF,76.49253731343283,-0.3331308228781938,-0.9938220199188424,5.9,-17.99,-38.65,PAB1_PA_147
PAB,PAB1,PA,2008,TURF,59.479553903345725,-0.3331308228781938,-0.9938220199188424,5.9,-17.99,-38.65,PAB1_PA_148
PAB,PAB1,PA,2008,TURF,52.767527675276746,-0.3331308228781938,-0.9938220199188424,5.9,-17.99,-38.65,PAB1_PA_149
PAB,PAB1,TP,2006,CCA,27.666666666666668,-0.3331308228781938,-0.9938220199188424,5.9,-17.99,-38.65,PAB1_TP_0
PAB,PAB1,TP,2006,CCA,16.722408026755854,-0.3331308228781938,-0.9938220199188424,5.9,-17.99,-38.65,PAB1_TP_1
PAB,PAB1,TP,2006,CCA,27.0,-0.3331308228781938,-0.9938220199188424,5.9,-17.99,-38.65,PAB1_TP_2
PAB,PAB1,TP,2006,CCA,34.78260869565217,-0.3331308228781938,-0.9938220199188424,5.9,-17.99,-38.65,PAB1_TP_3
PAB,PAB1,TP,2006,CCA,21.0,-0.3331308228781938,-0.9938220199188424,5.9,-17.99,-38.65,PAB1_TP_4
PAB,PAB1,TP,2006,CCA,11.333333333333332,-0.3331308228781938,-0.9938220199188424,5.9,-17.99,-38.65,PAB1_TP_5
PAB,PAB1,TP,2006,CCA,17.333333333333336,-0.3331308228781938,-0.9938220199188424,5.9,-17.99,-38.65,PAB1_TP_6
PAB,PAB1,TP,2006,CCA,35.35353535353536,-0.3331308228781938,-0.9938220199188424,5.9,-17.99,-38.65,PAB1_TP_7
PAB,PAB1,TP,2006,CCA,3.0100334448160537,-0.3331308228781938,-0.9938220199188424,5.9,-17.99,-38.65,PAB1_TP_8
PAB,PAB1,TP,2006,CCA,26.333333333333332,-0.3331308228781938,-0.9938220199188424,5.9,-17.99,-38.65,PAB1_TP_9
PAB,PAB1,TP,2006,CYANO,0.6666666666666667,-0.3331308228781938,-0.9938220199188424,5.9,-17.99,-38.65,PAB1_TP_10
PAB,PAB1,TP,2006,CYANO,0.0,-0.3331308228781938,-0.9938220199188424,5.9,-17.99,-38.65,PAB1_TP_11
PAB,PAB1,TP,2006,CYANO,0.33333333333333337,-0.3331308228781938,-0.9938220199188424,5.9,-17.99,-38.65,PAB1_TP_12
PAB,PAB1,TP,2006,CYANO,8.695652173913043,-0.3331308228781938,-0.9938220199188424,5.9,-17.99,-38.65,PAB1_TP_13
PAB,PAB1,TP,2006,CYANO,0.0,-0.3331308228781938,-0.9938220199188424,5.9,-17.99,-38.65,PAB1_TP_14
PAB,PAB1,TP,2006,CYANO,0.0,-0.3331308228781938,-0.9938220199188424,5.9,-17.99,-38.65,PAB1_TP_15
PAB,PAB1,TP,2006,CYANO,0.33333333333333337,-0.3331308228781938,-0.9938220199188424,5.9,-17.99,-38.65,PAB1_TP_16
PAB,PAB1,TP,2006,CYANO,0.0,-0.3331308228781938,-0.9938220199188424,5.9,-17.99,-38.65,PAB1_TP_17
PAB,PAB1,TP,2006,CYANO,24.08026755852843,-0.3331308228781938,-0.9938220199188424,5.9,-17.99,-38.65,PAB1_TP_18
PAB,PAB1,TP,2006,CYANO,1.6666666666666667,-0.3331308228781938,-0.9938220199188424,5.9,-17.99,-38.65,PAB1_TP_19
PAB,PAB1,TP,2006,MACROALGAE,0.0,-0.3331308228781938,-0.9938220199188424,5.9,-17.99,-38.65,PAB1_TP_20
PAB,PAB1,TP,2006,MACROALGAE,0.0,-0.3331308228781938,-0.9938220199188424,5.9,-17.99,-38.65,PAB1_TP_21
PAB,PAB1,TP,2006,MACROALGAE,0.0,-0.3331308228781938,-0.9938220199188424,5.9,-17.99,-38.65,PAB1_TP_22
PAB,PAB1,TP,2006,MACROALGAE,0.0,-0.3331308228781938,-0.9938220199188424,5.9,-17.99,-38.65,PAB1_TP_23
PAB,PAB1,TP,2006,MACROALGAE,0.0,-0.3331308228781938,-0.9938220199188424,5.9,-17.99,-38.65,PAB1_TP_24
PAB,PAB1,TP,2006,MACROALGAE,0.0,-0.3331308228781938,-0.9938220199188424,5.9,-17.99,-38.65,PAB1_TP_25
PAB,PAB1,TP,2006,MACROALGAE,0.33333333333333337,-0.3331308228781938,-0.9938220199188424,5.9,-17.99,-38.65,PAB1_TP_26
PAB,PAB1,TP,2006,MACROALGAE,0.0,-0.3331308228781938,-0.9938220199188424,5.9,-17.99,-38.65,PAB1_TP_27
PAB,PAB1,TP,2006,MACROALGAE,0.0,-0.3331308228781938,-0.9938220199188424,5.9,-17.99,-38.65,PAB1_TP_28
PAB,PAB1,TP,2006,MACROALGAE,0.0,-0.3331308228781938,-0.9938220199188424,5.9,-17.99,-38.65,PAB1_TP_29
PAB,PAB1,TP,2006,MUSSISMILIA_HISPIDA,0.33333333333333337,-0.3331308228781938,-0.9938220199188424,5.9,-17.99,-38.65,PAB1_TP_30
PAB,PAB1,TP,2006,MUSSISMILIA_HISPIDA,0.0,-0.3331308228781938,-0.9938220199188424,5.9,-17.99,-38.65,PAB1_TP_31
PAB,PAB1,TP,2006,MUSSISMILIA_HISPIDA,1.0,-0.3331308228781938,-0.9938220199188424,5.9,-17.99,-38.65,PAB1_TP_32
PAB,PAB1,TP,2006,MUSSISMILIA_HISPIDA,0.0,-0.3331308228781938,-0.9938220199188424,5.9,-17.99,-38.65,PAB1_TP_33
PAB,PAB1,TP,2006,MUSSISMILIA_HISPIDA,0.6666666666666667,-0.3331308228781938,-0.9938220199188424,5.9,-17.99,-38.65,PAB1_TP_34
PAB,PAB1,TP,2006,MUSSISMILIA_HISPIDA,1.3333333333333335,-0.3331308228781938,-0.9938220199188424,5.9,-17.99,-38.65,PAB1_TP_35
PAB,PAB1,TP,2006,MUSSISMILIA_HISPIDA,0.0,-0.3331308228781938,-0.9938220199188424,5.9,-17.99,-38.65,PAB1_TP_36
PAB,PAB1,TP,2006,MUSSISMILIA_HISPIDA,0.0,-0.3331308228781938,-0.9938220199188424,5.9,-17.99,-38.65,PAB1_TP_37
PAB,PAB1,TP,2006,MUSSISMILIA_HISPIDA,1.0033444816053512,-0.3331308228781938,-0.9938220199188424,5.9,-17.99,-38.65,PAB1_TP_38
PAB,PAB1,TP,2006,MUSSISMILIA_HISPIDA,0.0,-0.3331308228781938,-0.9938220199188424,5.9,-17.99,-38.65,PAB1_TP_39
PAB,PAB1,TP,2006,TURF,37.66666666666667,-0.3331308228781938,-0.9938220199188424,5.9,-17.99,-38.65,PAB1_TP_40
PAB,PAB1,TP,2006,TURF,38.46153846153847,-0.3331308228781938,-0.9938220199188424,5.9,-17.99,-38.65,PAB1_TP_41
PAB,PAB1,TP,2006,TURF,56.33333333333333,-0.3331308228781938,-0.9938220199188424,5.9,-17.99,-38.65,PAB1_TP_42
PAB,PAB1,TP,2006,TURF,40.13377926421404,-0.3331308228781938,-0.9938220199188424,5.9,-17.99,-38.65,PAB1_TP_43
PAB,PAB1,TP,2006,TURF,59.66666666666667,-0.3331308228781938,-0.9938220199188424,5.9,-17.99,-38.65,PAB1_TP_44
PAB,PAB1,TP,2006,TURF,43.666666666666664,-0.3331308228781938,-0.9938220199188424,5.9,-17.99,-38.65,PAB1_TP_45
PAB,PAB1,TP,2006,TURF,49.99999999999999,-0.3331308228781938,-0.9938220199188424,5.9,-17.99,-38.65,PAB1_TP_46
PAB,PAB1,TP,2006,TURF,42.08754208754209,-0.3331308228781938,-0.9938220199188424,5.9,-17.99,-38.65,PAB1_TP_47
PAB,PAB1,TP,2006,TURF,55.18394648829431,-0.3331308228781938,-0.9938220199188424,5.9,-17.99,-38.65,PAB1_TP_48
PAB,PAB1,TP,2006,TURF,34.333333333333336,-0.3331308228781938,-0.9938220199188424,5.9,-17.99,-38.65,PAB1_TP_49
PAB,PAB1,TP,2007,CCA,3.4129692832764507,-0.3331308228781938,-0.9938220199188424,5.9,-17.99,-38.65,PAB1_TP_50
PAB,PAB1,TP,2007,CCA,2.2988505747126435,-0.3331308228781938,-0.9938220199188424,5.9,-17.99,-38.65,PAB1_TP_51
PAB,PAB1,TP,2007,CCA,2.536231884057971,-0.3331308228781938,-0.9938220199188424,5.9,-17.99,-38.65,PAB1_TP_52
PAB,PAB1,TP,2007,CCA,9.58904109589041,-0.3331308228781938,-0.9938220199188424,5.9,-17.99,-38.65,PAB1_TP_53
PAB,PAB1,TP,2007,CCA,5.68561872909699,-0.3331308228781938,-0.9938220199188424,5.9,-17.99,-38.65,PAB1_TP_54
PAB,PAB1,TP,2007,CCA,6.896551724137931,-0.3331308228781938,-0.9938220199188424,5.9,-17.99,-38.65,PAB1_TP_55
PAB,PAB1,TP,2007,CCA,5.423728813559322,-0.3331308228781938,-0.9938220199188424,5.9,-17.99,-38.65,PAB1_TP_56
PAB,PAB1,TP,2007,CCA,1.0204081632653061,-0.3331308228781938,-0.9938220199188424,5.9,-17.99,-38.65,PAB1_TP_57
PAB,PAB1,TP,2007,CCA,1.023890784982935,-0.3331308228781938,-0.9938220199188424,5.9,-17.99,-38.65,PAB1_TP_58
PAB,PAB1,TP,2007,CCA,9.621993127147768,-0.3331308228781938,-0.9938220199188424,5.9,-17.99,-38.65,PAB1_TP_59
PAB,PAB1,TP,2007,CYANO,5.1194539249146755,-0.3331308228781938,-0.9938220199188424,5.9,-17.99,-38.65,PAB1_TP_60
PAB,PAB1,TP,2007,CYANO,3.065134099616858,-0.3331308228781938,-0.9938220199188424,5.9,-17.99,-38.65,PAB1_TP_61
PAB,PAB1,TP,2007,CYANO,0.7246376811594203,-0.3331308228781938,-0.9938220199188424,5.9,-17.99,-38.65,PAB1_TP_62
PAB,PAB1,TP,2007,CYANO,2.3972602739726026,-0.3331308228781938,-0.9938220199188424,5.9,-17.99,-38.65,PAB1_TP_63
PAB,PAB1,TP,2007,CYANO,16.722408026755854,-0.3331308228781938,-0.9938220199188424,5.9,-17.99,-38.65,PAB1_TP_64
PAB,PAB1,TP,2007,CYANO,4.827586206896552,-0.3331308228781938,-0.9938220199188424,5.9,-17.99,-38.65,PAB1_TP_65
PAB,PAB1,TP,2007,CYANO,6.779661016949152,-0.3331308228781938,-0.9938220199188424,5.9,-17.99,-38.65,PAB1_TP_66
PAB,PAB1,TP,2007,CYANO,8.16326530612245,-0.3331308228781938,-0.9938220199188424,5.9,-17.99,-38.65,PAB1_TP_67
PAB,PAB1,TP,2007,CYANO,0.3412969283276451,-0.3331308228781938,-0.9938220199188424,5.9,-17.99,-38.65,PAB1_TP_68
PAB,PAB1,TP,2007,CYANO,15.807560137457044,-0.3331308228781938,-0.9938220199188424,5.9,-17.99,-38.65,PAB1_TP_69
PAB,PAB1,TP,2007,MACROALGAE,0.0,-0.3331308228781938,-0.9938220199188424,5.9,-17.99,-38.65,PAB1_TP_70
PAB,PAB1,TP,2007,MACROALGAE,0.0,-0.3331308228781938,-0.9938220199188424,5.9,-17.99,-38.65,PAB1_TP_71
PAB,PAB1,TP,2007,MACROALGAE,0.0,-0.3331308228781938,-0.9938220199188424,5.9,-17.99,-38.65,PAB1_TP_72
PAB,PAB1,TP,2007,MACROALGAE,0.0,-0.3331308228781938,-0.9938220199188424,5.9,-17.99,-38.65,PAB1_TP_73
PAB,PAB1,TP,2007,MACROALGAE,0.0,-0.3331308228781938,-0.9938220199188424,5.9,-17.99,-38.65,PAB1_TP_74
PAB,PAB1,TP,2007,MACROALGAE,0.0,-0.3331308228781938,-0.9938220199188424,5.9,-17.99,-38.65,PAB1_TP_75
PAB,PAB1,TP,2007,MACROALGAE,0.0,-0.3331308228781938,-0.9938220199188424,5.9,-17.99,-38.65,PAB1_TP_76
PAB,PAB1,TP,2007,MACROALGAE,0.0,-0.3331308228781938,-0.9938220199188424,5.9,-17.99,-38.65,PAB1_TP_77
PAB,PAB1,TP,2007,MACROALGAE,0.0,-0.3331308228781938,-0.9938220199188424,5.9,-17.99,-38.65,PAB1_TP_78
PAB,PAB1,TP,2007,MACROALGAE,0.0,-0.3331308228781938,-0.9938220199188424,5.9,-17.99,-38.65,PAB1_TP_79
PAB,PAB1,TP,2007,MUSSISMILIA_HISPIDA,0.0,-0.3331308228781938,-0.9938220199188424,5.9,-17.99,-38.65,PAB1_TP_80
PAB,PAB1,TP,2007,MUSSISMILIA_HISPIDA,1.532567049808429,-0.3331308228781938,-0.9938220199188424,5.9,-17.99,-38.65,PAB1_TP_81
PAB,PAB1,TP,2007,MUSSISMILIA_HISPIDA,0.0,-0.3331308228781938,-0.9938220199188424,5.9,-17.99,-38.65,PAB1_TP_82
PAB,PAB1,TP,2007,MUSSISMILIA_HISPIDA,0.684931506849315,-0.3331308228781938,-0.9938220199188424,5.9,-17.99,-38.65,PAB1_TP_83
PAB,PAB1,TP,2007,MUSSISMILIA_HISPIDA,0.0,-0.3331308228781938,-0.9938220199188424,5.9,-17.99,-38.65,PAB1_TP_84
PAB,PAB1,TP,2007,MUSSISMILIA_HISPIDA,0.0,-0.3331308228781938,-0.9938220199188424,5.9,-17.99,-38.65,PAB1_TP_85
PAB,PAB1,TP,2007,MUSSISMILIA_HISPIDA,0.0,-0.3331308228781938,-0.9938220199188424,5.9,-17.99,-38.65,PAB1_TP_86
PAB,PAB1,TP,2007,MUSSISMILIA_HISPIDA,1.0204081632653061,-0.3331308228781938,-0.9938220199188424,5.9,-17.99,-38.65,PAB1_TP_87
PAB,PAB1,TP,2007,MUSSISMILIA_HISPIDA,2.04778156996587,-0.3331308228781938,-0.9938220199188424,5.9,-17.99,-38.65,PAB1_TP_88
PAB,PAB1,TP,2007,MUSSISMILIA_HISPIDA,1.0309278350515463,-0.3331308228781938,-0.9938220199188424,5.9,-17.99,-38.65,PAB1_TP_89
PAB,PAB1,TP,2007,TURF,65.8703071672355,-0.3331308228781938,-0.9938220199188424,5.9,-17.99,-38.65,PAB1_TP_90
PAB,PAB1,TP,2007,TURF,86.20689655172414,-0.3331308228781938,-0.9938220199188424,5.9,-17.99,-38.65,PAB1_TP_91
PAB,PAB1,TP,2007,TURF,73.91304347826086,-0.3331308228781938,-0.9938220199188424,5.9,-17.99,-38.65,PAB1_TP_92
PAB,PAB1,TP,2007,TURF,79.10958904109589,-0.3331308228781938,-0.9938220199188424,5.9,-17.99,-38.65,PAB1_TP_93
PAB,PAB1,TP,2007,TURF,64.54849498327759,-0.3331308228781938,-0.9938220199188424,5.9,-17.99,-38.65,PAB1_TP_94
PAB,PAB1,TP,2007,TURF,69.65517241379311,-0.3331308228781938,-0.9938220199188424,5.9,-17.99,-38.65,PAB1_TP_95
PAB,PAB1,TP,2007,TURF,71.86440677966102,-0.3331308228781938,-0.9938220199188424,5.9,-17.99,-38.65,PAB1_TP_96
PAB,PAB1,TP,2007,TURF,68.70748299319727,-0.3331308228781938,-0.9938220199188424,5.9,-17.99,-38.65,PAB1_TP_97
PAB,PAB1,TP,2007,TURF,66.21160409556313,-0.3331308228781938,-0.9938220199188424,5.9,-17.99,-38.65,PAB1_TP_98
PAB,PAB1,TP,2007,TURF,41.924398625429546,-0.3331308228781938,-0.9938220199188424,5.9,-17.99,-38.65,PAB1_TP_99
PAB,PAB1,TP,2008,CCA,8.783783783783784,-0.3331308228781938,-0.9938220199188424,5.9,-17.99,-38.65,PAB1_TP_100
PAB,PAB1,TP,2008,CCA,15.488215488215488,-0.3331308228781938,-0.9938220199188424,5.9,-17.99,-38.65,PAB1_TP_101
PAB,PAB1,TP,2008,CCA,13.220338983050848,-0.3331308228781938,-0.9938220199188424,5.9,-17.99,-38.65,PAB1_TP_102
PAB,PAB1,TP,2008,CCA,10.367892976588628,-0.3331308228781938,-0.9938220199188424,5.9,-17.99,-38.65,PAB1_TP_103
PAB,PAB1,TP,2008,CCA,7.046979865771812,-0.3331308228781938,-0.9938220199188424,5.9,-17.99,-38.65,PAB1_TP_104
PAB,PAB1,TP,2008,CCA,9.82905982905983,-0.3331308228781938,-0.9938220199188424,5.9,-17.99,-38.65,PAB1_TP_105
PAB,PAB1,TP,2008,CCA,4.72972972972973,-0.3331308228781938,-0.9938220199188424,5.9,-17.99,-38.65,PAB1_TP_106
PAB,PAB1,TP,2008,CCA,4.794520547945205,-0.3331308228781938,-0.9938220199188424,5.9,-17.99,-38.65,PAB1_TP_107
PAB,PAB1,TP,2008,CCA,6.440677966101695,-0.3331308228781938,-0.9938220199188424,5.9,-17.99,-38.65,PAB1_TP_108
PAB,PAB1,TP,2008,CCA,5.387205387205387,-0.3331308228781938,-0.9938220199188424,5.9,-17.99,-38.65,PAB1_TP_109
PAB,PAB1,TP,2008,CYANO,0.33783783783783783,-0.3331308228781938,-0.9938220199188424,5.9,-17.99,-38.65,PAB1_TP_110
PAB,PAB1,TP,2008,CYANO,3.7037037037037033,-0.3331308228781938,-0.9938220199188424,5.9,-17.99,-38.65,PAB1_TP_111
PAB,PAB1,TP,2008,CYANO,0.0,-0.3331308228781938,-0.9938220199188424,5.9,-17.99,-38.65,PAB1_TP_112
PAB,PAB1,TP,2008,CYANO,0.0,-0.3331308228781938,-0.9938220199188424,5.9,-17.99,-38.65,PAB1_TP_113
PAB,PAB1,TP,2008,CYANO,1.6778523489932886,-0.3331308228781938,-0.9938220199188424,5.9,-17.99,-38.65,PAB1_TP_114
PAB,PAB1,TP,2008,CYANO,2.1367521367521367,-0.3331308228781938,-0.9938220199188424,5.9,-17.99,-38.65,PAB1_TP_115
PAB,PAB1,TP,2008,CYANO,0.0,-0.3331308228781938,-0.9938220199188424,5.9,-17.99,-38.65,PAB1_TP_116
PAB,PAB1,TP,2008,CYANO,0.0,-0.3331308228781938,-0.9938220199188424,5.9,-17.99,-38.65,PAB1_TP_117
PAB,PAB1,TP,2008,CYANO,0.0,-0.3331308228781938,-0.9938220199188424,5.9,-17.99,-38.65,PAB1_TP_118
PAB,PAB1,TP,2008,CYANO,0.0,-0.3331308228781938,-0.9938220199188424,5.9,-17.99,-38.65,PAB1_TP_119
PAB,PAB1,TP,2008,MACROALGAE,0.0,-0.3331308228781938,-0.9938220199188424,5.9,-17.99,-38.65,PAB1_TP_120
PAB,PAB1,TP,2008,MACROALGAE,1.0101010101010102,-0.3331308228781938,-0.9938220199188424,5.9,-17.99,-38.65,PAB1_TP_121
PAB,PAB1,TP,2008,MACROALGAE,0.0,-0.3331308228781938,-0.9938220199188424,5.9,-17.99,-38.65,PAB1_TP_122
PAB,PAB1,TP,2008,MACROALGAE,0.6688963210702341,-0.3331308228781938,-0.9938220199188424,5.9,-17.99,-38.65,PAB1_TP_123
PAB,PAB1,TP,2008,MACROALGAE,2.348993288590604,-0.3331308228781938,-0.9938220199188424,5.9,-17.99,-38.65,PAB1_TP_124
PAB,PAB1,TP,2008,MACROALGAE,0.0,-0.3331308228781938,-0.9938220199188424,5.9,-17.99,-38.65,PAB1_TP_125
PAB,PAB1,TP,2008,MACROALGAE,0.0,-0.3331308228781938,-0.9938220199188424,5.9,-17.99,-38.65,PAB1_TP_126
PAB,PAB1,TP,2008,MACROALGAE,0.0,-0.3331308228781938,-0.9938220199188424,5.9,-17.99,-38.65,PAB1_TP_127
PAB,PAB1,TP,2008,MACROALGAE,0.0,-0.3331308228781938,-0.9938220199188424,5.9,-17.99,-38.65,PAB1_TP_128
PAB,PAB1,TP,2008,MACROALGAE,0.0,-0.3331308228781938,-0.9938220199188424,5.9,-17.99,-38.65,PAB1_TP_129
PAB,PAB1,TP,2008,MUSSISMILIA_HISPIDA,0.0,-0.3331308228781938,-0.9938220199188424,5.9,-17.99,-38.65,PAB1_TP_130
PAB,PAB1,TP,2008,MUSSISMILIA_HISPIDA,0.0,-0.3331308228781938,-0.9938220199188424,5.9,-17.99,-38.65,PAB1_TP_131
PAB,PAB1,TP,2008,MUSSISMILIA_HISPIDA,1.3559322033898304,-0.3331308228781938,-0.9938220199188424,5.9,-17.99,-38.65,PAB1_TP_132
PAB,PAB1,TP,2008,MUSSISMILIA_HISPIDA,0.0,-0.3331308228781938,-0.9938220199188424,5.9,-17.99,-38.65,PAB1_TP_133
PAB,PAB1,TP,2008,MUSSISMILIA_HISPIDA,0.0,-0.3331308228781938,-0.9938220199188424,5.9,-17.99,-38.65,PAB1_TP_134
PAB,PAB1,TP,2008,MUSSISMILIA_HISPIDA,0.0,-0.3331308228781938,-0.9938220199188424,5.9,-17.99,-38.65,PAB1_TP_135
PAB,PAB1,TP,2008,MUSSISMILIA_HISPIDA,1.3513513513513513,-0.3331308228781938,-0.9938220199188424,5.9,-17.99,-38.65,PAB1_TP_136
PAB,PAB1,TP,2008,MUSSISMILIA_HISPIDA,0.3424657534246575,-0.3331308228781938,-0.9938220199188424,5.9,-17.99,-38.65,PAB1_TP_137
PAB,PAB1,TP,2008,MUSSISMILIA_HISPIDA,0.6779661016949152,-0.3331308228781938,-0.9938220199188424,5.9,-17.99,-38.65,PAB1_TP_138
PAB,PAB1,TP,2008,MUSSISMILIA_HISPIDA,0.0,-0.3331308228781938,-0.9938220199188424,5.9,-17.99,-38.65,PAB1_TP_139
PAB,PAB1,TP,2008,TURF,17.905405405405403,-0.3331308228781938,-0.9938220199188424,5.9,-17.99,-38.65,PAB1_TP_140
PAB,PAB1,TP,2008,TURF,44.10774410774411,-0.3331308228781938,-0.9938220199188424,5.9,-17.99,-38.65,PAB1_TP_141
PAB,PAB1,TP,2008,TURF,27.796610169491526,-0.3331308228781938,-0.9938220199188424,5.9,-17.99,-38.65,PAB1_TP_142
PAB,PAB1,TP,2008,TURF,60.535117056856194,-0.3331308228781938,-0.9938220199188424,5.9,-17.99,-38.65,PAB1_TP_143
PAB,PAB1,TP,2008,TURF,22.14765100671141,-0.3331308228781938,-0.9938220199188424,5.9,-17.99,-38.65,PAB1_TP_144
PAB,PAB1,TP,2008,TURF,75.21367521367522,-0.3331308228781938,-0.9938220199188424,5.9,-17.99,-38.65,PAB1_TP_145
PAB,PAB1,TP,2008,TURF,39.189189189189186,-0.3331308228781938,-0.9938220199188424,5.9,-17.99,-38.65,PAB1_TP_146
PAB,PAB1,TP,2008,TURF,79.1095890410959,-0.3331308228781938,-0.9938220199188424,5.9,-17.99,-38.65,PAB1_TP_147
PAB,PAB1,TP,2008,TURF,73.89830508474576,-0.3331308228781938,-0.9938220199188424,5.9,-17.99,-38.65,PAB1_TP_148
PAB,PAB1,TP,2008,TURF,45.45454545454545,-0.3331308228781938,-0.9938220199188424,5.9,-17.99,-38.65,PAB1_TP_149
PAB,PAB2,PA,2006,CCA,6.0606060606060606,-0.3331308228781938,-0.9938220199188424,7.3,-17.98,-38.67,PAB2_PA_0
PAB,PAB2,PA,2006,CCA,45.63758389261745,-0.3331308228781938,-0.9938220199188424,7.3,-17.98,-38.67,PAB2_PA_1
PAB,PAB2,PA,2006,CCA,42.95302013422819,-0.3331308228781938,-0.9938220199188424,7.3,-17.98,-38.67,PAB2_PA_2
PAB,PAB2,PA,2006,CCA,19.333333333333332,-0.3331308228781938,-0.9938220199188424,7.3,-17.98,-38.67,PAB2_PA_3
PAB,PAB2,PA,2006,CCA,47.0,-0.3331308228781938,-0.9938220199188424,7.3,-17.98,-38.67,PAB2_PA_4
PAB,PAB2,PA,2006,CCA,6.0,-0.3331308228781938,-0.9938220199188424,7.3,-17.98,-38.67,PAB2_PA_5
PAB,PAB2,PA,2006,CCA,14.715719063545151,-0.3331308228781938,-0.9938220199188424,7.3,-17.98,-38.67,PAB2_PA_6
PAB,PAB2,PA,2006,CCA,24.482758620689655,-0.3331308228781938,-0.9938220199188424,7.3,-17.98,-38.67,PAB2_PA_7
PAB,PAB2,PA,2006,CCA,8.333333333333332,-0.3331308228781938,-0.9938220199188424,7.3,-17.98,-38.67,PAB2_PA_8
PAB,PAB2,PA,2006,CCA,29.333333333333332,-0.3331308228781938,-0.9938220199188424,7.3,-17.98,-38.67,PAB2_PA_9
PAB,PAB2,PA,2006,CYANO,2.0202020202020203,-0.3331308228781938,-0.9938220199188424,7.3,-17.98,-38.67,PAB2_PA_10
PAB,PAB2,PA,2006,CYANO,0.33557046979865773,-0.3331308228781938,-0.9938220199188424,7.3,-17.98,-38.67,PAB2_PA_11
PAB,PAB2,PA,2006,CYANO,0.0,-0.3331308228781938,-0.9938220199188424,7.3,-17.98,-38.67,PAB2_PA_12
PAB,PAB2,PA,2006,CYANO,1.0,-0.3331308228781938,-0.9938220199188424,7.3,-17.98,-38.67,PAB2_PA_13
PAB,PAB2,PA,2006,CYANO,0.0,-0.3331308228781938,-0.9938220199188424,7.3,-17.98,-38.67,PAB2_PA_14
PAB,PAB2,PA,2006,CYANO,0.0,-0.3331308228781938,-0.9938220199188424,7.3,-17.98,-38.67,PAB2_PA_15
PAB,PAB2,PA,2006,CYANO,2.341137123745819,-0.3331308228781938,-0.9938220199188424,7.3,-17.98,-38.67,PAB2_PA_16
PAB,PAB2,PA,2006,CYANO,0.0,-0.3331308228781938,-0.9938220199188424,7.3,-17.98,-38.67,PAB2_PA_17
PAB,PAB2,PA,2006,CYANO,0.0,-0.3331308228781938,-0.9938220199188424,7.3,-17.98,-38.67,PAB2_PA_18
PAB,PAB2,PA,2006,CYANO,1.3333333333333335,-0.3331308228781938,-0.9938220199188424,7.3,-17.98,-38.67,PAB2_PA_19
PAB,PAB2,PA,2006,MACROALGAE,0.0,-0.3331308228781938,-0.9938220199188424,7.3,-17.98,-38.67,PAB2_PA_20
PAB,PAB2,PA,2006,MACROALGAE,0.0,-0.3331308228781938,-0.9938220199188424,7.3,-17.98,-38.67,PAB2_PA_21
PAB,PAB2,PA,2006,MACROALGAE,0.0,-0.3331308228781938,-0.9938220199188424,7.3,-17.98,-38.67,PAB2_PA_22
PAB,PAB2,PA,2006,MACROALGAE,1.0,-0.3331308228781938,-0.9938220199188424,7.3,-17.98,-38.67,PAB2_PA_23
PAB,PAB2,PA,2006,MACROALGAE,0.0,-0.3331308228781938,-0.9938220199188424,7.3,-17.98,-38.67,PAB2_PA_24
PAB,PAB2,PA,2006,MACROALGAE,0.0,-0.3331308228781938,-0.9938220199188424,7.3,-17.98,-38.67,PAB2_PA_25
PAB,PAB2,PA,2006,MACROALGAE,0.0,-0.3331308228781938,-0.9938220199188424,7.3,-17.98,-38.67,PAB2_PA_26
PAB,PAB2,PA,2006,MACROALGAE,0.0,-0.3331308228781938,-0.9938220199188424,7.3,-17.98,-38.67,PAB2_PA_27
PAB,PAB2,PA,2006,MACROALGAE,0.0,-0.3331308228781938,-0.9938220199188424,7.3,-17.98,-38.67,PAB2_PA_28
PAB,PAB2,PA,2006,MACROALGAE,0.0,-0.3331308228781938,-0.9938220199188424,7.3,-17.98,-38.67,PAB2_PA_29
PAB,PAB2,PA,2006,MUSSISMILIA_HISPIDA,0.0,-0.3331308228781938,-0.9938220199188424,7.3,-17.98,-38.67,PAB2_PA_30
PAB,PAB2,PA,2006,MUSSISMILIA_HISPIDA,0.0,-0.3331308228781938,-0.9938220199188424,7.3,-17.98,-38.67,PAB2_PA_31
PAB,PAB2,PA,2006,MUSSISMILIA_HISPIDA,0.0,-0.3331308228781938,-0.9938220199188424,7.3,-17.98,-38.67,PAB2_PA_32
PAB,PAB2,PA,2006,MUSSISMILIA_HISPIDA,0.0,-0.3331308228781938,-0.9938220199188424,7.3,-17.98,-38.67,PAB2_PA_33
PAB,PAB2,PA,2006,MUSSISMILIA_HISPIDA,0.0,-0.3331308228781938,-0.9938220199188424,7.3,-17.98,-38.67,PAB2_PA_34
PAB,PAB2,PA,2006,MUSSISMILIA_HISPIDA,0.0,-0.3331308228781938,-0.9938220199188424,7.3,-17.98,-38.67,PAB2_PA_35
PAB,PAB2,PA,2006,MUSSISMILIA_HISPIDA,0.0,-0.3331308228781938,-0.9938220199188424,7.3,-17.98,-38.67,PAB2_PA_36
PAB,PAB2,PA,2006,MUSSISMILIA_HISPIDA,1.7241379310344827,-0.3331308228781938,-0.9938220199188424,7.3,-17.98,-38.67,PAB2_PA_37
PAB,PAB2,PA,2006,MUSSISMILIA_HISPIDA,0.0,-0.3331308228781938,-0.9938220199188424,7.3,-17.98,-38.67,PAB2_PA_38
PAB,PAB2,PA,2006,MUSSISMILIA_HISPIDA,0.0,-0.3331308228781938,-0.9938220199188424,7.3,-17.98,-38.67,PAB2_PA_39
PAB,PAB2,PA,2006,TURF,69.69696969696969,-0.3331308228781938,-0.9938220199188424,7.3,-17.98,-38.67,PAB2_PA_40
PAB,PAB2,PA,2006,TURF,46.64429530201342,-0.3331308228781938,-0.9938220199188424,7.3,-17.98,-38.67,PAB2_PA_41
PAB,PAB2,PA,2006,TURF,34.22818791946309,-0.3331308228781938,-0.9938220199188424,7.3,-17.98,-38.67,PAB2_PA_42
PAB,PAB2,PA,2006,TURF,63.0,-0.3331308228781938,-0.9938220199188424,7.3,-17.98,-38.67,PAB2_PA_43
PAB,PAB2,PA,2006,TURF,22.666666666666664,-0.3331308228781938,-0.9938220199188424,7.3,-17.98,-38.67,PAB2_PA_44
PAB,PAB2,PA,2006,TURF,38.333333333333336,-0.3331308228781938,-0.9938220199188424,7.3,-17.98,-38.67,PAB2_PA_45
PAB,PAB2,PA,2006,TURF,71.23745819397992,-0.3331308228781938,-0.9938220199188424,7.3,-17.98,-38.67,PAB2_PA_46
PAB,PAB2,PA,2006,TURF,11.379310344827587,-0.3331308228781938,-0.9938220199188424,7.3,-17.98,-38.67,PAB2_PA_47
PAB,PAB2,PA,2006,TURF,61.33333333333333,-0.3331308228781938,-0.9938220199188424,7.3,-17.98,-38.67,PAB2_PA_48
PAB,PAB2,PA,2006,TURF,9.0,-0.3331308228781938,-0.9938220199188424,7.3,-17.98,-38.67,PAB2_PA_49
PAB,PAB2,PA,2007,CCA,12.162162162162163,-0.3331308228781938,-0.9938220199188424,7.3,-17.98,-38.67,PAB2_PA_50
PAB,PAB2,PA,2007,CCA,32.21476510067114,-0.3331308228781938,-0.9938220199188424,7.3,-17.98,-38.67,PAB2_PA_51
PAB,PAB2,PA,2007,CCA,21.575342465753426,-0.3331308228781938,-0.9938220199188424,7.3,-17.98,-38.67,PAB2_PA_52
PAB,PAB2,PA,2007,CCA,24.579124579124578,-0.3331308228781938,-0.9938220199188424,7.3,-17.98,-38.67,PAB2_PA_53
PAB,PAB2,PA,2007,CCA,3.7037037037037033,-0.3331308228781938,-0.9938220199188424,7.3,-17.98,-38.67,PAB2_PA_54
PAB,PAB2,PA,2007,CCA,26.08695652173913,-0.3331308228781938,-0.9938220199188424,7.3,-17.98,-38.67,PAB2_PA_55
PAB,PAB2,PA,2007,CCA,26.492537313432834,-0.3331308228781938,-0.9938220199188424,7.3,-17.98,-38.67,PAB2_PA_56
PAB,PAB2,PA,2007,CCA,44.5578231292517,-0.3331308228781938,-0.9938220199188424,7.3,-17.98,-38.67,PAB2_PA_57
PAB,PAB2,PA,2007,CCA,20.2020202020202,-0.3331308228781938,-0.9938220199188424,7.3,-17.98,-38.67,PAB2_PA_58
PAB,PAB2,PA,2007,CCA,8.080808080808081,-0.3331308228781938,-0.9938220199188424,7.3,-17.98,-38.67,PAB2_PA_59
PAB,PAB2,PA,2007,CYANO,0.0,-0.3331308228781938,-0.9938220199188424,7.3,-17.98,-38.67,PAB2_PA_60
PAB,PAB2,PA,2007,CYANO,0.0,-0.3331308228781938,-0.9938220199188424,7.3,-17.98,-38.67,PAB2_PA_61
PAB,PAB2,PA,2007,CYANO,0.0,-0.3331308228781938,-0.9938220199188424,7.3,-17.98,-38.67,PAB2_PA_62
PAB,PAB2,PA,2007,CYANO,0.0,-0.3331308228781938,-0.9938220199188424,7.3,-17.98,-38.67,PAB2_PA_63
PAB,PAB2,PA,2007,CYANO,1.6835016835016834,-0.3331308228781938,-0.9938220199188424,7.3,-17.98,-38.67,PAB2_PA_64
PAB,PAB2,PA,2007,CYANO,0.0,-0.3331308228781938,-0.9938220199188424,7.3,-17.98,-38.67,PAB2_PA_65
PAB,PAB2,PA,2007,CYANO,0.0,-0.3331308228781938,-0.9938220199188424,7.3,-17.98,-38.67,PAB2_PA_66
PAB,PAB2,PA,2007,CYANO,0.0,-0.3331308228781938,-0.9938220199188424,7.3,-17.98,-38.67,PAB2_PA_67
PAB,PAB2,PA,2007,CYANO,0.0,-0.3331308228781938,-0.9938220199188424,7.3,-17.98,-38.67,PAB2_PA_68
PAB,PAB2,PA,2007,CYANO,0.0,-0.3331308228781938,-0.9938220199188424,7.3,-17.98,-38.67,PAB2_PA_69
PAB,PAB2,PA,2007,MACROALGAE,0.0,-0.3331308228781938,-0.9938220199188424,7.3,-17.98,-38.67,PAB2_PA_70
PAB,PAB2,PA,2007,MACROALGAE,0.33557046979865773,-0.3331308228781938,-0.9938220199188424,7.3,-17.98,-38.67,PAB2_PA_71
PAB,PAB2,PA,2007,MACROALGAE,0.0,-0.3331308228781938,-0.9938220199188424,7.3,-17.98,-38.67,PAB2_PA_72
PAB,PAB2,PA,2007,MACROALGAE,0.0,-0.3331308228781938,-0.9938220199188424,7.3,-17.98,-38.67,PAB2_PA_73
PAB,PAB2,PA,2007,MACROALGAE,0.0,-0.3331308228781938,-0.9938220199188424,7.3,-17.98,-38.67,PAB2_PA_74
PAB,PAB2,PA,2007,MACROALGAE,0.0,-0.3331308228781938,-0.9938220199188424,7.3,-17.98,-38.67,PAB2_PA_75
PAB,PAB2,PA,2007,MACROALGAE,0.0,-0.3331308228781938,-0.9938220199188424,7.3,-17.98,-38.67,PAB2_PA_76
PAB,PAB2,PA,2007,MACROALGAE,0.0,-0.3331308228781938,-0.9938220199188424,7.3,-17.98,-38.67,PAB2_PA_77
PAB,PAB2,PA,2007,MACROALGAE,0.0,-0.3331308228781938,-0.9938220199188424,7.3,-17.98,-38.67,PAB2_PA_78
PAB,PAB2,PA,2007,MACROALGAE,0.33670033670033667,-0.3331308228781938,-0.9938220199188424,7.3,-17.98,-38.67,PAB2_PA_79
PAB,PAB2,PA,2007,MUSSISMILIA_HISPIDA,0.0,-0.3331308228781938,-0.9938220199188424,7.3,-17.98,-38.67,PAB2_PA_80
PAB,PAB2,PA,2007,MUSSISMILIA_HISPIDA,0.0,-0.3331308228781938,-0.9938220199188424,7.3,-17.98,-38.67,PAB2_PA_81
PAB,PAB2,PA,2007,MUSSISMILIA_HISPIDA,0.0,-0.3331308228781938,-0.9938220199188424,7.3,-17.98,-38.67,PAB2_PA_82
PAB,PAB2,PA,2007,MUSSISMILIA_HISPIDA,0.0,-0.3331308228781938,-0.9938220199188424,7.3,-17.98,-38.67,PAB2_PA_83
PAB,PAB2,PA,2007,MUSSISMILIA_HISPIDA,0.0,-0.3331308228781938,-0.9938220199188424,7.3,-17.98,-38.67,PAB2_PA_84
PAB,PAB2,PA,2007,MUSSISMILIA_HISPIDA,0.0,-0.3331308228781938,-0.9938220199188424,7.3,-17.98,-38.67,PAB2_PA_85
PAB,PAB2,PA,2007,MUSSISMILIA_HISPIDA,0.3731343283582089,-0.3331308228781938,-0.9938220199188424,7.3,-17.98,-38.67,PAB2_PA_86
PAB,PAB2,PA,2007,MUSSISMILIA_HISPIDA,0.0,-0.3331308228781938,-0.9938220199188424,7.3,-17.98,-38.67,PAB2_PA_87
PAB,PAB2,PA,2007,MUSSISMILIA_HISPIDA,0.0,-0.3331308228781938,-0.9938220199188424,7.3,-17.98,-38.67,PAB2_PA_88
PAB,PAB2,PA,2007,MUSSISMILIA_HISPIDA,0.0,-0.3331308228781938,-0.9938220199188424,7.3,-17.98,-38.67,PAB2_PA_89
PAB,PAB2,PA,2007,TURF,86.48648648648648,-0.3331308228781938,-0.9938220199188424,7.3,-17.98,-38.67,PAB2_PA_90
PAB,PAB2,PA,2007,TURF,66.77852348993288,-0.3331308228781938,-0.9938220199188424,7.3,-17.98,-38.67,PAB2_PA_91
PAB,PAB2,PA,2007,TURF,76.71232876712328,-0.3331308228781938,-0.9938220199188424,7.3,-17.98,-38.67,PAB2_PA_92
PAB,PAB2,PA,2007,TURF,72.72727272727273,-0.3331308228781938,-0.9938220199188424,7.3,-17.98,-38.67,PAB2_PA_93
PAB,PAB2,PA,2007,TURF,90.57239057239057,-0.3331308228781938,-0.9938220199188424,7.3,-17.98,-38.67,PAB2_PA_94
PAB,PAB2,PA,2007,TURF,69.56521739130434,-0.3331308228781938,-0.9938220199188424,7.3,-17.98,-38.67,PAB2_PA_95
PAB,PAB2,PA,2007,TURF,62.31343283582089,-0.3331308228781938,-0.9938220199188424,7.3,-17.98,-38.67,PAB2_PA_96
PAB,PAB2,PA,2007,TURF,42.517006802721085,-0.3331308228781938,-0.9938220199188424,7.3,-17.98,-38.67,PAB2_PA_97
PAB,PAB2,PA,2007,TURF,58.58585858585859,-0.3331308228781938,-0.9938220199188424,7.3,-17.98,-38.67,PAB2_PA_98
PAB,PAB2,PA,2007,TURF,50.505050505050505,-0.3331308228781938,-0.9938220199188424,7.3,-17.98,-38.67,PAB2_PA_99
PAB,PAB2,PA,2008,CCA,36.58536585365854,-0.3331308228781938,-0.9938220199188424,7.3,-17.98,-38.67,PAB2_PA_100
PAB,PAB2,PA,2008,CCA,17.708333333333336,-0.3331308228781938,-0.9938220199188424,7.3,-17.98,-38.67,PAB2_PA_101
PAB,PAB2,PA,2008,CCA,1.7482517482517483,-0.3331308228781938,-0.9938220199188424,7.3,-17.98,-38.67,PAB2_PA_102
PAB,PAB2,PA,2008,CCA,9.897610921501707,-0.3331308228781938,-0.9938220199188424,7.3,-17.98,-38.67,PAB2_PA_103
PAB,PAB2,PA,2008,CCA,3.436426116838488,-0.3331308228781938,-0.9938220199188424,7.3,-17.98,-38.67,PAB2_PA_104
PAB,PAB2,PA,2008,CCA,6.36042402826855,-0.3331308228781938,-0.9938220199188424,7.3,-17.98,-38.67,PAB2_PA_105
PAB,PAB2,PA,2008,CCA,30.19607843137255,-0.3331308228781938,-0.9938220199188424,7.3,-17.98,-38.67,PAB2_PA_106
PAB,PAB2,PA,2008,CCA,4.421768707482993,-0.3331308228781938,-0.9938220199188424,7.3,-17.98,-38.67,PAB2_PA_107
PAB,PAB2,PA,2008,CCA,30.405405405405407,-0.3331308228781938,-0.9938220199188424,7.3,-17.98,-38.67,PAB2_PA_108
PAB,PAB2,PA,2008,CCA,6.785714285714286,-0.3331308228781938,-0.9938220199188424,7.3,-17.98,-38.67,PAB2_PA_109
PAB,PAB2,PA,2008,CYANO,0.0,-0.3331308228781938,-0.9938220199188424,7.3,-17.98,-38.67,PAB2_PA_110
PAB,PAB2,PA,2008,CYANO,6.25,-0.3331308228781938,-0.9938220199188424,7.3,-17.98,-38.67,PAB2_PA_111
PAB,PAB2,PA,2008,CYANO,0.0,-0.3331308228781938,-0.9938220199188424,7.3,-17.98,-38.67,PAB2_PA_112
PAB,PAB2,PA,2008,CYANO,0.0,-0.3331308228781938,-0.9938220199188424,7.3,-17.98,-38.67,PAB2_PA_113
PAB,PAB2,PA,2008,CYANO,0.0,-0.3331308228781938,-0.9938220199188424,7.3,-17.98,-38.67,PAB2_PA_114
PAB,PAB2,PA,2008,CYANO,0.0,-0.3331308228781938,-0.9938220199188424,7.3,-17.98,-38.67,PAB2_PA_115
PAB,PAB2,PA,2008,CYANO,0.0,-0.3331308228781938,-0.9938220199188424,7.3,-17.98,-38.67,PAB2_PA_116
PAB,PAB2,PA,2008,CYANO,0.0,-0.3331308228781938,-0.9938220199188424,7.3,-17.98,-38.67,PAB2_PA_117
PAB,PAB2,PA,2008,CYANO,0.0,-0.3331308228781938,-0.9938220199188424,7.3,-17.98,-38.67,PAB2_PA_118
PAB,PAB2,PA,2008,CYANO,0.7142857142857143,-0.3331308228781938,-0.9938220199188424,7.3,-17.98,-38.67,PAB2_PA_119
PAB,PAB2,PA,2008,MACROALGAE,4.181184668989547,-0.3331308228781938,-0.9938220199188424,7.3,-17.98,-38.67,PAB2_PA_120
PAB,PAB2,PA,2008,MACROALGAE,1.3888888888888888,-0.3331308228781938,-0.9938220199188424,7.3,-17.98,-38.67,PAB2_PA_121
PAB,PAB2,PA,2008,MACROALGAE,0.6993006993006993,-0.3331308228781938,-0.9938220199188424,7.3,-17.98,-38.67,PAB2_PA_122
PAB,PAB2,PA,2008,MACROALGAE,0.0,-0.3331308228781938,-0.9938220199188424,7.3,-17.98,-38.67,PAB2_PA_123
PAB,PAB2,PA,2008,MACROALGAE,0.3436426116838488,-0.3331308228781938,-0.9938220199188424,7.3,-17.98,-38.67,PAB2_PA_124
PAB,PAB2,PA,2008,MACROALGAE,0.0,-0.3331308228781938,-0.9938220199188424,7.3,-17.98,-38.67,PAB2_PA_125
PAB,PAB2,PA,2008,MACROALGAE,0.0,-0.3331308228781938,-0.9938220199188424,7.3,-17.98,-38.67,PAB2_PA_126
PAB,PAB2,PA,2008,MACROALGAE,0.6802721088435374,-0.3331308228781938,-0.9938220199188424,7.3,-17.98,-38.67,PAB2_PA_127
PAB,PAB2,PA,2008,MACROALGAE,0.0,-0.3331308228781938,-0.9938220199188424,7.3,-17.98,-38.67,PAB2_PA_128
PAB,PAB2,PA,2008,MACROALGAE,0.7142857142857143,-0.3331308228781938,-0.9938220199188424,7.3,-17.98,-38.67,PAB2_PA_129
PAB,PAB2,PA,2008,MUSSISMILIA_HISPIDA,0.0,-0.3331308228781938,-0.9938220199188424,7.3,-17.98,-38.67,PAB2_PA_130
PAB,PAB2,PA,2008,MUSSISMILIA_HISPIDA,0.0,-0.3331308228781938,-0.9938220199188424,7.3,-17.98,-38.67,PAB2_PA_131
PAB,PAB2,PA,2008,MUSSISMILIA_HISPIDA,0.0,-0.3331308228781938,-0.9938220199188424,7.3,-17.98,-38.67,PAB2_PA_132
PAB,PAB2,PA,2008,MUSSISMILIA_HISPIDA,0.0,-0.3331308228781938,-0.9938220199188424,7.3,-17.98,-38.67,PAB2_PA_133
PAB,PAB2,PA,2008,MUSSISMILIA_HISPIDA,0.0,-0.3331308228781938,-0.9938220199188424,7.3,-17.98,-38.67,PAB2_PA_134
PAB,PAB2,PA,2008,MUSSISMILIA_HISPIDA,0.35335689045936397,-0.3331308228781938,-0.9938220199188424,7.3,-17.98,-38.67,PAB2_PA_135
PAB,PAB2,PA,2008,MUSSISMILIA_HISPIDA,0.0,-0.3331308228781938,-0.9938220199188424,7.3,-17.98,-38.67,PAB2_PA_136
PAB,PAB2,PA,2008,MUSSISMILIA_HISPIDA,1.3605442176870748,-0.3331308228781938,-0.9938220199188424,7.3,-17.98,-38.67,PAB2_PA_137
PAB,PAB2,PA,2008,MUSSISMILIA_HISPIDA,0.0,-0.3331308228781938,-0.9938220199188424,7.3,-17.98,-38.67,PAB2_PA_138
PAB,PAB2,PA,2008,MUSSISMILIA_HISPIDA,0.0,-0.3331308228781938,-0.9938220199188424,7.3,-17.98,-38.67,PAB2_PA_139
PAB,PAB2,PA,2008,TURF,52.264808362369344,-0.3331308228781938,-0.9938220199188424,7.3,-17.98,-38.67,PAB2_PA_140
PAB,PAB2,PA,2008,TURF,59.027777777777786,-0.3331308228781938,-0.9938220199188424,7.3,-17.98,-38.67,PAB2_PA_141
PAB,PAB2,PA,2008,TURF,95.1048951048951,-0.3331308228781938,-0.9938220199188424,7.3,-17.98,-38.67,PAB2_PA_142
PAB,PAB2,PA,2008,TURF,84.30034129692832,-0.3331308228781938,-0.9938220199188424,7.3,-17.98,-38.67,PAB2_PA_143
PAB,PAB2,PA,2008,TURF,86.94158075601375,-0.3331308228781938,-0.9938220199188424,7.3,-17.98,-38.67,PAB2_PA_144
PAB,PAB2,PA,2008,TURF,87.63250883392226,-0.3331308228781938,-0.9938220199188424,7.3,-17.98,-38.67,PAB2_PA_145
PAB,PAB2,PA,2008,TURF,63.52941176470588,-0.3331308228781938,-0.9938220199188424,7.3,-17.98,-38.67,PAB2_PA_146
PAB,PAB2,PA,2008,TURF,76.87074829931973,-0.3331308228781938,-0.9938220199188424,7.3,-17.98,-38.67,PAB2_PA_147
PAB,PAB2,PA,2008,TURF,41.55405405405405,-0.3331308228781938,-0.9938220199188424,7.3,-17.98,-38.67,PAB2_PA_148
PAB,PAB2,PA,2008,TURF,53.57142857142857,-0.3331308228781938,-0.9938220199188424,7.3,-17.98,-38.67,PAB2_PA_149
PAB,PAB2,TP,2006,CCA,23.50877192982456,-0.3331308228781938,-0.9938220199188424,7.3,-17.98,-38.67,PAB2_TP_0
PAB,PAB2,TP,2006,CCA,3.3557046979865772,-0.3331308228781938,-0.9938220199188424,7.3,-17.98,-38.67,PAB2_TP_1
PAB,PAB2,TP,2006,CCA,20.89041095890411,-0.3331308228781938,-0.9938220199188424,7.3,-17.98,-38.67,PAB2_TP_2
PAB,PAB2,TP,2006,CCA,23.239436619718308,-0.3331308228781938,-0.9938220199188424,7.3,-17.98,-38.67,PAB2_TP_3
PAB,PAB2,TP,2006,CCA,29.044117647058826,-0.3331308228781938,-0.9938220199188424,7.3,-17.98,-38.67,PAB2_TP_4
PAB,PAB2,TP,2006,CCA,31.818181818181817,-0.3331308228781938,-0.9938220199188424,7.3,-17.98,-38.67,PAB2_TP_5
PAB,PAB2,TP,2006,CCA,17.50841750841751,-0.3331308228781938,-0.9938220199188424,7.3,-17.98,-38.67,PAB2_TP_6
PAB,PAB2,TP,2006,CCA,44.78114478114478,-0.3331308228781938,-0.9938220199188424,7.3,-17.98,-38.67,PAB2_TP_7
PAB,PAB2,TP,2006,CCA,15.972222222222221,-0.3331308228781938,-0.9938220199188424,7.3,-17.98,-38.67,PAB2_TP_8
PAB,PAB2,TP,2006,CCA,36.042402826855124,-0.3331308228781938,-0.9938220199188424,7.3,-17.98,-38.67,PAB2_TP_9
PAB,PAB2,TP,2006,CYANO,0.3508771929824561,-0.3331308228781938,-0.9938220199188424,7.3,-17.98,-38.67,PAB2_TP_10
PAB,PAB2,TP,2006,CYANO,0.0,-0.3331308228781938,-0.9938220199188424,7.3,-17.98,-38.67,PAB2_TP_11
PAB,PAB2,TP,2006,CYANO,0.3424657534246575,-0.3331308228781938,-0.9938220199188424,7.3,-17.98,-38.67,PAB2_TP_12
PAB,PAB2,TP,2006,CYANO,0.35211267605633806,-0.3331308228781938,-0.9938220199188424,7.3,-17.98,-38.67,PAB2_TP_13
PAB,PAB2,TP,2006,CYANO,7.352941176470589,-0.3331308228781938,-0.9938220199188424,7.3,-17.98,-38.67,PAB2_TP_14
PAB,PAB2,TP,2006,CYANO,0.0,-0.3331308228781938,-0.9938220199188424,7.3,-17.98,-38.67,PAB2_TP_15
PAB,PAB2,TP,2006,CYANO,0.33670033670033667,-0.3331308228781938,-0.9938220199188424,7.3,-17.98,-38.67,PAB2_TP_16
PAB,PAB2,TP,2006,CYANO,0.0,-0.3331308228781938,-0.9938220199188424,7.3,-17.98,-38.67,PAB2_TP_17
PAB,PAB2,TP,2006,CYANO,0.0,-0.3331308228781938,-0.9938220199188424,7.3,-17.98,-38.67,PAB2_TP_18
PAB,PAB2,TP,2006,CYANO,0.35335689045936397,-0.3331308228781938,-0.9938220199188424,7.3,-17.98,-38.67,PAB2_TP_19
PAB,PAB2,TP,2006,MACROALGAE,0.7017543859649122,-0.3331308228781938,-0.9938220199188424,7.3,-17.98,-38.67,PAB2_TP_20
PAB,PAB2,TP,2006,MACROALGAE,0.0,-0.3331308228781938,-0.9938220199188424,7.3,-17.98,-38.67,PAB2_TP_21
PAB,PAB2,TP,2006,MACROALGAE,0.0,-0.3331308228781938,-0.9938220199188424,7.3,-17.98,-38.67,PAB2_TP_22
PAB,PAB2,TP,2006,MACROALGAE,0.0,-0.3331308228781938,-0.9938220199188424,7.3,-17.98,-38.67,PAB2_TP_23
PAB,PAB2,TP,2006,MACROALGAE,0.0,-0.3331308228781938,-0.9938220199188424,7.3,-17.98,-38.67,PAB2_TP_24
PAB,PAB2,TP,2006,MACROALGAE,0.0,-0.3331308228781938,-0.9938220199188424,7.3,-17.98,-38.67,PAB2_TP_25
PAB,PAB2,TP,2006,MACROALGAE,0.33670033670033667,-0.3331308228781938,-0.9938220199188424,7.3,-17.98,-38.67,PAB2_TP_26
PAB,PAB2,TP,2006,MACROALGAE,0.0,-0.3331308228781938,-0.9938220199188424,7.3,-17.98,-38.67,PAB2_TP_27
PAB,PAB2,TP,2006,MACROALGAE,0.0,-0.3331308228781938,-0.9938220199188424,7.3,-17.98,-38.67,PAB2_TP_28
PAB,PAB2,TP,2006,MACROALGAE,0.0,-0.3331308228781938,-0.9938220199188424,7.3,-17.98,-38.67,PAB2_TP_29
PAB,PAB2,TP,2006,MUSSISMILIA_HISPIDA,0.7017543859649122,-0.3331308228781938,-0.9938220199188424,7.3,-17.98,-38.67,PAB2_TP_30
PAB,PAB2,TP,2006,MUSSISMILIA_HISPIDA,1.006711409395973,-0.3331308228781938,-0.9938220199188424,7.3,-17.98,-38.67,PAB2_TP_31
PAB,PAB2,TP,2006,MUSSISMILIA_HISPIDA,3.767123287671233,-0.3331308228781938,-0.9938220199188424,7.3,-17.98,-38.67,PAB2_TP_32
PAB,PAB2,TP,2006,MUSSISMILIA_HISPIDA,0.35211267605633806,-0.3331308228781938,-0.9938220199188424,7.3,-17.98,-38.67,PAB2_TP_33
PAB,PAB2,TP,2006,MUSSISMILIA_HISPIDA,0.0,-0.3331308228781938,-0.9938220199188424,7.3,-17.98,-38.67,PAB2_TP_34
PAB,PAB2,TP,2006,MUSSISMILIA_HISPIDA,1.3986013986013985,-0.3331308228781938,-0.9938220199188424,7.3,-17.98,-38.67,PAB2_TP_35
PAB,PAB2,TP,2006,MUSSISMILIA_HISPIDA,1.0101010101010102,-0.3331308228781938,-0.9938220199188424,7.3,-17.98,-38.67,PAB2_TP_36
PAB,PAB2,TP,2006,MUSSISMILIA_HISPIDA,0.0,-0.3331308228781938,-0.9938220199188424,7.3,-17.98,-38.67,PAB2_TP_37
PAB,PAB2,TP,2006,MUSSISMILIA_HISPIDA,1.0416666666666665,-0.3331308228781938,-0.9938220199188424,7.3,-17.98,-38.67,PAB2_TP_38
PAB,PAB2,TP,2006,MUSSISMILIA_HISPIDA,1.76678445229682,-0.3331308228781938,-0.9938220199188424,7.3,-17.98,-38.67,PAB2_TP_39
PAB,PAB2,TP,2006,TURF,35.78947368421053,-0.3331308228781938,-0.9938220199188424,7.3,-17.98,-38.67,PAB2_TP_40
PAB,PAB2,TP,2006,TURF,24.161073825503358,-0.3331308228781938,-0.9938220199188424,7.3,-17.98,-38.67,PAB2_TP_41
PAB,PAB2,TP,2006,TURF,52.397260273972606,-0.3331308228781938,-0.9938220199188424,7.3,-17.98,-38.67,PAB2_TP_42
PAB,PAB2,TP,2006,TURF,56.690140845070424,-0.3331308228781938,-0.9938220199188424,7.3,-17.98,-38.67,PAB2_TP_43
PAB,PAB2,TP,2006,TURF,26.838235294117652,-0.3331308228781938,-0.9938220199188424,7.3,-17.98,-38.67,PAB2_TP_44
PAB,PAB2,TP,2006,TURF,40.909090909090914,-0.3331308228781938,-0.9938220199188424,7.3,-17.98,-38.67,PAB2_TP_45
PAB,PAB2,TP,2006,TURF,58.58585858585858,-0.3331308228781938,-0.9938220199188424,7.3,-17.98,-38.67,PAB2_TP_46
PAB,PAB2,TP,2006,TURF,27.946127946127948,-0.3331308228781938,-0.9938220199188424,7.3,-17.98,-38.67,PAB2_TP_47
PAB,PAB2,TP,2006,TURF,54.166666666666664,-0.3331308228781938,-0.9938220199188424,7.3,-17.98,-38.67,PAB2_TP_48
PAB,PAB2,TP,2006,TURF,19.081272084805654,-0.3331308228781938,-0.9938220199188424,7.3,-17.98,-38.67,PAB2_TP_49
PAB,PAB2,TP,2007,CCA,6.0606060606060606,-0.3331308228781938,-0.9938220199188424,7.3,-17.98,-38.67,PAB2_TP_50
PAB,PAB2,TP,2007,CCA,5.47945205479452,-0.3331308228781938,-0.9938220199188424,7.3,-17.98,-38.67,PAB2_TP_51
PAB,PAB2,TP,2007,CCA,1.3377926421404682,-0.3331308228781938,-0.9938220199188424,7.3,-17.98,-38.67,PAB2_TP_52
PAB,PAB2,TP,2007,CCA,5.05050505050505,-0.3331308228781938,-0.9938220199188424,7.3,-17.98,-38.67,PAB2_TP_53
PAB,PAB2,TP,2007,CCA,6.462585034013606,-0.3331308228781938,-0.9938220199188424,7.3,-17.98,-38.67,PAB2_TP_54
PAB,PAB2,TP,2007,CCA,2.3972602739726026,-0.3331308228781938,-0.9938220199188424,7.3,-17.98,-38.67,PAB2_TP_55
PAB,PAB2,TP,2007,CCA,16.835016835016837,-0.3331308228781938,-0.9938220199188424,7.3,-17.98,-38.67,PAB2_TP_56
PAB,PAB2,TP,2007,CCA,10.921501706484642,-0.3331308228781938,-0.9938220199188424,7.3,-17.98,-38.67,PAB2_TP_57
PAB,PAB2,TP,2007,CCA,9.764309764309765,-0.3331308228781938,-0.9938220199188424,7.3,-17.98,-38.67,PAB2_TP_58
PAB,PAB2,TP,2007,CCA,2.0066889632107023,-0.3331308228781938,-0.9938220199188424,7.3,-17.98,-38.67,PAB2_TP_59
PAB,PAB2,TP,2007,CYANO,0.0,-0.3331308228781938,-0.9938220199188424,7.3,-17.98,-38.67,PAB2_TP_60
PAB,PAB2,TP,2007,CYANO,0.0,-0.3331308228781938,-0.9938220199188424,7.3,-17.98,-38.67,PAB2_TP_61
PAB,PAB2,TP,2007,CYANO,0.0,-0.3331308228781938,-0.9938220199188424,7.3,-17.98,-38.67,PAB2_TP_62
PAB,PAB2,TP,2007,CYANO,0.0,-0.3331308228781938,-0.9938220199188424,7.3,-17.98,-38.67,PAB2_TP_63
PAB,PAB2,TP,2007,CYANO,0.0,-0.3331308228781938,-0.9938220199188424,7.3,-17.98,-38.67,PAB2_TP_64
PAB,PAB2,TP,2007,CYANO,0.0,-0.3331308228781938,-0.9938220199188424,7.3,-17.98,-38.67,PAB2_TP_65
PAB,PAB2,TP,2007,CYANO,0.33670033670033667,-0.3331308228781938,-0.9938220199188424,7.3,-17.98,-38.67,PAB2_TP_66
PAB,PAB2,TP,2007,CYANO,0.0,-0.3331308228781938,-0.9938220199188424,7.3,-17.98,-38.67,PAB2_TP_67
PAB,PAB2,TP,2007,CYANO,1.3468013468013467,-0.3331308228781938,-0.9938220199188424,7.3,-17.98,-38.67,PAB2_TP_68
PAB,PAB2,TP,2007,CYANO,0.0,-0.3331308228781938,-0.9938220199188424,7.3,-17.98,-38.67,PAB2_TP_69
PAB,PAB2,TP,2007,MACROALGAE,0.0,-0.3331308228781938,-0.9938220199188424,7.3,-17.98,-38.67,PAB2_TP_70
PAB,PAB2,TP,2007,MACROALGAE,0.0,-0.3331308228781938,-0.9938220199188424,7.3,-17.98,-38.67,PAB2_TP_71
PAB,PAB2,TP,2007,MACROALGAE,0.0,-0.3331308228781938,-0.9938220199188424,7.3,-17.98,-38.67,PAB2_TP_72
PAB,PAB2,TP,2007,MACROALGAE,0.0,-0.3331308228781938,-0.9938220199188424,7.3,-17.98,-38.67,PAB2_TP_73
PAB,PAB2,TP,2007,MACROALGAE,0.0,-0.3331308228781938,-0.9938220199188424,7.3,-17.98,-38.67,PAB2_TP_74
PAB,PAB2,TP,2007,MACROALGAE,0.0,-0.3331308228781938,-0.9938220199188424,7.3,-17.98,-38.67,PAB2_TP_75
PAB,PAB2,TP,2007,MACROALGAE,0.0,-0.3331308228781938,-0.9938220199188424,7.3,-17.98,-38.67,PAB2_TP_76
PAB,PAB2,TP,2007,MACROALGAE,0.0,-0.3331308228781938,-0.9938220199188424,7.3,-17.98,-38.67,PAB2_TP_77
PAB,PAB2,TP,2007,MACROALGAE,0.0,-0.3331308228781938,-0.9938220199188424,7.3,-17.98,-38.67,PAB2_TP_78
PAB,PAB2,TP,2007,MACROALGAE,0.0,-0.3331308228781938,-0.9938220199188424,7.3,-17.98,-38.67,PAB2_TP_79
PAB,PAB2,TP,2007,MUSSISMILIA_HISPIDA,1.0101010101010102,-0.3331308228781938,-0.9938220199188424,7.3,-17.98,-38.67,PAB2_TP_80
PAB,PAB2,TP,2007,MUSSISMILIA_HISPIDA,1.36986301369863,-0.3331308228781938,-0.9938220199188424,7.3,-17.98,-38.67,PAB2_TP_81
PAB,PAB2,TP,2007,MUSSISMILIA_HISPIDA,3.0100334448160537,-0.3331308228781938,-0.9938220199188424,7.3,-17.98,-38.67,PAB2_TP_82
PAB,PAB2,TP,2007,MUSSISMILIA_HISPIDA,1.6835016835016834,-0.3331308228781938,-0.9938220199188424,7.3,-17.98,-38.67,PAB2_TP_83
PAB,PAB2,TP,2007,MUSSISMILIA_HISPIDA,0.0,-0.3331308228781938,-0.9938220199188424,7.3,-17.98,-38.67,PAB2_TP_84
PAB,PAB2,TP,2007,MUSSISMILIA_HISPIDA,1.7123287671232876,-0.3331308228781938,-0.9938220199188424,7.3,-17.98,-38.67,PAB2_TP_85
PAB,PAB2,TP,2007,MUSSISMILIA_HISPIDA,0.0,-0.3331308228781938,-0.9938220199188424,7.3,-17.98,-38.67,PAB2_TP_86
PAB,PAB2,TP,2007,MUSSISMILIA_HISPIDA,0.0,-0.3331308228781938,-0.9938220199188424,7.3,-17.98,-38.67,PAB2_TP_87
PAB,PAB2,TP,2007,MUSSISMILIA_HISPIDA,1.3468013468013467,-0.3331308228781938,-0.9938220199188424,7.3,-17.98,-38.67,PAB2_TP_88
PAB,PAB2,TP,2007,MUSSISMILIA_HISPIDA,0.0,-0.3331308228781938,-0.9938220199188424,7.3,-17.98,-38.67,PAB2_TP_89
PAB,PAB2,TP,2007,TURF,77.10437710437711,-0.3331308228781938,-0.9938220199188424,7.3,-17.98,-38.67,PAB2_TP_90
PAB,PAB2,TP,2007,TURF,73.97260273972603,-0.3331308228781938,-0.9938220199188424,7.3,-17.98,-38.67,PAB2_TP_91
PAB,PAB2,TP,2007,TURF,19.063545150501675,-0.3331308228781938,-0.9938220199188424,7.3,-17.98,-38.67,PAB2_TP_92
PAB,PAB2,TP,2007,TURF,76.43097643097643,-0.3331308228781938,-0.9938220199188424,7.3,-17.98,-38.67,PAB2_TP_93
PAB,PAB2,TP,2007,TURF,72.78911564625851,-0.3331308228781938,-0.9938220199188424,7.3,-17.98,-38.67,PAB2_TP_94
PAB,PAB2,TP,2007,TURF,76.36986301369863,-0.3331308228781938,-0.9938220199188424,7.3,-17.98,-38.67,PAB2_TP_95
PAB,PAB2,TP,2007,TURF,56.22895622895622,-0.3331308228781938,-0.9938220199188424,7.3,-17.98,-38.67,PAB2_TP_96
PAB,PAB2,TP,2007,TURF,64.50511945392492,-0.3331308228781938,-0.9938220199188424,7.3,-17.98,-38.67,PAB2_TP_97
PAB,PAB2,TP,2007,TURF,66.32996632996634,-0.3331308228781938,-0.9938220199188424,7.3,-17.98,-38.67,PAB2_TP_98
PAB,PAB2,TP,2007,TURF,72.5752508361204,-0.3331308228781938,-0.9938220199188424,7.3,-17.98,-38.67,PAB2_TP_99
PAB,PAB2,TP,2008,CCA,11.846689895470384,-0.3331308228781938,-0.9938220199188424,7.3,-17.98,-38.67,PAB2_TP_100
PAB,PAB2,TP,2008,CCA,2.3728813559322033,-0.3331308228781938,-0.9938220199188424,7.3,-17.98,-38.67,PAB2_TP_101
PAB,PAB2,TP,2008,CCA,3.793103448275862,-0.3331308228781938,-0.9938220199188424,7.3,-17.98,-38.67,PAB2_TP_102
PAB,PAB2,TP,2008,CCA,17.293233082706767,-0.3331308228781938,-0.9938220199188424,7.3,-17.98,-38.67,PAB2_TP_103
PAB,PAB2,TP,2008,CCA,12.802768166089965,-0.3331308228781938,-0.9938220199188424,7.3,-17.98,-38.67,PAB2_TP_104
PAB,PAB2,TP,2008,CCA,5.2264808362369335,-0.3331308228781938,-0.9938220199188424,7.3,-17.98,-38.67,PAB2_TP_105
PAB,PAB2,TP,2008,CCA,4.878048780487805,-0.3331308228781938,-0.9938220199188424,7.3,-17.98,-38.67,PAB2_TP_106
PAB,PAB2,TP,2008,CCA,5.88235294117647,-0.3331308228781938,-0.9938220199188424,7.3,-17.98,-38.67,PAB2_TP_107
PAB,PAB2,TP,2008,CCA,6.428571428571428,-0.3331308228781938,-0.9938220199188424,7.3,-17.98,-38.67,PAB2_TP_108
PAB,PAB2,TP,2008,CCA,18.345323741007196,-0.3331308228781938,-0.9938220199188424,7.3,-17.98,-38.67,PAB2_TP_109
PAB,PAB2,TP,2008,CYANO,9.75609756097561,-0.3331308228781938,-0.9938220199188424,7.3,-17.98,-38.67,PAB2_TP_110
PAB,PAB2,TP,2008,CYANO,1.694915254237288,-0.3331308228781938,-0.9938220199188424,7.3,-17.98,-38.67,PAB2_TP_111
PAB,PAB2,TP,2008,CYANO,0.0,-0.3331308228781938,-0.9938220199188424,7.3,-17.98,-38.67,PAB2_TP_112
PAB,PAB2,TP,2008,CYANO,0.0,-0.3331308228781938,-0.9938220199188424,7.3,-17.98,-38.67,PAB2_TP_113
PAB,PAB2,TP,2008,CYANO,0.0,-0.3331308228781938,-0.9938220199188424,7.3,-17.98,-38.67,PAB2_TP_114
PAB,PAB2,TP,2008,CYANO,0.6968641114982579,-0.3331308228781938,-0.9938220199188424,7.3,-17.98,-38.67,PAB2_TP_115
PAB,PAB2,TP,2008,CYANO,0.0,-0.3331308228781938,-0.9938220199188424,7.3,-17.98,-38.67,PAB2_TP_116
PAB,PAB2,TP,2008,CYANO,0.0,-0.3331308228781938,-0.9938220199188424,7.3,-17.98,-38.67,PAB2_TP_117
PAB,PAB2,TP,2008,CYANO,0.0,-0.3331308228781938,-0.9938220199188424,7.3,-17.98,-38.67,PAB2_TP_118
PAB,PAB2,TP,2008,CYANO,0.0,-0.3331308228781938,-0.9938220199188424,7.3,-17.98,-38.67,PAB2_TP_119
PAB,PAB2,TP,2008,MACROALGAE,8.362369337979095,-0.3331308228781938,-0.9938220199188424,7.3,-17.98,-38.67,PAB2_TP_120
PAB,PAB2,TP,2008,MACROALGAE,0.0,-0.3331308228781938,-0.9938220199188424,7.3,-17.98,-38.67,PAB2_TP_121
PAB,PAB2,TP,2008,MACROALGAE,0.0,-0.3331308228781938,-0.9938220199188424,7.3,-17.98,-38.67,PAB2_TP_122
PAB,PAB2,TP,2008,MACROALGAE,0.0,-0.3331308228781938,-0.9938220199188424,7.3,-17.98,-38.67,PAB2_TP_123
PAB,PAB2,TP,2008,MACROALGAE,0.0,-0.3331308228781938,-0.9938220199188424,7.3,-17.98,-38.67,PAB2_TP_124
PAB,PAB2,TP,2008,MACROALGAE,0.0,-0.3331308228781938,-0.9938220199188424,7.3,-17.98,-38.67,PAB2_TP_125
PAB,PAB2,TP,2008,MACROALGAE,0.34843205574912894,-0.3331308228781938,-0.9938220199188424,7.3,-17.98,-38.67,PAB2_TP_126
PAB,PAB2,TP,2008,MACROALGAE,0.0,-0.3331308228781938,-0.9938220199188424,7.3,-17.98,-38.67,PAB2_TP_127
PAB,PAB2,TP,2008,MACROALGAE,0.0,-0.3331308228781938,-0.9938220199188424,7.3,-17.98,-38.67,PAB2_TP_128
PAB,PAB2,TP,2008,MACROALGAE,0.0,-0.3331308228781938,-0.9938220199188424,7.3,-17.98,-38.67,PAB2_TP_129
PAB,PAB2,TP,2008,MUSSISMILIA_HISPIDA,0.0,-0.3331308228781938,-0.9938220199188424,7.3,-17.98,-38.67,PAB2_TP_130
PAB,PAB2,TP,2008,MUSSISMILIA_HISPIDA,1.0169491525423728,-0.3331308228781938,-0.9938220199188424,7.3,-17.98,-38.67,PAB2_TP_131
PAB,PAB2,TP,2008,MUSSISMILIA_HISPIDA,0.0,-0.3331308228781938,-0.9938220199188424,7.3,-17.98,-38.67,PAB2_TP_132
PAB,PAB2,TP,2008,MUSSISMILIA_HISPIDA,0.0,-0.3331308228781938,-0.9938220199188424,7.3,-17.98,-38.67,PAB2_TP_133
PAB,PAB2,TP,2008,MUSSISMILIA_HISPIDA,1.0380622837370241,-0.3331308228781938,-0.9938220199188424,7.3,-17.98,-38.67,PAB2_TP_134
PAB,PAB2,TP,2008,MUSSISMILIA_HISPIDA,0.0,-0.3331308228781938,-0.9938220199188424,7.3,-17.98,-38.67,PAB2_TP_135
PAB,PAB2,TP,2008,MUSSISMILIA_HISPIDA,0.0,-0.3331308228781938,-0.9938220199188424,7.3,-17.98,-38.67,PAB2_TP_136
PAB,PAB2,TP,2008,MUSSISMILIA_HISPIDA,1.384083044982699,-0.3331308228781938,-0.9938220199188424,7.3,-17.98,-38.67,PAB2_TP_137
PAB,PAB2,TP,2008,MUSSISMILIA_HISPIDA,0.35714285714285715,-0.3331308228781938,-0.9938220199188424,7.3,-17.98,-38.67,PAB2_TP_138
PAB,PAB2,TP,2008,MUSSISMILIA_HISPIDA,0.3597122302158274,-0.3331308228781938,-0.9938220199188424,7.3,-17.98,-38.67,PAB2_TP_139
PAB,PAB2,TP,2008,TURF,55.052264808362374,-0.3331308228781938,-0.9938220199188424,7.3,-17.98,-38.67,PAB2_TP_140
PAB,PAB2,TP,2008,TURF,83.72881355932203,-0.3331308228781938,-0.9938220199188424,7.3,-17.98,-38.67,PAB2_TP_141
PAB,PAB2,TP,2008,TURF,71.72413793103448,-0.3331308228781938,-0.9938220199188424,7.3,-17.98,-38.67,PAB2_TP_142
PAB,PAB2,TP,2008,TURF,62.03007518796993,-0.3331308228781938,-0.9938220199188424,7.3,-17.98,-38.67,PAB2_TP_143
PAB,PAB2,TP,2008,TURF,64.3598615916955,-0.3331308228781938,-0.9938220199188424,7.3,-17.98,-38.67,PAB2_TP_144
PAB,PAB2,TP,2008,TURF,78.04878048780488,-0.3331308228781938,-0.9938220199188424,7.3,-17.98,-38.67,PAB2_TP_145
PAB,PAB2,TP,2008,TURF,74.91289198606272,-0.3331308228781938,-0.9938220199188424,7.3,-17.98,-38.67,PAB2_TP_146
PAB,PAB2,TP,2008,TURF,73.70242214532871,-0.3331308228781938,-0.9938220199188424,7.3,-17.98,-38.67,PAB2_TP_147
PAB,PAB2,TP,2008,TURF,69.64285714285714,-0.3331308228781938,-0.9938220199188424,7.3,-17.98,-38.67,PAB2_TP_148
PAB,PAB2,TP,2008,TURF,56.11510791366906,-0.3331308228781938,-0.9938220199188424,7.3,-17.98,-38.67,PAB2_TP_149
PAB,PAB3,PA,2006,CCA,20.274914089347078,-0.3331308228781938,-0.9938220199188424,6.9,-18.0,-38.67,PAB3_PA_0
PAB,PAB3,PA,2006,CCA,11.418685121107266,-0.3331308228781938,-0.9938220199188424,6.9,-18.0,-38.67,PAB3_PA_1
PAB,PAB3,PA,2006,CCA,33.78378378378378,-0.3331308228781938,-0.9938220199188424,6.9,-18.0,-38.67,PAB3_PA_2
PAB,PAB3,PA,2006,CCA,14.94661921708185,-0.3331308228781938,-0.9938220199188424,6.9,-18.0,-38.67,PAB3_PA_3
PAB,PAB3,PA,2006,CCA,8.813559322033898,-0.3331308228781938,-0.9938220199188424,6.9,-18.0,-38.67,PAB3_PA_4
PAB,PAB3,PA,2006,CCA,5.517241379310345,-0.3331308228781938,-0.9938220199188424,6.9,-18.0,-38.67,PAB3_PA_5
PAB,PAB3,PA,2006,CCA,12.371134020618557,-0.3331308228781938,-0.9938220199188424,6.9,-18.0,-38.67,PAB3_PA_6
PAB,PAB3,PA,2006,CCA,17.4061433447099,-0.3331308228781938,-0.9938220199188424,6.9,-18.0,-38.67,PAB3_PA_7
PAB,PAB3,PA,2006,CCA,15.862068965517242,-0.3331308228781938,-0.9938220199188424,6.9,-18.0,-38.67,PAB3_PA_8
PAB,PAB3,PA,2006,CYANO,48.10996563573883,-0.3331308228781938,-0.9938220199188424,6.9,-18.0,-38.67,PAB3_PA_9
PAB,PAB3,PA,2006,CYANO,10.726643598615917,-0.3331308228781938,-0.9938220199188424,6.9,-18.0,-38.67,PAB3_PA_10
PAB,PAB3,PA,2006,CYANO,2.7027027027027026,-0.3331308228781938,-0.9938220199188424,6.9,-18.0,-38.67,PAB3_PA_11
PAB,PAB3,PA,2006,CYANO,8.540925266903916,-0.3331308228781938,-0.9938220199188424,6.9,-18.0,-38.67,PAB3_PA_12
PAB,PAB3,PA,2006,CYANO,3.050847457627119,-0.3331308228781938,-0.9938220199188424,6.9,-18.0,-38.67,PAB3_PA_13
PAB,PAB3,PA,2006,CYANO,45.17241379310345,-0.3331308228781938,-0.9938220199188424,6.9,-18.0,-38.67,PAB3_PA_14
PAB,PAB3,PA,2006,CYANO,3.0927835051546393,-0.3331308228781938,-0.9938220199188424,6.9,-18.0,-38.67,PAB3_PA_15
PAB,PAB3,PA,2006,CYANO,9.897610921501707,-0.3331308228781938,-0.9938220199188424,6.9,-18.0,-38.67,PAB3_PA_16
PAB,PAB3,PA,2006,CYANO,20.344827586206897,-0.3331308228781938,-0.9938220199188424,6.9,-18.0,-38.67,PAB3_PA_17
PAB,PAB3,PA,2006,MACROALGAE,0.0,-0.3331308228781938,-0.9938220199188424,6.9,-18.0,-38.67,PAB3_PA_18
PAB,PAB3,PA,2006,MACROALGAE,0.0,-0.3331308228781938,-0.9938220199188424,6.9,-18.0,-38.67,PAB3_PA_19
PAB,PAB3,PA,2006,MACROALGAE,0.0,-0.3331308228781938,-0.9938220199188424,6.9,-18.0,-38.67,PAB3_PA_20
PAB,PAB3,PA,2006,MACROALGAE,0.0,-0.3331308228781938,-0.9938220199188424,6.9,-18.0,-38.67,PAB3_PA_21
PAB,PAB3,PA,2006,MACROALGAE,0.0,-0.3331308228781938,-0.9938220199188424,6.9,-18.0,-38.67,PAB3_PA_22
PAB,PAB3,PA,2006,MACROALGAE,0.0,-0.3331308228781938,-0.9938220199188424,6.9,-18.0,-38.67,PAB3_PA_23
PAB,PAB3,PA,2006,MACROALGAE,0.0,-0.3331308228781938,-0.9938220199188424,6.9,-18.0,-38.67,PAB3_PA_24
PAB,PAB3,PA,2006,MACROALGAE,0.0,-0.3331308228781938,-0.9938220199188424,6.9,-18.0,-38.67,PAB3_PA_25
PAB,PAB3,PA,2006,MACROALGAE,0.0,-0.3331308228781938,-0.9938220199188424,6.9,-18.0,-38.67,PAB3_PA_26
PAB,PAB3,PA,2006,MUSSISMILIA_HISPIDA,0.0,-0.3331308228781938,-0.9938220199188424,6.9,-18.0,-38.67,PAB3_PA_27
PAB,PAB3,PA,2006,MUSSISMILIA_HISPIDA,0.0,-0.3331308228781938,-0.9938220199188424,6.9,-18.0,-38.67,PAB3_PA_28
PAB,PAB3,PA,2006,MUSSISMILIA_HISPIDA,0.0,-0.3331308228781938,-0.9938220199188424,6.9,-18.0,-38.67,PAB3_PA_29
PAB,PAB3,PA,2006,MUSSISMILIA_HISPIDA,0.0,-0.3331308228781938,-0.9938220199188424,6.9,-18.0,-38.67,PAB3_PA_30
PAB,PAB3,PA,2006,MUSSISMILIA_HISPIDA,0.0,-0.3331308228781938,-0.9938220199188424,6.9,-18.0,-38.67,PAB3_PA_31
PAB,PAB3,PA,2006,MUSSISMILIA_HISPIDA,0.0,-0.3331308228781938,-0.9938220199188424,6.9,-18.0,-38.67,PAB3_PA_32
PAB,PAB3,PA,2006,MUSSISMILIA_HISPIDA,0.0,-0.3331308228781938,-0.9938220199188424,6.9,-18.0,-38.67,PAB3_PA_33
PAB,PAB3,PA,2006,MUSSISMILIA_HISPIDA,0.0,-0.3331308228781938,-0.9938220199188424,6.9,-18.0,-38.67,PAB3_PA_34
PAB,PAB3,PA,2006,MUSSISMILIA_HISPIDA,0.0,-0.3331308228781938,-0.9938220199188424,6.9,-18.0,-38.67,PAB3_PA_35
PAB,PAB3,PA,2006,TURF,13.058419243986258,-0.3331308228781938,-0.9938220199188424,6.9,-18.0,-38.67,PAB3_PA_36
PAB,PAB3,PA,2006,TURF,63.32179930795848,-0.3331308228781938,-0.9938220199188424,6.9,-18.0,-38.67,PAB3_PA_37
PAB,PAB3,PA,2006,TURF,47.63513513513514,-0.3331308228781938,-0.9938220199188424,6.9,-18.0,-38.67,PAB3_PA_38
PAB,PAB3,PA,2006,TURF,33.80782918149467,-0.3331308228781938,-0.9938220199188424,6.9,-18.0,-38.67,PAB3_PA_39
PAB,PAB3,PA,2006,TURF,45.08474576271186,-0.3331308228781938,-0.9938220199188424,6.9,-18.0,-38.67,PAB3_PA_40
PAB,PAB3,PA,2006,TURF,24.482758620689644,-0.3331308228781938,-0.9938220199188424,6.9,-18.0,-38.67,PAB3_PA_41
PAB,PAB3,PA,2006,TURF,57.0446735395189,-0.3331308228781938,-0.9938220199188424,6.9,-18.0,-38.67,PAB3_PA_42
PAB,PAB3,PA,2006,TURF,36.51877133105802,-0.3331308228781938,-0.9938220199188424,6.9,-18.0,-38.67,PAB3_PA_43
PAB,PAB3,PA,2006,TURF,18.96551724137931,-0.3331308228781938,-0.9938220199188424,6.9,-18.0,-38.67,PAB3_PA_44
PAB,PAB3,PA,2007,CCA,16.722408026755854,-0.3331308228781938,-0.9938220199188424,6.9,-18.0,-38.67,PAB3_PA_45
PAB,PAB3,PA,2007,CCA,15.467625899280577,-0.3331308228781938,-0.9938220199188424,6.9,-18.0,-38.67,PAB3_PA_46
PAB,PAB3,PA,2007,CCA,38.0,-0.3331308228781938,-0.9938220199188424,6.9,-18.0,-38.67,PAB3_PA_47
PAB,PAB3,PA,2007,CCA,8.362369337979095,-0.3331308228781938,-0.9938220199188424,6.9,-18.0,-38.67,PAB3_PA_48
PAB,PAB3,PA,2007,CCA,14.130434782608695,-0.3331308228781938,-0.9938220199188424,6.9,-18.0,-38.67,PAB3_PA_49
PAB,PAB3,PA,2007,CCA,42.65232974910394,-0.3331308228781938,-0.9938220199188424,6.9,-18.0,-38.67,PAB3_PA_50
PAB,PAB3,PA,2007,CCA,47.63513513513514,-0.3331308228781938,-0.9938220199188424,6.9,-18.0,-38.67,PAB3_PA_51
PAB,PAB3,PA,2007,CCA,23.986486486486484,-0.3331308228781938,-0.9938220199188424,6.9,-18.0,-38.67,PAB3_PA_52
PAB,PAB3,PA,2007,CCA,13.84083044982699,-0.3331308228781938,-0.9938220199188424,6.9,-18.0,-38.67,PAB3_PA_53
PAB,PAB3,PA,2007,CYANO,8.361204013377927,-0.3331308228781938,-0.9938220199188424,6.9,-18.0,-38.67,PAB3_PA_54
PAB,PAB3,PA,2007,CYANO,0.0,-0.3331308228781938,-0.9938220199188424,6.9,-18.0,-38.67,PAB3_PA_55
PAB,PAB3,PA,2007,CYANO,0.33333333333333337,-0.3331308228781938,-0.9938220199188424,6.9,-18.0,-38.67,PAB3_PA_56
PAB,PAB3,PA,2007,CYANO,0.0,-0.3331308228781938,-0.9938220199188424,6.9,-18.0,-38.67,PAB3_PA_57
PAB,PAB3,PA,2007,CYANO,0.0,-0.3331308228781938,-0.9938220199188424,6.9,-18.0,-38.67,PAB3_PA_58
PAB,PAB3,PA,2007,CYANO,1.4336917562724014,-0.3331308228781938,-0.9938220199188424,6.9,-18.0,-38.67,PAB3_PA_59
PAB,PAB3,PA,2007,CYANO,0.0,-0.3331308228781938,-0.9938220199188424,6.9,-18.0,-38.67,PAB3_PA_60
PAB,PAB3,PA,2007,CYANO,0.0,-0.3331308228781938,-0.9938220199188424,6.9,-18.0,-38.67,PAB3_PA_61
PAB,PAB3,PA,2007,CYANO,0.0,-0.3331308228781938,-0.9938220199188424,6.9,-18.0,-38.67,PAB3_PA_62
PAB,PAB3,PA,2007,MACROALGAE,0.0,-0.3331308228781938,-0.9938220199188424,6.9,-18.0,-38.67,PAB3_PA_63
PAB,PAB3,PA,2007,MACROALGAE,0.7194244604316548,-0.3331308228781938,-0.9938220199188424,6.9,-18.0,-38.67,PAB3_PA_64
PAB,PAB3,PA,2007,MACROALGAE,0.0,-0.3331308228781938,-0.9938220199188424,6.9,-18.0,-38.67,PAB3_PA_65
PAB,PAB3,PA,2007,MACROALGAE,0.0,-0.3331308228781938,-0.9938220199188424,6.9,-18.0,-38.67,PAB3_PA_66
PAB,PAB3,PA,2007,MACROALGAE,0.0,-0.3331308228781938,-0.9938220199188424,6.9,-18.0,-38.67,PAB3_PA_67
PAB,PAB3,PA,2007,MACROALGAE,0.0,-0.3331308228781938,-0.9938220199188424,6.9,-18.0,-38.67,PAB3_PA_68
PAB,PAB3,PA,2007,MACROALGAE,0.0,-0.3331308228781938,-0.9938220199188424,6.9,-18.0,-38.67,PAB3_PA_69
PAB,PAB3,PA,2007,MACROALGAE,0.0,-0.3331308228781938,-0.9938220199188424,6.9,-18.0,-38.67,PAB3_PA_70
PAB,PAB3,PA,2007,MACROALGAE,0.0,-0.3331308228781938,-0.9938220199188424,6.9,-18.0,-38.67,PAB3_PA_71
PAB,PAB3,PA,2007,MUSSISMILIA_HISPIDA,0.0,-0.3331308228781938,-0.9938220199188424,6.9,-18.0,-38.67,PAB3_PA_72
PAB,PAB3,PA,2007,MUSSISMILIA_HISPIDA,0.0,-0.3331308228781938,-0.9938220199188424,6.9,-18.0,-38.67,PAB3_PA_73
PAB,PAB3,PA,2007,MUSSISMILIA_HISPIDA,0.0,-0.3331308228781938,-0.9938220199188424,6.9,-18.0,-38.67,PAB3_PA_74
PAB,PAB3,PA,2007,MUSSISMILIA_HISPIDA,0.0,-0.3331308228781938,-0.9938220199188424,6.9,-18.0,-38.67,PAB3_PA_75
PAB,PAB3,PA,2007,MUSSISMILIA_HISPIDA,0.0,-0.3331308228781938,-0.9938220199188424,6.9,-18.0,-38.67,PAB3_PA_76
PAB,PAB3,PA,2007,MUSSISMILIA_HISPIDA,0.0,-0.3331308228781938,-0.9938220199188424,6.9,-18.0,-38.67,PAB3_PA_77
PAB,PAB3,PA,2007,MUSSISMILIA_HISPIDA,0.0,-0.3331308228781938,-0.9938220199188424,6.9,-18.0,-38.67,PAB3_PA_78
PAB,PAB3,PA,2007,MUSSISMILIA_HISPIDA,0.0,-0.3331308228781938,-0.9938220199188424,6.9,-18.0,-38.67,PAB3_PA_79
PAB,PAB3,PA,2007,MUSSISMILIA_HISPIDA,0.0,-0.3331308228781938,-0.9938220199188424,6.9,-18.0,-38.67,PAB3_PA_80
PAB,PAB3,PA,2007,TURF,74.24749163879598,-0.3331308228781938,-0.9938220199188424,6.9,-18.0,-38.67,PAB3_PA_81
PAB,PAB3,PA,2007,TURF,78.05755395683454,-0.3331308228781938,-0.9938220199188424,6.9,-18.0,-38.67,PAB3_PA_82
PAB,PAB3,PA,2007,TURF,60.0,-0.3331308228781938,-0.9938220199188424,6.9,-18.0,-38.67,PAB3_PA_83
PAB,PAB3,PA,2007,TURF,86.06271777003485,-0.3331308228781938,-0.9938220199188424,6.9,-18.0,-38.67,PAB3_PA_84
PAB,PAB3,PA,2007,TURF,85.5072463768116,-0.3331308228781938,-0.9938220199188424,6.9,-18.0,-38.67,PAB3_PA_85
PAB,PAB3,PA,2007,TURF,55.19713261648746,-0.3331308228781938,-0.9938220199188424,6.9,-18.0,-38.67,PAB3_PA_86
PAB,PAB3,PA,2007,TURF,51.35135135135135,-0.3331308228781938,-0.9938220199188424,6.9,-18.0,-38.67,PAB3_PA_87
PAB,PAB3,PA,2007,TURF,73.3108108108108,-0.3331308228781938,-0.9938220199188424,6.9,-18.0,-38.67,PAB3_PA_88
PAB,PAB3,PA,2007,TURF,83.39100346020761,-0.3331308228781938,-0.9938220199188424,6.9,-18.0,-38.67,PAB3_PA_89
PAB,PAB3,PA,2008,CCA,20.56737588652482,-0.3331308228781938,-0.9938220199188424,6.9,-18.0,-38.67,PAB3_PA_90
PAB,PAB3,PA,2008,CCA,31.399317406143346,-0.3331308228781938,-0.9938220199188424,6.9,-18.0,-38.67,PAB3_PA_91
PAB,PAB3,PA,2008,CCA,36.43122676579926,-0.3331308228781938,-0.9938220199188424,6.9,-18.0,-38.67,PAB3_PA_92
PAB,PAB3,PA,2008,CCA,17.921146953405017,-0.3331308228781938,-0.9938220199188424,6.9,-18.0,-38.67,PAB3_PA_93
PAB,PAB3,PA,2008,CCA,13.186813186813188,-0.3331308228781938,-0.9938220199188424,6.9,-18.0,-38.67,PAB3_PA_94
PAB,PAB3,PA,2008,CCA,7.291666666666667,-0.3331308228781938,-0.9938220199188424,6.9,-18.0,-38.67,PAB3_PA_95
PAB,PAB3,PA,2008,CCA,23.333333333333332,-0.3331308228781938,-0.9938220199188424,6.9,-18.0,-38.67,PAB3_PA_96
PAB,PAB3,PA,2008,CCA,26.408450704225352,-0.3331308228781938,-0.9938220199188424,6.9,-18.0,-38.67,PAB3_PA_97
PAB,PAB3,PA,2008,CCA,4.713804713804714,-0.3331308228781938,-0.9938220199188424,6.9,-18.0,-38.67,PAB3_PA_98
PAB,PAB3,PA,2008,CYANO,14.893617021276595,-0.3331308228781938,-0.9938220199188424,6.9,-18.0,-38.67,PAB3_PA_99
PAB,PAB3,PA,2008,CYANO,22.525597269624573,-0.3331308228781938,-0.9938220199188424,6.9,-18.0,-38.67,PAB3_PA_100
PAB,PAB3,PA,2008,CYANO,11.895910780669144,-0.3331308228781938,-0.9938220199188424,6.9,-18.0,-38.67,PAB3_PA_101
PAB,PAB3,PA,2008,CYANO,7.168458781362006,-0.3331308228781938,-0.9938220199188424,6.9,-18.0,-38.67,PAB3_PA_102
PAB,PAB3,PA,2008,CYANO,53.11355311355312,-0.3331308228781938,-0.9938220199188424,6.9,-18.0,-38.67,PAB3_PA_103
PAB,PAB3,PA,2008,CYANO,3.125,-0.3331308228781938,-0.9938220199188424,6.9,-18.0,-38.67,PAB3_PA_104
PAB,PAB3,PA,2008,CYANO,15.925925925925927,-0.3331308228781938,-0.9938220199188424,6.9,-18.0,-38.67,PAB3_PA_105
PAB,PAB3,PA,2008,CYANO,27.11267605633803,-0.3331308228781938,-0.9938220199188424,6.9,-18.0,-38.67,PAB3_PA_106
PAB,PAB3,PA,2008,CYANO,1.3468013468013467,-0.3331308228781938,-0.9938220199188424,6.9,-18.0,-38.67,PAB3_PA_107
PAB,PAB3,PA,2008,MACROALGAE,0.0,-0.3331308228781938,-0.9938220199188424,6.9,-18.0,-38.67,PAB3_PA_108
PAB,PAB3,PA,2008,MACROALGAE,0.0,-0.3331308228781938,-0.9938220199188424,6.9,-18.0,-38.67,PAB3_PA_109
PAB,PAB3,PA,2008,MACROALGAE,0.7434944237918215,-0.3331308228781938,-0.9938220199188424,6.9,-18.0,-38.67,PAB3_PA_110
PAB,PAB3,PA,2008,MACROALGAE,0.7168458781362007,-0.3331308228781938,-0.9938220199188424,6.9,-18.0,-38.67,PAB3_PA_111
PAB,PAB3,PA,2008,MACROALGAE,3.296703296703297,-0.3331308228781938,-0.9938220199188424,6.9,-18.0,-38.67,PAB3_PA_112
PAB,PAB3,PA,2008,MACROALGAE,3.125,-0.3331308228781938,-0.9938220199188424,6.9,-18.0,-38.67,PAB3_PA_113
PAB,PAB3,PA,2008,MACROALGAE,0.7407407407407408,-0.3331308228781938,-0.9938220199188424,6.9,-18.0,-38.67,PAB3_PA_114
PAB,PAB3,PA,2008,MACROALGAE,0.0,-0.3331308228781938,-0.9938220199188424,6.9,-18.0,-38.67,PAB3_PA_115
PAB,PAB3,PA,2008,MACROALGAE,0.0,-0.3331308228781938,-0.9938220199188424,6.9,-18.0,-38.67,PAB3_PA_116
PAB,PAB3,PA,2008,MUSSISMILIA_HISPIDA,0.0,-0.3331308228781938,-0.9938220199188424,6.9,-18.0,-38.67,PAB3_PA_117
PAB,PAB3,PA,2008,MUSSISMILIA_HISPIDA,0.0,-0.3331308228781938,-0.9938220199188424,6.9,-18.0,-38.67,PAB3_PA_118
PAB,PAB3,PA,2008,MUSSISMILIA_HISPIDA,0.0,-0.3331308228781938,-0.9938220199188424,6.9,-18.0,-38.67,PAB3_PA_119
PAB,PAB3,PA,2008,MUSSISMILIA_HISPIDA,0.0,-0.3331308228781938,-0.9938220199188424,6.9,-18.0,-38.67,PAB3_PA_120
PAB,PAB3,PA,2008,MUSSISMILIA_HISPIDA,0.0,-0.3331308228781938,-0.9938220199188424,6.9,-18.0,-38.67,PAB3_PA_121
PAB,PAB3,PA,2008,MUSSISMILIA_HISPIDA,0.0,-0.3331308228781938,-0.9938220199188424,6.9,-18.0,-38.67,PAB3_PA_122
PAB,PAB3,PA,2008,MUSSISMILIA_HISPIDA,0.0,-0.3331308228781938,-0.9938220199188424,6.9,-18.0,-38.67,PAB3_PA_123
PAB,PAB3,PA,2008,MUSSISMILIA_HISPIDA,0.0,-0.3331308228781938,-0.9938220199188424,6.9,-18.0,-38.67,PAB3_PA_124
PAB,PAB3,PA,2008,MUSSISMILIA_HISPIDA,0.6734006734006733,-0.3331308228781938,-0.9938220199188424,6.9,-18.0,-38.67,PAB3_PA_125
PAB,PAB3,PA,2008,TURF,53.90070921985816,-0.3331308228781938,-0.9938220199188424,6.9,-18.0,-38.67,PAB3_PA_126
PAB,PAB3,PA,2008,TURF,39.590443686006836,-0.3331308228781938,-0.9938220199188424,6.9,-18.0,-38.67,PAB3_PA_127
PAB,PAB3,PA,2008,TURF,41.2639405204461,-0.3331308228781938,-0.9938220199188424,6.9,-18.0,-38.67,PAB3_PA_128
PAB,PAB3,PA,2008,TURF,59.49820788530465,-0.3331308228781938,-0.9938220199188424,6.9,-18.0,-38.67,PAB3_PA_129
PAB,PAB3,PA,2008,TURF,25.274725274725277,-0.3331308228781938,-0.9938220199188424,6.9,-18.0,-38.67,PAB3_PA_130
PAB,PAB3,PA,2008,TURF,55.208333333333336,-0.3331308228781938,-0.9938220199188424,6.9,-18.0,-38.67,PAB3_PA_131
PAB,PAB3,PA,2008,TURF,54.81481481481481,-0.3331308228781938,-0.9938220199188424,6.9,-18.0,-38.67,PAB3_PA_132
PAB,PAB3,PA,2008,TURF,40.8450704225352,-0.3331308228781938,-0.9938220199188424,6.9,-18.0,-38.67,PAB3_PA_133
PAB,PAB3,PA,2008,TURF,39.05723905723905,-0.3331308228781938,-0.9938220199188424,6.9,-18.0,-38.67,PAB3_PA_134
PAB,PAB3,TP,2006,CCA,31.70731707317073,-0.3331308228781938,-0.9938220199188424,6.9,-18.0,-38.67,PAB3_TP_0
PAB,PAB3,TP,2006,CCA,28.125,-0.3331308228781938,-0.9938220199188424,6.9,-18.0,-38.67,PAB3_TP_1
PAB,PAB3,TP,2006,CCA,4.10958904109589,-0.3331308228781938,-0.9938220199188424,6.9,-18.0,-38.67,PAB3_TP_2
PAB,PAB3,TP,2006,CCA,8.904109589041095,-0.3331308228781938,-0.9938220199188424,6.9,-18.0,-38.67,PAB3_TP_3
PAB,PAB3,TP,2006,CCA,16.083916083916083,-0.3331308228781938,-0.9938220199188424,6.9,-18.0,-38.67,PAB3_TP_4
PAB,PAB3,TP,2006,CCA,19.791666666666664,-0.3331308228781938,-0.9938220199188424,6.9,-18.0,-38.67,PAB3_TP_5
PAB,PAB3,TP,2006,CCA,3.0716723549488054,-0.3331308228781938,-0.9938220199188424,6.9,-18.0,-38.67,PAB3_TP_6
PAB,PAB3,TP,2006,CCA,14.726027397260275,-0.3331308228781938,-0.9938220199188424,6.9,-18.0,-38.67,PAB3_TP_7
PAB,PAB3,TP,2006,CCA,11.379310344827587,-0.3331308228781938,-0.9938220199188424,6.9,-18.0,-38.67,PAB3_TP_8
PAB,PAB3,TP,2006,CCA,10.76388888888889,-0.3331308228781938,-0.9938220199188424,6.9,-18.0,-38.67,PAB3_TP_9
PAB,PAB3,TP,2006,CYANO,5.923344947735192,-0.3331308228781938,-0.9938220199188424,6.9,-18.0,-38.67,PAB3_TP_10
PAB,PAB3,TP,2006,CYANO,4.166666666666666,-0.3331308228781938,-0.9938220199188424,6.9,-18.0,-38.67,PAB3_TP_11
PAB,PAB3,TP,2006,CYANO,1.36986301369863,-0.3331308228781938,-0.9938220199188424,6.9,-18.0,-38.67,PAB3_TP_12
PAB,PAB3,TP,2006,CYANO,0.0,-0.3331308228781938,-0.9938220199188424,6.9,-18.0,-38.67,PAB3_TP_13
PAB,PAB3,TP,2006,CYANO,9.090909090909092,-0.3331308228781938,-0.9938220199188424,6.9,-18.0,-38.67,PAB3_TP_14
PAB,PAB3,TP,2006,CYANO,4.513888888888888,-0.3331308228781938,-0.9938220199188424,6.9,-18.0,-38.67,PAB3_TP_15
PAB,PAB3,TP,2006,CYANO,2.7303754266211606,-0.3331308228781938,-0.9938220199188424,6.9,-18.0,-38.67,PAB3_TP_16
PAB,PAB3,TP,2006,CYANO,4.794520547945205,-0.3331308228781938,-0.9938220199188424,6.9,-18.0,-38.67,PAB3_TP_17
PAB,PAB3,TP,2006,CYANO,1.7241379310344827,-0.3331308228781938,-0.9938220199188424,6.9,-18.0,-38.67,PAB3_TP_18
PAB,PAB3,TP,2006,CYANO,1.3888888888888888,-0.3331308228781938,-0.9938220199188424,6.9,-18.0,-38.67,PAB3_TP_19
PAB,PAB3,TP,2006,MACROALGAE,0.0,-0.3331308228781938,-0.9938220199188424,6.9,-18.0,-38.67,PAB3_TP_20
PAB,PAB3,TP,2006,MACROALGAE,0.6944444444444444,-0.3331308228781938,-0.9938220199188424,6.9,-18.0,-38.67,PAB3_TP_21
PAB,PAB3,TP,2006,MACROALGAE,0.0,-0.3331308228781938,-0.9938220199188424,6.9,-18.0,-38.67,PAB3_TP_22
PAB,PAB3,TP,2006,MACROALGAE,0.3424657534246575,-0.3331308228781938,-0.9938220199188424,6.9,-18.0,-38.67,PAB3_TP_23
PAB,PAB3,TP,2006,MACROALGAE,0.0,-0.3331308228781938,-0.9938220199188424,6.9,-18.0,-38.67,PAB3_TP_24
PAB,PAB3,TP,2006,MACROALGAE,0.3472222222222222,-0.3331308228781938,-0.9938220199188424,6.9,-18.0,-38.67,PAB3_TP_25
PAB,PAB3,TP,2006,MACROALGAE,0.6825938566552902,-0.3331308228781938,-0.9938220199188424,6.9,-18.0,-38.67,PAB3_TP_26
PAB,PAB3,TP,2006,MACROALGAE,0.0,-0.3331308228781938,-0.9938220199188424,6.9,-18.0,-38.67,PAB3_TP_27
PAB,PAB3,TP,2006,MACROALGAE,0.0,-0.3331308228781938,-0.9938220199188424,6.9,-18.0,-38.67,PAB3_TP_28
PAB,PAB3,TP,2006,MACROALGAE,0.0,-0.3331308228781938,-0.9938220199188424,6.9,-18.0,-38.67,PAB3_TP_29
PAB,PAB3,TP,2006,MUSSISMILIA_HISPIDA,0.0,-0.3331308228781938,-0.9938220199188424,6.9,-18.0,-38.67,PAB3_TP_30
PAB,PAB3,TP,2006,MUSSISMILIA_HISPIDA,0.0,-0.3331308228781938,-0.9938220199188424,6.9,-18.0,-38.67,PAB3_TP_31
PAB,PAB3,TP,2006,MUSSISMILIA_HISPIDA,0.3424657534246575,-0.3331308228781938,-0.9938220199188424,6.9,-18.0,-38.67,PAB3_TP_32
PAB,PAB3,TP,2006,MUSSISMILIA_HISPIDA,0.3424657534246575,-0.3331308228781938,-0.9938220199188424,6.9,-18.0,-38.67,PAB3_TP_33
PAB,PAB3,TP,2006,MUSSISMILIA_HISPIDA,0.0,-0.3331308228781938,-0.9938220199188424,6.9,-18.0,-38.67,PAB3_TP_34
PAB,PAB3,TP,2006,MUSSISMILIA_HISPIDA,0.0,-0.3331308228781938,-0.9938220199188424,6.9,-18.0,-38.67,PAB3_TP_35
PAB,PAB3,TP,2006,MUSSISMILIA_HISPIDA,0.0,-0.3331308228781938,-0.9938220199188424,6.9,-18.0,-38.67,PAB3_TP_36
PAB,PAB3,TP,2006,MUSSISMILIA_HISPIDA,0.3424657534246575,-0.3331308228781938,-0.9938220199188424,6.9,-18.0,-38.67,PAB3_TP_37
PAB,PAB3,TP,2006,MUSSISMILIA_HISPIDA,0.0,-0.3331308228781938,-0.9938220199188424,6.9,-18.0,-38.67,PAB3_TP_38
PAB,PAB3,TP,2006,MUSSISMILIA_HISPIDA,0.0,-0.3331308228781938,-0.9938220199188424,6.9,-18.0,-38.67,PAB3_TP_39
PAB,PAB3,TP,2006,TURF,51.21951219512195,-0.3331308228781938,-0.9938220199188424,6.9,-18.0,-38.67,PAB3_TP_40
PAB,PAB3,TP,2006,TURF,23.958333333333336,-0.3331308228781938,-0.9938220199188424,6.9,-18.0,-38.67,PAB3_TP_41
PAB,PAB3,TP,2006,TURF,23.28767123287671,-0.3331308228781938,-0.9938220199188424,6.9,-18.0,-38.67,PAB3_TP_42
PAB,PAB3,TP,2006,TURF,20.205479452054796,-0.3331308228781938,-0.9938220199188424,6.9,-18.0,-38.67,PAB3_TP_43
PAB,PAB3,TP,2006,TURF,39.16083916083916,-0.3331308228781938,-0.9938220199188424,6.9,-18.0,-38.67,PAB3_TP_44
PAB,PAB3,TP,2006,TURF,39.93055555555556,-0.3331308228781938,-0.9938220199188424,6.9,-18.0,-38.67,PAB3_TP_45
PAB,PAB3,TP,2006,TURF,28.32764505119454,-0.3331308228781938,-0.9938220199188424,6.9,-18.0,-38.67,PAB3_TP_46
PAB,PAB3,TP,2006,TURF,33.21917808219178,-0.3331308228781938,-0.9938220199188424,6.9,-18.0,-38.67,PAB3_TP_47
PAB,PAB3,TP,2006,TURF,39.310344827586206,-0.3331308228781938,-0.9938220199188424,6.9,-18.0,-38.67,PAB3_TP_48
PAB,PAB3,TP,2006,TURF,49.30555555555556,-0.3331308228781938,-0.9938220199188424,6.9,-18.0,-38.67,PAB3_TP_49
PAB,PAB3,TP,2007,CCA,23.776223776223777,-0.3331308228781938,-0.9938220199188424,6.9,-18.0,-38.67,PAB3_TP_50
PAB,PAB3,TP,2007,CCA,2.0408163265306123,-0.3331308228781938,-0.9938220199188424,6.9,-18.0,-38.67,PAB3_TP_51
PAB,PAB3,TP,2007,CCA,5.460750853242321,-0.3331308228781938,-0.9938220199188424,6.9,-18.0,-38.67,PAB3_TP_52
PAB,PAB3,TP,2007,CCA,18.181818181818183,-0.3331308228781938,-0.9938220199188424,6.9,-18.0,-38.67,PAB3_TP_53
PAB,PAB3,TP,2007,CCA,4.4520547945205475,-0.3331308228781938,-0.9938220199188424,6.9,-18.0,-38.67,PAB3_TP_54
PAB,PAB3,TP,2007,CCA,2.7491408934707904,-0.3331308228781938,-0.9938220199188424,6.9,-18.0,-38.67,PAB3_TP_55
PAB,PAB3,TP,2007,CCA,7.8231292517006805,-0.3331308228781938,-0.9938220199188424,6.9,-18.0,-38.67,PAB3_TP_56
PAB,PAB3,TP,2007,CCA,3.4246575342465753,-0.3331308228781938,-0.9938220199188424,6.9,-18.0,-38.67,PAB3_TP_57
PAB,PAB3,TP,2007,CCA,3.0927835051546393,-0.3331308228781938,-0.9938220199188424,6.9,-18.0,-38.67,PAB3_TP_58
PAB,PAB3,TP,2007,CCA,3.985507246376811,-0.3331308228781938,-0.9938220199188424,6.9,-18.0,-38.67,PAB3_TP_59
PAB,PAB3,TP,2007,CYANO,5.244755244755245,-0.3331308228781938,-0.9938220199188424,6.9,-18.0,-38.67,PAB3_TP_60
PAB,PAB3,TP,2007,CYANO,2.0408163265306123,-0.3331308228781938,-0.9938220199188424,6.9,-18.0,-38.67,PAB3_TP_61
PAB,PAB3,TP,2007,CYANO,0.3412969283276451,-0.3331308228781938,-0.9938220199188424,6.9,-18.0,-38.67,PAB3_TP_62
PAB,PAB3,TP,2007,CYANO,4.870129870129871,-0.3331308228781938,-0.9938220199188424,6.9,-18.0,-38.67,PAB3_TP_63
PAB,PAB3,TP,2007,CYANO,0.0,-0.3331308228781938,-0.9938220199188424,6.9,-18.0,-38.67,PAB3_TP_64
PAB,PAB3,TP,2007,CYANO,0.0,-0.3331308228781938,-0.9938220199188424,6.9,-18.0,-38.67,PAB3_TP_65
PAB,PAB3,TP,2007,CYANO,5.442176870748299,-0.3331308228781938,-0.9938220199188424,6.9,-18.0,-38.67,PAB3_TP_66
PAB,PAB3,TP,2007,CYANO,3.0821917808219177,-0.3331308228781938,-0.9938220199188424,6.9,-18.0,-38.67,PAB3_TP_67
PAB,PAB3,TP,2007,CYANO,0.0,-0.3331308228781938,-0.9938220199188424,6.9,-18.0,-38.67,PAB3_TP_68
PAB,PAB3,TP,2007,CYANO,1.0869565217391304,-0.3331308228781938,-0.9938220199188424,6.9,-18.0,-38.67,PAB3_TP_69
PAB,PAB3,TP,2007,MACROALGAE,0.0,-0.3331308228781938,-0.9938220199188424,6.9,-18.0,-38.67,PAB3_TP_70
PAB,PAB3,TP,2007,MACROALGAE,0.0,-0.3331308228781938,-0.9938220199188424,6.9,-18.0,-38.67,PAB3_TP_71
PAB,PAB3,TP,2007,MACROALGAE,0.0,-0.3331308228781938,-0.9938220199188424,6.9,-18.0,-38.67,PAB3_TP_72
PAB,PAB3,TP,2007,MACROALGAE,0.0,-0.3331308228781938,-0.9938220199188424,6.9,-18.0,-38.67,PAB3_TP_73
PAB,PAB3,TP,2007,MACROALGAE,0.0,-0.3331308228781938,-0.9938220199188424,6.9,-18.0,-38.67,PAB3_TP_74
PAB,PAB3,TP,2007,MACROALGAE,0.0,-0.3331308228781938,-0.9938220199188424,6.9,-18.0,-38.67,PAB3_TP_75
PAB,PAB3,TP,2007,MACROALGAE,0.0,-0.3331308228781938,-0.9938220199188424,6.9,-18.0,-38.67,PAB3_TP_76
PAB,PAB3,TP,2007,MACROALGAE,0.0,-0.3331308228781938,-0.9938220199188424,6.9,-18.0,-38.67,PAB3_TP_77
PAB,PAB3,TP,2007,MACROALGAE,0.6872852233676976,-0.3331308228781938,-0.9938220199188424,6.9,-18.0,-38.67,PAB3_TP_78
PAB,PAB3,TP,2007,MACROALGAE,0.0,-0.3331308228781938,-0.9938220199188424,6.9,-18.0,-38.67,PAB3_TP_79
PAB,PAB3,TP,2007,MUSSISMILIA_HISPIDA,0.0,-0.3331308228781938,-0.9938220199188424,6.9,-18.0,-38.67,PAB3_TP_80
PAB,PAB3,TP,2007,MUSSISMILIA_HISPIDA,0.0,-0.3331308228781938,-0.9938220199188424,6.9,-18.0,-38.67,PAB3_TP_81
PAB,PAB3,TP,2007,MUSSISMILIA_HISPIDA,0.0,-0.3331308228781938,-0.9938220199188424,6.9,-18.0,-38.67,PAB3_TP_82
PAB,PAB3,TP,2007,MUSSISMILIA_HISPIDA,0.0,-0.3331308228781938,-0.9938220199188424,6.9,-18.0,-38.67,PAB3_TP_83
PAB,PAB3,TP,2007,MUSSISMILIA_HISPIDA,0.3424657534246575,-0.3331308228781938,-0.9938220199188424,6.9,-18.0,-38.67,PAB3_TP_84
PAB,PAB3,TP,2007,MUSSISMILIA_HISPIDA,1.0309278350515463,-0.3331308228781938,-0.9938220199188424,6.9,-18.0,-38.67,PAB3_TP_85
PAB,PAB3,TP,2007,MUSSISMILIA_HISPIDA,0.0,-0.3331308228781938,-0.9938220199188424,6.9,-18.0,-38.67,PAB3_TP_86
PAB,PAB3,TP,2007,MUSSISMILIA_HISPIDA,0.0,-0.3331308228781938,-0.9938220199188424,6.9,-18.0,-38.67,PAB3_TP_87
PAB,PAB3,TP,2007,MUSSISMILIA_HISPIDA,0.3436426116838488,-0.3331308228781938,-0.9938220199188424,6.9,-18.0,-38.67,PAB3_TP_88
PAB,PAB3,TP,2007,MUSSISMILIA_HISPIDA,0.0,-0.3331308228781938,-0.9938220199188424,6.9,-18.0,-38.67,PAB3_TP_89
PAB,PAB3,TP,2007,TURF,54.895104895104886,-0.3331308228781938,-0.9938220199188424,6.9,-18.0,-38.67,PAB3_TP_90
PAB,PAB3,TP,2007,TURF,24.489795918367346,-0.3331308228781938,-0.9938220199188424,6.9,-18.0,-38.67,PAB3_TP_91
PAB,PAB3,TP,2007,TURF,46.75767918088737,-0.3331308228781938,-0.9938220199188424,6.9,-18.0,-38.67,PAB3_TP_92
PAB,PAB3,TP,2007,TURF,34.74025974025974,-0.3331308228781938,-0.9938220199188424,6.9,-18.0,-38.67,PAB3_TP_93
PAB,PAB3,TP,2007,TURF,26.36986301369863,-0.3331308228781938,-0.9938220199188424,6.9,-18.0,-38.67,PAB3_TP_94
PAB,PAB3,TP,2007,TURF,29.553264604810998,-0.3331308228781938,-0.9938220199188424,6.9,-18.0,-38.67,PAB3_TP_95
PAB,PAB3,TP,2007,TURF,42.176870748299315,-0.3331308228781938,-0.9938220199188424,6.9,-18.0,-38.67,PAB3_TP_96
PAB,PAB3,TP,2007,TURF,42.8082191780822,-0.3331308228781938,-0.9938220199188424,6.9,-18.0,-38.67,PAB3_TP_97
PAB,PAB3,TP,2007,TURF,32.302405498281786,-0.3331308228781938,-0.9938220199188424,6.9,-18.0,-38.67,PAB3_TP_98
PAB,PAB3,TP,2007,TURF,17.7536231884058,-0.3331308228781938,-0.9938220199188424,6.9,-18.0,-38.67,PAB3_TP_99
PAB,PAB3,TP,2008,CCA,26.621160409556317,-0.3331308228781938,-0.9938220199188424,6.9,-18.0,-38.67,PAB3_TP_100
PAB,PAB3,TP,2008,CCA,16.376306620209057,-0.3331308228781938,-0.9938220199188424,6.9,-18.0,-38.67,PAB3_TP_101
PAB,PAB3,TP,2008,CCA,0.6688963210702341,-0.3331308228781938,-0.9938220199188424,6.9,-18.0,-38.67,PAB3_TP_102
PAB,PAB3,TP,2008,CCA,37.883959044368595,-0.3331308228781938,-0.9938220199188424,6.9,-18.0,-38.67,PAB3_TP_103
PAB,PAB3,TP,2008,CCA,25.352112676056336,-0.3331308228781938,-0.9938220199188424,6.9,-18.0,-38.67,PAB3_TP_104
PAB,PAB3,TP,2008,CCA,23.91304347826087,-0.3331308228781938,-0.9938220199188424,6.9,-18.0,-38.67,PAB3_TP_105
PAB,PAB3,TP,2008,CCA,9.965635738831615,-0.3331308228781938,-0.9938220199188424,6.9,-18.0,-38.67,PAB3_TP_106
PAB,PAB3,TP,2008,CCA,11.379310344827587,-0.3331308228781938,-0.9938220199188424,6.9,-18.0,-38.67,PAB3_TP_107
PAB,PAB3,TP,2008,CCA,18.53146853146853,-0.3331308228781938,-0.9938220199188424,6.9,-18.0,-38.67,PAB3_TP_108
PAB,PAB3,TP,2008,CCA,14.43661971830986,-0.3331308228781938,-0.9938220199188424,6.9,-18.0,-38.67,PAB3_TP_109
PAB,PAB3,TP,2008,CYANO,0.0,-0.3331308228781938,-0.9938220199188424,6.9,-18.0,-38.67,PAB3_TP_110
PAB,PAB3,TP,2008,CYANO,5.923344947735192,-0.3331308228781938,-0.9938220199188424,6.9,-18.0,-38.67,PAB3_TP_111
PAB,PAB3,TP,2008,CYANO,6.688963210702341,-0.3331308228781938,-0.9938220199188424,6.9,-18.0,-38.67,PAB3_TP_112
PAB,PAB3,TP,2008,CYANO,6.825938566552901,-0.3331308228781938,-0.9938220199188424,6.9,-18.0,-38.67,PAB3_TP_113
PAB,PAB3,TP,2008,CYANO,6.690140845070422,-0.3331308228781938,-0.9938220199188424,6.9,-18.0,-38.67,PAB3_TP_114
PAB,PAB3,TP,2008,CYANO,1.8115942028985508,-0.3331308228781938,-0.9938220199188424,6.9,-18.0,-38.67,PAB3_TP_115
PAB,PAB3,TP,2008,CYANO,2.7491408934707904,-0.3331308228781938,-0.9938220199188424,6.9,-18.0,-38.67,PAB3_TP_116
PAB,PAB3,TP,2008,CYANO,5.172413793103448,-0.3331308228781938,-0.9938220199188424,6.9,-18.0,-38.67,PAB3_TP_117
PAB,PAB3,TP,2008,CYANO,9.79020979020979,-0.3331308228781938,-0.9938220199188424,6.9,-18.0,-38.67,PAB3_TP_118
PAB,PAB3,TP,2008,CYANO,0.7042253521126761,-0.3331308228781938,-0.9938220199188424,6.9,-18.0,-38.67,PAB3_TP_119
PAB,PAB3,TP,2008,MACROALGAE,0.0,-0.3331308228781938,-0.9938220199188424,6.9,-18.0,-38.67,PAB3_TP_120
PAB,PAB3,TP,2008,MACROALGAE,0.0,-0.3331308228781938,-0.9938220199188424,6.9,-18.0,-38.67,PAB3_TP_121
PAB,PAB3,TP,2008,MACROALGAE,0.0,-0.3331308228781938,-0.9938220199188424,6.9,-18.0,-38.67,PAB3_TP_122
PAB,PAB3,TP,2008,MACROALGAE,0.0,-0.3331308228781938,-0.9938220199188424,6.9,-18.0,-38.67,PAB3_TP_123
PAB,PAB3,TP,2008,MACROALGAE,0.0,-0.3331308228781938,-0.9938220199188424,6.9,-18.0,-38.67,PAB3_TP_124
PAB,PAB3,TP,2008,MACROALGAE,0.0,-0.3331308228781938,-0.9938220199188424,6.9,-18.0,-38.67,PAB3_TP_125
PAB,PAB3,TP,2008,MACROALGAE,0.0,-0.3331308228781938,-0.9938220199188424,6.9,-18.0,-38.67,PAB3_TP_126
PAB,PAB3,TP,2008,MACROALGAE,0.0,-0.3331308228781938,-0.9938220199188424,6.9,-18.0,-38.67,PAB3_TP_127
PAB,PAB3,TP,2008,MACROALGAE,0.0,-0.3331308228781938,-0.9938220199188424,6.9,-18.0,-38.67,PAB3_TP_128
PAB,PAB3,TP,2008,MACROALGAE,0.0,-0.3331308228781938,-0.9938220199188424,6.9,-18.0,-38.67,PAB3_TP_129
PAB,PAB3,TP,2008,MUSSISMILIA_HISPIDA,0.0,-0.3331308228781938,-0.9938220199188424,6.9,-18.0,-38.67,PAB3_TP_130
PAB,PAB3,TP,2008,MUSSISMILIA_HISPIDA,0.0,-0.3331308228781938,-0.9938220199188424,6.9,-18.0,-38.67,PAB3_TP_131
PAB,PAB3,TP,2008,MUSSISMILIA_HISPIDA,0.33444816053511706,-0.3331308228781938,-0.9938220199188424,6.9,-18.0,-38.67,PAB3_TP_132
PAB,PAB3,TP,2008,MUSSISMILIA_HISPIDA,0.0,-0.3331308228781938,-0.9938220199188424,6.9,-18.0,-38.67,PAB3_TP_133
PAB,PAB3,TP,2008,MUSSISMILIA_HISPIDA,2.112676056338028,-0.3331308228781938,-0.9938220199188424,6.9,-18.0,-38.67,PAB3_TP_134
PAB,PAB3,TP,2008,MUSSISMILIA_HISPIDA,0.0,-0.3331308228781938,-0.9938220199188424,6.9,-18.0,-38.67,PAB3_TP_135
PAB,PAB3,TP,2008,MUSSISMILIA_HISPIDA,0.6872852233676976,-0.3331308228781938,-0.9938220199188424,6.9,-18.0,-38.67,PAB3_TP_136
PAB,PAB3,TP,2008,MUSSISMILIA_HISPIDA,2.413793103448276,-0.3331308228781938,-0.9938220199188424,6.9,-18.0,-38.67,PAB3_TP_137
PAB,PAB3,TP,2008,MUSSISMILIA_HISPIDA,2.097902097902098,-0.3331308228781938,-0.9938220199188424,6.9,-18.0,-38.67,PAB3_TP_138
PAB,PAB3,TP,2008,MUSSISMILIA_HISPIDA,0.0,-0.3331308228781938,-0.9938220199188424,6.9,-18.0,-38.67,PAB3_TP_139
PAB,PAB3,TP,2008,TURF,56.655290102389074,-0.3331308228781938,-0.9938220199188424,6.9,-18.0,-38.67,PAB3_TP_140
PAB,PAB3,TP,2008,TURF,75.60975609756098,-0.3331308228781938,-0.9938220199188424,6.9,-18.0,-38.67,PAB3_TP_141
PAB,PAB3,TP,2008,TURF,29.76588628762542,-0.3331308228781938,-0.9938220199188424,6.9,-18.0,-38.67,PAB3_TP_142
PAB,PAB3,TP,2008,TURF,18.771331058020472,-0.3331308228781938,-0.9938220199188424,6.9,-18.0,-38.67,PAB3_TP_143
PAB,PAB3,TP,2008,TURF,48.59154929577465,-0.3331308228781938,-0.9938220199188424,6.9,-18.0,-38.67,PAB3_TP_144
PAB,PAB3,TP,2008,TURF,61.59420289855073,-0.3331308228781938,-0.9938220199188424,6.9,-18.0,-38.67,PAB3_TP_145
PAB,PAB3,TP,2008,TURF,31.27147766323024,-0.3331308228781938,-0.9938220199188424,6.9,-18.0,-38.67,PAB3_TP_146
PAB,PAB3,TP,2008,TURF,42.41379310344827,-0.3331308228781938,-0.9938220199188424,6.9,-18.0,-38.67,PAB3_TP_147
PAB,PAB3,TP,2008,TURF,31.818181818181817,-0.3331308228781938,-0.9938220199188424,6.9,-18.0,-38.67,PAB3_TP_148
PAB,PAB3,TP,2008,TURF,25.0,-0.3331308228781938,-0.9938220199188424,6.9,-18.0,-38.67,PAB3_TP_149
PAB,PAB4,PA,2006,CCA,0.0,,,7.7,-17.96,-38.66,PAB4_PA_0
PAB,PAB4,PA,2006,CCA,0.0,,,7.7,-17.96,-38.66,PAB4_PA_1
PAB,PAB4,PA,2006,CCA,0.0,,,7.7,-17.96,-38.66,PAB4_PA_2
PAB,PAB4,PA,2006,CCA,0.0,,,7.7,-17.96,-38.66,PAB4_PA_3
PAB,PAB4,PA,2006,CCA,0.0,,,7.7,-17.96,-38.66,PAB4_PA_4
PAB,PAB4,PA,2006,CCA,0.0,,,7.7,-17.96,-38.66,PAB4_PA_5
PAB,PAB4,PA,2006,CCA,0.0,,,7.7,-17.96,-38.66,PAB4_PA_6
PAB,PAB4,PA,2006,CCA,0.0,,,7.7,-17.96,-38.66,PAB4_PA_7
PAB,PAB4,PA,2006,CCA,0.0,,,7.7,-17.96,-38.66,PAB4_PA_8
PAB,PAB4,PA,2006,CCA,0.0,,,7.7,-17.96,-38.66,PAB4_PA_9
PAB,PAB4,PA,2006,CYANO,0.0,,,7.7,-17.96,-38.66,PAB4_PA_10
PAB,PAB4,PA,2006,CYANO,0.0,,,7.7,-17.96,-38.66,PAB4_PA_11
PAB,PAB4,PA,2006,CYANO,0.0,,,7.7,-17.96,-38.66,PAB4_PA_12
PAB,PAB4,PA,2006,CYANO,0.0,,,7.7,-17.96,-38.66,PAB4_PA_13
PAB,PAB4,PA,2006,CYANO,0.0,,,7.7,-17.96,-38.66,PAB4_PA_14
PAB,PAB4,PA,2006,CYANO,0.0,,,7.7,-17.96,-38.66,PAB4_PA_15
PAB,PAB4,PA,2006,CYANO,0.0,,,7.7,-17.96,-38.66,PAB4_PA_16
PAB,PAB4,PA,2006,CYANO,0.0,,,7.7,-17.96,-38.66,PAB4_PA_17
PAB,PAB4,PA,2006,CYANO,0.0,,,7.7,-17.96,-38.66,PAB4_PA_18
PAB,PAB4,PA,2006,CYANO,0.0,,,7.7,-17.96,-38.66,PAB4_PA_19
PAB,PAB4,PA,2006,MACROALGAE,0.3703703703703704,,,7.7,-17.96,-38.66,PAB4_PA_20
PAB,PAB4,PA,2006,MACROALGAE,0.3448275862068966,,,7.7,-17.96,-38.66,PAB4_PA_21
PAB,PAB4,PA,2006,MACROALGAE,1.0526315789473684,,,7.7,-17.96,-38.66,PAB4_PA_22
PAB,PAB4,PA,2006,MACROALGAE,0.0,,,7.7,-17.96,-38.66,PAB4_PA_23
PAB,PAB4,PA,2006,MACROALGAE,2.135231316725979,,,7.7,-17.96,-38.66,PAB4_PA_24
PAB,PAB4,PA,2006,MACROALGAE,0.0,,,7.7,-17.96,-38.66,PAB4_PA_25
PAB,PAB4,PA,2006,MACROALGAE,0.0,,,7.7,-17.96,-38.66,PAB4_PA_26
PAB,PAB4,PA,2006,MACROALGAE,0.0,,,7.7,-17.96,-38.66,PAB4_PA_27
PAB,PAB4,PA,2006,MACROALGAE,0.3703703703703704,,,7.7,-17.96,-38.66,PAB4_PA_28
PAB,PAB4,PA,2006,MACROALGAE,0.3546099290780142,,,7.7,-17.96,-38.66,PAB4_PA_29
PAB,PAB4,PA,2006,MUSSISMILIA_HISPIDA,0.0,,,7.7,-17.96,-38.66,PAB4_PA_30
PAB,PAB4,PA,2006,MUSSISMILIA_HISPIDA,0.0,,,7.7,-17.96,-38.66,PAB4_PA_31
PAB,PAB4,PA,2006,MUSSISMILIA_HISPIDA,0.0,,,7.7,-17.96,-38.66,PAB4_PA_32
PAB,PAB4,PA,2006,MUSSISMILIA_HISPIDA,0.0,,,7.7,-17.96,-38.66,PAB4_PA_33
PAB,PAB4,PA,2006,MUSSISMILIA_HISPIDA,0.0,,,7.7,-17.96,-38.66,PAB4_PA_34
PAB,PAB4,PA,2006,MUSSISMILIA_HISPIDA,0.0,,,7.7,-17.96,-38.66,PAB4_PA_35
PAB,PAB4,PA,2006,MUSSISMILIA_HISPIDA,0.0,,,7.7,-17.96,-38.66,PAB4_PA_36
PAB,PAB4,PA,2006,MUSSISMILIA_HISPIDA,0.0,,,7.7,-17.96,-38.66,PAB4_PA_37
PAB,PAB4,PA,2006,MUSSISMILIA_HISPIDA,2.9629629629629632,,,7.7,-17.96,-38.66,PAB4_PA_38
PAB,PAB4,PA,2006,MUSSISMILIA_HISPIDA,0.0,,,7.7,-17.96,-38.66,PAB4_PA_39
PAB,PAB4,PA,2006,TURF,15.185185185185185,,,7.7,-17.96,-38.66,PAB4_PA_40
PAB,PAB4,PA,2006,TURF,29.310344827586203,,,7.7,-17.96,-38.66,PAB4_PA_41
PAB,PAB4,PA,2006,TURF,33.33333333333333,,,7.7,-17.96,-38.66,PAB4_PA_42
PAB,PAB4,PA,2006,TURF,25.177304964539005,,,7.7,-17.96,-38.66,PAB4_PA_43
PAB,PAB4,PA,2006,TURF,16.370106761565836,,,7.7,-17.96,-38.66,PAB4_PA_44
PAB,PAB4,PA,2006,TURF,37.5,,,7.7,-17.96,-38.66,PAB4_PA_45
PAB,PAB4,PA,2006,TURF,32.269503546099294,,,7.7,-17.96,-38.66,PAB4_PA_46
PAB,PAB4,PA,2006,TURF,30.985915492957744,,,7.7,-17.96,-38.66,PAB4_PA_47
PAB,PAB4,PA,2006,TURF,48.148148148148145,,,7.7,-17.96,-38.66,PAB4_PA_48
PAB,PAB4,PA,2006,TURF,30.49645390070922,,,7.7,-17.96,-38.66,PAB4_PA_49
PAB,PAB4,PA,2007,CCA,46.875,,,7.7,-17.96,-38.66,PAB4_PA_50
PAB,PAB4,PA,2007,CCA,33.9041095890411,,,7.7,-17.96,-38.66,PAB4_PA_51
PAB,PAB4,PA,2007,CCA,38.04347826086957,,,7.7,-17.96,-38.66,PAB4_PA_52
PAB,PAB4,PA,2007,CCA,46.15384615384615,,,7.7,-17.96,-38.66,PAB4_PA_53
PAB,PAB4,PA,2007,CCA,33.793103448275865,,,7.7,-17.96,-38.66,PAB4_PA_54
PAB,PAB4,PA,2007,CCA,34.69387755102041,,,7.7,-17.96,-38.66,PAB4_PA_55
PAB,PAB4,PA,2007,CCA,61.15107913669065,,,7.7,-17.96,-38.66,PAB4_PA_56
PAB,PAB4,PA,2007,CCA,52.961672473867594,,,7.7,-17.96,-38.66,PAB4_PA_57
PAB,PAB4,PA,2007,CCA,28.222996515679444,,,7.7,-17.96,-38.66,PAB4_PA_58
PAB,PAB4,PA,2007,CCA,25.357142857142854,,,7.7,-17.96,-38.66,PAB4_PA_59
PAB,PAB4,PA,2007,CYANO,3.4722222222222223,,,7.7,-17.96,-38.66,PAB4_PA_60
PAB,PAB4,PA,2007,CYANO,0.0,,,7.7,-17.96,-38.66,PAB4_PA_61
PAB,PAB4,PA,2007,CYANO,0.0,,,7.7,-17.96,-38.66,PAB4_PA_62
PAB,PAB4,PA,2007,CYANO,0.0,,,7.7,-17.96,-38.66,PAB4_PA_63
PAB,PAB4,PA,2007,CYANO,0.6896551724137931,,,7.7,-17.96,-38.66,PAB4_PA_64
PAB,PAB4,PA,2007,CYANO,1.3605442176870748,,,7.7,-17.96,-38.66,PAB4_PA_65
PAB,PAB4,PA,2007,CYANO,0.0,,,7.7,-17.96,-38.66,PAB4_PA_66
PAB,PAB4,PA,2007,CYANO,0.0,,,7.7,-17.96,-38.66,PAB4_PA_67
PAB,PAB4,PA,2007,CYANO,0.0,,,7.7,-17.96,-38.66,PAB4_PA_68
PAB,PAB4,PA,2007,CYANO,0.35714285714285715,,,7.7,-17.96,-38.66,PAB4_PA_69
PAB,PAB4,PA,2007,MACROALGAE,0.3472222222222222,,,7.7,-17.96,-38.66,PAB4_PA_70
PAB,PAB4,PA,2007,MACROALGAE,0.0,,,7.7,-17.96,-38.66,PAB4_PA_71
PAB,PAB4,PA,2007,MACROALGAE,0.0,,,7.7,-17.96,-38.66,PAB4_PA_72
PAB,PAB4,PA,2007,MACROALGAE,0.3663003663003663,,,7.7,-17.96,-38.66,PAB4_PA_73
PAB,PAB4,PA,2007,MACROALGAE,35.86206896551724,,,7.7,-17.96,-38.66,PAB4_PA_74
PAB,PAB4,PA,2007,MACROALGAE,6.462585034013606,,,7.7,-17.96,-38.66,PAB4_PA_75
PAB,PAB4,PA,2007,MACROALGAE,7.553956834532374,,,7.7,-17.96,-38.66,PAB4_PA_76
PAB,PAB4,PA,2007,MACROALGAE,1.7421602787456445,,,7.7,-17.96,-38.66,PAB4_PA_77
PAB,PAB4,PA,2007,MACROALGAE,21.602787456445995,,,7.7,-17.96,-38.66,PAB4_PA_78
PAB,PAB4,PA,2007,MACROALGAE,6.071428571428571,,,7.7,-17.96,-38.66,PAB4_PA_79
PAB,PAB4,PA,2007,MUSSISMILIA_HISPIDA,0.0,,,7.7,-17.96,-38.66,PAB4_PA_80
PAB,PAB4,PA,2007,MUSSISMILIA_HISPIDA,0.0,,,7.7,-17.96,-38.66,PAB4_PA_81
PAB,PAB4,PA,2007,MUSSISMILIA_HISPIDA,0.0,,,7.7,-17.96,-38.66,PAB4_PA_82
PAB,PAB4,PA,2007,MUSSISMILIA_HISPIDA,0.0,,,7.7,-17.96,-38.66,PAB4_PA_83
PAB,PAB4,PA,2007,MUSSISMILIA_HISPIDA,0.0,,,7.7,-17.96,-38.66,PAB4_PA_84
PAB,PAB4,PA,2007,MUSSISMILIA_HISPIDA,0.0,,,7.7,-17.96,-38.66,PAB4_PA_85
PAB,PAB4,PA,2007,MUSSISMILIA_HISPIDA,0.0,,,7.7,-17.96,-38.66,PAB4_PA_86
PAB,PAB4,PA,2007,MUSSISMILIA_HISPIDA,0.0,,,7.7,-17.96,-38.66,PAB4_PA_87
PAB,PAB4,PA,2007,MUSSISMILIA_HISPIDA,0.34843205574912894,,,7.7,-17.96,-38.66,PAB4_PA_88
PAB,PAB4,PA,2007,MUSSISMILIA_HISPIDA,0.0,,,7.7,-17.96,-38.66,PAB4_PA_89
PAB,PAB4,PA,2007,TURF,47.916666666666664,,,7.7,-17.96,-38.66,PAB4_PA_90
PAB,PAB4,PA,2007,TURF,59.589041095890416,,,7.7,-17.96,-38.66,PAB4_PA_91
PAB,PAB4,PA,2007,TURF,26.44927536231884,,,7.7,-17.96,-38.66,PAB4_PA_92
PAB,PAB4,PA,2007,TURF,46.52014652014652,,,7.7,-17.96,-38.66,PAB4_PA_93
PAB,PAB4,PA,2007,TURF,25.86206896551724,,,7.7,-17.96,-38.66,PAB4_PA_94
PAB,PAB4,PA,2007,TURF,19.727891156462587,,,7.7,-17.96,-38.66,PAB4_PA_95
PAB,PAB4,PA,2007,TURF,23.021582733812952,,,7.7,-17.96,-38.66,PAB4_PA_96
PAB,PAB4,PA,2007,TURF,38.32752613240418,,,7.7,-17.96,-38.66,PAB4_PA_97
PAB,PAB4,PA,2007,TURF,42.1602787456446,,,7.7,-17.96,-38.66,PAB4_PA_98
PAB,PAB4,PA,2007,TURF,29.999999999999996,,,7.7,-17.96,-38.66,PAB4_PA_99
PAB,PAB4,PA,2008,CCA,45.27027027027027,,,7.7,-17.96,-38.66,PAB4_PA_100
PAB,PAB4,PA,2008,CCA,26.440677966101696,,,7.7,-17.96,-38.66,PAB4_PA_101
PAB,PAB4,PA,2008,CCA,33.44709897610921,,,7.7,-17.96,-38.66,PAB4_PA_102
PAB,PAB4,PA,2008,CCA,41.11498257839721,,,7.7,-17.96,-38.66,PAB4_PA_103
PAB,PAB4,PA,2008,CCA,46.97508896797153,,,7.7,-17.96,-38.66,PAB4_PA_104
PAB,PAB4,PA,2008,CCA,67.02127659574468,,,7.7,-17.96,-38.66,PAB4_PA_105
PAB,PAB4,PA,2008,CCA,40.42553191489361,,,7.7,-17.96,-38.66,PAB4_PA_106
PAB,PAB4,PA,2008,CCA,25.951557093425603,,,7.7,-17.96,-38.66,PAB4_PA_107
PAB,PAB4,PA,2008,CCA,30.584192439862544,,,7.7,-17.96,-38.66,PAB4_PA_108
PAB,PAB4,PA,2008,CCA,30.324909747292416,,,7.7,-17.96,-38.66,PAB4_PA_109
PAB,PAB4,PA,2008,CYANO,0.0,,,7.7,-17.96,-38.66,PAB4_PA_110
PAB,PAB4,PA,2008,CYANO,8.47457627118644,,,7.7,-17.96,-38.66,PAB4_PA_111
PAB,PAB4,PA,2008,CYANO,0.0,,,7.7,-17.96,-38.66,PAB4_PA_112
PAB,PAB4,PA,2008,CYANO,0.34843205574912894,,,7.7,-17.96,-38.66,PAB4_PA_113
PAB,PAB4,PA,2008,CYANO,1.4234875444839856,,,7.7,-17.96,-38.66,PAB4_PA_114
PAB,PAB4,PA,2008,CYANO,5.319148936170213,,,7.7,-17.96,-38.66,PAB4_PA_115
PAB,PAB4,PA,2008,CYANO,0.3546099290780142,,,7.7,-17.96,-38.66,PAB4_PA_116
PAB,PAB4,PA,2008,CYANO,6.228373702422145,,,7.7,-17.96,-38.66,PAB4_PA_117
PAB,PAB4,PA,2008,CYANO,1.3745704467353952,,,7.7,-17.96,-38.66,PAB4_PA_118
PAB,PAB4,PA,2008,CYANO,0.0,,,7.7,-17.96,-38.66,PAB4_PA_119
PAB,PAB4,PA,2008,MACROALGAE,0.33783783783783783,,,7.7,-17.96,-38.66,PAB4_PA_120
PAB,PAB4,PA,2008,MACROALGAE,16.610169491525422,,,7.7,-17.96,-38.66,PAB4_PA_121
PAB,PAB4,PA,2008,MACROALGAE,0.0,,,7.7,-17.96,-38.66,PAB4_PA_122
PAB,PAB4,PA,2008,MACROALGAE,1.3937282229965158,,,7.7,-17.96,-38.66,PAB4_PA_123
PAB,PAB4,PA,2008,MACROALGAE,0.0,,,7.7,-17.96,-38.66,PAB4_PA_124
PAB,PAB4,PA,2008,MACROALGAE,2.8368794326241136,,,7.7,-17.96,-38.66,PAB4_PA_125
PAB,PAB4,PA,2008,MACROALGAE,0.3546099290780142,,,7.7,-17.96,-38.66,PAB4_PA_126
PAB,PAB4,PA,2008,MACROALGAE,8.304498269896193,,,7.7,-17.96,-38.66,PAB4_PA_127
PAB,PAB4,PA,2008,MACROALGAE,6.872852233676976,,,7.7,-17.96,-38.66,PAB4_PA_128
PAB,PAB4,PA,2008,MACROALGAE,6.859205776173286,,,7.7,-17.96,-38.66,PAB4_PA_129
PAB,PAB4,PA,2008,MUSSISMILIA_HISPIDA,0.0,,,7.7,-17.96,-38.66,PAB4_PA_130
PAB,PAB4,PA,2008,MUSSISMILIA_HISPIDA,0.0,,,7.7,-17.96,-38.66,PAB4_PA_131
PAB,PAB4,PA,2008,MUSSISMILIA_HISPIDA,0.0,,,7.7,-17.96,-38.66,PAB4_PA_132
PAB,PAB4,PA,2008,MUSSISMILIA_HISPIDA,0.0,,,7.7,-17.96,-38.66,PAB4_PA_133
PAB,PAB4,PA,2008,MUSSISMILIA_HISPIDA,0.0,,,7.7,-17.96,-38.66,PAB4_PA_134
PAB,PAB4,PA,2008,MUSSISMILIA_HISPIDA,0.0,,,7.7,-17.96,-38.66,PAB4_PA_135
PAB,PAB4,PA,2008,MUSSISMILIA_HISPIDA,0.0,,,7.7,-17.96,-38.66,PAB4_PA_136
PAB,PAB4,PA,2008,MUSSISMILIA_HISPIDA,0.6920415224913495,,,7.7,-17.96,-38.66,PAB4_PA_137
PAB,PAB4,PA,2008,MUSSISMILIA_HISPIDA,0.6872852233676976,,,7.7,-17.96,-38.66,PAB4_PA_138
PAB,PAB4,PA,2008,MUSSISMILIA_HISPIDA,0.0,,,7.7,-17.96,-38.66,PAB4_PA_139
PAB,PAB4,PA,2008,TURF,51.35135135135135,,,7.7,-17.96,-38.66,PAB4_PA_140
PAB,PAB4,PA,2008,TURF,46.4406779661017,,,7.7,-17.96,-38.66,PAB4_PA_141
PAB,PAB4,PA,2008,TURF,59.38566552901023,,,7.7,-17.96,-38.66,PAB4_PA_142
PAB,PAB4,PA,2008,TURF,50.87108013937282,,,7.7,-17.96,-38.66,PAB4_PA_143
PAB,PAB4,PA,2008,TURF,42.34875444839858,,,7.7,-17.96,-38.66,PAB4_PA_144
PAB,PAB4,PA,2008,TURF,23.75886524822695,,,7.7,-17.96,-38.66,PAB4_PA_145
PAB,PAB4,PA,2008,TURF,57.09219858156029,,,7.7,-17.96,-38.66,PAB4_PA_146
PAB,PAB4,PA,2008,TURF,56.74740484429066,,,7.7,-17.96,-38.66,PAB4_PA_147
PAB,PAB4,PA,2008,TURF,58.76288659793814,,,7.7,-17.96,-38.66,PAB4_PA_148
PAB,PAB4,PA,2008,TURF,59.92779783393502,,,7.7,-17.96,-38.66,PAB4_PA_149
PAB,PAB4,TP,2006,CCA,21.98581560283688,,,7.7,-17.96,-38.66,PAB4_TP_0
PAB,PAB4,TP,2006,CCA,2.083333333333333,,,7.7,-17.96,-38.66,PAB4_TP_1
PAB,PAB4,TP,2006,CCA,17.894736842105264,,,7.7,-17.96,-38.66,PAB4_TP_2
PAB,PAB4,TP,2006,CCA,7.638888888888889,,,7.7,-17.96,-38.66,PAB4_TP_3
PAB,PAB4,TP,2006,CCA,5.0675675675675675,,,7.7,-17.96,-38.66,PAB4_TP_4
PAB,PAB4,TP,2006,CCA,5.985915492957746,,,7.7,-17.96,-38.66,PAB4_TP_5
PAB,PAB4,TP,2006,CCA,3.4965034965034967,,,7.7,-17.96,-38.66,PAB4_TP_6
PAB,PAB4,TP,2006,CCA,13.47517730496454,,,7.7,-17.96,-38.66,PAB4_TP_7
PAB,PAB4,TP,2006,CCA,12.056737588652481,,,7.7,-17.96,-38.66,PAB4_TP_8
PAB,PAB4,TP,2006,CCA,8.928571428571429,,,7.7,-17.96,-38.66,PAB4_TP_9
PAB,PAB4,TP,2006,CYANO,0.0,,,7.7,-17.96,-38.66,PAB4_TP_10
PAB,PAB4,TP,2006,CYANO,0.0,,,7.7,-17.96,-38.66,PAB4_TP_11
PAB,PAB4,TP,2006,CYANO,0.0,,,7.7,-17.96,-38.66,PAB4_TP_12
PAB,PAB4,TP,2006,CYANO,0.0,,,7.7,-17.96,-38.66,PAB4_TP_13
PAB,PAB4,TP,2006,CYANO,0.33783783783783783,,,7.7,-17.96,-38.66,PAB4_TP_14
PAB,PAB4,TP,2006,CYANO,3.873239436619718,,,7.7,-17.96,-38.66,PAB4_TP_15
PAB,PAB4,TP,2006,CYANO,1.048951048951049,,,7.7,-17.96,-38.66,PAB4_TP_16
PAB,PAB4,TP,2006,CYANO,0.0,,,7.7,-17.96,-38.66,PAB4_TP_17
PAB,PAB4,TP,2006,CYANO,3.900709219858156,,,7.7,-17.96,-38.66,PAB4_TP_18
PAB,PAB4,TP,2006,CYANO,12.142857142857142,,,7.7,-17.96,-38.66,PAB4_TP_19
PAB,PAB4,TP,2006,MACROALGAE,0.0,,,7.7,-17.96,-38.66,PAB4_TP_20
PAB,PAB4,TP,2006,MACROALGAE,0.0,,,7.7,-17.96,-38.66,PAB4_TP_21
PAB,PAB4,TP,2006,MACROALGAE,0.0,,,7.7,-17.96,-38.66,PAB4_TP_22
PAB,PAB4,TP,2006,MACROALGAE,0.0,,,7.7,-17.96,-38.66,PAB4_TP_23
PAB,PAB4,TP,2006,MACROALGAE,0.0,,,7.7,-17.96,-38.66,PAB4_TP_24
PAB,PAB4,TP,2006,MACROALGAE,0.0,,,7.7,-17.96,-38.66,PAB4_TP_25
PAB,PAB4,TP,2006,MACROALGAE,0.0,,,7.7,-17.96,-38.66,PAB4_TP_26
PAB,PAB4,TP,2006,MACROALGAE,1.4184397163120568,,,7.7,-17.96,-38.66,PAB4_TP_27
PAB,PAB4,TP,2006,MACROALGAE,0.0,,,7.7,-17.96,-38.66,PAB4_TP_28
PAB,PAB4,TP,2006,MACROALGAE,0.7142857142857143,,,7.7,-17.96,-38.66,PAB4_TP_29
PAB,PAB4,TP,2006,MUSSISMILIA_HISPIDA,0.0,,,7.7,-17.96,-38.66,PAB4_TP_30
PAB,PAB4,TP,2006,MUSSISMILIA_HISPIDA,0.0,,,7.7,-17.96,-38.66,PAB4_TP_31
PAB,PAB4,TP,2006,MUSSISMILIA_HISPIDA,0.3508771929824561,,,7.7,-17.96,-38.66,PAB4_TP_32
PAB,PAB4,TP,2006,MUSSISMILIA_HISPIDA,0.0,,,7.7,-17.96,-38.66,PAB4_TP_33
PAB,PAB4,TP,2006,MUSSISMILIA_HISPIDA,0.0,,,7.7,-17.96,-38.66,PAB4_TP_34
PAB,PAB4,TP,2006,MUSSISMILIA_HISPIDA,0.0,,,7.7,-17.96,-38.66,PAB4_TP_35
PAB,PAB4,TP,2006,MUSSISMILIA_HISPIDA,0.0,,,7.7,-17.96,-38.66,PAB4_TP_36
PAB,PAB4,TP,2006,MUSSISMILIA_HISPIDA,0.0,,,7.7,-17.96,-38.66,PAB4_TP_37
PAB,PAB4,TP,2006,MUSSISMILIA_HISPIDA,2.4822695035460995,,,7.7,-17.96,-38.66,PAB4_TP_38
PAB,PAB4,TP,2006,MUSSISMILIA_HISPIDA,0.0,,,7.7,-17.96,-38.66,PAB4_TP_39
PAB,PAB4,TP,2006,TURF,14.539007092198581,,,7.7,-17.96,-38.66,PAB4_TP_40
PAB,PAB4,TP,2006,TURF,3.4722222222222223,,,7.7,-17.96,-38.66,PAB4_TP_41
PAB,PAB4,TP,2006,TURF,8.421052631578947,,,7.7,-17.96,-38.66,PAB4_TP_42
PAB,PAB4,TP,2006,TURF,9.027777777777777,,,7.7,-17.96,-38.66,PAB4_TP_43
PAB,PAB4,TP,2006,TURF,21.95945945945946,,,7.7,-17.96,-38.66,PAB4_TP_44
PAB,PAB4,TP,2006,TURF,26.056338028169016,,,7.7,-17.96,-38.66,PAB4_TP_45
PAB,PAB4,TP,2006,TURF,21.328671328671327,,,7.7,-17.96,-38.66,PAB4_TP_46
PAB,PAB4,TP,2006,TURF,42.5531914893617,,,7.7,-17.96,-38.66,PAB4_TP_47
PAB,PAB4,TP,2006,TURF,27.659574468085108,,,7.7,-17.96,-38.66,PAB4_TP_48
PAB,PAB4,TP,2006,TURF,26.78571428571429,,,7.7,-17.96,-38.66,PAB4_TP_49
PAB,PAB4,TP,2007,CCA,23.157894736842106,,,7.7,-17.96,-38.66,PAB4_TP_50
PAB,PAB4,TP,2007,CCA,0.6944444444444444,,,7.7,-17.96,-38.66,PAB4_TP_51
PAB,PAB4,TP,2007,CCA,11.913357400722022,,,7.7,-17.96,-38.66,PAB4_TP_52
PAB,PAB4,TP,2007,CCA,6.506849315068493,,,7.7,-17.96,-38.66,PAB4_TP_53
PAB,PAB4,TP,2007,CCA,6.896551724137931,,,7.7,-17.96,-38.66,PAB4_TP_54
PAB,PAB4,TP,2007,CCA,13.846153846153847,,,7.7,-17.96,-38.66,PAB4_TP_55
PAB,PAB4,TP,2007,CCA,13.261648745519713,,,7.7,-17.96,-38.66,PAB4_TP_56
PAB,PAB4,TP,2007,CCA,12.45674740484429,,,7.7,-17.96,-38.66,PAB4_TP_57
PAB,PAB4,TP,2007,CCA,19.06474820143885,,,7.7,-17.96,-38.66,PAB4_TP_58
PAB,PAB4,TP,2007,CCA,15.43859649122807,,,7.7,-17.96,-38.66,PAB4_TP_59
PAB,PAB4,TP,2007,CYANO,0.3508771929824561,,,7.7,-17.96,-38.66,PAB4_TP_60
PAB,PAB4,TP,2007,CYANO,3.125,,,7.7,-17.96,-38.66,PAB4_TP_61
PAB,PAB4,TP,2007,CYANO,16.24548736462094,,,7.7,-17.96,-38.66,PAB4_TP_62
PAB,PAB4,TP,2007,CYANO,5.136986301369863,,,7.7,-17.96,-38.66,PAB4_TP_63
PAB,PAB4,TP,2007,CYANO,2.0689655172413794,,,7.7,-17.96,-38.66,PAB4_TP_64
PAB,PAB4,TP,2007,CYANO,11.153846153846155,,,7.7,-17.96,-38.66,PAB4_TP_65
PAB,PAB4,TP,2007,CYANO,8.60215053763441,,,7.7,-17.96,-38.66,PAB4_TP_66
PAB,PAB4,TP,2007,CYANO,11.418685121107266,,,7.7,-17.96,-38.66,PAB4_TP_67
PAB,PAB4,TP,2007,CYANO,3.237410071942446,,,7.7,-17.96,-38.66,PAB4_TP_68
PAB,PAB4,TP,2007,CYANO,9.473684210526317,,,7.7,-17.96,-38.66,PAB4_TP_69
PAB,PAB4,TP,2007,MACROALGAE,0.0,,,7.7,-17.96,-38.66,PAB4_TP_70
PAB,PAB4,TP,2007,MACROALGAE,0.0,,,7.7,-17.96,-38.66,PAB4_TP_71
PAB,PAB4,TP,2007,MACROALGAE,0.0,,,7.7,-17.96,-38.66,PAB4_TP_72
PAB,PAB4,TP,2007,MACROALGAE,0.0,,,7.7,-17.96,-38.66,PAB4_TP_73
PAB,PAB4,TP,2007,MACROALGAE,0.0,,,7.7,-17.96,-38.66,PAB4_TP_74
PAB,PAB4,TP,2007,MACROALGAE,0.0,,,7.7,-17.96,-38.66,PAB4_TP_75
PAB,PAB4,TP,2007,MACROALGAE,0.0,,,7.7,-17.96,-38.66,PAB4_TP_76
PAB,PAB4,TP,2007,MACROALGAE,0.0,,,7.7,-17.96,-38.66,PAB4_TP_77
PAB,PAB4,TP,2007,MACROALGAE,0.0,,,7.7,-17.96,-38.66,PAB4_TP_78
PAB,PAB4,TP,2007,MACROALGAE,0.0,,,7.7,-17.96,-38.66,PAB4_TP_79
PAB,PAB4,TP,2007,MUSSISMILIA_HISPIDA,0.0,,,7.7,-17.96,-38.66,PAB4_TP_80
PAB,PAB4,TP,2007,MUSSISMILIA_HISPIDA,0.0,,,7.7,-17.96,-38.66,PAB4_TP_81
PAB,PAB4,TP,2007,MUSSISMILIA_HISPIDA,0.0,,,7.7,-17.96,-38.66,PAB4_TP_82
PAB,PAB4,TP,2007,MUSSISMILIA_HISPIDA,0.0,,,7.7,-17.96,-38.66,PAB4_TP_83
PAB,PAB4,TP,2007,MUSSISMILIA_HISPIDA,0.0,,,7.7,-17.96,-38.66,PAB4_TP_84
PAB,PAB4,TP,2007,MUSSISMILIA_HISPIDA,0.7692307692307693,,,7.7,-17.96,-38.66,PAB4_TP_85
PAB,PAB4,TP,2007,MUSSISMILIA_HISPIDA,0.0,,,7.7,-17.96,-38.66,PAB4_TP_86
PAB,PAB4,TP,2007,MUSSISMILIA_HISPIDA,0.0,,,7.7,-17.96,-38.66,PAB4_TP_87
PAB,PAB4,TP,2007,MUSSISMILIA_HISPIDA,0.0,,,7.7,-17.96,-38.66,PAB4_TP_88
PAB,PAB4,TP,2007,MUSSISMILIA_HISPIDA,4.2105263157894735,,,7.7,-17.96,-38.66,PAB4_TP_89
PAB,PAB4,TP,2007,TURF,13.68421052631579,,,7.7,-17.96,-38.66,PAB4_TP_90
PAB,PAB4,TP,2007,TURF,5.902777777777777,,,7.7,-17.96,-38.66,PAB4_TP_91
PAB,PAB4,TP,2007,TURF,18.772563176895307,,,7.7,-17.96,-38.66,PAB4_TP_92
PAB,PAB4,TP,2007,TURF,6.84931506849315,,,7.7,-17.96,-38.66,PAB4_TP_93
PAB,PAB4,TP,2007,TURF,23.79310344827586,,,7.7,-17.96,-38.66,PAB4_TP_94
PAB,PAB4,TP,2007,TURF,30.769230769230774,,,7.7,-17.96,-38.66,PAB4_TP_95
PAB,PAB4,TP,2007,TURF,17.204301075268816,,,7.7,-17.96,-38.66,PAB4_TP_96
PAB,PAB4,TP,2007,TURF,42.90657439446367,,,7.7,-17.96,-38.66,PAB4_TP_97
PAB,PAB4,TP,2007,TURF,40.64748201438849,,,7.7,-17.96,-38.66,PAB4_TP_98
PAB,PAB4,TP,2007,TURF,29.122807017543856,,,7.7,-17.96,-38.66,PAB4_TP_99
PAB,PAB4,TP,2008,CCA,4.745762711864407,,,7.7,-17.96,-38.66,PAB4_TP_100
PAB,PAB4,TP,2008,CCA,19.795221843003414,,,7.7,-17.96,-38.66,PAB4_TP_101
PAB,PAB4,TP,2008,CCA,28.1786941580756,,,7.7,-17.96,-38.66,PAB4_TP_102
PAB,PAB4,TP,2008,CCA,12.110726643598616,,,7.7,-17.96,-38.66,PAB4_TP_103
PAB,PAB4,TP,2008,CCA,12.88135593220339,,,7.7,-17.96,-38.66,PAB4_TP_104
PAB,PAB4,TP,2008,CCA,9.285714285714286,,,7.7,-17.96,-38.66,PAB4_TP_105
PAB,PAB4,TP,2008,CCA,8.771929824561402,,,7.7,-17.96,-38.66,PAB4_TP_106
PAB,PAB4,TP,2008,CCA,14.583333333333334,,,7.7,-17.96,-38.66,PAB4_TP_107
PAB,PAB4,TP,2008,CCA,18.75,,,7.7,-17.96,-38.66,PAB4_TP_108
PAB,PAB4,TP,2008,CCA,25.17241379310345,,,7.7,-17.96,-38.66,PAB4_TP_109
PAB,PAB4,TP,2008,CYANO,0.0,,,7.7,-17.96,-38.66,PAB4_TP_110
PAB,PAB4,TP,2008,CYANO,0.0,,,7.7,-17.96,-38.66,PAB4_TP_111
PAB,PAB4,TP,2008,CYANO,0.0,,,7.7,-17.96,-38.66,PAB4_TP_112
PAB,PAB4,TP,2008,CYANO,0.0,,,7.7,-17.96,-38.66,PAB4_TP_113
PAB,PAB4,TP,2008,CYANO,0.0,,,7.7,-17.96,-38.66,PAB4_TP_114
PAB,PAB4,TP,2008,CYANO,0.35714285714285715,,,7.7,-17.96,-38.66,PAB4_TP_115
PAB,PAB4,TP,2008,CYANO,0.0,,,7.7,-17.96,-38.66,PAB4_TP_116
PAB,PAB4,TP,2008,CYANO,0.0,,,7.7,-17.96,-38.66,PAB4_TP_117
PAB,PAB4,TP,2008,CYANO,0.0,,,7.7,-17.96,-38.66,PAB4_TP_118
PAB,PAB4,TP,2008,CYANO,0.3448275862068966,,,7.7,-17.96,-38.66,PAB4_TP_119
PAB,PAB4,TP,2008,MACROALGAE,0.0,,,7.7,-17.96,-38.66,PAB4_TP_120
PAB,PAB4,TP,2008,MACROALGAE,0.0,,,7.7,-17.96,-38.66,PAB4_TP_121
PAB,PAB4,TP,2008,MACROALGAE,0.6872852233676976,,,7.7,-17.96,-38.66,PAB4_TP_122
PAB,PAB4,TP,2008,MACROALGAE,0.34602076124567477,,,7.7,-17.96,-38.66,PAB4_TP_123
PAB,PAB4,TP,2008,MACROALGAE,0.6779661016949152,,,7.7,-17.96,-38.66,PAB4_TP_124
PAB,PAB4,TP,2008,MACROALGAE,0.0,,,7.7,-17.96,-38.66,PAB4_TP_125
PAB,PAB4,TP,2008,MACROALGAE,0.3508771929824561,,,7.7,-17.96,-38.66,PAB4_TP_126
PAB,PAB4,TP,2008,MACROALGAE,0.6944444444444444,,,7.7,-17.96,-38.66,PAB4_TP_127
PAB,PAB4,TP,2008,MACROALGAE,0.0,,,7.7,-17.96,-38.66,PAB4_TP_128
PAB,PAB4,TP,2008,MACROALGAE,0.0,,,7.7,-17.96,-38.66,PAB4_TP_129
PAB,PAB4,TP,2008,MUSSISMILIA_HISPIDA,0.0,,,7.7,-17.96,-38.66,PAB4_TP_130
PAB,PAB4,TP,2008,MUSSISMILIA_HISPIDA,0.0,,,7.7,-17.96,-38.66,PAB4_TP_131
PAB,PAB4,TP,2008,MUSSISMILIA_HISPIDA,0.0,,,7.7,-17.96,-38.66,PAB4_TP_132
PAB,PAB4,TP,2008,MUSSISMILIA_HISPIDA,0.0,,,7.7,-17.96,-38.66,PAB4_TP_133
PAB,PAB4,TP,2008,MUSSISMILIA_HISPIDA,0.0,,,7.7,-17.96,-38.66,PAB4_TP_134
PAB,PAB4,TP,2008,MUSSISMILIA_HISPIDA,0.0,,,7.7,-17.96,-38.66,PAB4_TP_135
PAB,PAB4,TP,2008,MUSSISMILIA_HISPIDA,0.0,,,7.7,-17.96,-38.66,PAB4_TP_136
PAB,PAB4,TP,2008,MUSSISMILIA_HISPIDA,2.430555555555556,,,7.7,-17.96,-38.66,PAB4_TP_137
PAB,PAB4,TP,2008,MUSSISMILIA_HISPIDA,0.0,,,7.7,-17.96,-38.66,PAB4_TP_138
PAB,PAB4,TP,2008,MUSSISMILIA_HISPIDA,1.0344827586206897,,,7.7,-17.96,-38.66,PAB4_TP_139
PAB,PAB4,TP,2008,TURF,18.64406779661017,,,7.7,-17.96,-38.66,PAB4_TP_140
PAB,PAB4,TP,2008,TURF,21.843003412969285,,,7.7,-17.96,-38.66,PAB4_TP_141
PAB,PAB4,TP,2008,TURF,15.807560137457044,,,7.7,-17.96,-38.66,PAB4_TP_142
PAB,PAB4,TP,2008,TURF,16.608996539792386,,,7.7,-17.96,-38.66,PAB4_TP_143
PAB,PAB4,TP,2008,TURF,27.796610169491526,,,7.7,-17.96,-38.66,PAB4_TP_144
PAB,PAB4,TP,2008,TURF,40.00000000000001,,,7.7,-17.96,-38.66,PAB4_TP_145
PAB,PAB4,TP,2008,TURF,54.03508771929825,,,7.7,-17.96,-38.66,PAB4_TP_146
PAB,PAB4,TP,2008,TURF,30.555555555555557,,,7.7,-17.96,-38.66,PAB4_TP_147
PAB,PAB4,TP,2008,TURF,49.65277777777778,,,7.7,-17.96,-38.66,PAB4_TP_148
PAB,PAB4,TP,2008,TURF,34.48275862068965,,,7.7,-17.96,-38.66,PAB4_TP_149
PAB,PAB5,PA,2006,CCA,5.821917808219178,-0.3613756012917929,-0.685998472430385,5.6,-17.94,-38.66,PAB5_PA_0
PAB,PAB5,PA,2006,CCA,17.624521072796934,-0.3613756012917929,-0.685998472430385,5.6,-17.94,-38.66,PAB5_PA_1
PAB,PAB5,PA,2006,CCA,14.625850340136054,-0.3613756012917929,-0.685998472430385,5.6,-17.94,-38.66,PAB5_PA_2
PAB,PAB5,PA,2006,CCA,8.108108108108109,-0.3613756012917929,-0.685998472430385,5.6,-17.94,-38.66,PAB5_PA_3
PAB,PAB5,PA,2006,CCA,14.748201438848922,-0.3613756012917929,-0.685998472430385,5.6,-17.94,-38.66,PAB5_PA_4
PAB,PAB5,PA,2006,CCA,10.774410774410773,-0.3613756012917929,-0.685998472430385,5.6,-17.94,-38.66,PAB5_PA_5
PAB,PAB5,PA,2006,CCA,8.532423208191126,-0.3613756012917929,-0.685998472430385,5.6,-17.94,-38.66,PAB5_PA_6
PAB,PAB5,PA,2006,CCA,11.447811447811448,-0.3613756012917929,-0.685998472430385,5.6,-17.94,-38.66,PAB5_PA_7
PAB,PAB5,PA,2006,CCA,12.457912457912458,-0.3613756012917929,-0.685998472430385,5.6,-17.94,-38.66,PAB5_PA_8
PAB,PAB5,PA,2006,CCA,5.387205387205387,-0.3613756012917929,-0.685998472430385,5.6,-17.94,-38.66,PAB5_PA_9
PAB,PAB5,PA,2006,CYANO,0.0,-0.3613756012917929,-0.685998472430385,5.6,-17.94,-38.66,PAB5_PA_10
PAB,PAB5,PA,2006,CYANO,21.455938697318008,-0.3613756012917929,-0.685998472430385,5.6,-17.94,-38.66,PAB5_PA_11
PAB,PAB5,PA,2006,CYANO,0.0,-0.3613756012917929,-0.685998472430385,5.6,-17.94,-38.66,PAB5_PA_12
PAB,PAB5,PA,2006,CYANO,0.0,-0.3613756012917929,-0.685998472430385,5.6,-17.94,-38.66,PAB5_PA_13
PAB,PAB5,PA,2006,CYANO,1.079136690647482,-0.3613756012917929,-0.685998472430385,5.6,-17.94,-38.66,PAB5_PA_14
PAB,PAB5,PA,2006,CYANO,0.6734006734006733,-0.3613756012917929,-0.685998472430385,5.6,-17.94,-38.66,PAB5_PA_15
PAB,PAB5,PA,2006,CYANO,0.3412969283276451,-0.3613756012917929,-0.685998472430385,5.6,-17.94,-38.66,PAB5_PA_16
PAB,PAB5,PA,2006,CYANO,0.0,-0.3613756012917929,-0.685998472430385,5.6,-17.94,-38.66,PAB5_PA_17
PAB,PAB5,PA,2006,CYANO,0.0,-0.3613756012917929,-0.685998472430385,5.6,-17.94,-38.66,PAB5_PA_18
PAB,PAB5,PA,2006,CYANO,0.0,-0.3613756012917929,-0.685998472430385,5.6,-17.94,-38.66,PAB5_PA_19
PAB,PAB5,PA,2006,MACROALGAE,0.0,-0.3613756012917929,-0.685998472430385,5.6,-17.94,-38.66,PAB5_PA_20
PAB,PAB5,PA,2006,MACROALGAE,0.38314176245210724,-0.3613756012917929,-0.685998472430385,5.6,-17.94,-38.66,PAB5_PA_21
PAB,PAB5,PA,2006,MACROALGAE,0.0,-0.3613756012917929,-0.685998472430385,5.6,-17.94,-38.66,PAB5_PA_22
PAB,PAB5,PA,2006,MACROALGAE,0.0,-0.3613756012917929,-0.685998472430385,5.6,-17.94,-38.66,PAB5_PA_23
PAB,PAB5,PA,2006,MACROALGAE,0.0,-0.3613756012917929,-0.685998472430385,5.6,-17.94,-38.66,PAB5_PA_24
PAB,PAB5,PA,2006,MACROALGAE,0.0,-0.3613756012917929,-0.685998472430385,5.6,-17.94,-38.66,PAB5_PA_25
PAB,PAB5,PA,2006,MACROALGAE,11.945392491467576,-0.3613756012917929,-0.685998472430385,5.6,-17.94,-38.66,PAB5_PA_26
PAB,PAB5,PA,2006,MACROALGAE,0.0,-0.3613756012917929,-0.685998472430385,5.6,-17.94,-38.66,PAB5_PA_27
PAB,PAB5,PA,2006,MACROALGAE,0.0,-0.3613756012917929,-0.685998472430385,5.6,-17.94,-38.66,PAB5_PA_28
PAB,PAB5,PA,2006,MACROALGAE,0.0,-0.3613756012917929,-0.685998472430385,5.6,-17.94,-38.66,PAB5_PA_29
PAB,PAB5,PA,2006,MUSSISMILIA_HISPIDA,0.0,-0.3613756012917929,-0.685998472430385,5.6,-17.94,-38.66,PAB5_PA_30
PAB,PAB5,PA,2006,MUSSISMILIA_HISPIDA,0.0,-0.3613756012917929,-0.685998472430385,5.6,-17.94,-38.66,PAB5_PA_31
PAB,PAB5,PA,2006,MUSSISMILIA_HISPIDA,0.0,-0.3613756012917929,-0.685998472430385,5.6,-17.94,-38.66,PAB5_PA_32
PAB,PAB5,PA,2006,MUSSISMILIA_HISPIDA,0.0,-0.3613756012917929,-0.685998472430385,5.6,-17.94,-38.66,PAB5_PA_33
PAB,PAB5,PA,2006,MUSSISMILIA_HISPIDA,0.0,-0.3613756012917929,-0.685998472430385,5.6,-17.94,-38.66,PAB5_PA_34
PAB,PAB5,PA,2006,MUSSISMILIA_HISPIDA,0.0,-0.3613756012917929,-0.685998472430385,5.6,-17.94,-38.66,PAB5_PA_35
PAB,PAB5,PA,2006,MUSSISMILIA_HISPIDA,0.0,-0.3613756012917929,-0.685998472430385,5.6,-17.94,-38.66,PAB5_PA_36
PAB,PAB5,PA,2006,MUSSISMILIA_HISPIDA,0.0,-0.3613756012917929,-0.685998472430385,5.6,-17.94,-38.66,PAB5_PA_37
PAB,PAB5,PA,2006,MUSSISMILIA_HISPIDA,0.0,-0.3613756012917929,-0.685998472430385,5.6,-17.94,-38.66,PAB5_PA_38
PAB,PAB5,PA,2006,MUSSISMILIA_HISPIDA,0.33670033670033667,-0.3613756012917929,-0.685998472430385,5.6,-17.94,-38.66,PAB5_PA_39
PAB,PAB5,PA,2006,TURF,78.08219178082192,-0.3613756012917929,-0.685998472430385,5.6,-17.94,-38.66,PAB5_PA_40
PAB,PAB5,PA,2006,TURF,47.89272030651341,-0.3613756012917929,-0.685998472430385,5.6,-17.94,-38.66,PAB5_PA_41
PAB,PAB5,PA,2006,TURF,70.40816326530613,-0.3613756012917929,-0.685998472430385,5.6,-17.94,-38.66,PAB5_PA_42
PAB,PAB5,PA,2006,TURF,79.3918918918919,-0.3613756012917929,-0.685998472430385,5.6,-17.94,-38.66,PAB5_PA_43
PAB,PAB5,PA,2006,TURF,70.14388489208633,-0.3613756012917929,-0.685998472430385,5.6,-17.94,-38.66,PAB5_PA_44
PAB,PAB5,PA,2006,TURF,73.06397306397305,-0.3613756012917929,-0.685998472430385,5.6,-17.94,-38.66,PAB5_PA_45
PAB,PAB5,PA,2006,TURF,65.52901023890784,-0.3613756012917929,-0.685998472430385,5.6,-17.94,-38.66,PAB5_PA_46
PAB,PAB5,PA,2006,TURF,76.43097643097643,-0.3613756012917929,-0.685998472430385,5.6,-17.94,-38.66,PAB5_PA_47
PAB,PAB5,PA,2006,TURF,62.2895622895623,-0.3613756012917929,-0.685998472430385,5.6,-17.94,-38.66,PAB5_PA_48
PAB,PAB5,PA,2006,TURF,39.05723905723906,-0.3613756012917929,-0.685998472430385,5.6,-17.94,-38.66,PAB5_PA_49
PAB,PAB5,PA,2007,CCA,55.294117647058826,-0.3613756012917929,-0.685998472430385,5.6,-17.94,-38.66,PAB5_PA_50
PAB,PAB5,PA,2007,CCA,33.07984790874524,-0.3613756012917929,-0.685998472430385,5.6,-17.94,-38.66,PAB5_PA_51
PAB,PAB5,PA,2007,CCA,47.368421052631575,-0.3613756012917929,-0.685998472430385,5.6,-17.94,-38.66,PAB5_PA_52
PAB,PAB5,PA,2007,CCA,47.17741935483871,-0.3613756012917929,-0.685998472430385,5.6,-17.94,-38.66,PAB5_PA_53
PAB,PAB5,PA,2007,CCA,29.1497975708502,-0.3613756012917929,-0.685998472430385,5.6,-17.94,-38.66,PAB5_PA_54
PAB,PAB5,PA,2007,CCA,28.404669260700388,-0.3613756012917929,-0.685998472430385,5.6,-17.94,-38.66,PAB5_PA_55
PAB,PAB5,PA,2007,CCA,30.48780487804878,-0.3613756012917929,-0.685998472430385,5.6,-17.94,-38.66,PAB5_PA_56
PAB,PAB5,PA,2007,CCA,44.54148471615721,-0.3613756012917929,-0.685998472430385,5.6,-17.94,-38.66,PAB5_PA_57
PAB,PAB5,PA,2007,CCA,61.38996138996139,-0.3613756012917929,-0.685998472430385,5.6,-17.94,-38.66,PAB5_PA_58
PAB,PAB5,PA,2007,CCA,22.962962962962962,-0.3613756012917929,-0.685998472430385,5.6,-17.94,-38.66,PAB5_PA_59
PAB,PAB5,PA,2007,CYANO,0.39215686274509803,-0.3613756012917929,-0.685998472430385,5.6,-17.94,-38.66,PAB5_PA_60
PAB,PAB5,PA,2007,CYANO,0.0,-0.3613756012917929,-0.685998472430385,5.6,-17.94,-38.66,PAB5_PA_61
PAB,PAB5,PA,2007,CYANO,0.0,-0.3613756012917929,-0.685998472430385,5.6,-17.94,-38.66,PAB5_PA_62
PAB,PAB5,PA,2007,CYANO,0.0,-0.3613756012917929,-0.685998472430385,5.6,-17.94,-38.66,PAB5_PA_63
PAB,PAB5,PA,2007,CYANO,0.0,-0.3613756012917929,-0.685998472430385,5.6,-17.94,-38.66,PAB5_PA_64
PAB,PAB5,PA,2007,CYANO,0.0,-0.3613756012917929,-0.685998472430385,5.6,-17.94,-38.66,PAB5_PA_65
PAB,PAB5,PA,2007,CYANO,0.0,-0.3613756012917929,-0.685998472430385,5.6,-17.94,-38.66,PAB5_PA_66
PAB,PAB5,PA,2007,CYANO,0.0,-0.3613756012917929,-0.685998472430385,5.6,-17.94,-38.66,PAB5_PA_67
PAB,PAB5,PA,2007,CYANO,0.0,-0.3613756012917929,-0.685998472430385,5.6,-17.94,-38.66,PAB5_PA_68
PAB,PAB5,PA,2007,CYANO,0.0,-0.3613756012917929,-0.685998472430385,5.6,-17.94,-38.66,PAB5_PA_69
PAB,PAB5,PA,2007,MACROALGAE,0.0,-0.3613756012917929,-0.685998472430385,5.6,-17.94,-38.66,PAB5_PA_70
PAB,PAB5,PA,2007,MACROALGAE,0.0,-0.3613756012917929,-0.685998472430385,5.6,-17.94,-38.66,PAB5_PA_71
PAB,PAB5,PA,2007,MACROALGAE,0.0,-0.3613756012917929,-0.685998472430385,5.6,-17.94,-38.66,PAB5_PA_72
PAB,PAB5,PA,2007,MACROALGAE,0.0,-0.3613756012917929,-0.685998472430385,5.6,-17.94,-38.66,PAB5_PA_73
PAB,PAB5,PA,2007,MACROALGAE,0.0,-0.3613756012917929,-0.685998472430385,5.6,-17.94,-38.66,PAB5_PA_74
PAB,PAB5,PA,2007,MACROALGAE,0.0,-0.3613756012917929,-0.685998472430385,5.6,-17.94,-38.66,PAB5_PA_75
PAB,PAB5,PA,2007,MACROALGAE,0.0,-0.3613756012917929,-0.685998472430385,5.6,-17.94,-38.66,PAB5_PA_76
PAB,PAB5,PA,2007,MACROALGAE,0.43668122270742354,-0.3613756012917929,-0.685998472430385,5.6,-17.94,-38.66,PAB5_PA_77
PAB,PAB5,PA,2007,MACROALGAE,0.0,-0.3613756012917929,-0.685998472430385,5.6,-17.94,-38.66,PAB5_PA_78
PAB,PAB5,PA,2007,MACROALGAE,0.3703703703703704,-0.3613756012917929,-0.685998472430385,5.6,-17.94,-38.66,PAB5_PA_79
PAB,PAB5,PA,2007,MUSSISMILIA_HISPIDA,0.0,-0.3613756012917929,-0.685998472430385,5.6,-17.94,-38.66,PAB5_PA_80
PAB,PAB5,PA,2007,MUSSISMILIA_HISPIDA,0.0,-0.3613756012917929,-0.685998472430385,5.6,-17.94,-38.66,PAB5_PA_81
PAB,PAB5,PA,2007,MUSSISMILIA_HISPIDA,0.0,-0.3613756012917929,-0.685998472430385,5.6,-17.94,-38.66,PAB5_PA_82
PAB,PAB5,PA,2007,MUSSISMILIA_HISPIDA,0.0,-0.3613756012917929,-0.685998472430385,5.6,-17.94,-38.66,PAB5_PA_83
PAB,PAB5,PA,2007,MUSSISMILIA_HISPIDA,0.0,-0.3613756012917929,-0.685998472430385,5.6,-17.94,-38.66,PAB5_PA_84
PAB,PAB5,PA,2007,MUSSISMILIA_HISPIDA,0.0,-0.3613756012917929,-0.685998472430385,5.6,-17.94,-38.66,PAB5_PA_85
PAB,PAB5,PA,2007,MUSSISMILIA_HISPIDA,0.0,-0.3613756012917929,-0.685998472430385,5.6,-17.94,-38.66,PAB5_PA_86
PAB,PAB5,PA,2007,MUSSISMILIA_HISPIDA,0.0,-0.3613756012917929,-0.685998472430385,5.6,-17.94,-38.66,PAB5_PA_87
PAB,PAB5,PA,2007,MUSSISMILIA_HISPIDA,0.0,-0.3613756012917929,-0.685998472430385,5.6,-17.94,-38.66,PAB5_PA_88
PAB,PAB5,PA,2007,MUSSISMILIA_HISPIDA,0.0,-0.3613756012917929,-0.685998472430385,5.6,-17.94,-38.66,PAB5_PA_89
PAB,PAB5,PA,2007,TURF,36.86274509803922,-0.3613756012917929,-0.685998472430385,5.6,-17.94,-38.66,PAB5_PA_90
PAB,PAB5,PA,2007,TURF,58.55513307984791,-0.3613756012917929,-0.685998472430385,5.6,-17.94,-38.66,PAB5_PA_91
PAB,PAB5,PA,2007,TURF,46.616541353383454,-0.3613756012917929,-0.685998472430385,5.6,-17.94,-38.66,PAB5_PA_92
PAB,PAB5,PA,2007,TURF,36.693548387096776,-0.3613756012917929,-0.685998472430385,5.6,-17.94,-38.66,PAB5_PA_93
PAB,PAB5,PA,2007,TURF,53.036437246963565,-0.3613756012917929,-0.685998472430385,5.6,-17.94,-38.66,PAB5_PA_94
PAB,PAB5,PA,2007,TURF,58.36575875486382,-0.3613756012917929,-0.685998472430385,5.6,-17.94,-38.66,PAB5_PA_95
PAB,PAB5,PA,2007,TURF,66.26016260162602,-0.3613756012917929,-0.685998472430385,5.6,-17.94,-38.66,PAB5_PA_96
PAB,PAB5,PA,2007,TURF,37.117903930131,-0.3613756012917929,-0.685998472430385,5.6,-17.94,-38.66,PAB5_PA_97
PAB,PAB5,PA,2007,TURF,25.868725868725868,-0.3613756012917929,-0.685998472430385,5.6,-17.94,-38.66,PAB5_PA_98
PAB,PAB5,PA,2007,TURF,25.555555555555554,-0.3613756012917929,-0.685998472430385,5.6,-17.94,-38.66,PAB5_PA_99
PAB,PAB5,PA,2008,CCA,46.0,-0.3613756012917929,-0.685998472430385,5.6,-17.94,-38.66,PAB5_PA_100
PAB,PAB5,PA,2008,CCA,15.789473684210526,-0.3613756012917929,-0.685998472430385,5.6,-17.94,-38.66,PAB5_PA_101
PAB,PAB5,PA,2008,CCA,32.996632996633,-0.3613756012917929,-0.685998472430385,5.6,-17.94,-38.66,PAB5_PA_102
PAB,PAB5,PA,2008,CCA,36.054421768707485,-0.3613756012917929,-0.685998472430385,5.6,-17.94,-38.66,PAB5_PA_103
PAB,PAB5,PA,2008,CCA,50.85910652920962,-0.3613756012917929,-0.685998472430385,5.6,-17.94,-38.66,PAB5_PA_104
PAB,PAB5,PA,2008,CCA,29.86577181208054,-0.3613756012917929,-0.685998472430385,5.6,-17.94,-38.66,PAB5_PA_105
PAB,PAB5,PA,2008,CCA,48.09688581314879,-0.3613756012917929,-0.685998472430385,5.6,-17.94,-38.66,PAB5_PA_106
PAB,PAB5,PA,2008,CCA,46.644295302013425,-0.3613756012917929,-0.685998472430385,5.6,-17.94,-38.66,PAB5_PA_107
PAB,PAB5,PA,2008,CCA,38.56655290102389,-0.3613756012917929,-0.685998472430385,5.6,-17.94,-38.66,PAB5_PA_108
PAB,PAB5,PA,2008,CCA,26.27986348122867,-0.3613756012917929,-0.685998472430385,5.6,-17.94,-38.66,PAB5_PA_109
PAB,PAB5,PA,2008,CYANO,0.0,-0.3613756012917929,-0.685998472430385,5.6,-17.94,-38.66,PAB5_PA_110
PAB,PAB5,PA,2008,CYANO,0.0,-0.3613756012917929,-0.685998472430385,5.6,-17.94,-38.66,PAB5_PA_111
PAB,PAB5,PA,2008,CYANO,0.0,-0.3613756012917929,-0.685998472430385,5.6,-17.94,-38.66,PAB5_PA_112
PAB,PAB5,PA,2008,CYANO,0.6802721088435374,-0.3613756012917929,-0.685998472430385,5.6,-17.94,-38.66,PAB5_PA_113
PAB,PAB5,PA,2008,CYANO,0.0,-0.3613756012917929,-0.685998472430385,5.6,-17.94,-38.66,PAB5_PA_114
PAB,PAB5,PA,2008,CYANO,0.0,-0.3613756012917929,-0.685998472430385,5.6,-17.94,-38.66,PAB5_PA_115
PAB,PAB5,PA,2008,CYANO,0.0,-0.3613756012917929,-0.685998472430385,5.6,-17.94,-38.66,PAB5_PA_116
PAB,PAB5,PA,2008,CYANO,0.0,-0.3613756012917929,-0.685998472430385,5.6,-17.94,-38.66,PAB5_PA_117
PAB,PAB5,PA,2008,CYANO,0.0,-0.3613756012917929,-0.685998472430385,5.6,-17.94,-38.66,PAB5_PA_118
PAB,PAB5,PA,2008,CYANO,0.0,-0.3613756012917929,-0.685998472430385,5.6,-17.94,-38.66,PAB5_PA_119
PAB,PAB5,PA,2008,MACROALGAE,0.0,-0.3613756012917929,-0.685998472430385,5.6,-17.94,-38.66,PAB5_PA_120
PAB,PAB5,PA,2008,MACROALGAE,0.0,-0.3613756012917929,-0.685998472430385,5.6,-17.94,-38.66,PAB5_PA_121
PAB,PAB5,PA,2008,MACROALGAE,0.0,-0.3613756012917929,-0.685998472430385,5.6,-17.94,-38.66,PAB5_PA_122
PAB,PAB5,PA,2008,MACROALGAE,0.0,-0.3613756012917929,-0.685998472430385,5.6,-17.94,-38.66,PAB5_PA_123
PAB,PAB5,PA,2008,MACROALGAE,0.0,-0.3613756012917929,-0.685998472430385,5.6,-17.94,-38.66,PAB5_PA_124
PAB,PAB5,PA,2008,MACROALGAE,0.0,-0.3613756012917929,-0.685998472430385,5.6,-17.94,-38.66,PAB5_PA_125
PAB,PAB5,PA,2008,MACROALGAE,0.0,-0.3613756012917929,-0.685998472430385,5.6,-17.94,-38.66,PAB5_PA_126
PAB,PAB5,PA,2008,MACROALGAE,0.6711409395973155,-0.3613756012917929,-0.685998472430385,5.6,-17.94,-38.66,PAB5_PA_127
PAB,PAB5,PA,2008,MACROALGAE,0.0,-0.3613756012917929,-0.685998472430385,5.6,-17.94,-38.66,PAB5_PA_128
PAB,PAB5,PA,2008,MACROALGAE,0.0,-0.3613756012917929,-0.685998472430385,5.6,-17.94,-38.66,PAB5_PA_129
PAB,PAB5,PA,2008,MUSSISMILIA_HISPIDA,0.0,-0.3613756012917929,-0.685998472430385,5.6,-17.94,-38.66,PAB5_PA_130
PAB,PAB5,PA,2008,MUSSISMILIA_HISPIDA,0.0,-0.3613756012917929,-0.685998472430385,5.6,-17.94,-38.66,PAB5_PA_131
PAB,PAB5,PA,2008,MUSSISMILIA_HISPIDA,0.0,-0.3613756012917929,-0.685998472430385,5.6,-17.94,-38.66,PAB5_PA_132
PAB,PAB5,PA,2008,MUSSISMILIA_HISPIDA,0.3401360544217687,-0.3613756012917929,-0.685998472430385,5.6,-17.94,-38.66,PAB5_PA_133
PAB,PAB5,PA,2008,MUSSISMILIA_HISPIDA,0.0,-0.3613756012917929,-0.685998472430385,5.6,-17.94,-38.66,PAB5_PA_134
PAB,PAB5,PA,2008,MUSSISMILIA_HISPIDA,0.0,-0.3613756012917929,-0.685998472430385,5.6,-17.94,-38.66,PAB5_PA_135
PAB,PAB5,PA,2008,MUSSISMILIA_HISPIDA,0.0,-0.3613756012917929,-0.685998472430385,5.6,-17.94,-38.66,PAB5_PA_136
PAB,PAB5,PA,2008,MUSSISMILIA_HISPIDA,0.0,-0.3613756012917929,-0.685998472430385,5.6,-17.94,-38.66,PAB5_PA_137
PAB,PAB5,PA,2008,MUSSISMILIA_HISPIDA,0.0,-0.3613756012917929,-0.685998472430385,5.6,-17.94,-38.66,PAB5_PA_138
PAB,PAB5,PA,2008,MUSSISMILIA_HISPIDA,0.0,-0.3613756012917929,-0.685998472430385,5.6,-17.94,-38.66,PAB5_PA_139
PAB,PAB5,PA,2008,TURF,46.0,-0.3613756012917929,-0.685998472430385,5.6,-17.94,-38.66,PAB5_PA_140
PAB,PAB5,PA,2008,TURF,77.19298245614034,-0.3613756012917929,-0.685998472430385,5.6,-17.94,-38.66,PAB5_PA_141
PAB,PAB5,PA,2008,TURF,47.81144781144781,-0.3613756012917929,-0.685998472430385,5.6,-17.94,-38.66,PAB5_PA_142
PAB,PAB5,PA,2008,TURF,60.8843537414966,-0.3613756012917929,-0.685998472430385,5.6,-17.94,-38.66,PAB5_PA_143
PAB,PAB5,PA,2008,TURF,43.6426116838488,-0.3613756012917929,-0.685998472430385,5.6,-17.94,-38.66,PAB5_PA_144
PAB,PAB5,PA,2008,TURF,59.06040268456376,-0.3613756012917929,-0.685998472430385,5.6,-17.94,-38.66,PAB5_PA_145
PAB,PAB5,PA,2008,TURF,40.830449826989614,-0.3613756012917929,-0.685998472430385,5.6,-17.94,-38.66,PAB5_PA_146
PAB,PAB5,PA,2008,TURF,38.92617449664429,-0.3613756012917929,-0.685998472430385,5.6,-17.94,-38.66,PAB5_PA_147
PAB,PAB5,PA,2008,TURF,50.51194539249146,-0.3613756012917929,-0.685998472430385,5.6,-17.94,-38.66,PAB5_PA_148
PAB,PAB5,PA,2008,TURF,25.938566552901023,-0.3613756012917929,-0.685998472430385,5.6,-17.94,-38.66,PAB5_PA_149
PAB,PAB5,TP,2006,CCA,4.067796610169491,-0.3613756012917929,-0.685998472430385,5.6,-17.94,-38.66,PAB5_TP_0
PAB,PAB5,TP,2006,CCA,7.2202166064981945,-0.3613756012917929,-0.685998472430385,5.6,-17.94,-38.66,PAB5_TP_1
PAB,PAB5,TP,2006,CCA,16.044776119402986,-0.3613756012917929,-0.685998472430385,5.6,-17.94,-38.66,PAB5_TP_2
PAB,PAB5,TP,2006,CCA,44.44444444444444,-0.3613756012917929,-0.685998472430385,5.6,-17.94,-38.66,PAB5_TP_3
PAB,PAB5,TP,2006,CCA,33.89830508474576,-0.3613756012917929,-0.685998472430385,5.6,-17.94,-38.66,PAB5_TP_4
PAB,PAB5,TP,2006,CCA,46.42857142857143,-0.3613756012917929,-0.685998472430385,5.6,-17.94,-38.66,PAB5_TP_5
PAB,PAB5,TP,2006,CCA,1.509433962264151,-0.3613756012917929,-0.685998472430385,5.6,-17.94,-38.66,PAB5_TP_6
PAB,PAB5,TP,2006,CCA,6.802721088435375,-0.3613756012917929,-0.685998472430385,5.6,-17.94,-38.66,PAB5_TP_7
PAB,PAB5,TP,2006,CCA,28.6231884057971,-0.3613756012917929,-0.685998472430385,5.6,-17.94,-38.66,PAB5_TP_8
PAB,PAB5,TP,2006,CYANO,0.0,-0.3613756012917929,-0.685998472430385,5.6,-17.94,-38.66,PAB5_TP_9
PAB,PAB5,TP,2006,CYANO,0.0,-0.3613756012917929,-0.685998472430385,5.6,-17.94,-38.66,PAB5_TP_10
PAB,PAB5,TP,2006,CYANO,0.0,-0.3613756012917929,-0.685998472430385,5.6,-17.94,-38.66,PAB5_TP_11
PAB,PAB5,TP,2006,CYANO,0.0,-0.3613756012917929,-0.685998472430385,5.6,-17.94,-38.66,PAB5_TP_12
PAB,PAB5,TP,2006,CYANO,0.0,-0.3613756012917929,-0.685998472430385,5.6,-17.94,-38.66,PAB5_TP_13
PAB,PAB5,TP,2006,CYANO,0.0,-0.3613756012917929,-0.685998472430385,5.6,-17.94,-38.66,PAB5_TP_14
PAB,PAB5,TP,2006,CYANO,0.0,-0.3613756012917929,-0.685998472430385,5.6,-17.94,-38.66,PAB5_TP_15
PAB,PAB5,TP,2006,CYANO,0.0,-0.3613756012917929,-0.685998472430385,5.6,-17.94,-38.66,PAB5_TP_16
PAB,PAB5,TP,2006,CYANO,0.0,-0.3613756012917929,-0.685998472430385,5.6,-17.94,-38.66,PAB5_TP_17
PAB,PAB5,TP,2006,MACROALGAE,0.0,-0.3613756012917929,-0.685998472430385,5.6,-17.94,-38.66,PAB5_TP_18
PAB,PAB5,TP,2006,MACROALGAE,0.0,-0.3613756012917929,-0.685998472430385,5.6,-17.94,-38.66,PAB5_TP_19
PAB,PAB5,TP,2006,MACROALGAE,0.0,-0.3613756012917929,-0.685998472430385,5.6,-17.94,-38.66,PAB5_TP_20
PAB,PAB5,TP,2006,MACROALGAE,0.0,-0.3613756012917929,-0.685998472430385,5.6,-17.94,-38.66,PAB5_TP_21
PAB,PAB5,TP,2006,MACROALGAE,0.0,-0.3613756012917929,-0.685998472430385,5.6,-17.94,-38.66,PAB5_TP_22
PAB,PAB5,TP,2006,MACROALGAE,0.0,-0.3613756012917929,-0.685998472430385,5.6,-17.94,-38.66,PAB5_TP_23
PAB,PAB5,TP,2006,MACROALGAE,0.0,-0.3613756012917929,-0.685998472430385,5.6,-17.94,-38.66,PAB5_TP_24
PAB,PAB5,TP,2006,MACROALGAE,0.0,-0.3613756012917929,-0.685998472430385,5.6,-17.94,-38.66,PAB5_TP_25
PAB,PAB5,TP,2006,MACROALGAE,0.0,-0.3613756012917929,-0.685998472430385,5.6,-17.94,-38.66,PAB5_TP_26
PAB,PAB5,TP,2006,MUSSISMILIA_HISPIDA,0.0,-0.3613756012917929,-0.685998472430385,5.6,-17.94,-38.66,PAB5_TP_27
PAB,PAB5,TP,2006,MUSSISMILIA_HISPIDA,0.0,-0.3613756012917929,-0.685998472430385,5.6,-17.94,-38.66,PAB5_TP_28
PAB,PAB5,TP,2006,MUSSISMILIA_HISPIDA,0.0,-0.3613756012917929,-0.685998472430385,5.6,-17.94,-38.66,PAB5_TP_29
PAB,PAB5,TP,2006,MUSSISMILIA_HISPIDA,0.0,-0.3613756012917929,-0.685998472430385,5.6,-17.94,-38.66,PAB5_TP_30
PAB,PAB5,TP,2006,MUSSISMILIA_HISPIDA,0.0,-0.3613756012917929,-0.685998472430385,5.6,-17.94,-38.66,PAB5_TP_31
PAB,PAB5,TP,2006,MUSSISMILIA_HISPIDA,0.0,-0.3613756012917929,-0.685998472430385,5.6,-17.94,-38.66,PAB5_TP_32
PAB,PAB5,TP,2006,MUSSISMILIA_HISPIDA,0.0,-0.3613756012917929,-0.685998472430385,5.6,-17.94,-38.66,PAB5_TP_33
PAB,PAB5,TP,2006,MUSSISMILIA_HISPIDA,0.0,-0.3613756012917929,-0.685998472430385,5.6,-17.94,-38.66,PAB5_TP_34
PAB,PAB5,TP,2006,MUSSISMILIA_HISPIDA,4.3478260869565215,-0.3613756012917929,-0.685998472430385,5.6,-17.94,-38.66,PAB5_TP_35
PAB,PAB5,TP,2006,TURF,7.118644067796611,-0.3613756012917929,-0.685998472430385,5.6,-17.94,-38.66,PAB5_TP_36
PAB,PAB5,TP,2006,TURF,2.527075812274368,-0.3613756012917929,-0.685998472430385,5.6,-17.94,-38.66,PAB5_TP_37
PAB,PAB5,TP,2006,TURF,32.46268656716418,-0.3613756012917929,-0.685998472430385,5.6,-17.94,-38.66,PAB5_TP_38
PAB,PAB5,TP,2006,TURF,53.125,-0.3613756012917929,-0.685998472430385,5.6,-17.94,-38.66,PAB5_TP_39
PAB,PAB5,TP,2006,TURF,3.728813559322034,-0.3613756012917929,-0.685998472430385,5.6,-17.94,-38.66,PAB5_TP_40
PAB,PAB5,TP,2006,TURF,0.0,-0.3613756012917929,-0.685998472430385,5.6,-17.94,-38.66,PAB5_TP_41
PAB,PAB5,TP,2006,TURF,0.0,-0.3613756012917929,-0.685998472430385,5.6,-17.94,-38.66,PAB5_TP_42
PAB,PAB5,TP,2006,TURF,26.53061224489796,-0.3613756012917929,-0.685998472430385,5.6,-17.94,-38.66,PAB5_TP_43
PAB,PAB5,TP,2006,TURF,44.565217391304344,-0.3613756012917929,-0.685998472430385,5.6,-17.94,-38.66,PAB5_TP_44
PAB,PAB5,TP,2007,CCA,2.3890784982935154,-0.3613756012917929,-0.685998472430385,5.6,-17.94,-38.66,PAB5_TP_45
PAB,PAB5,TP,2007,CCA,1.0273972602739725,-0.3613756012917929,-0.685998472430385,5.6,-17.94,-38.66,PAB5_TP_46
PAB,PAB5,TP,2007,CCA,5.2264808362369335,-0.3613756012917929,-0.685998472430385,5.6,-17.94,-38.66,PAB5_TP_47
PAB,PAB5,TP,2007,CCA,0.35211267605633806,-0.3613756012917929,-0.685998472430385,5.6,-17.94,-38.66,PAB5_TP_48
PAB,PAB5,TP,2007,CCA,11.604095563139932,-0.3613756012917929,-0.685998472430385,5.6,-17.94,-38.66,PAB5_TP_49
PAB,PAB5,TP,2007,CCA,7.26643598615917,-0.3613756012917929,-0.685998472430385,5.6,-17.94,-38.66,PAB5_TP_50
PAB,PAB5,TP,2007,CCA,8.865248226950355,-0.3613756012917929,-0.685998472430385,5.6,-17.94,-38.66,PAB5_TP_51
PAB,PAB5,TP,2007,CCA,4.778156996587031,-0.3613756012917929,-0.685998472430385,5.6,-17.94,-38.66,PAB5_TP_52
PAB,PAB5,TP,2007,CCA,13.148788927335639,-0.3613756012917929,-0.685998472430385,5.6,-17.94,-38.66,PAB5_TP_53
PAB,PAB5,TP,2007,CYANO,0.3412969283276451,-0.3613756012917929,-0.685998472430385,5.6,-17.94,-38.66,PAB5_TP_54
PAB,PAB5,TP,2007,CYANO,0.0,-0.3613756012917929,-0.685998472430385,5.6,-17.94,-38.66,PAB5_TP_55
PAB,PAB5,TP,2007,CYANO,2.0905923344947737,-0.3613756012917929,-0.685998472430385,5.6,-17.94,-38.66,PAB5_TP_56
PAB,PAB5,TP,2007,CYANO,0.0,-0.3613756012917929,-0.685998472430385,5.6,-17.94,-38.66,PAB5_TP_57
PAB,PAB5,TP,2007,CYANO,1.7064846416382253,-0.3613756012917929,-0.685998472430385,5.6,-17.94,-38.66,PAB5_TP_58
PAB,PAB5,TP,2007,CYANO,6.228373702422145,-0.3613756012917929,-0.685998472430385,5.6,-17.94,-38.66,PAB5_TP_59
PAB,PAB5,TP,2007,CYANO,3.1914893617021276,-0.3613756012917929,-0.685998472430385,5.6,-17.94,-38.66,PAB5_TP_60
PAB,PAB5,TP,2007,CYANO,2.3890784982935154,-0.3613756012917929,-0.685998472430385,5.6,-17.94,-38.66,PAB5_TP_61
PAB,PAB5,TP,2007,CYANO,4.844290657439446,-0.3613756012917929,-0.685998472430385,5.6,-17.94,-38.66,PAB5_TP_62
PAB,PAB5,TP,2007,MACROALGAE,0.0,-0.3613756012917929,-0.685998472430385,5.6,-17.94,-38.66,PAB5_TP_63
PAB,PAB5,TP,2007,MACROALGAE,0.0,-0.3613756012917929,-0.685998472430385,5.6,-17.94,-38.66,PAB5_TP_64
PAB,PAB5,TP,2007,MACROALGAE,0.0,-0.3613756012917929,-0.685998472430385,5.6,-17.94,-38.66,PAB5_TP_65
PAB,PAB5,TP,2007,MACROALGAE,0.0,-0.3613756012917929,-0.685998472430385,5.6,-17.94,-38.66,PAB5_TP_66
PAB,PAB5,TP,2007,MACROALGAE,0.0,-0.3613756012917929,-0.685998472430385,5.6,-17.94,-38.66,PAB5_TP_67
PAB,PAB5,TP,2007,MACROALGAE,0.0,-0.3613756012917929,-0.685998472430385,5.6,-17.94,-38.66,PAB5_TP_68
PAB,PAB5,TP,2007,MACROALGAE,0.0,-0.3613756012917929,-0.685998472430385,5.6,-17.94,-38.66,PAB5_TP_69
PAB,PAB5,TP,2007,MACROALGAE,0.0,-0.3613756012917929,-0.685998472430385,5.6,-17.94,-38.66,PAB5_TP_70
PAB,PAB5,TP,2007,MACROALGAE,0.0,-0.3613756012917929,-0.685998472430385,5.6,-17.94,-38.66,PAB5_TP_71
PAB,PAB5,TP,2007,MUSSISMILIA_HISPIDA,0.0,-0.3613756012917929,-0.685998472430385,5.6,-17.94,-38.66,PAB5_TP_72
PAB,PAB5,TP,2007,MUSSISMILIA_HISPIDA,0.0,-0.3613756012917929,-0.685998472430385,5.6,-17.94,-38.66,PAB5_TP_73
PAB,PAB5,TP,2007,MUSSISMILIA_HISPIDA,0.0,-0.3613756012917929,-0.685998472430385,5.6,-17.94,-38.66,PAB5_TP_74
PAB,PAB5,TP,2007,MUSSISMILIA_HISPIDA,0.0,-0.3613756012917929,-0.685998472430385,5.6,-17.94,-38.66,PAB5_TP_75
PAB,PAB5,TP,2007,MUSSISMILIA_HISPIDA,0.3412969283276451,-0.3613756012917929,-0.685998472430385,5.6,-17.94,-38.66,PAB5_TP_76
PAB,PAB5,TP,2007,MUSSISMILIA_HISPIDA,0.0,-0.3613756012917929,-0.685998472430385,5.6,-17.94,-38.66,PAB5_TP_77
PAB,PAB5,TP,2007,MUSSISMILIA_HISPIDA,0.0,-0.3613756012917929,-0.685998472430385,5.6,-17.94,-38.66,PAB5_TP_78
PAB,PAB5,TP,2007,MUSSISMILIA_HISPIDA,0.0,-0.3613756012917929,-0.685998472430385,5.6,-17.94,-38.66,PAB5_TP_79
PAB,PAB5,TP,2007,MUSSISMILIA_HISPIDA,7.958477508650519,-0.3613756012917929,-0.685998472430385,5.6,-17.94,-38.66,PAB5_TP_80
PAB,PAB5,TP,2007,TURF,14.33447098976109,-0.3613756012917929,-0.685998472430385,5.6,-17.94,-38.66,PAB5_TP_81
PAB,PAB5,TP,2007,TURF,35.61643835616438,-0.3613756012917929,-0.685998472430385,5.6,-17.94,-38.66,PAB5_TP_82
PAB,PAB5,TP,2007,TURF,36.23693379790941,-0.3613756012917929,-0.685998472430385,5.6,-17.94,-38.66,PAB5_TP_83
PAB,PAB5,TP,2007,TURF,3.5211267605633805,-0.3613756012917929,-0.685998472430385,5.6,-17.94,-38.66,PAB5_TP_84
PAB,PAB5,TP,2007,TURF,81.56996587030716,-0.3613756012917929,-0.685998472430385,5.6,-17.94,-38.66,PAB5_TP_85
PAB,PAB5,TP,2007,TURF,23.18339100346021,-0.3613756012917929,-0.685998472430385,5.6,-17.94,-38.66,PAB5_TP_86
PAB,PAB5,TP,2007,TURF,42.90780141843972,-0.3613756012917929,-0.685998472430385,5.6,-17.94,-38.66,PAB5_TP_87
PAB,PAB5,TP,2007,TURF,39.93174061433447,-0.3613756012917929,-0.685998472430385,5.6,-17.94,-38.66,PAB5_TP_88
PAB,PAB5,TP,2007,TURF,51.90311418685122,-0.3613756012917929,-0.685998472430385,5.6,-17.94,-38.66,PAB5_TP_89
PAB,PAB5,TP,2008,CCA,5.902777777777778,-0.3613756012917929,-0.685998472430385,5.6,-17.94,-38.66,PAB5_TP_90
PAB,PAB5,TP,2008,CCA,25.36231884057971,-0.3613756012917929,-0.685998472430385,5.6,-17.94,-38.66,PAB5_TP_91
PAB,PAB5,TP,2008,CCA,3.0100334448160537,-0.3613756012917929,-0.685998472430385,5.6,-17.94,-38.66,PAB5_TP_92
PAB,PAB5,TP,2008,CCA,16.19718309859155,-0.3613756012917929,-0.685998472430385,5.6,-17.94,-38.66,PAB5_TP_93
PAB,PAB5,TP,2008,CCA,10.472972972972974,-0.3613756012917929,-0.685998472430385,5.6,-17.94,-38.66,PAB5_TP_94
PAB,PAB5,TP,2008,CCA,12.543554006968641,-0.3613756012917929,-0.685998472430385,5.6,-17.94,-38.66,PAB5_TP_95
PAB,PAB5,TP,2008,CCA,6.506849315068493,-0.3613756012917929,-0.685998472430385,5.6,-17.94,-38.66,PAB5_TP_96
PAB,PAB5,TP,2008,CCA,5.47945205479452,-0.3613756012917929,-0.685998472430385,5.6,-17.94,-38.66,PAB5_TP_97
PAB,PAB5,TP,2008,CCA,17.08185053380783,-0.3613756012917929,-0.685998472430385,5.6,-17.94,-38.66,PAB5_TP_98
PAB,PAB5,TP,2008,CYANO,0.0,-0.3613756012917929,-0.685998472430385,5.6,-17.94,-38.66,PAB5_TP_99
PAB,PAB5,TP,2008,CYANO,11.956521739130435,-0.3613756012917929,-0.685998472430385,5.6,-17.94,-38.66,PAB5_TP_100
PAB,PAB5,TP,2008,CYANO,0.0,-0.3613756012917929,-0.685998472430385,5.6,-17.94,-38.66,PAB5_TP_101
PAB,PAB5,TP,2008,CYANO,0.7042253521126761,-0.3613756012917929,-0.685998472430385,5.6,-17.94,-38.66,PAB5_TP_102
PAB,PAB5,TP,2008,CYANO,0.0,-0.3613756012917929,-0.685998472430385,5.6,-17.94,-38.66,PAB5_TP_103
PAB,PAB5,TP,2008,CYANO,0.0,-0.3613756012917929,-0.685998472430385,5.6,-17.94,-38.66,PAB5_TP_104
PAB,PAB5,TP,2008,CYANO,0.0,-0.3613756012917929,-0.685998472430385,5.6,-17.94,-38.66,PAB5_TP_105
PAB,PAB5,TP,2008,CYANO,0.0,-0.3613756012917929,-0.685998472430385,5.6,-17.94,-38.66,PAB5_TP_106
PAB,PAB5,TP,2008,CYANO,0.7117437722419928,-0.3613756012917929,-0.685998472430385,5.6,-17.94,-38.66,PAB5_TP_107
PAB,PAB5,TP,2008,MACROALGAE,0.0,-0.3613756012917929,-0.685998472430385,5.6,-17.94,-38.66,PAB5_TP_108
PAB,PAB5,TP,2008,MACROALGAE,12.681159420289855,-0.3613756012917929,-0.685998472430385,5.6,-17.94,-38.66,PAB5_TP_109
PAB,PAB5,TP,2008,MACROALGAE,0.0,-0.3613756012917929,-0.685998472430385,5.6,-17.94,-38.66,PAB5_TP_110
PAB,PAB5,TP,2008,MACROALGAE,0.0,-0.3613756012917929,-0.685998472430385,5.6,-17.94,-38.66,PAB5_TP_111
PAB,PAB5,TP,2008,MACROALGAE,0.0,-0.3613756012917929,-0.685998472430385,5.6,-17.94,-38.66,PAB5_TP_112
PAB,PAB5,TP,2008,MACROALGAE,0.0,-0.3613756012917929,-0.685998472430385,5.6,-17.94,-38.66,PAB5_TP_113
PAB,PAB5,TP,2008,MACROALGAE,0.0,-0.3613756012917929,-0.685998472430385,5.6,-17.94,-38.66,PAB5_TP_114
PAB,PAB5,TP,2008,MACROALGAE,1.0273972602739725,-0.3613756012917929,-0.685998472430385,5.6,-17.94,-38.66,PAB5_TP_115
PAB,PAB5,TP,2008,MACROALGAE,0.0,-0.3613756012917929,-0.685998472430385,5.6,-17.94,-38.66,PAB5_TP_116
PAB,PAB5,TP,2008,MUSSISMILIA_HISPIDA,0.0,-0.3613756012917929,-0.685998472430385,5.6,-17.94,-38.66,PAB5_TP_117
PAB,PAB5,TP,2008,MUSSISMILIA_HISPIDA,0.0,-0.3613756012917929,-0.685998472430385,5.6,-17.94,-38.66,PAB5_TP_118
PAB,PAB5,TP,2008,MUSSISMILIA_HISPIDA,0.0,-0.3613756012917929,-0.685998472430385,5.6,-17.94,-38.66,PAB5_TP_119
PAB,PAB5,TP,2008,MUSSISMILIA_HISPIDA,0.0,-0.3613756012917929,-0.685998472430385,5.6,-17.94,-38.66,PAB5_TP_120
PAB,PAB5,TP,2008,MUSSISMILIA_HISPIDA,0.0,-0.3613756012917929,-0.685998472430385,5.6,-17.94,-38.66,PAB5_TP_121
PAB,PAB5,TP,2008,MUSSISMILIA_HISPIDA,0.0,-0.3613756012917929,-0.685998472430385,5.6,-17.94,-38.66,PAB5_TP_122
PAB,PAB5,TP,2008,MUSSISMILIA_HISPIDA,0.0,-0.3613756012917929,-0.685998472430385,5.6,-17.94,-38.66,PAB5_TP_123
PAB,PAB5,TP,2008,MUSSISMILIA_HISPIDA,0.0,-0.3613756012917929,-0.685998472430385,5.6,-17.94,-38.66,PAB5_TP_124
PAB,PAB5,TP,2008,MUSSISMILIA_HISPIDA,2.135231316725979,-0.3613756012917929,-0.685998472430385,5.6,-17.94,-38.66,PAB5_TP_125
PAB,PAB5,TP,2008,TURF,1.0416666666666665,-0.3613756012917929,-0.685998472430385,5.6,-17.94,-38.66,PAB5_TP_126
PAB,PAB5,TP,2008,TURF,44.20289855072464,-0.3613756012917929,-0.685998472430385,5.6,-17.94,-38.66,PAB5_TP_127
PAB,PAB5,TP,2008,TURF,29.09698996655518,-0.3613756012917929,-0.685998472430385,5.6,-17.94,-38.66,PAB5_TP_128
PAB,PAB5,TP,2008,TURF,19.366197183098592,-0.3613756012917929,-0.685998472430385,5.6,-17.94,-38.66,PAB5_TP_129
PAB,PAB5,TP,2008,TURF,14.527027027027026,-0.3613756012917929,-0.685998472430385,5.6,-17.94,-38.66,PAB5_TP_130
PAB,PAB5,TP,2008,TURF,17.073170731707318,-0.3613756012917929,-0.685998472430385,5.6,-17.94,-38.66,PAB5_TP_131
PAB,PAB5,TP,2008,TURF,37.67123287671233,-0.3613756012917929,-0.685998472430385,5.6,-17.94,-38.66,PAB5_TP_132
PAB,PAB5,TP,2008,TURF,26.71232876712329,-0.3613756012917929,-0.685998472430385,5.6,-17.94,-38.66,PAB5_TP_133
PAB,PAB5,TP,2008,TURF,55.51601423487544,-0.3613756012917929,-0.685998472430385,5.6,-17.94,-38.66,PAB5_TP_134
UCR,ARENG,PA,2006,CCA,36.09022556390977,-0.2064969589546828,-0.9730605283958612,5.2,-17.67,-39.0,ARENG_PA_0
UCR,ARENG,PA,2006,CCA,15.636363636363637,-0.2064969589546828,-0.9730605283958612,5.2,-17.67,-39.0,ARENG_PA_1
UCR,ARENG,PA,2006,CCA,41.245136186770424,-0.2064969589546828,-0.9730605283958612,5.2,-17.67,-39.0,ARENG_PA_2
UCR,ARENG,PA,2006,CCA,11.945392491467576,-0.2064969589546828,-0.9730605283958612,5.2,-17.67,-39.0,ARENG_PA_3
UCR,ARENG,PA,2006,CCA,7.4324324324324325,-0.2064969589546828,-0.9730605283958612,5.2,-17.67,-39.0,ARENG_PA_4
UCR,ARENG,PA,2006,CCA,7.377049180327869,-0.2064969589546828,-0.9730605283958612,5.2,-17.67,-39.0,ARENG_PA_5
UCR,ARENG,PA,2006,CCA,6.462585034013606,-0.2064969589546828,-0.9730605283958612,5.2,-17.67,-39.0,ARENG_PA_6
UCR,ARENG,PA,2006,CCA,12.903225806451612,-0.2064969589546828,-0.9730605283958612,5.2,-17.67,-39.0,ARENG_PA_7
UCR,ARENG,PA,2006,CCA,4.661016949152542,-0.2064969589546828,-0.9730605283958612,5.2,-17.67,-39.0,ARENG_PA_8
UCR,ARENG,PA,2006,CCA,10.99290780141844,-0.2064969589546828,-0.9730605283958612,5.2,-17.67,-39.0,ARENG_PA_9
UCR,ARENG,PA,2006,CYANO,1.5037593984962405,-0.2064969589546828,-0.9730605283958612,5.2,-17.67,-39.0,ARENG_PA_10
UCR,ARENG,PA,2006,CYANO,11.272727272727273,-0.2064969589546828,-0.9730605283958612,5.2,-17.67,-39.0,ARENG_PA_11
UCR,ARENG,PA,2006,CYANO,8.171206225680933,-0.2064969589546828,-0.9730605283958612,5.2,-17.67,-39.0,ARENG_PA_12
UCR,ARENG,PA,2006,CYANO,6.825938566552901,-0.2064969589546828,-0.9730605283958612,5.2,-17.67,-39.0,ARENG_PA_13
UCR,ARENG,PA,2006,CYANO,19.93243243243243,-0.2064969589546828,-0.9730605283958612,5.2,-17.67,-39.0,ARENG_PA_14
UCR,ARENG,PA,2006,CYANO,8.60655737704918,-0.2064969589546828,-0.9730605283958612,5.2,-17.67,-39.0,ARENG_PA_15
UCR,ARENG,PA,2006,CYANO,8.503401360544217,-0.2064969589546828,-0.9730605283958612,5.2,-17.67,-39.0,ARENG_PA_16
UCR,ARENG,PA,2006,CYANO,0.0,-0.2064969589546828,-0.9730605283958612,5.2,-17.67,-39.0,ARENG_PA_17
UCR,ARENG,PA,2006,CYANO,4.661016949152542,-0.2064969589546828,-0.9730605283958612,5.2,-17.67,-39.0,ARENG_PA_18
UCR,ARENG,PA,2006,CYANO,7.801418439716312,-0.2064969589546828,-0.9730605283958612,5.2,-17.67,-39.0,ARENG_PA_19
UCR,ARENG,PA,2006,MACROALGAE,0.0,-0.2064969589546828,-0.9730605283958612,5.2,-17.67,-39.0,ARENG_PA_20
UCR,ARENG,PA,2006,MACROALGAE,0.0,-0.2064969589546828,-0.9730605283958612,5.2,-17.67,-39.0,ARENG_PA_21
UCR,ARENG,PA,2006,MACROALGAE,0.0,-0.2064969589546828,-0.9730605283958612,5.2,-17.67,-39.0,ARENG_PA_22
UCR,ARENG,PA,2006,MACROALGAE,0.0,-0.2064969589546828,-0.9730605283958612,5.2,-17.67,-39.0,ARENG_PA_23
UCR,ARENG,PA,2006,MACROALGAE,0.0,-0.2064969589546828,-0.9730605283958612,5.2,-17.67,-39.0,ARENG_PA_24
UCR,ARENG,PA,2006,MACROALGAE,0.0,-0.2064969589546828,-0.9730605283958612,5.2,-17.67,-39.0,ARENG_PA_25
UCR,ARENG,PA,2006,MACROALGAE,0.0,-0.2064969589546828,-0.9730605283958612,5.2,-17.67,-39.0,ARENG_PA_26
UCR,ARENG,PA,2006,MACROALGAE,0.0,-0.2064969589546828,-0.9730605283958612,5.2,-17.67,-39.0,ARENG_PA_27
UCR,ARENG,PA,2006,MACROALGAE,0.0,-0.2064969589546828,-0.9730605283958612,5.2,-17.67,-39.0,ARENG_PA_28
UCR,ARENG,PA,2006,MACROALGAE,0.0,-0.2064969589546828,-0.9730605283958612,5.2,-17.67,-39.0,ARENG_PA_29
UCR,ARENG,PA,2006,MUSSISMILIA_HISPIDA,0.0,-0.2064969589546828,-0.9730605283958612,5.2,-17.67,-39.0,ARENG_PA_30
UCR,ARENG,PA,2006,MUSSISMILIA_HISPIDA,0.0,-0.2064969589546828,-0.9730605283958612,5.2,-17.67,-39.0,ARENG_PA_31
UCR,ARENG,PA,2006,MUSSISMILIA_HISPIDA,0.0,-0.2064969589546828,-0.9730605283958612,5.2,-17.67,-39.0,ARENG_PA_32
UCR,ARENG,PA,2006,MUSSISMILIA_HISPIDA,0.0,-0.2064969589546828,-0.9730605283958612,5.2,-17.67,-39.0,ARENG_PA_33
UCR,ARENG,PA,2006,MUSSISMILIA_HISPIDA,0.0,-0.2064969589546828,-0.9730605283958612,5.2,-17.67,-39.0,ARENG_PA_34
UCR,ARENG,PA,2006,MUSSISMILIA_HISPIDA,4.508196721311475,-0.2064969589546828,-0.9730605283958612,5.2,-17.67,-39.0,ARENG_PA_35
UCR,ARENG,PA,2006,MUSSISMILIA_HISPIDA,3.061224489795918,-0.2064969589546828,-0.9730605283958612,5.2,-17.67,-39.0,ARENG_PA_36
UCR,ARENG,PA,2006,MUSSISMILIA_HISPIDA,0.7168458781362007,-0.2064969589546828,-0.9730605283958612,5.2,-17.67,-39.0,ARENG_PA_37
UCR,ARENG,PA,2006,MUSSISMILIA_HISPIDA,0.0,-0.2064969589546828,-0.9730605283958612,5.2,-17.67,-39.0,ARENG_PA_38
UCR,ARENG,PA,2006,MUSSISMILIA_HISPIDA,0.0,-0.2064969589546828,-0.9730605283958612,5.2,-17.67,-39.0,ARENG_PA_39
UCR,ARENG,PA,2006,TURF,16.917293233082706,-0.2064969589546828,-0.9730605283958612,5.2,-17.67,-39.0,ARENG_PA_40
UCR,ARENG,PA,2006,TURF,12.363636363636363,-0.2064969589546828,-0.9730605283958612,5.2,-17.67,-39.0,ARENG_PA_41
UCR,ARENG,PA,2006,TURF,17.120622568093385,-0.2064969589546828,-0.9730605283958612,5.2,-17.67,-39.0,ARENG_PA_42
UCR,ARENG,PA,2006,TURF,13.993174061433445,-0.2064969589546828,-0.9730605283958612,5.2,-17.67,-39.0,ARENG_PA_43
UCR,ARENG,PA,2006,TURF,9.121621621621621,-0.2064969589546828,-0.9730605283958612,5.2,-17.67,-39.0,ARENG_PA_44
UCR,ARENG,PA,2006,TURF,18.032786885245905,-0.2064969589546828,-0.9730605283958612,5.2,-17.67,-39.0,ARENG_PA_45
UCR,ARENG,PA,2006,TURF,13.945578231292519,-0.2064969589546828,-0.9730605283958612,5.2,-17.67,-39.0,ARENG_PA_46
UCR,ARENG,PA,2006,TURF,5.734767025089606,-0.2064969589546828,-0.9730605283958612,5.2,-17.67,-39.0,ARENG_PA_47
UCR,ARENG,PA,2006,TURF,5.932203389830508,-0.2064969589546828,-0.9730605283958612,5.2,-17.67,-39.0,ARENG_PA_48
UCR,ARENG,PA,2006,TURF,5.673758865248227,-0.2064969589546828,-0.9730605283958612,5.2,-17.67,-39.0,ARENG_PA_49
UCR,ARENG,PA,2007,CCA,21.3768115942029,-0.2064969589546828,-0.9730605283958612,5.2,-17.67,-39.0,ARENG_PA_50
UCR,ARENG,PA,2007,CCA,22.22222222222222,-0.2064969589546828,-0.9730605283958612,5.2,-17.67,-39.0,ARENG_PA_51
UCR,ARENG,PA,2007,CCA,37.35849056603773,-0.2064969589546828,-0.9730605283958612,5.2,-17.67,-39.0,ARENG_PA_52
UCR,ARENG,PA,2007,CCA,17.01388888888889,-0.2064969589546828,-0.9730605283958612,5.2,-17.67,-39.0,ARENG_PA_53
UCR,ARENG,PA,2007,CCA,5.673758865248227,-0.2064969589546828,-0.9730605283958612,5.2,-17.67,-39.0,ARENG_PA_54
UCR,ARENG,PA,2007,CCA,9.310344827586208,-0.2064969589546828,-0.9730605283958612,5.2,-17.67,-39.0,ARENG_PA_55
UCR,ARENG,PA,2007,CCA,18.24561403508772,-0.2064969589546828,-0.9730605283958612,5.2,-17.67,-39.0,ARENG_PA_56
UCR,ARENG,PA,2007,CCA,10.380622837370241,-0.2064969589546828,-0.9730605283958612,5.2,-17.67,-39.0,ARENG_PA_57
UCR,ARENG,PA,2007,CCA,5.460750853242321,-0.2064969589546828,-0.9730605283958612,5.2,-17.67,-39.0,ARENG_PA_58
UCR,ARENG,PA,2007,CCA,8.741258741258742,-0.2064969589546828,-0.9730605283958612,5.2,-17.67,-39.0,ARENG_PA_59
UCR,ARENG,PA,2007,CYANO,0.36231884057971014,-0.2064969589546828,-0.9730605283958612,5.2,-17.67,-39.0,ARENG_PA_60
UCR,ARENG,PA,2007,CYANO,0.0,-0.2064969589546828,-0.9730605283958612,5.2,-17.67,-39.0,ARENG_PA_61
UCR,ARENG,PA,2007,CYANO,0.37735849056603776,-0.2064969589546828,-0.9730605283958612,5.2,-17.67,-39.0,ARENG_PA_62
UCR,ARENG,PA,2007,CYANO,0.3472222222222222,-0.2064969589546828,-0.9730605283958612,5.2,-17.67,-39.0,ARENG_PA_63
UCR,ARENG,PA,2007,CYANO,0.0,-0.2064969589546828,-0.9730605283958612,5.2,-17.67,-39.0,ARENG_PA_64
UCR,ARENG,PA,2007,CYANO,0.0,-0.2064969589546828,-0.9730605283958612,5.2,-17.67,-39.0,ARENG_PA_65
UCR,ARENG,PA,2007,CYANO,0.3508771929824561,-0.2064969589546828,-0.9730605283958612,5.2,-17.67,-39.0,ARENG_PA_66
UCR,ARENG,PA,2007,CYANO,0.0,-0.2064969589546828,-0.9730605283958612,5.2,-17.67,-39.0,ARENG_PA_67
UCR,ARENG,PA,2007,CYANO,0.3412969283276451,-0.2064969589546828,-0.9730605283958612,5.2,-17.67,-39.0,ARENG_PA_68
UCR,ARENG,PA,2007,CYANO,0.6993006993006993,-0.2064969589546828,-0.9730605283958612,5.2,-17.67,-39.0,ARENG_PA_69
UCR,ARENG,PA,2007,MACROALGAE,0.0,-0.2064969589546828,-0.9730605283958612,5.2,-17.67,-39.0,ARENG_PA_70
UCR,ARENG,PA,2007,MACROALGAE,0.0,-0.2064969589546828,-0.9730605283958612,5.2,-17.67,-39.0,ARENG_PA_71
UCR,ARENG,PA,2007,MACROALGAE,0.0,-0.2064969589546828,-0.9730605283958612,5.2,-17.67,-39.0,ARENG_PA_72
UCR,ARENG,PA,2007,MACROALGAE,0.0,-0.2064969589546828,-0.9730605283958612,5.2,-17.67,-39.0,ARENG_PA_73
UCR,ARENG,PA,2007,MACROALGAE,0.0,-0.2064969589546828,-0.9730605283958612,5.2,-17.67,-39.0,ARENG_PA_74
UCR,ARENG,PA,2007,MACROALGAE,0.0,-0.2064969589546828,-0.9730605283958612,5.2,-17.67,-39.0,ARENG_PA_75
UCR,ARENG,PA,2007,MACROALGAE,0.0,-0.2064969589546828,-0.9730605283958612,5.2,-17.67,-39.0,ARENG_PA_76
UCR,ARENG,PA,2007,MACROALGAE,0.0,-0.2064969589546828,-0.9730605283958612,5.2,-17.67,-39.0,ARENG_PA_77
UCR,ARENG,PA,2007,MACROALGAE,0.0,-0.2064969589546828,-0.9730605283958612,5.2,-17.67,-39.0,ARENG_PA_78
UCR,ARENG,PA,2007,MACROALGAE,0.0,-0.2064969589546828,-0.9730605283958612,5.2,-17.67,-39.0,ARENG_PA_79
UCR,ARENG,PA,2007,MUSSISMILIA_HISPIDA,0.0,-0.2064969589546828,-0.9730605283958612,5.2,-17.67,-39.0,ARENG_PA_80
UCR,ARENG,PA,2007,MUSSISMILIA_HISPIDA,1.0416666666666665,-0.2064969589546828,-0.9730605283958612,5.2,-17.67,-39.0,ARENG_PA_81
UCR,ARENG,PA,2007,MUSSISMILIA_HISPIDA,1.509433962264151,-0.2064969589546828,-0.9730605283958612,5.2,-17.67,-39.0,ARENG_PA_82
UCR,ARENG,PA,2007,MUSSISMILIA_HISPIDA,4.513888888888888,-0.2064969589546828,-0.9730605283958612,5.2,-17.67,-39.0,ARENG_PA_83
UCR,ARENG,PA,2007,MUSSISMILIA_HISPIDA,1.4184397163120568,-0.2064969589546828,-0.9730605283958612,5.2,-17.67,-39.0,ARENG_PA_84
UCR,ARENG,PA,2007,MUSSISMILIA_HISPIDA,8.275862068965518,-0.2064969589546828,-0.9730605283958612,5.2,-17.67,-39.0,ARENG_PA_85
UCR,ARENG,PA,2007,MUSSISMILIA_HISPIDA,0.3508771929824561,-0.2064969589546828,-0.9730605283958612,5.2,-17.67,-39.0,ARENG_PA_86
UCR,ARENG,PA,2007,MUSSISMILIA_HISPIDA,0.0,-0.2064969589546828,-0.9730605283958612,5.2,-17.67,-39.0,ARENG_PA_87
UCR,ARENG,PA,2007,MUSSISMILIA_HISPIDA,0.0,-0.2064969589546828,-0.9730605283958612,5.2,-17.67,-39.0,ARENG_PA_88
UCR,ARENG,PA,2007,MUSSISMILIA_HISPIDA,0.0,-0.2064969589546828,-0.9730605283958612,5.2,-17.67,-39.0,ARENG_PA_89
UCR,ARENG,PA,2007,TURF,54.34782608695652,-0.2064969589546828,-0.9730605283958612,5.2,-17.67,-39.0,ARENG_PA_90
UCR,ARENG,PA,2007,TURF,32.63888888888889,-0.2064969589546828,-0.9730605283958612,5.2,-17.67,-39.0,ARENG_PA_91
UCR,ARENG,PA,2007,TURF,38.86792452830189,-0.2064969589546828,-0.9730605283958612,5.2,-17.67,-39.0,ARENG_PA_92
UCR,ARENG,PA,2007,TURF,43.40277777777778,-0.2064969589546828,-0.9730605283958612,5.2,-17.67,-39.0,ARENG_PA_93
UCR,ARENG,PA,2007,TURF,29.432624113475175,-0.2064969589546828,-0.9730605283958612,5.2,-17.67,-39.0,ARENG_PA_94
UCR,ARENG,PA,2007,TURF,36.55172413793103,-0.2064969589546828,-0.9730605283958612,5.2,-17.67,-39.0,ARENG_PA_95
UCR,ARENG,PA,2007,TURF,36.49122807017543,-0.2064969589546828,-0.9730605283958612,5.2,-17.67,-39.0,ARENG_PA_96
UCR,ARENG,PA,2007,TURF,17.647058823529413,-0.2064969589546828,-0.9730605283958612,5.2,-17.67,-39.0,ARENG_PA_97
UCR,ARENG,PA,2007,TURF,27.303754266211605,-0.2064969589546828,-0.9730605283958612,5.2,-17.67,-39.0,ARENG_PA_98
UCR,ARENG,PA,2007,TURF,25.174825174825173,-0.2064969589546828,-0.9730605283958612,5.2,-17.67,-39.0,ARENG_PA_99
UCR,ARENG,PA,2008,CCA,44.481605351170565,-0.2064969589546828,-0.9730605283958612,5.2,-17.67,-39.0,ARENG_PA_100
UCR,ARENG,PA,2008,CCA,26.174496644295303,-0.2064969589546828,-0.9730605283958612,5.2,-17.67,-39.0,ARENG_PA_101
UCR,ARENG,PA,2008,CCA,63.758389261744966,-0.2064969589546828,-0.9730605283958612,5.2,-17.67,-39.0,ARENG_PA_102
UCR,ARENG,PA,2008,CCA,13.131313131313133,-0.2064969589546828,-0.9730605283958612,5.2,-17.67,-39.0,ARENG_PA_103
UCR,ARENG,PA,2008,CCA,16.666666666666664,-0.2064969589546828,-0.9730605283958612,5.2,-17.67,-39.0,ARENG_PA_104
UCR,ARENG,PA,2008,CCA,17.346938775510203,-0.2064969589546828,-0.9730605283958612,5.2,-17.67,-39.0,ARENG_PA_105
UCR,ARENG,PA,2008,CCA,18.835616438356166,-0.2064969589546828,-0.9730605283958612,5.2,-17.67,-39.0,ARENG_PA_106
UCR,ARENG,PA,2008,CCA,8.710801393728223,-0.2064969589546828,-0.9730605283958612,5.2,-17.67,-39.0,ARENG_PA_107
UCR,ARENG,PA,2008,CCA,25.76271186440678,-0.2064969589546828,-0.9730605283958612,5.2,-17.67,-39.0,ARENG_PA_108
UCR,ARENG,PA,2008,CCA,30.536912751677853,-0.2064969589546828,-0.9730605283958612,5.2,-17.67,-39.0,ARENG_PA_109
UCR,ARENG,PA,2008,CYANO,0.0,-0.2064969589546828,-0.9730605283958612,5.2,-17.67,-39.0,ARENG_PA_110
UCR,ARENG,PA,2008,CYANO,0.0,-0.2064969589546828,-0.9730605283958612,5.2,-17.67,-39.0,ARENG_PA_111
UCR,ARENG,PA,2008,CYANO,0.0,-0.2064969589546828,-0.9730605283958612,5.2,-17.67,-39.0,ARENG_PA_112
UCR,ARENG,PA,2008,CYANO,0.0,-0.2064969589546828,-0.9730605283958612,5.2,-17.67,-39.0,ARENG_PA_113
UCR,ARENG,PA,2008,CYANO,0.0,-0.2064969589546828,-0.9730605283958612,5.2,-17.67,-39.0,ARENG_PA_114
UCR,ARENG,PA,2008,CYANO,0.0,-0.2064969589546828,-0.9730605283958612,5.2,-17.67,-39.0,ARENG_PA_115
UCR,ARENG,PA,2008,CYANO,0.0,-0.2064969589546828,-0.9730605283958612,5.2,-17.67,-39.0,ARENG_PA_116
UCR,ARENG,PA,2008,CYANO,0.0,-0.2064969589546828,-0.9730605283958612,5.2,-17.67,-39.0,ARENG_PA_117
UCR,ARENG,PA,2008,CYANO,0.0,-0.2064969589546828,-0.9730605283958612,5.2,-17.67,-39.0,ARENG_PA_118
UCR,ARENG,PA,2008,CYANO,0.0,-0.2064969589546828,-0.9730605283958612,5.2,-17.67,-39.0,ARENG_PA_119
UCR,ARENG,PA,2008,MACROALGAE,0.0,-0.2064969589546828,-0.9730605283958612,5.2,-17.67,-39.0,ARENG_PA_120
UCR,ARENG,PA,2008,MACROALGAE,0.33557046979865773,-0.2064969589546828,-0.9730605283958612,5.2,-17.67,-39.0,ARENG_PA_121
UCR,ARENG,PA,2008,MACROALGAE,0.0,-0.2064969589546828,-0.9730605283958612,5.2,-17.67,-39.0,ARENG_PA_122
UCR,ARENG,PA,2008,MACROALGAE,0.0,-0.2064969589546828,-0.9730605283958612,5.2,-17.67,-39.0,ARENG_PA_123
UCR,ARENG,PA,2008,MACROALGAE,0.0,-0.2064969589546828,-0.9730605283958612,5.2,-17.67,-39.0,ARENG_PA_124
UCR,ARENG,PA,2008,MACROALGAE,0.0,-0.2064969589546828,-0.9730605283958612,5.2,-17.67,-39.0,ARENG_PA_125
UCR,ARENG,PA,2008,MACROALGAE,0.0,-0.2064969589546828,-0.9730605283958612,5.2,-17.67,-39.0,ARENG_PA_126
UCR,ARENG,PA,2008,MACROALGAE,0.0,-0.2064969589546828,-0.9730605283958612,5.2,-17.67,-39.0,ARENG_PA_127
UCR,ARENG,PA,2008,MACROALGAE,0.0,-0.2064969589546828,-0.9730605283958612,5.2,-17.67,-39.0,ARENG_PA_128
UCR,ARENG,PA,2008,MACROALGAE,0.0,-0.2064969589546828,-0.9730605283958612,5.2,-17.67,-39.0,ARENG_PA_129
UCR,ARENG,PA,2008,MUSSISMILIA_HISPIDA,0.0,-0.2064969589546828,-0.9730605283958612,5.2,-17.67,-39.0,ARENG_PA_130
UCR,ARENG,PA,2008,MUSSISMILIA_HISPIDA,0.0,-0.2064969589546828,-0.9730605283958612,5.2,-17.67,-39.0,ARENG_PA_131
UCR,ARENG,PA,2008,MUSSISMILIA_HISPIDA,0.0,-0.2064969589546828,-0.9730605283958612,5.2,-17.67,-39.0,ARENG_PA_132
UCR,ARENG,PA,2008,MUSSISMILIA_HISPIDA,1.0101010101010102,-0.2064969589546828,-0.9730605283958612,5.2,-17.67,-39.0,ARENG_PA_133
UCR,ARENG,PA,2008,MUSSISMILIA_HISPIDA,3.6666666666666665,-0.2064969589546828,-0.9730605283958612,5.2,-17.67,-39.0,ARENG_PA_134
UCR,ARENG,PA,2008,MUSSISMILIA_HISPIDA,5.1020408163265305,-0.2064969589546828,-0.9730605283958612,5.2,-17.67,-39.0,ARENG_PA_135
UCR,ARENG,PA,2008,MUSSISMILIA_HISPIDA,0.684931506849315,-0.2064969589546828,-0.9730605283958612,5.2,-17.67,-39.0,ARENG_PA_136
UCR,ARENG,PA,2008,MUSSISMILIA_HISPIDA,2.0905923344947737,-0.2064969589546828,-0.9730605283958612,5.2,-17.67,-39.0,ARENG_PA_137
UCR,ARENG,PA,2008,MUSSISMILIA_HISPIDA,0.6779661016949152,-0.2064969589546828,-0.9730605283958612,5.2,-17.67,-39.0,ARENG_PA_138
UCR,ARENG,PA,2008,MUSSISMILIA_HISPIDA,0.33557046979865773,-0.2064969589546828,-0.9730605283958612,5.2,-17.67,-39.0,ARENG_PA_139
UCR,ARENG,PA,2008,TURF,27.09030100334448,-0.2064969589546828,-0.9730605283958612,5.2,-17.67,-39.0,ARENG_PA_140
UCR,ARENG,PA,2008,TURF,22.818791946308725,-0.2064969589546828,-0.9730605283958612,5.2,-17.67,-39.0,ARENG_PA_141
UCR,ARENG,PA,2008,TURF,10.06711409395973,-0.2064969589546828,-0.9730605283958612,5.2,-17.67,-39.0,ARENG_PA_142
UCR,ARENG,PA,2008,TURF,21.548821548821547,-0.2064969589546828,-0.9730605283958612,5.2,-17.67,-39.0,ARENG_PA_143
UCR,ARENG,PA,2008,TURF,44.666666666666664,-0.2064969589546828,-0.9730605283958612,5.2,-17.67,-39.0,ARENG_PA_144
UCR,ARENG,PA,2008,TURF,29.591836734693878,-0.2064969589546828,-0.9730605283958612,5.2,-17.67,-39.0,ARENG_PA_145
UCR,ARENG,PA,2008,TURF,35.61643835616438,-0.2064969589546828,-0.9730605283958612,5.2,-17.67,-39.0,ARENG_PA_146
UCR,ARENG,PA,2008,TURF,34.494773519163765,-0.2064969589546828,-0.9730605283958612,5.2,-17.67,-39.0,ARENG_PA_147
UCR,ARENG,PA,2008,TURF,8.135593220338983,-0.2064969589546828,-0.9730605283958612,5.2,-17.67,-39.0,ARENG_PA_148
UCR,ARENG,PA,2008,TURF,8.053691275167784,-0.2064969589546828,-0.9730605283958612,5.2,-17.67,-39.0,ARENG_PA_149
UCR,ARENG,TP,2006,CCA,21.768707482993197,-0.2064969589546828,-0.9730605283958612,5.2,-17.67,-39.0,ARENG_TP_0
UCR,ARENG,TP,2006,CCA,14.716981132075471,-0.2064969589546828,-0.9730605283958612,5.2,-17.67,-39.0,ARENG_TP_1
UCR,ARENG,TP,2006,CCA,1.7857142857142856,-0.2064969589546828,-0.9730605283958612,5.2,-17.67,-39.0,ARENG_TP_2
UCR,ARENG,TP,2006,CCA,7.4074074074074066,-0.2064969589546828,-0.9730605283958612,5.2,-17.67,-39.0,ARENG_TP_3
UCR,ARENG,TP,2006,CCA,8.540925266903916,-0.2064969589546828,-0.9730605283958612,5.2,-17.67,-39.0,ARENG_TP_4
UCR,ARENG,TP,2006,CCA,4.780876494023905,-0.2064969589546828,-0.9730605283958612,5.2,-17.67,-39.0,ARENG_TP_5
UCR,ARENG,TP,2006,CCA,5.136986301369863,-0.2064969589546828,-0.9730605283958612,5.2,-17.67,-39.0,ARENG_TP_6
UCR,ARENG,TP,2006,CCA,9.540636042402827,-0.2064969589546828,-0.9730605283958612,5.2,-17.67,-39.0,ARENG_TP_7
UCR,ARENG,TP,2006,CCA,5.617977528089887,-0.2064969589546828,-0.9730605283958612,5.2,-17.67,-39.0,ARENG_TP_8
UCR,ARENG,TP,2006,CCA,6.451612903225806,-0.2064969589546828,-0.9730605283958612,5.2,-17.67,-39.0,ARENG_TP_9
UCR,ARENG,TP,2006,CYANO,5.782312925170068,-0.2064969589546828,-0.9730605283958612,5.2,-17.67,-39.0,ARENG_TP_10
UCR,ARENG,TP,2006,CYANO,8.30188679245283,-0.2064969589546828,-0.9730605283958612,5.2,-17.67,-39.0,ARENG_TP_11
UCR,ARENG,TP,2006,CYANO,2.857142857142857,-0.2064969589546828,-0.9730605283958612,5.2,-17.67,-39.0,ARENG_TP_12
UCR,ARENG,TP,2006,CYANO,2.2222222222222223,-0.2064969589546828,-0.9730605283958612,5.2,-17.67,-39.0,ARENG_TP_13
UCR,ARENG,TP,2006,CYANO,10.676156583629894,-0.2064969589546828,-0.9730605283958612,5.2,-17.67,-39.0,ARENG_TP_14
UCR,ARENG,TP,2006,CYANO,11.952191235059761,-0.2064969589546828,-0.9730605283958612,5.2,-17.67,-39.0,ARENG_TP_15
UCR,ARENG,TP,2006,CYANO,21.91780821917808,-0.2064969589546828,-0.9730605283958612,5.2,-17.67,-39.0,ARENG_TP_16
UCR,ARENG,TP,2006,CYANO,3.53356890459364,-0.2064969589546828,-0.9730605283958612,5.2,-17.67,-39.0,ARENG_TP_17
UCR,ARENG,TP,2006,CYANO,9.737827715355806,-0.2064969589546828,-0.9730605283958612,5.2,-17.67,-39.0,ARENG_TP_18
UCR,ARENG,TP,2006,CYANO,6.810035842293908,-0.2064969589546828,-0.9730605283958612,5.2,-17.67,-39.0,ARENG_TP_19
UCR,ARENG,TP,2006,MACROALGAE,0.0,-0.2064969589546828,-0.9730605283958612,5.2,-17.67,-39.0,ARENG_TP_20
UCR,ARENG,TP,2006,MACROALGAE,0.0,-0.2064969589546828,-0.9730605283958612,5.2,-17.67,-39.0,ARENG_TP_21
UCR,ARENG,TP,2006,MACROALGAE,0.0,-0.2064969589546828,-0.9730605283958612,5.2,-17.67,-39.0,ARENG_TP_22
UCR,ARENG,TP,2006,MACROALGAE,5.9259259259259265,-0.2064969589546828,-0.9730605283958612,5.2,-17.67,-39.0,ARENG_TP_23
UCR,ARENG,TP,2006,MACROALGAE,0.0,-0.2064969589546828,-0.9730605283958612,5.2,-17.67,-39.0,ARENG_TP_24
UCR,ARENG,TP,2006,MACROALGAE,0.0,-0.2064969589546828,-0.9730605283958612,5.2,-17.67,-39.0,ARENG_TP_25
UCR,ARENG,TP,2006,MACROALGAE,0.0,-0.2064969589546828,-0.9730605283958612,5.2,-17.67,-39.0,ARENG_TP_26
UCR,ARENG,TP,2006,MACROALGAE,0.0,-0.2064969589546828,-0.9730605283958612,5.2,-17.67,-39.0,ARENG_TP_27
UCR,ARENG,TP,2006,MACROALGAE,0.0,-0.2064969589546828,-0.9730605283958612,5.2,-17.67,-39.0,ARENG_TP_28
UCR,ARENG,TP,2006,MACROALGAE,0.0,-0.2064969589546828,-0.9730605283958612,5.2,-17.67,-39.0,ARENG_TP_29
UCR,ARENG,TP,2006,MUSSISMILIA_HISPIDA,0.0,-0.2064969589546828,-0.9730605283958612,5.2,-17.67,-39.0,ARENG_TP_30
UCR,ARENG,TP,2006,MUSSISMILIA_HISPIDA,0.0,-0.2064969589546828,-0.9730605283958612,5.2,-17.67,-39.0,ARENG_TP_31
UCR,ARENG,TP,2006,MUSSISMILIA_HISPIDA,1.0714285714285714,-0.2064969589546828,-0.9730605283958612,5.2,-17.67,-39.0,ARENG_TP_32
UCR,ARENG,TP,2006,MUSSISMILIA_HISPIDA,0.0,-0.2064969589546828,-0.9730605283958612,5.2,-17.67,-39.0,ARENG_TP_33
UCR,ARENG,TP,2006,MUSSISMILIA_HISPIDA,0.3558718861209964,-0.2064969589546828,-0.9730605283958612,5.2,-17.67,-39.0,ARENG_TP_34
UCR,ARENG,TP,2006,MUSSISMILIA_HISPIDA,0.0,-0.2064969589546828,-0.9730605283958612,5.2,-17.67,-39.0,ARENG_TP_35
UCR,ARENG,TP,2006,MUSSISMILIA_HISPIDA,3.0821917808219177,-0.2064969589546828,-0.9730605283958612,5.2,-17.67,-39.0,ARENG_TP_36
UCR,ARENG,TP,2006,MUSSISMILIA_HISPIDA,0.35335689045936397,-0.2064969589546828,-0.9730605283958612,5.2,-17.67,-39.0,ARENG_TP_37
UCR,ARENG,TP,2006,MUSSISMILIA_HISPIDA,6.741573033707865,-0.2064969589546828,-0.9730605283958612,5.2,-17.67,-39.0,ARENG_TP_38
UCR,ARENG,TP,2006,MUSSISMILIA_HISPIDA,0.7168458781362007,-0.2064969589546828,-0.9730605283958612,5.2,-17.67,-39.0,ARENG_TP_39
UCR,ARENG,TP,2006,TURF,0.6802721088435382,-0.2064969589546828,-0.9730605283958612,5.2,-17.67,-39.0,ARENG_TP_40
UCR,ARENG,TP,2006,TURF,1.1320754716981138,-0.2064969589546828,-0.9730605283958612,5.2,-17.67,-39.0,ARENG_TP_41
UCR,ARENG,TP,2006,TURF,17.5,-0.2064969589546828,-0.9730605283958612,5.2,-17.67,-39.0,ARENG_TP_42
UCR,ARENG,TP,2006,TURF,25.925925925925927,-0.2064969589546828,-0.9730605283958612,5.2,-17.67,-39.0,ARENG_TP_43
UCR,ARENG,TP,2006,TURF,5.6939501779359425,-0.2064969589546828,-0.9730605283958612,5.2,-17.67,-39.0,ARENG_TP_44
UCR,ARENG,TP,2006,TURF,54.58167330677291,-0.2064969589546828,-0.9730605283958612,5.2,-17.67,-39.0,ARENG_TP_45
UCR,ARENG,TP,2006,TURF,7.534246575342468,-0.2064969589546828,-0.9730605283958612,5.2,-17.67,-39.0,ARENG_TP_46
UCR,ARENG,TP,2006,TURF,27.56183745583039,-0.2064969589546828,-0.9730605283958612,5.2,-17.67,-39.0,ARENG_TP_47
UCR,ARENG,TP,2006,TURF,32.20973782771536,-0.2064969589546828,-0.9730605283958612,5.2,-17.67,-39.0,ARENG_TP_48
UCR,ARENG,TP,2006,TURF,22.222222222222225,-0.2064969589546828,-0.9730605283958612,5.2,-17.67,-39.0,ARENG_TP_49
UCR,ARENG,TP,2007,CCA,22.62773722627737,-0.2064969589546828,-0.9730605283958612,5.2,-17.67,-39.0,ARENG_TP_50
UCR,ARENG,TP,2007,CCA,25.089605734767023,-0.2064969589546828,-0.9730605283958612,5.2,-17.67,-39.0,ARENG_TP_51
UCR,ARENG,TP,2007,CCA,5.902777777777778,-0.2064969589546828,-0.9730605283958612,5.2,-17.67,-39.0,ARENG_TP_52
UCR,ARENG,TP,2007,CCA,8.118081180811808,-0.2064969589546828,-0.9730605283958612,5.2,-17.67,-39.0,ARENG_TP_53
UCR,ARENG,TP,2007,CCA,4.166666666666666,-0.2064969589546828,-0.9730605283958612,5.2,-17.67,-39.0,ARENG_TP_54
UCR,ARENG,TP,2007,CCA,4.745762711864407,-0.2064969589546828,-0.9730605283958612,5.2,-17.67,-39.0,ARENG_TP_55
UCR,ARENG,TP,2007,CCA,7.017543859649122,-0.2064969589546828,-0.9730605283958612,5.2,-17.67,-39.0,ARENG_TP_56
UCR,ARENG,TP,2007,CCA,5.782312925170068,-0.2064969589546828,-0.9730605283958612,5.2,-17.67,-39.0,ARENG_TP_57
UCR,ARENG,TP,2007,CCA,15.40983606557377,-0.2064969589546828,-0.9730605283958612,5.2,-17.67,-39.0,ARENG_TP_58
UCR,ARENG,TP,2007,CCA,21.35593220338983,-0.2064969589546828,-0.9730605283958612,5.2,-17.67,-39.0,ARENG_TP_59
UCR,ARENG,TP,2007,CYANO,0.7299270072992701,-0.2064969589546828,-0.9730605283958612,5.2,-17.67,-39.0,ARENG_TP_60
UCR,ARENG,TP,2007,CYANO,0.0,-0.2064969589546828,-0.9730605283958612,5.2,-17.67,-39.0,ARENG_TP_61
UCR,ARENG,TP,2007,CYANO,0.0,-0.2064969589546828,-0.9730605283958612,5.2,-17.67,-39.0,ARENG_TP_62
UCR,ARENG,TP,2007,CYANO,0.0,-0.2064969589546828,-0.9730605283958612,5.2,-17.67,-39.0,ARENG_TP_63
UCR,ARENG,TP,2007,CYANO,0.0,-0.2064969589546828,-0.9730605283958612,5.2,-17.67,-39.0,ARENG_TP_64
UCR,ARENG,TP,2007,CYANO,0.3389830508474576,-0.2064969589546828,-0.9730605283958612,5.2,-17.67,-39.0,ARENG_TP_65
UCR,ARENG,TP,2007,CYANO,0.0,-0.2064969589546828,-0.9730605283958612,5.2,-17.67,-39.0,ARENG_TP_66
UCR,ARENG,TP,2007,CYANO,0.0,-0.2064969589546828,-0.9730605283958612,5.2,-17.67,-39.0,ARENG_TP_67
UCR,ARENG,TP,2007,CYANO,0.32786885245901637,-0.2064969589546828,-0.9730605283958612,5.2,-17.67,-39.0,ARENG_TP_68
UCR,ARENG,TP,2007,CYANO,0.3389830508474576,-0.2064969589546828,-0.9730605283958612,5.2,-17.67,-39.0,ARENG_TP_69
UCR,ARENG,TP,2007,MACROALGAE,0.0,-0.2064969589546828,-0.9730605283958612,5.2,-17.67,-39.0,ARENG_TP_70
UCR,ARENG,TP,2007,MACROALGAE,0.0,-0.2064969589546828,-0.9730605283958612,5.2,-17.67,-39.0,ARENG_TP_71
UCR,ARENG,TP,2007,MACROALGAE,0.0,-0.2064969589546828,-0.9730605283958612,5.2,-17.67,-39.0,ARENG_TP_72
UCR,ARENG,TP,2007,MACROALGAE,0.0,-0.2064969589546828,-0.9730605283958612,5.2,-17.67,-39.0,ARENG_TP_73
UCR,ARENG,TP,2007,MACROALGAE,0.0,-0.2064969589546828,-0.9730605283958612,5.2,-17.67,-39.0,ARENG_TP_74
UCR,ARENG,TP,2007,MACROALGAE,0.0,-0.2064969589546828,-0.9730605283958612,5.2,-17.67,-39.0,ARENG_TP_75
UCR,ARENG,TP,2007,MACROALGAE,0.0,-0.2064969589546828,-0.9730605283958612,5.2,-17.67,-39.0,ARENG_TP_76
UCR,ARENG,TP,2007,MACROALGAE,0.6802721088435374,-0.2064969589546828,-0.9730605283958612,5.2,-17.67,-39.0,ARENG_TP_77
UCR,ARENG,TP,2007,MACROALGAE,0.0,-0.2064969589546828,-0.9730605283958612,5.2,-17.67,-39.0,ARENG_TP_78
UCR,ARENG,TP,2007,MACROALGAE,0.0,-0.2064969589546828,-0.9730605283958612,5.2,-17.67,-39.0,ARENG_TP_79
UCR,ARENG,TP,2007,MUSSISMILIA_HISPIDA,0.0,-0.2064969589546828,-0.9730605283958612,5.2,-17.67,-39.0,ARENG_TP_80
UCR,ARENG,TP,2007,MUSSISMILIA_HISPIDA,0.0,-0.2064969589546828,-0.9730605283958612,5.2,-17.67,-39.0,ARENG_TP_81
UCR,ARENG,TP,2007,MUSSISMILIA_HISPIDA,0.3472222222222222,-0.2064969589546828,-0.9730605283958612,5.2,-17.67,-39.0,ARENG_TP_82
UCR,ARENG,TP,2007,MUSSISMILIA_HISPIDA,1.107011070110701,-0.2064969589546828,-0.9730605283958612,5.2,-17.67,-39.0,ARENG_TP_83
UCR,ARENG,TP,2007,MUSSISMILIA_HISPIDA,2.7777777777777777,-0.2064969589546828,-0.9730605283958612,5.2,-17.67,-39.0,ARENG_TP_84
UCR,ARENG,TP,2007,MUSSISMILIA_HISPIDA,3.389830508474576,-0.2064969589546828,-0.9730605283958612,5.2,-17.67,-39.0,ARENG_TP_85
UCR,ARENG,TP,2007,MUSSISMILIA_HISPIDA,1.4035087719298245,-0.2064969589546828,-0.9730605283958612,5.2,-17.67,-39.0,ARENG_TP_86
UCR,ARENG,TP,2007,MUSSISMILIA_HISPIDA,6.802721088435375,-0.2064969589546828,-0.9730605283958612,5.2,-17.67,-39.0,ARENG_TP_87
UCR,ARENG,TP,2007,MUSSISMILIA_HISPIDA,1.9672131147540985,-0.2064969589546828,-0.9730605283958612,5.2,-17.67,-39.0,ARENG_TP_88
UCR,ARENG,TP,2007,MUSSISMILIA_HISPIDA,5.423728813559322,-0.2064969589546828,-0.9730605283958612,5.2,-17.67,-39.0,ARENG_TP_89
UCR,ARENG,TP,2007,TURF,24.817518248175183,-0.2064969589546828,-0.9730605283958612,5.2,-17.67,-39.0,ARENG_TP_90
UCR,ARENG,TP,2007,TURF,5.734767025089606,-0.2064969589546828,-0.9730605283958612,5.2,-17.67,-39.0,ARENG_TP_91
UCR,ARENG,TP,2007,TURF,77.08333333333334,-0.2064969589546828,-0.9730605283958612,5.2,-17.67,-39.0,ARENG_TP_92
UCR,ARENG,TP,2007,TURF,85.60885608856088,-0.2064969589546828,-0.9730605283958612,5.2,-17.67,-39.0,ARENG_TP_93
UCR,ARENG,TP,2007,TURF,14.583333333333334,-0.2064969589546828,-0.9730605283958612,5.2,-17.67,-39.0,ARENG_TP_94
UCR,ARENG,TP,2007,TURF,34.91525423728813,-0.2064969589546828,-0.9730605283958612,5.2,-17.67,-39.0,ARENG_TP_95
UCR,ARENG,TP,2007,TURF,37.19298245614035,-0.2064969589546828,-0.9730605283958612,5.2,-17.67,-39.0,ARENG_TP_96
UCR,ARENG,TP,2007,TURF,52.38095238095239,-0.2064969589546828,-0.9730605283958612,5.2,-17.67,-39.0,ARENG_TP_97
UCR,ARENG,TP,2007,TURF,37.377049180327866,-0.2064969589546828,-0.9730605283958612,5.2,-17.67,-39.0,ARENG_TP_98
UCR,ARENG,TP,2007,TURF,27.118644067796613,-0.2064969589546828,-0.9730605283958612,5.2,-17.67,-39.0,ARENG_TP_99
UCR,ARENG,TP,2008,CCA,23.52941176470588,-0.2064969589546828,-0.9730605283958612,5.2,-17.67,-39.0,ARENG_TP_100
UCR,ARENG,TP,2008,CCA,20.161290322580644,-0.2064969589546828,-0.9730605283958612,5.2,-17.67,-39.0,ARENG_TP_101
UCR,ARENG,TP,2008,CCA,5.673758865248227,-0.2064969589546828,-0.9730605283958612,5.2,-17.67,-39.0,ARENG_TP_102
UCR,ARENG,TP,2008,CCA,8.300395256916996,-0.2064969589546828,-0.9730605283958612,5.2,-17.67,-39.0,ARENG_TP_103
UCR,ARENG,TP,2008,CCA,2.564102564102564,-0.2064969589546828,-0.9730605283958612,5.2,-17.67,-39.0,ARENG_TP_104
UCR,ARENG,TP,2008,CCA,4.044117647058823,-0.2064969589546828,-0.9730605283958612,5.2,-17.67,-39.0,ARENG_TP_105
UCR,ARENG,TP,2008,CCA,2.6217228464419478,-0.2064969589546828,-0.9730605283958612,5.2,-17.67,-39.0,ARENG_TP_106
UCR,ARENG,TP,2008,CCA,10.869565217391305,-0.2064969589546828,-0.9730605283958612,5.2,-17.67,-39.0,ARENG_TP_107
UCR,ARENG,TP,2008,CCA,2.135231316725979,-0.2064969589546828,-0.9730605283958612,5.2,-17.67,-39.0,ARENG_TP_108
UCR,ARENG,TP,2008,CCA,14.079422382671481,-0.2064969589546828,-0.9730605283958612,5.2,-17.67,-39.0,ARENG_TP_109
UCR,ARENG,TP,2008,CYANO,0.7352941176470588,-0.2064969589546828,-0.9730605283958612,5.2,-17.67,-39.0,ARENG_TP_110
UCR,ARENG,TP,2008,CYANO,0.0,-0.2064969589546828,-0.9730605283958612,5.2,-17.67,-39.0,ARENG_TP_111
UCR,ARENG,TP,2008,CYANO,0.0,-0.2064969589546828,-0.9730605283958612,5.2,-17.67,-39.0,ARENG_TP_112
UCR,ARENG,TP,2008,CYANO,3.9525691699604746,-0.2064969589546828,-0.9730605283958612,5.2,-17.67,-39.0,ARENG_TP_113
UCR,ARENG,TP,2008,CYANO,0.7326007326007326,-0.2064969589546828,-0.9730605283958612,5.2,-17.67,-39.0,ARENG_TP_114
UCR,ARENG,TP,2008,CYANO,0.0,-0.2064969589546828,-0.9730605283958612,5.2,-17.67,-39.0,ARENG_TP_115
UCR,ARENG,TP,2008,CYANO,0.0,-0.2064969589546828,-0.9730605283958612,5.2,-17.67,-39.0,ARENG_TP_116
UCR,ARENG,TP,2008,CYANO,0.0,-0.2064969589546828,-0.9730605283958612,5.2,-17.67,-39.0,ARENG_TP_117
UCR,ARENG,TP,2008,CYANO,0.0,-0.2064969589546828,-0.9730605283958612,5.2,-17.67,-39.0,ARENG_TP_118
UCR,ARENG,TP,2008,CYANO,0.0,-0.2064969589546828,-0.9730605283958612,5.2,-17.67,-39.0,ARENG_TP_119
UCR,ARENG,TP,2008,MACROALGAE,0.0,-0.2064969589546828,-0.9730605283958612,5.2,-17.67,-39.0,ARENG_TP_120
UCR,ARENG,TP,2008,MACROALGAE,0.0,-0.2064969589546828,-0.9730605283958612,5.2,-17.67,-39.0,ARENG_TP_121
UCR,ARENG,TP,2008,MACROALGAE,0.3546099290780142,-0.2064969589546828,-0.9730605283958612,5.2,-17.67,-39.0,ARENG_TP_122
UCR,ARENG,TP,2008,MACROALGAE,0.0,-0.2064969589546828,-0.9730605283958612,5.2,-17.67,-39.0,ARENG_TP_123
UCR,ARENG,TP,2008,MACROALGAE,0.0,-0.2064969589546828,-0.9730605283958612,5.2,-17.67,-39.0,ARENG_TP_124
UCR,ARENG,TP,2008,MACROALGAE,0.0,-0.2064969589546828,-0.9730605283958612,5.2,-17.67,-39.0,ARENG_TP_125
UCR,ARENG,TP,2008,MACROALGAE,6.741573033707865,-0.2064969589546828,-0.9730605283958612,5.2,-17.67,-39.0,ARENG_TP_126
UCR,ARENG,TP,2008,MACROALGAE,0.0,-0.2064969589546828,-0.9730605283958612,5.2,-17.67,-39.0,ARENG_TP_127
UCR,ARENG,TP,2008,MACROALGAE,0.0,-0.2064969589546828,-0.9730605283958612,5.2,-17.67,-39.0,ARENG_TP_128
UCR,ARENG,TP,2008,MACROALGAE,0.0,-0.2064969589546828,-0.9730605283958612,5.2,-17.67,-39.0,ARENG_TP_129
UCR,ARENG,TP,2008,MUSSISMILIA_HISPIDA,0.0,-0.2064969589546828,-0.9730605283958612,5.2,-17.67,-39.0,ARENG_TP_130
UCR,ARENG,TP,2008,MUSSISMILIA_HISPIDA,0.0,-0.2064969589546828,-0.9730605283958612,5.2,-17.67,-39.0,ARENG_TP_131
UCR,ARENG,TP,2008,MUSSISMILIA_HISPIDA,0.7092198581560284,-0.2064969589546828,-0.9730605283958612,5.2,-17.67,-39.0,ARENG_TP_132
UCR,ARENG,TP,2008,MUSSISMILIA_HISPIDA,1.185770750988142,-0.2064969589546828,-0.9730605283958612,5.2,-17.67,-39.0,ARENG_TP_133
UCR,ARENG,TP,2008,MUSSISMILIA_HISPIDA,1.465201465201465,-0.2064969589546828,-0.9730605283958612,5.2,-17.67,-39.0,ARENG_TP_134
UCR,ARENG,TP,2008,MUSSISMILIA_HISPIDA,0.7352941176470588,-0.2064969589546828,-0.9730605283958612,5.2,-17.67,-39.0,ARENG_TP_135
UCR,ARENG,TP,2008,MUSSISMILIA_HISPIDA,2.6217228464419478,-0.2064969589546828,-0.9730605283958612,5.2,-17.67,-39.0,ARENG_TP_136
UCR,ARENG,TP,2008,MUSSISMILIA_HISPIDA,5.072463768115942,-0.2064969589546828,-0.9730605283958612,5.2,-17.67,-39.0,ARENG_TP_137
UCR,ARENG,TP,2008,MUSSISMILIA_HISPIDA,6.405693950177936,-0.2064969589546828,-0.9730605283958612,5.2,-17.67,-39.0,ARENG_TP_138
UCR,ARENG,TP,2008,MUSSISMILIA_HISPIDA,9.025270758122744,-0.2064969589546828,-0.9730605283958612,5.2,-17.67,-39.0,ARENG_TP_139
UCR,ARENG,TP,2008,TURF,0.0,-0.2064969589546828,-0.9730605283958612,5.2,-17.67,-39.0,ARENG_TP_140
UCR,ARENG,TP,2008,TURF,29.435483870967744,-0.2064969589546828,-0.9730605283958612,5.2,-17.67,-39.0,ARENG_TP_141
UCR,ARENG,TP,2008,TURF,17.375886524822697,-0.2064969589546828,-0.9730605283958612,5.2,-17.67,-39.0,ARENG_TP_142
UCR,ARENG,TP,2008,TURF,76.6798418972332,-0.2064969589546828,-0.9730605283958612,5.2,-17.67,-39.0,ARENG_TP_143
UCR,ARENG,TP,2008,TURF,41.02564102564103,-0.2064969589546828,-0.9730605283958612,5.2,-17.67,-39.0,ARENG_TP_144
UCR,ARENG,TP,2008,TURF,83.45588235294117,-0.2064969589546828,-0.9730605283958612,5.2,-17.67,-39.0,ARENG_TP_145
UCR,ARENG,TP,2008,TURF,42.32209737827715,-0.2064969589546828,-0.9730605283958612,5.2,-17.67,-39.0,ARENG_TP_146
UCR,ARENG,TP,2008,TURF,43.84057971014493,-0.2064969589546828,-0.9730605283958612,5.2,-17.67,-39.0,ARENG_TP_147
UCR,ARENG,TP,2008,TURF,58.362989323843415,-0.2064969589546828,-0.9730605283958612,5.2,-17.67,-39.0,ARENG_TP_148
UCR,ARENG,TP,2008,TURF,41.15523465703971,-0.2064969589546828,-0.9730605283958612,5.2,-17.67,-39.0,ARENG_TP_149
UCR,PA2,PA,2006,CCA,19.485294117647058,-0.2602031802396004,-0.2295445664258763,4.4,-17.88,-38.94,PA2_PA_0
UCR,PA2,PA,2006,CCA,33.33333333333333,-0.2602031802396004,-0.2295445664258763,4.4,-17.88,-38.94,PA2_PA_1
UCR,PA2,PA,2006,CCA,11.74496644295302,-0.2602031802396004,-0.2295445664258763,4.4,-17.88,-38.94,PA2_PA_2
UCR,PA2,PA,2006,CCA,12.837837837837837,-0.2602031802396004,-0.2295445664258763,4.4,-17.88,-38.94,PA2_PA_3
UCR,PA2,PA,2006,CCA,7.508532423208192,-0.2602031802396004,-0.2295445664258763,4.4,-17.88,-38.94,PA2_PA_4
UCR,PA2,PA,2006,CCA,23.674911660777383,-0.2602031802396004,-0.2295445664258763,4.4,-17.88,-38.94,PA2_PA_5
UCR,PA2,PA,2006,CCA,17.708333333333336,-0.2602031802396004,-0.2295445664258763,4.4,-17.88,-38.94,PA2_PA_6
UCR,PA2,PA,2006,CCA,10.247349823321555,-0.2602031802396004,-0.2295445664258763,4.4,-17.88,-38.94,PA2_PA_7
UCR,PA2,PA,2006,CCA,13.85135135135135,-0.2602031802396004,-0.2295445664258763,4.4,-17.88,-38.94,PA2_PA_8
UCR,PA2,PA,2006,CCA,18.275862068965516,-0.2602031802396004,-0.2295445664258763,4.4,-17.88,-38.94,PA2_PA_9
UCR,PA2,PA,2006,CYANO,0.0,-0.2602031802396004,-0.2295445664258763,4.4,-17.88,-38.94,PA2_PA_10
UCR,PA2,PA,2006,CYANO,0.0,-0.2602031802396004,-0.2295445664258763,4.4,-17.88,-38.94,PA2_PA_11
UCR,PA2,PA,2006,CYANO,0.0,-0.2602031802396004,-0.2295445664258763,4.4,-17.88,-38.94,PA2_PA_12
UCR,PA2,PA,2006,CYANO,0.0,-0.2602031802396004,-0.2295445664258763,4.4,-17.88,-38.94,PA2_PA_13
UCR,PA2,PA,2006,CYANO,0.0,-0.2602031802396004,-0.2295445664258763,4.4,-17.88,-38.94,PA2_PA_14
UCR,PA2,PA,2006,CYANO,0.0,-0.2602031802396004,-0.2295445664258763,4.4,-17.88,-38.94,PA2_PA_15
UCR,PA2,PA,2006,CYANO,0.0,-0.2602031802396004,-0.2295445664258763,4.4,-17.88,-38.94,PA2_PA_16
UCR,PA2,PA,2006,CYANO,0.0,-0.2602031802396004,-0.2295445664258763,4.4,-17.88,-38.94,PA2_PA_17
UCR,PA2,PA,2006,CYANO,0.0,-0.2602031802396004,-0.2295445664258763,4.4,-17.88,-38.94,PA2_PA_18
UCR,PA2,PA,2006,CYANO,0.0,-0.2602031802396004,-0.2295445664258763,4.4,-17.88,-38.94,PA2_PA_19
UCR,PA2,PA,2006,MACROALGAE,0.0,-0.2602031802396004,-0.2295445664258763,4.4,-17.88,-38.94,PA2_PA_20
UCR,PA2,PA,2006,MACROALGAE,0.0,-0.2602031802396004,-0.2295445664258763,4.4,-17.88,-38.94,PA2_PA_21
UCR,PA2,PA,2006,MACROALGAE,0.0,-0.2602031802396004,-0.2295445664258763,4.4,-17.88,-38.94,PA2_PA_22
UCR,PA2,PA,2006,MACROALGAE,0.33783783783783783,-0.2602031802396004,-0.2295445664258763,4.4,-17.88,-38.94,PA2_PA_23
UCR,PA2,PA,2006,MACROALGAE,0.3412969283276451,-0.2602031802396004,-0.2295445664258763,4.4,-17.88,-38.94,PA2_PA_24
UCR,PA2,PA,2006,MACROALGAE,0.0,-0.2602031802396004,-0.2295445664258763,4.4,-17.88,-38.94,PA2_PA_25
UCR,PA2,PA,2006,MACROALGAE,0.0,-0.2602031802396004,-0.2295445664258763,4.4,-17.88,-38.94,PA2_PA_26
UCR,PA2,PA,2006,MACROALGAE,0.0,-0.2602031802396004,-0.2295445664258763,4.4,-17.88,-38.94,PA2_PA_27
UCR,PA2,PA,2006,MACROALGAE,0.33783783783783783,-0.2602031802396004,-0.2295445664258763,4.4,-17.88,-38.94,PA2_PA_28
UCR,PA2,PA,2006,MACROALGAE,0.0,-0.2602031802396004,-0.2295445664258763,4.4,-17.88,-38.94,PA2_PA_29
UCR,PA2,PA,2006,MUSSISMILIA_HISPIDA,4.044117647058823,-0.2602031802396004,-0.2295445664258763,4.4,-17.88,-38.94,PA2_PA_30
UCR,PA2,PA,2006,MUSSISMILIA_HISPIDA,0.7490636704119851,-0.2602031802396004,-0.2295445664258763,4.4,-17.88,-38.94,PA2_PA_31
UCR,PA2,PA,2006,MUSSISMILIA_HISPIDA,0.0,-0.2602031802396004,-0.2295445664258763,4.4,-17.88,-38.94,PA2_PA_32
UCR,PA2,PA,2006,MUSSISMILIA_HISPIDA,5.405405405405405,-0.2602031802396004,-0.2295445664258763,4.4,-17.88,-38.94,PA2_PA_33
UCR,PA2,PA,2006,MUSSISMILIA_HISPIDA,0.0,-0.2602031802396004,-0.2295445664258763,4.4,-17.88,-38.94,PA2_PA_34
UCR,PA2,PA,2006,MUSSISMILIA_HISPIDA,3.180212014134275,-0.2602031802396004,-0.2295445664258763,4.4,-17.88,-38.94,PA2_PA_35
UCR,PA2,PA,2006,MUSSISMILIA_HISPIDA,4.861111111111112,-0.2602031802396004,-0.2295445664258763,4.4,-17.88,-38.94,PA2_PA_36
UCR,PA2,PA,2006,MUSSISMILIA_HISPIDA,4.593639575971731,-0.2602031802396004,-0.2295445664258763,4.4,-17.88,-38.94,PA2_PA_37
UCR,PA2,PA,2006,MUSSISMILIA_HISPIDA,2.364864864864865,-0.2602031802396004,-0.2295445664258763,4.4,-17.88,-38.94,PA2_PA_38
UCR,PA2,PA,2006,MUSSISMILIA_HISPIDA,2.413793103448276,-0.2602031802396004,-0.2295445664258763,4.4,-17.88,-38.94,PA2_PA_39
UCR,PA2,PA,2006,TURF,62.13235294117647,-0.2602031802396004,-0.2295445664258763,4.4,-17.88,-38.94,PA2_PA_40
UCR,PA2,PA,2006,TURF,57.67790262172284,-0.2602031802396004,-0.2295445664258763,4.4,-17.88,-38.94,PA2_PA_41
UCR,PA2,PA,2006,TURF,69.12751677852349,-0.2602031802396004,-0.2295445664258763,4.4,-17.88,-38.94,PA2_PA_42
UCR,PA2,PA,2006,TURF,60.47297297297297,-0.2602031802396004,-0.2295445664258763,4.4,-17.88,-38.94,PA2_PA_43
UCR,PA2,PA,2006,TURF,67.57679180887372,-0.2602031802396004,-0.2295445664258763,4.4,-17.88,-38.94,PA2_PA_44
UCR,PA2,PA,2006,TURF,47.70318021201413,-0.2602031802396004,-0.2295445664258763,4.4,-17.88,-38.94,PA2_PA_45
UCR,PA2,PA,2006,TURF,54.166666666666664,-0.2602031802396004,-0.2295445664258763,4.4,-17.88,-38.94,PA2_PA_46
UCR,PA2,PA,2006,TURF,63.60424028268551,-0.2602031802396004,-0.2295445664258763,4.4,-17.88,-38.94,PA2_PA_47
UCR,PA2,PA,2006,TURF,46.95945945945946,-0.2602031802396004,-0.2295445664258763,4.4,-17.88,-38.94,PA2_PA_48
UCR,PA2,PA,2006,TURF,43.44827586206896,-0.2602031802396004,-0.2295445664258763,4.4,-17.88,-38.94,PA2_PA_49
UCR,PA2,PA,2007,CCA,31.338028169014088,-0.2602031802396004,-0.2295445664258763,4.4,-17.88,-38.94,PA2_PA_50
UCR,PA2,PA,2007,CCA,26.294820717131472,-0.2602031802396004,-0.2295445664258763,4.4,-17.88,-38.94,PA2_PA_51
UCR,PA2,PA,2007,CCA,14.186851211072666,-0.2602031802396004,-0.2295445664258763,4.4,-17.88,-38.94,PA2_PA_52
UCR,PA2,PA,2007,CCA,36.63003663003663,-0.2602031802396004,-0.2295445664258763,4.4,-17.88,-38.94,PA2_PA_53
UCR,PA2,PA,2007,CCA,21.014492753623188,-0.2602031802396004,-0.2295445664258763,4.4,-17.88,-38.94,PA2_PA_54
UCR,PA2,PA,2007,CCA,23.63013698630137,-0.2602031802396004,-0.2295445664258763,4.4,-17.88,-38.94,PA2_PA_55
UCR,PA2,PA,2007,CCA,26.47058823529412,-0.2602031802396004,-0.2295445664258763,4.4,-17.88,-38.94,PA2_PA_56
UCR,PA2,PA,2007,CCA,2.0689655172413794,-0.2602031802396004,-0.2295445664258763,4.4,-17.88,-38.94,PA2_PA_57
UCR,PA2,PA,2007,CCA,15.646258503401361,-0.2602031802396004,-0.2295445664258763,4.4,-17.88,-38.94,PA2_PA_58
UCR,PA2,PA,2007,CCA,26.132404181184672,-0.2602031802396004,-0.2295445664258763,4.4,-17.88,-38.94,PA2_PA_59
UCR,PA2,PA,2007,CYANO,0.0,-0.2602031802396004,-0.2295445664258763,4.4,-17.88,-38.94,PA2_PA_60
UCR,PA2,PA,2007,CYANO,0.0,-0.2602031802396004,-0.2295445664258763,4.4,-17.88,-38.94,PA2_PA_61
UCR,PA2,PA,2007,CYANO,0.0,-0.2602031802396004,-0.2295445664258763,4.4,-17.88,-38.94,PA2_PA_62
UCR,PA2,PA,2007,CYANO,0.0,-0.2602031802396004,-0.2295445664258763,4.4,-17.88,-38.94,PA2_PA_63
UCR,PA2,PA,2007,CYANO,0.0,-0.2602031802396004,-0.2295445664258763,4.4,-17.88,-38.94,PA2_PA_64
UCR,PA2,PA,2007,CYANO,0.0,-0.2602031802396004,-0.2295445664258763,4.4,-17.88,-38.94,PA2_PA_65
UCR,PA2,PA,2007,CYANO,0.0,-0.2602031802396004,-0.2295445664258763,4.4,-17.88,-38.94,PA2_PA_66
UCR,PA2,PA,2007,CYANO,0.0,-0.2602031802396004,-0.2295445664258763,4.4,-17.88,-38.94,PA2_PA_67
UCR,PA2,PA,2007,CYANO,0.0,-0.2602031802396004,-0.2295445664258763,4.4,-17.88,-38.94,PA2_PA_68
UCR,PA2,PA,2007,CYANO,0.0,-0.2602031802396004,-0.2295445664258763,4.4,-17.88,-38.94,PA2_PA_69
UCR,PA2,PA,2007,MACROALGAE,0.35211267605633806,-0.2602031802396004,-0.2295445664258763,4.4,-17.88,-38.94,PA2_PA_70
UCR,PA2,PA,2007,MACROALGAE,0.0,-0.2602031802396004,-0.2295445664258763,4.4,-17.88,-38.94,PA2_PA_71
UCR,PA2,PA,2007,MACROALGAE,0.6920415224913495,-0.2602031802396004,-0.2295445664258763,4.4,-17.88,-38.94,PA2_PA_72
UCR,PA2,PA,2007,MACROALGAE,0.0,-0.2602031802396004,-0.2295445664258763,4.4,-17.88,-38.94,PA2_PA_73
UCR,PA2,PA,2007,MACROALGAE,0.0,-0.2602031802396004,-0.2295445664258763,4.4,-17.88,-38.94,PA2_PA_74
UCR,PA2,PA,2007,MACROALGAE,0.0,-0.2602031802396004,-0.2295445664258763,4.4,-17.88,-38.94,PA2_PA_75
UCR,PA2,PA,2007,MACROALGAE,0.0,-0.2602031802396004,-0.2295445664258763,4.4,-17.88,-38.94,PA2_PA_76
UCR,PA2,PA,2007,MACROALGAE,0.3448275862068966,-0.2602031802396004,-0.2295445664258763,4.4,-17.88,-38.94,PA2_PA_77
UCR,PA2,PA,2007,MACROALGAE,0.3401360544217687,-0.2602031802396004,-0.2295445664258763,4.4,-17.88,-38.94,PA2_PA_78
UCR,PA2,PA,2007,MACROALGAE,0.0,-0.2602031802396004,-0.2295445664258763,4.4,-17.88,-38.94,PA2_PA_79
UCR,PA2,PA,2007,MUSSISMILIA_HISPIDA,0.7042253521126761,-0.2602031802396004,-0.2295445664258763,4.4,-17.88,-38.94,PA2_PA_80
UCR,PA2,PA,2007,MUSSISMILIA_HISPIDA,4.382470119521913,-0.2602031802396004,-0.2295445664258763,4.4,-17.88,-38.94,PA2_PA_81
UCR,PA2,PA,2007,MUSSISMILIA_HISPIDA,0.6920415224913495,-0.2602031802396004,-0.2295445664258763,4.4,-17.88,-38.94,PA2_PA_82
UCR,PA2,PA,2007,MUSSISMILIA_HISPIDA,1.098901098901099,-0.2602031802396004,-0.2295445664258763,4.4,-17.88,-38.94,PA2_PA_83
UCR,PA2,PA,2007,MUSSISMILIA_HISPIDA,3.6231884057971016,-0.2602031802396004,-0.2295445664258763,4.4,-17.88,-38.94,PA2_PA_84
UCR,PA2,PA,2007,MUSSISMILIA_HISPIDA,4.4520547945205475,-0.2602031802396004,-0.2295445664258763,4.4,-17.88,-38.94,PA2_PA_85
UCR,PA2,PA,2007,MUSSISMILIA_HISPIDA,1.1029411764705883,-0.2602031802396004,-0.2295445664258763,4.4,-17.88,-38.94,PA2_PA_86
UCR,PA2,PA,2007,MUSSISMILIA_HISPIDA,6.206896551724138,-0.2602031802396004,-0.2295445664258763,4.4,-17.88,-38.94,PA2_PA_87
UCR,PA2,PA,2007,MUSSISMILIA_HISPIDA,3.4013605442176873,-0.2602031802396004,-0.2295445664258763,4.4,-17.88,-38.94,PA2_PA_88
UCR,PA2,PA,2007,MUSSISMILIA_HISPIDA,2.4390243902439024,-0.2602031802396004,-0.2295445664258763,4.4,-17.88,-38.94,PA2_PA_89
UCR,PA2,PA,2007,TURF,62.676056338028175,-0.2602031802396004,-0.2295445664258763,4.4,-17.88,-38.94,PA2_PA_90
UCR,PA2,PA,2007,TURF,62.94820717131474,-0.2602031802396004,-0.2295445664258763,4.4,-17.88,-38.94,PA2_PA_91
UCR,PA2,PA,2007,TURF,65.05190311418684,-0.2602031802396004,-0.2295445664258763,4.4,-17.88,-38.94,PA2_PA_92
UCR,PA2,PA,2007,TURF,39.56043956043956,-0.2602031802396004,-0.2295445664258763,4.4,-17.88,-38.94,PA2_PA_93
UCR,PA2,PA,2007,TURF,57.971014492753625,-0.2602031802396004,-0.2295445664258763,4.4,-17.88,-38.94,PA2_PA_94
UCR,PA2,PA,2007,TURF,50.34246575342466,-0.2602031802396004,-0.2295445664258763,4.4,-17.88,-38.94,PA2_PA_95
UCR,PA2,PA,2007,TURF,45.955882352941174,-0.2602031802396004,-0.2295445664258763,4.4,-17.88,-38.94,PA2_PA_96
UCR,PA2,PA,2007,TURF,67.93103448275862,-0.2602031802396004,-0.2295445664258763,4.4,-17.88,-38.94,PA2_PA_97
UCR,PA2,PA,2007,TURF,50.34013605442177,-0.2602031802396004,-0.2295445664258763,4.4,-17.88,-38.94,PA2_PA_98
UCR,PA2,PA,2007,TURF,36.23693379790941,-0.2602031802396004,-0.2295445664258763,4.4,-17.88,-38.94,PA2_PA_99
UCR,PA2,PA,2008,CCA,24.861878453038674,-0.2602031802396004,-0.2295445664258763,4.4,-17.88,-38.94,PA2_PA_100
UCR,PA2,PA,2008,CCA,17.5531914893617,-0.2602031802396004,-0.2295445664258763,4.4,-17.88,-38.94,PA2_PA_101
UCR,PA2,PA,2008,CCA,12.288135593220339,-0.2602031802396004,-0.2295445664258763,4.4,-17.88,-38.94,PA2_PA_102
UCR,PA2,PA,2008,CCA,7.203389830508475,-0.2602031802396004,-0.2295445664258763,4.4,-17.88,-38.94,PA2_PA_103
UCR,PA2,PA,2008,CCA,12.556053811659194,-0.2602031802396004,-0.2295445664258763,4.4,-17.88,-38.94,PA2_PA_104
UCR,PA2,PA,2008,CCA,14.948453608247423,-0.2602031802396004,-0.2295445664258763,4.4,-17.88,-38.94,PA2_PA_105
UCR,PA2,PA,2008,CCA,4.296875,-0.2602031802396004,-0.2295445664258763,4.4,-17.88,-38.94,PA2_PA_106
UCR,PA2,PA,2008,CCA,8.994708994708994,-0.2602031802396004,-0.2295445664258763,4.4,-17.88,-38.94,PA2_PA_107
UCR,PA2,PA,2008,CCA,14.361702127659576,-0.2602031802396004,-0.2295445664258763,4.4,-17.88,-38.94,PA2_PA_108
UCR,PA2,PA,2008,CCA,19.771863117870723,-0.2602031802396004,-0.2295445664258763,4.4,-17.88,-38.94,PA2_PA_109
UCR,PA2,PA,2008,CYANO,2.209944751381215,-0.2602031802396004,-0.2295445664258763,4.4,-17.88,-38.94,PA2_PA_110
UCR,PA2,PA,2008,CYANO,1.0638297872340425,-0.2602031802396004,-0.2295445664258763,4.4,-17.88,-38.94,PA2_PA_111
UCR,PA2,PA,2008,CYANO,0.0,-0.2602031802396004,-0.2295445664258763,4.4,-17.88,-38.94,PA2_PA_112
UCR,PA2,PA,2008,CYANO,0.0,-0.2602031802396004,-0.2295445664258763,4.4,-17.88,-38.94,PA2_PA_113
UCR,PA2,PA,2008,CYANO,3.1390134529147984,-0.2602031802396004,-0.2295445664258763,4.4,-17.88,-38.94,PA2_PA_114
UCR,PA2,PA,2008,CYANO,0.0,-0.2602031802396004,-0.2295445664258763,4.4,-17.88,-38.94,PA2_PA_115
UCR,PA2,PA,2008,CYANO,1.171875,-0.2602031802396004,-0.2295445664258763,4.4,-17.88,-38.94,PA2_PA_116
UCR,PA2,PA,2008,CYANO,1.0582010582010581,-0.2602031802396004,-0.2295445664258763,4.4,-17.88,-38.94,PA2_PA_117
UCR,PA2,PA,2008,CYANO,0.0,-0.2602031802396004,-0.2295445664258763,4.4,-17.88,-38.94,PA2_PA_118
UCR,PA2,PA,2008,CYANO,0.38022813688212925,-0.2602031802396004,-0.2295445664258763,4.4,-17.88,-38.94,PA2_PA_119
UCR,PA2,PA,2008,MACROALGAE,0.0,-0.2602031802396004,-0.2295445664258763,4.4,-17.88,-38.94,PA2_PA_120
UCR,PA2,PA,2008,MACROALGAE,9.574468085106384,-0.2602031802396004,-0.2295445664258763,4.4,-17.88,-38.94,PA2_PA_121
UCR,PA2,PA,2008,MACROALGAE,0.423728813559322,-0.2602031802396004,-0.2295445664258763,4.4,-17.88,-38.94,PA2_PA_122
UCR,PA2,PA,2008,MACROALGAE,0.0,-0.2602031802396004,-0.2295445664258763,4.4,-17.88,-38.94,PA2_PA_123
UCR,PA2,PA,2008,MACROALGAE,0.0,-0.2602031802396004,-0.2295445664258763,4.4,-17.88,-38.94,PA2_PA_124
UCR,PA2,PA,2008,MACROALGAE,0.0,-0.2602031802396004,-0.2295445664258763,4.4,-17.88,-38.94,PA2_PA_125
UCR,PA2,PA,2008,MACROALGAE,0.0,-0.2602031802396004,-0.2295445664258763,4.4,-17.88,-38.94,PA2_PA_126
UCR,PA2,PA,2008,MACROALGAE,0.0,-0.2602031802396004,-0.2295445664258763,4.4,-17.88,-38.94,PA2_PA_127
UCR,PA2,PA,2008,MACROALGAE,0.5319148936170213,-0.2602031802396004,-0.2295445664258763,4.4,-17.88,-38.94,PA2_PA_128
UCR,PA2,PA,2008,MACROALGAE,0.0,-0.2602031802396004,-0.2295445664258763,4.4,-17.88,-38.94,PA2_PA_129
UCR,PA2,PA,2008,MUSSISMILIA_HISPIDA,3.867403314917127,-0.2602031802396004,-0.2295445664258763,4.4,-17.88,-38.94,PA2_PA_130
UCR,PA2,PA,2008,MUSSISMILIA_HISPIDA,0.5319148936170213,-0.2602031802396004,-0.2295445664258763,4.4,-17.88,-38.94,PA2_PA_131
UCR,PA2,PA,2008,MUSSISMILIA_HISPIDA,0.0,-0.2602031802396004,-0.2295445664258763,4.4,-17.88,-38.94,PA2_PA_132
UCR,PA2,PA,2008,MUSSISMILIA_HISPIDA,4.661016949152542,-0.2602031802396004,-0.2295445664258763,4.4,-17.88,-38.94,PA2_PA_133
UCR,PA2,PA,2008,MUSSISMILIA_HISPIDA,4.484304932735426,-0.2602031802396004,-0.2295445664258763,4.4,-17.88,-38.94,PA2_PA_134
UCR,PA2,PA,2008,MUSSISMILIA_HISPIDA,0.0,-0.2602031802396004,-0.2295445664258763,4.4,-17.88,-38.94,PA2_PA_135
UCR,PA2,PA,2008,MUSSISMILIA_HISPIDA,4.6875,-0.2602031802396004,-0.2295445664258763,4.4,-17.88,-38.94,PA2_PA_136
UCR,PA2,PA,2008,MUSSISMILIA_HISPIDA,1.0582010582010581,-0.2602031802396004,-0.2295445664258763,4.4,-17.88,-38.94,PA2_PA_137
UCR,PA2,PA,2008,MUSSISMILIA_HISPIDA,0.5319148936170213,-0.2602031802396004,-0.2295445664258763,4.4,-17.88,-38.94,PA2_PA_138
UCR,PA2,PA,2008,MUSSISMILIA_HISPIDA,3.041825095057034,-0.2602031802396004,-0.2295445664258763,4.4,-17.88,-38.94,PA2_PA_139
UCR,PA2,PA,2008,TURF,63.53591160220995,-0.2602031802396004,-0.2295445664258763,4.4,-17.88,-38.94,PA2_PA_140
UCR,PA2,PA,2008,TURF,61.702127659574465,-0.2602031802396004,-0.2295445664258763,4.4,-17.88,-38.94,PA2_PA_141
UCR,PA2,PA,2008,TURF,70.76271186440678,-0.2602031802396004,-0.2295445664258763,4.4,-17.88,-38.94,PA2_PA_142
UCR,PA2,PA,2008,TURF,66.52542372881356,-0.2602031802396004,-0.2295445664258763,4.4,-17.88,-38.94,PA2_PA_143
UCR,PA2,PA,2008,TURF,56.05381165919283,-0.2602031802396004,-0.2295445664258763,4.4,-17.88,-38.94,PA2_PA_144
UCR,PA2,PA,2008,TURF,56.18556701030928,-0.2602031802396004,-0.2295445664258763,4.4,-17.88,-38.94,PA2_PA_145
UCR,PA2,PA,2008,TURF,58.984375,-0.2602031802396004,-0.2295445664258763,4.4,-17.88,-38.94,PA2_PA_146
UCR,PA2,PA,2008,TURF,39.15343915343915,-0.2602031802396004,-0.2295445664258763,4.4,-17.88,-38.94,PA2_PA_147
UCR,PA2,PA,2008,TURF,47.87234042553192,-0.2602031802396004,-0.2295445664258763,4.4,-17.88,-38.94,PA2_PA_148
UCR,PA2,PA,2008,TURF,32.69961977186311,-0.2602031802396004,-0.2295445664258763,4.4,-17.88,-38.94,PA2_PA_149
UCR,PA2,TP,2006,CCA,12.244897959183673,-0.2602031802396004,-0.2295445664258763,4.4,-17.88,-38.94,PA2_TP_0
UCR,PA2,TP,2006,CCA,98.33333333333333,-0.2602031802396004,-0.2295445664258763,4.4,-17.88,-38.94,PA2_TP_1
UCR,PA2,TP,2006,CCA,29.629629629629626,-0.2602031802396004,-0.2295445664258763,4.4,-17.88,-38.94,PA2_TP_2
UCR,PA2,TP,2006,CCA,52.04081632653062,-0.2602031802396004,-0.2295445664258763,4.4,-17.88,-38.94,PA2_TP_3
UCR,PA2,TP,2006,CCA,20.875420875420875,-0.2602031802396004,-0.2295445664258763,4.4,-17.88,-38.94,PA2_TP_4
UCR,PA2,TP,2006,CCA,48.63945578231292,-0.2602031802396004,-0.2295445664258763,4.4,-17.88,-38.94,PA2_TP_5
UCR,PA2,TP,2006,CCA,22.40802675585284,-0.2602031802396004,-0.2295445664258763,4.4,-17.88,-38.94,PA2_TP_6
UCR,PA2,TP,2006,CCA,9.0,-0.2602031802396004,-0.2295445664258763,4.4,-17.88,-38.94,PA2_TP_7
UCR,PA2,TP,2006,CCA,23.52941176470588,-0.2602031802396004,-0.2295445664258763,4.4,-17.88,-38.94,PA2_TP_8
UCR,PA2,TP,2006,CCA,25.423728813559322,-0.2602031802396004,-0.2295445664258763,4.4,-17.88,-38.94,PA2_TP_9
UCR,PA2,TP,2006,CYANO,0.0,-0.2602031802396004,-0.2295445664258763,4.4,-17.88,-38.94,PA2_TP_10
UCR,PA2,TP,2006,CYANO,0.0,-0.2602031802396004,-0.2295445664258763,4.4,-17.88,-38.94,PA2_TP_11
UCR,PA2,TP,2006,CYANO,0.0,-0.2602031802396004,-0.2295445664258763,4.4,-17.88,-38.94,PA2_TP_12
UCR,PA2,TP,2006,CYANO,0.0,-0.2602031802396004,-0.2295445664258763,4.4,-17.88,-38.94,PA2_TP_13
UCR,PA2,TP,2006,CYANO,0.0,-0.2602031802396004,-0.2295445664258763,4.4,-17.88,-38.94,PA2_TP_14
UCR,PA2,TP,2006,CYANO,0.0,-0.2602031802396004,-0.2295445664258763,4.4,-17.88,-38.94,PA2_TP_15
UCR,PA2,TP,2006,CYANO,0.0,-0.2602031802396004,-0.2295445664258763,4.4,-17.88,-38.94,PA2_TP_16
UCR,PA2,TP,2006,CYANO,0.0,-0.2602031802396004,-0.2295445664258763,4.4,-17.88,-38.94,PA2_TP_17
UCR,PA2,TP,2006,CYANO,0.0,-0.2602031802396004,-0.2295445664258763,4.4,-17.88,-38.94,PA2_TP_18
UCR,PA2,TP,2006,CYANO,0.0,-0.2602031802396004,-0.2295445664258763,4.4,-17.88,-38.94,PA2_TP_19
UCR,PA2,TP,2006,MACROALGAE,0.0,-0.2602031802396004,-0.2295445664258763,4.4,-17.88,-38.94,PA2_TP_20
UCR,PA2,TP,2006,MACROALGAE,0.0,-0.2602031802396004,-0.2295445664258763,4.4,-17.88,-38.94,PA2_TP_21
UCR,PA2,TP,2006,MACROALGAE,0.33670033670033667,-0.2602031802396004,-0.2295445664258763,4.4,-17.88,-38.94,PA2_TP_22
UCR,PA2,TP,2006,MACROALGAE,0.0,-0.2602031802396004,-0.2295445664258763,4.4,-17.88,-38.94,PA2_TP_23
UCR,PA2,TP,2006,MACROALGAE,0.0,-0.2602031802396004,-0.2295445664258763,4.4,-17.88,-38.94,PA2_TP_24
UCR,PA2,TP,2006,MACROALGAE,0.0,-0.2602031802396004,-0.2295445664258763,4.4,-17.88,-38.94,PA2_TP_25
UCR,PA2,TP,2006,MACROALGAE,0.0,-0.2602031802396004,-0.2295445664258763,4.4,-17.88,-38.94,PA2_TP_26
UCR,PA2,TP,2006,MACROALGAE,0.0,-0.2602031802396004,-0.2295445664258763,4.4,-17.88,-38.94,PA2_TP_27
UCR,PA2,TP,2006,MACROALGAE,0.0,-0.2602031802396004,-0.2295445664258763,4.4,-17.88,-38.94,PA2_TP_28
UCR,PA2,TP,2006,MACROALGAE,0.3389830508474576,-0.2602031802396004,-0.2295445664258763,4.4,-17.88,-38.94,PA2_TP_29
UCR,PA2,TP,2006,MUSSISMILIA_HISPIDA,0.0,-0.2602031802396004,-0.2295445664258763,4.4,-17.88,-38.94,PA2_TP_30
UCR,PA2,TP,2006,MUSSISMILIA_HISPIDA,0.0,-0.2602031802396004,-0.2295445664258763,4.4,-17.88,-38.94,PA2_TP_31
UCR,PA2,TP,2006,MUSSISMILIA_HISPIDA,0.0,-0.2602031802396004,-0.2295445664258763,4.4,-17.88,-38.94,PA2_TP_32
UCR,PA2,TP,2006,MUSSISMILIA_HISPIDA,0.0,-0.2602031802396004,-0.2295445664258763,4.4,-17.88,-38.94,PA2_TP_33
UCR,PA2,TP,2006,MUSSISMILIA_HISPIDA,1.3468013468013467,-0.2602031802396004,-0.2295445664258763,4.4,-17.88,-38.94,PA2_TP_34
UCR,PA2,TP,2006,MUSSISMILIA_HISPIDA,3.741496598639456,-0.2602031802396004,-0.2295445664258763,4.4,-17.88,-38.94,PA2_TP_35
UCR,PA2,TP,2006,MUSSISMILIA_HISPIDA,0.0,-0.2602031802396004,-0.2295445664258763,4.4,-17.88,-38.94,PA2_TP_36
UCR,PA2,TP,2006,MUSSISMILIA_HISPIDA,2.0,-0.2602031802396004,-0.2295445664258763,4.4,-17.88,-38.94,PA2_TP_37
UCR,PA2,TP,2006,MUSSISMILIA_HISPIDA,0.0,-0.2602031802396004,-0.2295445664258763,4.4,-17.88,-38.94,PA2_TP_38
UCR,PA2,TP,2006,MUSSISMILIA_HISPIDA,0.6779661016949152,-0.2602031802396004,-0.2295445664258763,4.4,-17.88,-38.94,PA2_TP_39
UCR,PA2,TP,2006,TURF,17.006802721088434,-0.2602031802396004,-0.2295445664258763,4.4,-17.88,-38.94,PA2_TP_40
UCR,PA2,TP,2006,TURF,0.0,-0.2602031802396004,-0.2295445664258763,4.4,-17.88,-38.94,PA2_TP_41
UCR,PA2,TP,2006,TURF,35.01683501683502,-0.2602031802396004,-0.2295445664258763,4.4,-17.88,-38.94,PA2_TP_42
UCR,PA2,TP,2006,TURF,23.12925170068027,-0.2602031802396004,-0.2295445664258763,4.4,-17.88,-38.94,PA2_TP_43
UCR,PA2,TP,2006,TURF,12.794612794612794,-0.2602031802396004,-0.2295445664258763,4.4,-17.88,-38.94,PA2_TP_44
UCR,PA2,TP,2006,TURF,28.91156462585034,-0.2602031802396004,-0.2295445664258763,4.4,-17.88,-38.94,PA2_TP_45
UCR,PA2,TP,2006,TURF,51.50501672240802,-0.2602031802396004,-0.2295445664258763,4.4,-17.88,-38.94,PA2_TP_46
UCR,PA2,TP,2006,TURF,45.0,-0.2602031802396004,-0.2295445664258763,4.4,-17.88,-38.94,PA2_TP_47
UCR,PA2,TP,2006,TURF,33.910034602076124,-0.2602031802396004,-0.2295445664258763,4.4,-17.88,-38.94,PA2_TP_48
UCR,PA2,TP,2006,TURF,42.3728813559322,-0.2602031802396004,-0.2295445664258763,4.4,-17.88,-38.94,PA2_TP_49
UCR,PA2,TP,2007,CCA,10.238907849829351,-0.2602031802396004,-0.2295445664258763,4.4,-17.88,-38.94,PA2_TP_50
UCR,PA2,TP,2007,CCA,36.610169491525426,-0.2602031802396004,-0.2295445664258763,4.4,-17.88,-38.94,PA2_TP_51
UCR,PA2,TP,2007,CCA,36.206896551724135,-0.2602031802396004,-0.2295445664258763,4.4,-17.88,-38.94,PA2_TP_52
UCR,PA2,TP,2007,CCA,8.135593220338983,-0.2602031802396004,-0.2295445664258763,4.4,-17.88,-38.94,PA2_TP_53
UCR,PA2,TP,2007,CCA,9.395973154362416,-0.2602031802396004,-0.2295445664258763,4.4,-17.88,-38.94,PA2_TP_54
UCR,PA2,TP,2007,CCA,17.56756756756757,-0.2602031802396004,-0.2295445664258763,4.4,-17.88,-38.94,PA2_TP_55
UCR,PA2,TP,2007,CCA,10.95890410958904,-0.2602031802396004,-0.2295445664258763,4.4,-17.88,-38.94,PA2_TP_56
UCR,PA2,TP,2007,CCA,7.849829351535837,-0.2602031802396004,-0.2295445664258763,4.4,-17.88,-38.94,PA2_TP_57
UCR,PA2,TP,2007,CCA,11.073825503355705,-0.2602031802396004,-0.2295445664258763,4.4,-17.88,-38.94,PA2_TP_58
UCR,PA2,TP,2007,CCA,7.638888888888889,-0.2602031802396004,-0.2295445664258763,4.4,-17.88,-38.94,PA2_TP_59
UCR,PA2,TP,2007,CYANO,0.0,-0.2602031802396004,-0.2295445664258763,4.4,-17.88,-38.94,PA2_TP_60
UCR,PA2,TP,2007,CYANO,0.0,-0.2602031802396004,-0.2295445664258763,4.4,-17.88,-38.94,PA2_TP_61
UCR,PA2,TP,2007,CYANO,0.0,-0.2602031802396004,-0.2295445664258763,4.4,-17.88,-38.94,PA2_TP_62
UCR,PA2,TP,2007,CYANO,0.0,-0.2602031802396004,-0.2295445664258763,4.4,-17.88,-38.94,PA2_TP_63
UCR,PA2,TP,2007,CYANO,0.0,-0.2602031802396004,-0.2295445664258763,4.4,-17.88,-38.94,PA2_TP_64
UCR,PA2,TP,2007,CYANO,0.0,-0.2602031802396004,-0.2295445664258763,4.4,-17.88,-38.94,PA2_TP_65
UCR,PA2,TP,2007,CYANO,0.0,-0.2602031802396004,-0.2295445664258763,4.4,-17.88,-38.94,PA2_TP_66
UCR,PA2,TP,2007,CYANO,0.0,-0.2602031802396004,-0.2295445664258763,4.4,-17.88,-38.94,PA2_TP_67
UCR,PA2,TP,2007,CYANO,0.0,-0.2602031802396004,-0.2295445664258763,4.4,-17.88,-38.94,PA2_TP_68
UCR,PA2,TP,2007,CYANO,0.0,-0.2602031802396004,-0.2295445664258763,4.4,-17.88,-38.94,PA2_TP_69
UCR,PA2,TP,2007,MACROALGAE,0.0,-0.2602031802396004,-0.2295445664258763,4.4,-17.88,-38.94,PA2_TP_70
UCR,PA2,TP,2007,MACROALGAE,0.0,-0.2602031802396004,-0.2295445664258763,4.4,-17.88,-38.94,PA2_TP_71
UCR,PA2,TP,2007,MACROALGAE,0.0,-0.2602031802396004,-0.2295445664258763,4.4,-17.88,-38.94,PA2_TP_72
UCR,PA2,TP,2007,MACROALGAE,0.0,-0.2602031802396004,-0.2295445664258763,4.4,-17.88,-38.94,PA2_TP_73
UCR,PA2,TP,2007,MACROALGAE,0.0,-0.2602031802396004,-0.2295445664258763,4.4,-17.88,-38.94,PA2_TP_74
UCR,PA2,TP,2007,MACROALGAE,0.0,-0.2602031802396004,-0.2295445664258763,4.4,-17.88,-38.94,PA2_TP_75
UCR,PA2,TP,2007,MACROALGAE,0.0,-0.2602031802396004,-0.2295445664258763,4.4,-17.88,-38.94,PA2_TP_76
UCR,PA2,TP,2007,MACROALGAE,0.0,-0.2602031802396004,-0.2295445664258763,4.4,-17.88,-38.94,PA2_TP_77
UCR,PA2,TP,2007,MACROALGAE,0.0,-0.2602031802396004,-0.2295445664258763,4.4,-17.88,-38.94,PA2_TP_78
UCR,PA2,TP,2007,MACROALGAE,0.0,-0.2602031802396004,-0.2295445664258763,4.4,-17.88,-38.94,PA2_TP_79
UCR,PA2,TP,2007,MUSSISMILIA_HISPIDA,0.0,-0.2602031802396004,-0.2295445664258763,4.4,-17.88,-38.94,PA2_TP_80
UCR,PA2,TP,2007,MUSSISMILIA_HISPIDA,0.0,-0.2602031802396004,-0.2295445664258763,4.4,-17.88,-38.94,PA2_TP_81
UCR,PA2,TP,2007,MUSSISMILIA_HISPIDA,0.0,-0.2602031802396004,-0.2295445664258763,4.4,-17.88,-38.94,PA2_TP_82
UCR,PA2,TP,2007,MUSSISMILIA_HISPIDA,0.6779661016949152,-0.2602031802396004,-0.2295445664258763,4.4,-17.88,-38.94,PA2_TP_83
UCR,PA2,TP,2007,MUSSISMILIA_HISPIDA,0.6711409395973155,-0.2602031802396004,-0.2295445664258763,4.4,-17.88,-38.94,PA2_TP_84
UCR,PA2,TP,2007,MUSSISMILIA_HISPIDA,2.364864864864865,-0.2602031802396004,-0.2295445664258763,4.4,-17.88,-38.94,PA2_TP_85
UCR,PA2,TP,2007,MUSSISMILIA_HISPIDA,0.0,-0.2602031802396004,-0.2295445664258763,4.4,-17.88,-38.94,PA2_TP_86
UCR,PA2,TP,2007,MUSSISMILIA_HISPIDA,1.7064846416382253,-0.2602031802396004,-0.2295445664258763,4.4,-17.88,-38.94,PA2_TP_87
UCR,PA2,TP,2007,MUSSISMILIA_HISPIDA,1.342281879194631,-0.2602031802396004,-0.2295445664258763,4.4,-17.88,-38.94,PA2_TP_88
UCR,PA2,TP,2007,MUSSISMILIA_HISPIDA,0.3472222222222222,-0.2602031802396004,-0.2295445664258763,4.4,-17.88,-38.94,PA2_TP_89
UCR,PA2,TP,2007,TURF,33.105802047781566,-0.2602031802396004,-0.2295445664258763,4.4,-17.88,-38.94,PA2_TP_90
UCR,PA2,TP,2007,TURF,62.03389830508475,-0.2602031802396004,-0.2295445664258763,4.4,-17.88,-38.94,PA2_TP_91
UCR,PA2,TP,2007,TURF,50.3448275862069,-0.2602031802396004,-0.2295445664258763,4.4,-17.88,-38.94,PA2_TP_92
UCR,PA2,TP,2007,TURF,39.66101694915255,-0.2602031802396004,-0.2295445664258763,4.4,-17.88,-38.94,PA2_TP_93
UCR,PA2,TP,2007,TURF,67.11409395973155,-0.2602031802396004,-0.2295445664258763,4.4,-17.88,-38.94,PA2_TP_94
UCR,PA2,TP,2007,TURF,68.24324324324324,-0.2602031802396004,-0.2295445664258763,4.4,-17.88,-38.94,PA2_TP_95
UCR,PA2,TP,2007,TURF,64.72602739726028,-0.2602031802396004,-0.2295445664258763,4.4,-17.88,-38.94,PA2_TP_96
UCR,PA2,TP,2007,TURF,62.45733788395904,-0.2602031802396004,-0.2295445664258763,4.4,-17.88,-38.94,PA2_TP_97
UCR,PA2,TP,2007,TURF,55.369127516778526,-0.2602031802396004,-0.2295445664258763,4.4,-17.88,-38.94,PA2_TP_98
UCR,PA2,TP,2007,TURF,44.44444444444444,-0.2602031802396004,-0.2295445664258763,4.4,-17.88,-38.94,PA2_TP_99
UCR,PA2,TP,2008,CCA,11.267605633802818,-0.2602031802396004,-0.2295445664258763,4.4,-17.88,-38.94,PA2_TP_100
UCR,PA2,TP,2008,CCA,4.6263345195729535,-0.2602031802396004,-0.2295445664258763,4.4,-17.88,-38.94,PA2_TP_101
UCR,PA2,TP,2008,CCA,19.636363636363637,-0.2602031802396004,-0.2295445664258763,4.4,-17.88,-38.94,PA2_TP_102
UCR,PA2,TP,2008,CCA,9.420289855072465,-0.2602031802396004,-0.2295445664258763,4.4,-17.88,-38.94,PA2_TP_103
UCR,PA2,TP,2008,CCA,2.8368794326241136,-0.2602031802396004,-0.2295445664258763,4.4,-17.88,-38.94,PA2_TP_104
UCR,PA2,TP,2008,CCA,8.12720848056537,-0.2602031802396004,-0.2295445664258763,4.4,-17.88,-38.94,PA2_TP_105
UCR,PA2,TP,2008,CCA,7.5,-0.2602031802396004,-0.2295445664258763,4.4,-17.88,-38.94,PA2_TP_106
UCR,PA2,TP,2008,CCA,2.181818181818182,-0.2602031802396004,-0.2295445664258763,4.4,-17.88,-38.94,PA2_TP_107
UCR,PA2,TP,2008,CCA,5.4945054945054945,-0.2602031802396004,-0.2295445664258763,4.4,-17.88,-38.94,PA2_TP_108
UCR,PA2,TP,2008,CCA,4.048582995951417,-0.2602031802396004,-0.2295445664258763,4.4,-17.88,-38.94,PA2_TP_109
UCR,PA2,TP,2008,CYANO,0.0,-0.2602031802396004,-0.2295445664258763,4.4,-17.88,-38.94,PA2_TP_110
UCR,PA2,TP,2008,CYANO,0.0,-0.2602031802396004,-0.2295445664258763,4.4,-17.88,-38.94,PA2_TP_111
UCR,PA2,TP,2008,CYANO,0.0,-0.2602031802396004,-0.2295445664258763,4.4,-17.88,-38.94,PA2_TP_112
UCR,PA2,TP,2008,CYANO,0.0,-0.2602031802396004,-0.2295445664258763,4.4,-17.88,-38.94,PA2_TP_113
UCR,PA2,TP,2008,CYANO,0.0,-0.2602031802396004,-0.2295445664258763,4.4,-17.88,-38.94,PA2_TP_114
UCR,PA2,TP,2008,CYANO,0.0,-0.2602031802396004,-0.2295445664258763,4.4,-17.88,-38.94,PA2_TP_115
UCR,PA2,TP,2008,CYANO,0.0,-0.2602031802396004,-0.2295445664258763,4.4,-17.88,-38.94,PA2_TP_116
UCR,PA2,TP,2008,CYANO,0.0,-0.2602031802396004,-0.2295445664258763,4.4,-17.88,-38.94,PA2_TP_117
UCR,PA2,TP,2008,CYANO,0.0,-0.2602031802396004,-0.2295445664258763,4.4,-17.88,-38.94,PA2_TP_118
UCR,PA2,TP,2008,CYANO,0.0,-0.2602031802396004,-0.2295445664258763,4.4,-17.88,-38.94,PA2_TP_119
UCR,PA2,TP,2008,MACROALGAE,0.0,-0.2602031802396004,-0.2295445664258763,4.4,-17.88,-38.94,PA2_TP_120
UCR,PA2,TP,2008,MACROALGAE,0.0,-0.2602031802396004,-0.2295445664258763,4.4,-17.88,-38.94,PA2_TP_121
UCR,PA2,TP,2008,MACROALGAE,0.36363636363636365,-0.2602031802396004,-0.2295445664258763,4.4,-17.88,-38.94,PA2_TP_122
UCR,PA2,TP,2008,MACROALGAE,0.0,-0.2602031802396004,-0.2295445664258763,4.4,-17.88,-38.94,PA2_TP_123
UCR,PA2,TP,2008,MACROALGAE,0.0,-0.2602031802396004,-0.2295445664258763,4.4,-17.88,-38.94,PA2_TP_124
UCR,PA2,TP,2008,MACROALGAE,0.35335689045936397,-0.2602031802396004,-0.2295445664258763,4.4,-17.88,-38.94,PA2_TP_125
UCR,PA2,TP,2008,MACROALGAE,0.0,-0.2602031802396004,-0.2295445664258763,4.4,-17.88,-38.94,PA2_TP_126
UCR,PA2,TP,2008,MACROALGAE,0.0,-0.2602031802396004,-0.2295445664258763,4.4,-17.88,-38.94,PA2_TP_127
UCR,PA2,TP,2008,MACROALGAE,0.0,-0.2602031802396004,-0.2295445664258763,4.4,-17.88,-38.94,PA2_TP_128
UCR,PA2,TP,2008,MACROALGAE,0.0,-0.2602031802396004,-0.2295445664258763,4.4,-17.88,-38.94,PA2_TP_129
UCR,PA2,TP,2008,MUSSISMILIA_HISPIDA,0.0,-0.2602031802396004,-0.2295445664258763,4.4,-17.88,-38.94,PA2_TP_130
UCR,PA2,TP,2008,MUSSISMILIA_HISPIDA,0.0,-0.2602031802396004,-0.2295445664258763,4.4,-17.88,-38.94,PA2_TP_131
UCR,PA2,TP,2008,MUSSISMILIA_HISPIDA,0.0,-0.2602031802396004,-0.2295445664258763,4.4,-17.88,-38.94,PA2_TP_132
UCR,PA2,TP,2008,MUSSISMILIA_HISPIDA,0.0,-0.2602031802396004,-0.2295445664258763,4.4,-17.88,-38.94,PA2_TP_133
UCR,PA2,TP,2008,MUSSISMILIA_HISPIDA,1.773049645390071,-0.2602031802396004,-0.2295445664258763,4.4,-17.88,-38.94,PA2_TP_134
UCR,PA2,TP,2008,MUSSISMILIA_HISPIDA,5.30035335689046,-0.2602031802396004,-0.2295445664258763,4.4,-17.88,-38.94,PA2_TP_135
UCR,PA2,TP,2008,MUSSISMILIA_HISPIDA,0.0,-0.2602031802396004,-0.2295445664258763,4.4,-17.88,-38.94,PA2_TP_136
UCR,PA2,TP,2008,MUSSISMILIA_HISPIDA,0.7272727272727273,-0.2602031802396004,-0.2295445664258763,4.4,-17.88,-38.94,PA2_TP_137
UCR,PA2,TP,2008,MUSSISMILIA_HISPIDA,0.3663003663003663,-0.2602031802396004,-0.2295445664258763,4.4,-17.88,-38.94,PA2_TP_138
UCR,PA2,TP,2008,MUSSISMILIA_HISPIDA,0.0,-0.2602031802396004,-0.2295445664258763,4.4,-17.88,-38.94,PA2_TP_139
UCR,PA2,TP,2008,TURF,78.16901408450704,-0.2602031802396004,-0.2295445664258763,4.4,-17.88,-38.94,PA2_TP_140
UCR,PA2,TP,2008,TURF,34.87544483985765,-0.2602031802396004,-0.2295445664258763,4.4,-17.88,-38.94,PA2_TP_141
UCR,PA2,TP,2008,TURF,62.54545454545455,-0.2602031802396004,-0.2295445664258763,4.4,-17.88,-38.94,PA2_TP_142
UCR,PA2,TP,2008,TURF,34.78260869565217,-0.2602031802396004,-0.2295445664258763,4.4,-17.88,-38.94,PA2_TP_143
UCR,PA2,TP,2008,TURF,80.49645390070921,-0.2602031802396004,-0.2295445664258763,4.4,-17.88,-38.94,PA2_TP_144
UCR,PA2,TP,2008,TURF,73.14487632508833,-0.2602031802396004,-0.2295445664258763,4.4,-17.88,-38.94,PA2_TP_145
UCR,PA2,TP,2008,TURF,73.57142857142858,-0.2602031802396004,-0.2295445664258763,4.4,-17.88,-38.94,PA2_TP_146
UCR,PA2,TP,2008,TURF,67.63636363636364,-0.2602031802396004,-0.2295445664258763,4.4,-17.88,-38.94,PA2_TP_147
UCR,PA2,TP,2008,TURF,61.904761904761905,-0.2602031802396004,-0.2295445664258763,4.4,-17.88,-38.94,PA2_TP_148
UCR,PA2,TP,2008,TURF,46.15384615384615,-0.2602031802396004,-0.2295445664258763,4.4,-17.88,-38.94,PA2_TP_149
UCR,PLEST,PA,2006,CCA,19.548872180451127,-0.2602031802396004,-0.2295445664258763,4.4,-17.88,-38.94,PLEST_PA_0
UCR,PLEST,PA,2006,CCA,8.866995073891626,-0.2602031802396004,-0.2295445664258763,4.4,-17.88,-38.94,PLEST_PA_1
UCR,PLEST,PA,2006,CCA,4.97737556561086,-0.2602031802396004,-0.2295445664258763,4.4,-17.88,-38.94,PLEST_PA_2
UCR,PLEST,PA,2006,CCA,7.169811320754717,-0.2602031802396004,-0.2295445664258763,4.4,-17.88,-38.94,PLEST_PA_3
UCR,PLEST,PA,2006,CCA,4.135338345864661,-0.2602031802396004,-0.2295445664258763,4.4,-17.88,-38.94,PLEST_PA_4
UCR,PLEST,PA,2006,CCA,6.018518518518518,-0.2602031802396004,-0.2295445664258763,4.4,-17.88,-38.94,PLEST_PA_5
UCR,PLEST,PA,2006,CCA,5.761316872427984,-0.2602031802396004,-0.2295445664258763,4.4,-17.88,-38.94,PLEST_PA_6
UCR,PLEST,PA,2006,CCA,2.6515151515151514,-0.2602031802396004,-0.2295445664258763,4.4,-17.88,-38.94,PLEST_PA_7
UCR,PLEST,PA,2006,CCA,2.536231884057971,-0.2602031802396004,-0.2295445664258763,4.4,-17.88,-38.94,PLEST_PA_8
UCR,PLEST,PA,2006,CCA,2.0,-0.2602031802396004,-0.2295445664258763,4.4,-17.88,-38.94,PLEST_PA_9
UCR,PLEST,PA,2006,CYANO,0.37593984962406013,-0.2602031802396004,-0.2295445664258763,4.4,-17.88,-38.94,PLEST_PA_10
UCR,PLEST,PA,2006,CYANO,14.77832512315271,-0.2602031802396004,-0.2295445664258763,4.4,-17.88,-38.94,PLEST_PA_11
UCR,PLEST,PA,2006,CYANO,25.339366515837103,-0.2602031802396004,-0.2295445664258763,4.4,-17.88,-38.94,PLEST_PA_12
UCR,PLEST,PA,2006,CYANO,6.7924528301886795,-0.2602031802396004,-0.2295445664258763,4.4,-17.88,-38.94,PLEST_PA_13
UCR,PLEST,PA,2006,CYANO,6.015037593984962,-0.2602031802396004,-0.2295445664258763,4.4,-17.88,-38.94,PLEST_PA_14
UCR,PLEST,PA,2006,CYANO,5.092592592592593,-0.2602031802396004,-0.2295445664258763,4.4,-17.88,-38.94,PLEST_PA_15
UCR,PLEST,PA,2006,CYANO,5.761316872427984,-0.2602031802396004,-0.2295445664258763,4.4,-17.88,-38.94,PLEST_PA_16
UCR,PLEST,PA,2006,CYANO,6.0606060606060606,-0.2602031802396004,-0.2295445664258763,4.4,-17.88,-38.94,PLEST_PA_17
UCR,PLEST,PA,2006,CYANO,8.333333333333332,-0.2602031802396004,-0.2295445664258763,4.4,-17.88,-38.94,PLEST_PA_18
UCR,PLEST,PA,2006,CYANO,0.5,-0.2602031802396004,-0.2295445664258763,4.4,-17.88,-38.94,PLEST_PA_19
UCR,PLEST,PA,2006,MACROALGAE,0.0,-0.2602031802396004,-0.2295445664258763,4.4,-17.88,-38.94,PLEST_PA_20
UCR,PLEST,PA,2006,MACROALGAE,0.0,-0.2602031802396004,-0.2295445664258763,4.4,-17.88,-38.94,PLEST_PA_21
UCR,PLEST,PA,2006,MACROALGAE,0.0,-0.2602031802396004,-0.2295445664258763,4.4,-17.88,-38.94,PLEST_PA_22
UCR,PLEST,PA,2006,MACROALGAE,0.0,-0.2602031802396004,-0.2295445664258763,4.4,-17.88,-38.94,PLEST_PA_23
UCR,PLEST,PA,2006,MACROALGAE,0.0,-0.2602031802396004,-0.2295445664258763,4.4,-17.88,-38.94,PLEST_PA_24
UCR,PLEST,PA,2006,MACROALGAE,0.0,-0.2602031802396004,-0.2295445664258763,4.4,-17.88,-38.94,PLEST_PA_25
UCR,PLEST,PA,2006,MACROALGAE,2.05761316872428,-0.2602031802396004,-0.2295445664258763,4.4,-17.88,-38.94,PLEST_PA_26
UCR,PLEST,PA,2006,MACROALGAE,0.0,-0.2602031802396004,-0.2295445664258763,4.4,-17.88,-38.94,PLEST_PA_27
UCR,PLEST,PA,2006,MACROALGAE,0.0,-0.2602031802396004,-0.2295445664258763,4.4,-17.88,-38.94,PLEST_PA_28
UCR,PLEST,PA,2006,MACROALGAE,0.0,-0.2602031802396004,-0.2295445664258763,4.4,-17.88,-38.94,PLEST_PA_29
UCR,PLEST,PA,2006,MUSSISMILIA_HISPIDA,0.0,-0.2602031802396004,-0.2295445664258763,4.4,-17.88,-38.94,PLEST_PA_30
UCR,PLEST,PA,2006,MUSSISMILIA_HISPIDA,0.0,-0.2602031802396004,-0.2295445664258763,4.4,-17.88,-38.94,PLEST_PA_31
UCR,PLEST,PA,2006,MUSSISMILIA_HISPIDA,0.0,-0.2602031802396004,-0.2295445664258763,4.4,-17.88,-38.94,PLEST_PA_32
UCR,PLEST,PA,2006,MUSSISMILIA_HISPIDA,0.0,-0.2602031802396004,-0.2295445664258763,4.4,-17.88,-38.94,PLEST_PA_33
UCR,PLEST,PA,2006,MUSSISMILIA_HISPIDA,0.0,-0.2602031802396004,-0.2295445664258763,4.4,-17.88,-38.94,PLEST_PA_34
UCR,PLEST,PA,2006,MUSSISMILIA_HISPIDA,0.0,-0.2602031802396004,-0.2295445664258763,4.4,-17.88,-38.94,PLEST_PA_35
UCR,PLEST,PA,2006,MUSSISMILIA_HISPIDA,0.823045267489712,-0.2602031802396004,-0.2295445664258763,4.4,-17.88,-38.94,PLEST_PA_36
UCR,PLEST,PA,2006,MUSSISMILIA_HISPIDA,1.1363636363636365,-0.2602031802396004,-0.2295445664258763,4.4,-17.88,-38.94,PLEST_PA_37
UCR,PLEST,PA,2006,MUSSISMILIA_HISPIDA,1.0869565217391304,-0.2602031802396004,-0.2295445664258763,4.4,-17.88,-38.94,PLEST_PA_38
UCR,PLEST,PA,2006,MUSSISMILIA_HISPIDA,0.0,-0.2602031802396004,-0.2295445664258763,4.4,-17.88,-38.94,PLEST_PA_39
UCR,PLEST,PA,2006,TURF,35.71428571428571,-0.2602031802396004,-0.2295445664258763,4.4,-17.88,-38.94,PLEST_PA_40
UCR,PLEST,PA,2006,TURF,40.39408866995073,-0.2602031802396004,-0.2295445664258763,4.4,-17.88,-38.94,PLEST_PA_41
UCR,PLEST,PA,2006,TURF,37.556561085972845,-0.2602031802396004,-0.2295445664258763,4.4,-17.88,-38.94,PLEST_PA_42
UCR,PLEST,PA,2006,TURF,33.9622641509434,-0.2602031802396004,-0.2295445664258763,4.4,-17.88,-38.94,PLEST_PA_43
UCR,PLEST,PA,2006,TURF,18.796992481203006,-0.2602031802396004,-0.2295445664258763,4.4,-17.88,-38.94,PLEST_PA_44
UCR,PLEST,PA,2006,TURF,25.925925925925927,-0.2602031802396004,-0.2295445664258763,4.4,-17.88,-38.94,PLEST_PA_45
UCR,PLEST,PA,2006,TURF,11.522633744855966,-0.2602031802396004,-0.2295445664258763,4.4,-17.88,-38.94,PLEST_PA_46
UCR,PLEST,PA,2006,TURF,12.500000000000002,-0.2602031802396004,-0.2295445664258763,4.4,-17.88,-38.94,PLEST_PA_47
UCR,PLEST,PA,2006,TURF,0.36231884057971087,-0.2602031802396004,-0.2295445664258763,4.4,-17.88,-38.94,PLEST_PA_48
UCR,PLEST,PA,2006,TURF,4.5,-0.2602031802396004,-0.2295445664258763,4.4,-17.88,-38.94,PLEST_PA_49
UCR,PLEST,PA,2007,CCA,40.909090909090914,-0.2602031802396004,-0.2295445664258763,4.4,-17.88,-38.94,PLEST_PA_50
UCR,PLEST,PA,2007,CCA,30.208333333333332,-0.2602031802396004,-0.2295445664258763,4.4,-17.88,-38.94,PLEST_PA_51
UCR,PLEST,PA,2007,CCA,27.697841726618705,-0.2602031802396004,-0.2295445664258763,4.4,-17.88,-38.94,PLEST_PA_52
UCR,PLEST,PA,2007,CCA,46.31578947368421,-0.2602031802396004,-0.2295445664258763,4.4,-17.88,-38.94,PLEST_PA_53
UCR,PLEST,PA,2007,CCA,14.77832512315271,-0.2602031802396004,-0.2295445664258763,4.4,-17.88,-38.94,PLEST_PA_54
UCR,PLEST,PA,2007,CCA,8.47457627118644,-0.2602031802396004,-0.2295445664258763,4.4,-17.88,-38.94,PLEST_PA_55
UCR,PLEST,PA,2007,CCA,11.76470588235294,-0.2602031802396004,-0.2295445664258763,4.4,-17.88,-38.94,PLEST_PA_56
UCR,PLEST,PA,2007,CCA,10.569105691056912,-0.2602031802396004,-0.2295445664258763,4.4,-17.88,-38.94,PLEST_PA_57
UCR,PLEST,PA,2007,CCA,7.468879668049793,-0.2602031802396004,-0.2295445664258763,4.4,-17.88,-38.94,PLEST_PA_58
UCR,PLEST,PA,2007,CCA,6.870229007633588,-0.2602031802396004,-0.2295445664258763,4.4,-17.88,-38.94,PLEST_PA_59
UCR,PLEST,PA,2007,CYANO,2.6515151515151514,-0.2602031802396004,-0.2295445664258763,4.4,-17.88,-38.94,PLEST_PA_60
UCR,PLEST,PA,2007,CYANO,0.5208333333333333,-0.2602031802396004,-0.2295445664258763,4.4,-17.88,-38.94,PLEST_PA_61
UCR,PLEST,PA,2007,CYANO,1.7985611510791366,-0.2602031802396004,-0.2295445664258763,4.4,-17.88,-38.94,PLEST_PA_62
UCR,PLEST,PA,2007,CYANO,5.7894736842105265,-0.2602031802396004,-0.2295445664258763,4.4,-17.88,-38.94,PLEST_PA_63
UCR,PLEST,PA,2007,CYANO,2.4630541871921183,-0.2602031802396004,-0.2295445664258763,4.4,-17.88,-38.94,PLEST_PA_64
UCR,PLEST,PA,2007,CYANO,5.932203389830509,-0.2602031802396004,-0.2295445664258763,4.4,-17.88,-38.94,PLEST_PA_65
UCR,PLEST,PA,2007,CYANO,1.809954751131222,-0.2602031802396004,-0.2295445664258763,4.4,-17.88,-38.94,PLEST_PA_66
UCR,PLEST,PA,2007,CYANO,0.40650406504065045,-0.2602031802396004,-0.2295445664258763,4.4,-17.88,-38.94,PLEST_PA_67
UCR,PLEST,PA,2007,CYANO,1.2448132780082988,-0.2602031802396004,-0.2295445664258763,4.4,-17.88,-38.94,PLEST_PA_68
UCR,PLEST,PA,2007,CYANO,1.1450381679389312,-0.2602031802396004,-0.2295445664258763,4.4,-17.88,-38.94,PLEST_PA_69
UCR,PLEST,PA,2007,MACROALGAE,0.0,-0.2602031802396004,-0.2295445664258763,4.4,-17.88,-38.94,PLEST_PA_70
UCR,PLEST,PA,2007,MACROALGAE,0.5208333333333333,-0.2602031802396004,-0.2295445664258763,4.4,-17.88,-38.94,PLEST_PA_71
UCR,PLEST,PA,2007,MACROALGAE,0.0,-0.2602031802396004,-0.2295445664258763,4.4,-17.88,-38.94,PLEST_PA_72
UCR,PLEST,PA,2007,MACROALGAE,0.0,-0.2602031802396004,-0.2295445664258763,4.4,-17.88,-38.94,PLEST_PA_73
UCR,PLEST,PA,2007,MACROALGAE,0.49261083743842365,-0.2602031802396004,-0.2295445664258763,4.4,-17.88,-38.94,PLEST_PA_74
UCR,PLEST,PA,2007,MACROALGAE,0.0,-0.2602031802396004,-0.2295445664258763,4.4,-17.88,-38.94,PLEST_PA_75
UCR,PLEST,PA,2007,MACROALGAE,0.0,-0.2602031802396004,-0.2295445664258763,4.4,-17.88,-38.94,PLEST_PA_76
UCR,PLEST,PA,2007,MACROALGAE,0.40650406504065045,-0.2602031802396004,-0.2295445664258763,4.4,-17.88,-38.94,PLEST_PA_77
UCR,PLEST,PA,2007,MACROALGAE,0.0,-0.2602031802396004,-0.2295445664258763,4.4,-17.88,-38.94,PLEST_PA_78
UCR,PLEST,PA,2007,MACROALGAE,0.0,-0.2602031802396004,-0.2295445664258763,4.4,-17.88,-38.94,PLEST_PA_79
UCR,PLEST,PA,2007,MUSSISMILIA_HISPIDA,0.0,-0.2602031802396004,-0.2295445664258763,4.4,-17.88,-38.94,PLEST_PA_80
UCR,PLEST,PA,2007,MUSSISMILIA_HISPIDA,0.0,-0.2602031802396004,-0.2295445664258763,4.4,-17.88,-38.94,PLEST_PA_81
UCR,PLEST,PA,2007,MUSSISMILIA_HISPIDA,0.0,-0.2602031802396004,-0.2295445664258763,4.4,-17.88,-38.94,PLEST_PA_82
UCR,PLEST,PA,2007,MUSSISMILIA_HISPIDA,0.0,-0.2602031802396004,-0.2295445664258763,4.4,-17.88,-38.94,PLEST_PA_83
UCR,PLEST,PA,2007,MUSSISMILIA_HISPIDA,0.9852216748768473,-0.2602031802396004,-0.2295445664258763,4.4,-17.88,-38.94,PLEST_PA_84
UCR,PLEST,PA,2007,MUSSISMILIA_HISPIDA,2.11864406779661,-0.2602031802396004,-0.2295445664258763,4.4,-17.88,-38.94,PLEST_PA_85
UCR,PLEST,PA,2007,MUSSISMILIA_HISPIDA,0.904977375565611,-0.2602031802396004,-0.2295445664258763,4.4,-17.88,-38.94,PLEST_PA_86
UCR,PLEST,PA,2007,MUSSISMILIA_HISPIDA,2.4390243902439024,-0.2602031802396004,-0.2295445664258763,4.4,-17.88,-38.94,PLEST_PA_87
UCR,PLEST,PA,2007,MUSSISMILIA_HISPIDA,0.0,-0.2602031802396004,-0.2295445664258763,4.4,-17.88,-38.94,PLEST_PA_88
UCR,PLEST,PA,2007,MUSSISMILIA_HISPIDA,0.0,-0.2602031802396004,-0.2295445664258763,4.4,-17.88,-38.94,PLEST_PA_89
UCR,PLEST,PA,2007,TURF,51.89393939393939,-0.2602031802396004,-0.2295445664258763,4.4,-17.88,-38.94,PLEST_PA_90
UCR,PLEST,PA,2007,TURF,44.791666666666664,-0.2602031802396004,-0.2295445664258763,4.4,-17.88,-38.94,PLEST_PA_91
UCR,PLEST,PA,2007,TURF,49.64028776978418,-0.2602031802396004,-0.2295445664258763,4.4,-17.88,-38.94,PLEST_PA_92
UCR,PLEST,PA,2007,TURF,31.052631578947363,-0.2602031802396004,-0.2295445664258763,4.4,-17.88,-38.94,PLEST_PA_93
UCR,PLEST,PA,2007,TURF,48.275862068965516,-0.2602031802396004,-0.2295445664258763,4.4,-17.88,-38.94,PLEST_PA_94
UCR,PLEST,PA,2007,TURF,48.30508474576271,-0.2602031802396004,-0.2295445664258763,4.4,-17.88,-38.94,PLEST_PA_95
UCR,PLEST,PA,2007,TURF,47.51131221719457,-0.2602031802396004,-0.2295445664258763,4.4,-17.88,-38.94,PLEST_PA_96
UCR,PLEST,PA,2007,TURF,32.11382113821138,-0.2602031802396004,-0.2295445664258763,4.4,-17.88,-38.94,PLEST_PA_97
UCR,PLEST,PA,2007,TURF,19.502074688796682,-0.2602031802396004,-0.2295445664258763,4.4,-17.88,-38.94,PLEST_PA_98
UCR,PLEST,PA,2007,TURF,15.648854961832061,-0.2602031802396004,-0.2295445664258763,4.4,-17.88,-38.94,PLEST_PA_99
UCR,PLEST,PA,2008,CCA,0.0,-0.2602031802396004,-0.2295445664258763,4.4,-17.88,-38.94,PLEST_PA_100
UCR,PLEST,PA,2008,CCA,1.5267175572519083,-0.2602031802396004,-0.2295445664258763,4.4,-17.88,-38.94,PLEST_PA_101
UCR,PLEST,PA,2008,CCA,6.206896551724138,-0.2602031802396004,-0.2295445664258763,4.4,-17.88,-38.94,PLEST_PA_102
UCR,PLEST,PA,2008,CCA,20.761245674740483,-0.2602031802396004,-0.2295445664258763,4.4,-17.88,-38.94,PLEST_PA_103
UCR,PLEST,PA,2008,CCA,18.120805369127517,-0.2602031802396004,-0.2295445664258763,4.4,-17.88,-38.94,PLEST_PA_104
UCR,PLEST,PA,2008,CCA,9.722222222222223,-0.2602031802396004,-0.2295445664258763,4.4,-17.88,-38.94,PLEST_PA_105
UCR,PLEST,PA,2008,CCA,18.620689655172416,-0.2602031802396004,-0.2295445664258763,4.4,-17.88,-38.94,PLEST_PA_106
UCR,PLEST,PA,2008,CCA,25.0,-0.2602031802396004,-0.2295445664258763,4.4,-17.88,-38.94,PLEST_PA_107
UCR,PLEST,PA,2008,CCA,6.137184115523466,-0.2602031802396004,-0.2295445664258763,4.4,-17.88,-38.94,PLEST_PA_108
UCR,PLEST,PA,2008,CCA,2.027027027027027,-0.2602031802396004,-0.2295445664258763,4.4,-17.88,-38.94,PLEST_PA_109
UCR,PLEST,PA,2008,CYANO,0.0,-0.2602031802396004,-0.2295445664258763,4.4,-17.88,-38.94,PLEST_PA_110
UCR,PLEST,PA,2008,CYANO,0.0,-0.2602031802396004,-0.2295445664258763,4.4,-17.88,-38.94,PLEST_PA_111
UCR,PLEST,PA,2008,CYANO,0.0,-0.2602031802396004,-0.2295445664258763,4.4,-17.88,-38.94,PLEST_PA_112
UCR,PLEST,PA,2008,CYANO,0.0,-0.2602031802396004,-0.2295445664258763,4.4,-17.88,-38.94,PLEST_PA_113
UCR,PLEST,PA,2008,CYANO,0.0,-0.2602031802396004,-0.2295445664258763,4.4,-17.88,-38.94,PLEST_PA_114
UCR,PLEST,PA,2008,CYANO,0.0,-0.2602031802396004,-0.2295445664258763,4.4,-17.88,-38.94,PLEST_PA_115
UCR,PLEST,PA,2008,CYANO,0.0,-0.2602031802396004,-0.2295445664258763,4.4,-17.88,-38.94,PLEST_PA_116
UCR,PLEST,PA,2008,CYANO,0.0,-0.2602031802396004,-0.2295445664258763,4.4,-17.88,-38.94,PLEST_PA_117
UCR,PLEST,PA,2008,CYANO,0.0,-0.2602031802396004,-0.2295445664258763,4.4,-17.88,-38.94,PLEST_PA_118
UCR,PLEST,PA,2008,CYANO,0.0,-0.2602031802396004,-0.2295445664258763,4.4,-17.88,-38.94,PLEST_PA_119
UCR,PLEST,PA,2008,MACROALGAE,0.0,-0.2602031802396004,-0.2295445664258763,4.4,-17.88,-38.94,PLEST_PA_120
UCR,PLEST,PA,2008,MACROALGAE,0.0,-0.2602031802396004,-0.2295445664258763,4.4,-17.88,-38.94,PLEST_PA_121
UCR,PLEST,PA,2008,MACROALGAE,0.3448275862068966,-0.2602031802396004,-0.2295445664258763,4.4,-17.88,-38.94,PLEST_PA_122
UCR,PLEST,PA,2008,MACROALGAE,0.0,-0.2602031802396004,-0.2295445664258763,4.4,-17.88,-38.94,PLEST_PA_123
UCR,PLEST,PA,2008,MACROALGAE,1.006711409395973,-0.2602031802396004,-0.2295445664258763,4.4,-17.88,-38.94,PLEST_PA_124
UCR,PLEST,PA,2008,MACROALGAE,0.3472222222222222,-0.2602031802396004,-0.2295445664258763,4.4,-17.88,-38.94,PLEST_PA_125
UCR,PLEST,PA,2008,MACROALGAE,0.0,-0.2602031802396004,-0.2295445664258763,4.4,-17.88,-38.94,PLEST_PA_126
UCR,PLEST,PA,2008,MACROALGAE,0.684931506849315,-0.2602031802396004,-0.2295445664258763,4.4,-17.88,-38.94,PLEST_PA_127
UCR,PLEST,PA,2008,MACROALGAE,0.0,-0.2602031802396004,-0.2295445664258763,4.4,-17.88,-38.94,PLEST_PA_128
UCR,PLEST,PA,2008,MACROALGAE,0.0,-0.2602031802396004,-0.2295445664258763,4.4,-17.88,-38.94,PLEST_PA_129
UCR,PLEST,PA,2008,MUSSISMILIA_HISPIDA,0.0,-0.2602031802396004,-0.2295445664258763,4.4,-17.88,-38.94,PLEST_PA_130
UCR,PLEST,PA,2008,MUSSISMILIA_HISPIDA,0.0,-0.2602031802396004,-0.2295445664258763,4.4,-17.88,-38.94,PLEST_PA_131
UCR,PLEST,PA,2008,MUSSISMILIA_HISPIDA,0.0,-0.2602031802396004,-0.2295445664258763,4.4,-17.88,-38.94,PLEST_PA_132
UCR,PLEST,PA,2008,MUSSISMILIA_HISPIDA,0.0,-0.2602031802396004,-0.2295445664258763,4.4,-17.88,-38.94,PLEST_PA_133
UCR,PLEST,PA,2008,MUSSISMILIA_HISPIDA,0.33557046979865773,-0.2602031802396004,-0.2295445664258763,4.4,-17.88,-38.94,PLEST_PA_134
UCR,PLEST,PA,2008,MUSSISMILIA_HISPIDA,1.3888888888888888,-0.2602031802396004,-0.2295445664258763,4.4,-17.88,-38.94,PLEST_PA_135
UCR,PLEST,PA,2008,MUSSISMILIA_HISPIDA,0.0,-0.2602031802396004,-0.2295445664258763,4.4,-17.88,-38.94,PLEST_PA_136
UCR,PLEST,PA,2008,MUSSISMILIA_HISPIDA,1.0273972602739725,-0.2602031802396004,-0.2295445664258763,4.4,-17.88,-38.94,PLEST_PA_137
UCR,PLEST,PA,2008,MUSSISMILIA_HISPIDA,0.0,-0.2602031802396004,-0.2295445664258763,4.4,-17.88,-38.94,PLEST_PA_138
UCR,PLEST,PA,2008,MUSSISMILIA_HISPIDA,0.0,-0.2602031802396004,-0.2295445664258763,4.4,-17.88,-38.94,PLEST_PA_139
UCR,PLEST,PA,2008,TURF,5.704697986577181,-0.2602031802396004,-0.2295445664258763,4.4,-17.88,-38.94,PLEST_PA_140
UCR,PLEST,PA,2008,TURF,8.778625954198473,-0.2602031802396004,-0.2295445664258763,4.4,-17.88,-38.94,PLEST_PA_141
UCR,PLEST,PA,2008,TURF,21.379310344827587,-0.2602031802396004,-0.2295445664258763,4.4,-17.88,-38.94,PLEST_PA_142
UCR,PLEST,PA,2008,TURF,53.979238754325266,-0.2602031802396004,-0.2295445664258763,4.4,-17.88,-38.94,PLEST_PA_143
UCR,PLEST,PA,2008,TURF,24.832214765100673,-0.2602031802396004,-0.2295445664258763,4.4,-17.88,-38.94,PLEST_PA_144
UCR,PLEST,PA,2008,TURF,41.66666666666667,-0.2602031802396004,-0.2295445664258763,4.4,-17.88,-38.94,PLEST_PA_145
UCR,PLEST,PA,2008,TURF,35.51724137931034,-0.2602031802396004,-0.2295445664258763,4.4,-17.88,-38.94,PLEST_PA_146
UCR,PLEST,PA,2008,TURF,21.575342465753426,-0.2602031802396004,-0.2295445664258763,4.4,-17.88,-38.94,PLEST_PA_147
UCR,PLEST,PA,2008,TURF,12.63537906137184,-0.2602031802396004,-0.2295445664258763,4.4,-17.88,-38.94,PLEST_PA_148
UCR,PLEST,PA,2008,TURF,28.040540540540544,-0.2602031802396004,-0.2295445664258763,4.4,-17.88,-38.94,PLEST_PA_149
UCR,PLEST,TP,2006,CCA,22.145328719723185,-0.2602031802396004,-0.2295445664258763,4.4,-17.88,-38.94,PLEST_TP_0
UCR,PLEST,TP,2006,CCA,9.722222222222223,-0.2602031802396004,-0.2295445664258763,4.4,-17.88,-38.94,PLEST_TP_1
UCR,PLEST,TP,2006,CCA,13.87900355871886,-0.2602031802396004,-0.2295445664258763,4.4,-17.88,-38.94,PLEST_TP_2
UCR,PLEST,TP,2006,CCA,12.32876712328767,-0.2602031802396004,-0.2295445664258763,4.4,-17.88,-38.94,PLEST_TP_3
UCR,PLEST,TP,2006,CCA,12.195121951219512,-0.2602031802396004,-0.2295445664258763,4.4,-17.88,-38.94,PLEST_TP_4
UCR,PLEST,TP,2006,CCA,8.19112627986348,-0.2602031802396004,-0.2295445664258763,4.4,-17.88,-38.94,PLEST_TP_5
UCR,PLEST,TP,2006,CCA,16.727272727272727,-0.2602031802396004,-0.2295445664258763,4.4,-17.88,-38.94,PLEST_TP_6
UCR,PLEST,TP,2006,CCA,6.8493150684931505,-0.2602031802396004,-0.2295445664258763,4.4,-17.88,-38.94,PLEST_TP_7
UCR,PLEST,TP,2006,CCA,7.560137457044673,-0.2602031802396004,-0.2295445664258763,4.4,-17.88,-38.94,PLEST_TP_8
UCR,PLEST,TP,2006,CCA,9.655172413793103,-0.2602031802396004,-0.2295445664258763,4.4,-17.88,-38.94,PLEST_TP_9
UCR,PLEST,TP,2006,CYANO,0.0,-0.2602031802396004,-0.2295445664258763,4.4,-17.88,-38.94,PLEST_TP_10
UCR,PLEST,TP,2006,CYANO,0.0,-0.2602031802396004,-0.2295445664258763,4.4,-17.88,-38.94,PLEST_TP_11
UCR,PLEST,TP,2006,CYANO,0.0,-0.2602031802396004,-0.2295445664258763,4.4,-17.88,-38.94,PLEST_TP_12
UCR,PLEST,TP,2006,CYANO,0.0,-0.2602031802396004,-0.2295445664258763,4.4,-17.88,-38.94,PLEST_TP_13
UCR,PLEST,TP,2006,CYANO,0.0,-0.2602031802396004,-0.2295445664258763,4.4,-17.88,-38.94,PLEST_TP_14
UCR,PLEST,TP,2006,CYANO,0.3412969283276451,-0.2602031802396004,-0.2295445664258763,4.4,-17.88,-38.94,PLEST_TP_15
UCR,PLEST,TP,2006,CYANO,0.0,-0.2602031802396004,-0.2295445664258763,4.4,-17.88,-38.94,PLEST_TP_16
UCR,PLEST,TP,2006,CYANO,0.0,-0.2602031802396004,-0.2295445664258763,4.4,-17.88,-38.94,PLEST_TP_17
UCR,PLEST,TP,2006,CYANO,0.0,-0.2602031802396004,-0.2295445664258763,4.4,-17.88,-38.94,PLEST_TP_18
UCR,PLEST,TP,2006,CYANO,0.0,-0.2602031802396004,-0.2295445664258763,4.4,-17.88,-38.94,PLEST_TP_19
UCR,PLEST,TP,2006,MACROALGAE,42.90657439446367,-0.2602031802396004,-0.2295445664258763,4.4,-17.88,-38.94,PLEST_TP_20
UCR,PLEST,TP,2006,MACROALGAE,35.06944444444444,-0.2602031802396004,-0.2295445664258763,4.4,-17.88,-38.94,PLEST_TP_21
UCR,PLEST,TP,2006,MACROALGAE,32.028469750889684,-0.2602031802396004,-0.2295445664258763,4.4,-17.88,-38.94,PLEST_TP_22
UCR,PLEST,TP,2006,MACROALGAE,60.95890410958904,-0.2602031802396004,-0.2295445664258763,4.4,-17.88,-38.94,PLEST_TP_23
UCR,PLEST,TP,2006,MACROALGAE,39.37282229965157,-0.2602031802396004,-0.2295445664258763,4.4,-17.88,-38.94,PLEST_TP_24
UCR,PLEST,TP,2006,MACROALGAE,38.56655290102389,-0.2602031802396004,-0.2295445664258763,4.4,-17.88,-38.94,PLEST_TP_25
UCR,PLEST,TP,2006,MACROALGAE,36.72727272727273,-0.2602031802396004,-0.2295445664258763,4.4,-17.88,-38.94,PLEST_TP_26
UCR,PLEST,TP,2006,MACROALGAE,36.3013698630137,-0.2602031802396004,-0.2295445664258763,4.4,-17.88,-38.94,PLEST_TP_27
UCR,PLEST,TP,2006,MACROALGAE,36.08247422680412,-0.2602031802396004,-0.2295445664258763,4.4,-17.88,-38.94,PLEST_TP_28
UCR,PLEST,TP,2006,MACROALGAE,29.310344827586203,-0.2602031802396004,-0.2295445664258763,4.4,-17.88,-38.94,PLEST_TP_29
UCR,PLEST,TP,2006,MUSSISMILIA_HISPIDA,0.0,-0.2602031802396004,-0.2295445664258763,4.4,-17.88,-38.94,PLEST_TP_30
UCR,PLEST,TP,2006,MUSSISMILIA_HISPIDA,2.083333333333333,-0.2602031802396004,-0.2295445664258763,4.4,-17.88,-38.94,PLEST_TP_31
UCR,PLEST,TP,2006,MUSSISMILIA_HISPIDA,0.3558718861209964,-0.2602031802396004,-0.2295445664258763,4.4,-17.88,-38.94,PLEST_TP_32
UCR,PLEST,TP,2006,MUSSISMILIA_HISPIDA,0.0,-0.2602031802396004,-0.2295445664258763,4.4,-17.88,-38.94,PLEST_TP_33
UCR,PLEST,TP,2006,MUSSISMILIA_HISPIDA,1.0452961672473868,-0.2602031802396004,-0.2295445664258763,4.4,-17.88,-38.94,PLEST_TP_34
UCR,PLEST,TP,2006,MUSSISMILIA_HISPIDA,0.6825938566552902,-0.2602031802396004,-0.2295445664258763,4.4,-17.88,-38.94,PLEST_TP_35
UCR,PLEST,TP,2006,MUSSISMILIA_HISPIDA,0.0,-0.2602031802396004,-0.2295445664258763,4.4,-17.88,-38.94,PLEST_TP_36
UCR,PLEST,TP,2006,MUSSISMILIA_HISPIDA,0.0,-0.2602031802396004,-0.2295445664258763,4.4,-17.88,-38.94,PLEST_TP_37
UCR,PLEST,TP,2006,MUSSISMILIA_HISPIDA,0.3436426116838488,-0.2602031802396004,-0.2295445664258763,4.4,-17.88,-38.94,PLEST_TP_38
UCR,PLEST,TP,2006,MUSSISMILIA_HISPIDA,0.6896551724137931,-0.2602031802396004,-0.2295445664258763,4.4,-17.88,-38.94,PLEST_TP_39
UCR,PLEST,TP,2006,TURF,22.491349480968857,-0.2602031802396004,-0.2295445664258763,4.4,-17.88,-38.94,PLEST_TP_40
UCR,PLEST,TP,2006,TURF,37.15277777777778,-0.2602031802396004,-0.2295445664258763,4.4,-17.88,-38.94,PLEST_TP_41
UCR,PLEST,TP,2006,TURF,38.79003558718861,-0.2602031802396004,-0.2295445664258763,4.4,-17.88,-38.94,PLEST_TP_42
UCR,PLEST,TP,2006,TURF,14.383561643835616,-0.2602031802396004,-0.2295445664258763,4.4,-17.88,-38.94,PLEST_TP_43
UCR,PLEST,TP,2006,TURF,30.313588850174217,-0.2602031802396004,-0.2295445664258763,4.4,-17.88,-38.94,PLEST_TP_44
UCR,PLEST,TP,2006,TURF,35.49488054607509,-0.2602031802396004,-0.2295445664258763,4.4,-17.88,-38.94,PLEST_TP_45
UCR,PLEST,TP,2006,TURF,24.363636363636363,-0.2602031802396004,-0.2295445664258763,4.4,-17.88,-38.94,PLEST_TP_46
UCR,PLEST,TP,2006,TURF,39.04109589041096,-0.2602031802396004,-0.2295445664258763,4.4,-17.88,-38.94,PLEST_TP_47
UCR,PLEST,TP,2006,TURF,34.36426116838488,-0.2602031802396004,-0.2295445664258763,4.4,-17.88,-38.94,PLEST_TP_48
UCR,PLEST,TP,2006,TURF,33.793103448275865,-0.2602031802396004,-0.2295445664258763,4.4,-17.88,-38.94,PLEST_TP_49
UCR,PLEST,TP,2007,CCA,5.460750853242321,-0.2602031802396004,-0.2295445664258763,4.4,-17.88,-38.94,PLEST_TP_50
UCR,PLEST,TP,2007,CCA,0.3412969283276451,-0.2602031802396004,-0.2295445664258763,4.4,-17.88,-38.94,PLEST_TP_51
UCR,PLEST,TP,2007,CCA,4.421768707482993,-0.2602031802396004,-0.2295445664258763,4.4,-17.88,-38.94,PLEST_TP_52
UCR,PLEST,TP,2007,CCA,0.6711409395973155,-0.2602031802396004,-0.2295445664258763,4.4,-17.88,-38.94,PLEST_TP_53
UCR,PLEST,TP,2007,CCA,10.06711409395973,-0.2602031802396004,-0.2295445664258763,4.4,-17.88,-38.94,PLEST_TP_54
UCR,PLEST,TP,2007,CCA,2.0761245674740483,-0.2602031802396004,-0.2295445664258763,4.4,-17.88,-38.94,PLEST_TP_55
UCR,PLEST,TP,2007,CCA,2.356902356902357,-0.2602031802396004,-0.2295445664258763,4.4,-17.88,-38.94,PLEST_TP_56
UCR,PLEST,TP,2007,CCA,12.162162162162163,-0.2602031802396004,-0.2295445664258763,4.4,-17.88,-38.94,PLEST_TP_57
UCR,PLEST,TP,2007,CCA,0.6779661016949152,-0.2602031802396004,-0.2295445664258763,4.4,-17.88,-38.94,PLEST_TP_58
UCR,PLEST,TP,2007,CCA,1.7123287671232876,-0.2602031802396004,-0.2295445664258763,4.4,-17.88,-38.94,PLEST_TP_59
UCR,PLEST,TP,2007,CYANO,0.0,-0.2602031802396004,-0.2295445664258763,4.4,-17.88,-38.94,PLEST_TP_60
UCR,PLEST,TP,2007,CYANO,0.0,-0.2602031802396004,-0.2295445664258763,4.4,-17.88,-38.94,PLEST_TP_61
UCR,PLEST,TP,2007,CYANO,1.7006802721088436,-0.2602031802396004,-0.2295445664258763,4.4,-17.88,-38.94,PLEST_TP_62
UCR,PLEST,TP,2007,CYANO,0.0,-0.2602031802396004,-0.2295445664258763,4.4,-17.88,-38.94,PLEST_TP_63
UCR,PLEST,TP,2007,CYANO,0.6711409395973155,-0.2602031802396004,-0.2295445664258763,4.4,-17.88,-38.94,PLEST_TP_64
UCR,PLEST,TP,2007,CYANO,0.0,-0.2602031802396004,-0.2295445664258763,4.4,-17.88,-38.94,PLEST_TP_65
UCR,PLEST,TP,2007,CYANO,0.0,-0.2602031802396004,-0.2295445664258763,4.4,-17.88,-38.94,PLEST_TP_66
UCR,PLEST,TP,2007,CYANO,0.0,-0.2602031802396004,-0.2295445664258763,4.4,-17.88,-38.94,PLEST_TP_67
UCR,PLEST,TP,2007,CYANO,0.0,-0.2602031802396004,-0.2295445664258763,4.4,-17.88,-38.94,PLEST_TP_68
UCR,PLEST,TP,2007,CYANO,0.0,-0.2602031802396004,-0.2295445664258763,4.4,-17.88,-38.94,PLEST_TP_69
UCR,PLEST,TP,2007,MACROALGAE,47.098976109215016,-0.2602031802396004,-0.2295445664258763,4.4,-17.88,-38.94,PLEST_TP_70
UCR,PLEST,TP,2007,MACROALGAE,33.78839590443686,-0.2602031802396004,-0.2295445664258763,4.4,-17.88,-38.94,PLEST_TP_71
UCR,PLEST,TP,2007,MACROALGAE,51.36054421768708,-0.2602031802396004,-0.2295445664258763,4.4,-17.88,-38.94,PLEST_TP_72
UCR,PLEST,TP,2007,MACROALGAE,53.691275167785236,-0.2602031802396004,-0.2295445664258763,4.4,-17.88,-38.94,PLEST_TP_73
UCR,PLEST,TP,2007,MACROALGAE,39.59731543624161,-0.2602031802396004,-0.2295445664258763,4.4,-17.88,-38.94,PLEST_TP_74
UCR,PLEST,TP,2007,MACROALGAE,34.94809688581315,-0.2602031802396004,-0.2295445664258763,4.4,-17.88,-38.94,PLEST_TP_75
UCR,PLEST,TP,2007,MACROALGAE,39.73063973063973,-0.2602031802396004,-0.2295445664258763,4.4,-17.88,-38.94,PLEST_TP_76
UCR,PLEST,TP,2007,MACROALGAE,41.55405405405405,-0.2602031802396004,-0.2295445664258763,4.4,-17.88,-38.94,PLEST_TP_77
UCR,PLEST,TP,2007,MACROALGAE,21.35593220338983,-0.2602031802396004,-0.2295445664258763,4.4,-17.88,-38.94,PLEST_TP_78
UCR,PLEST,TP,2007,MACROALGAE,34.58904109589041,-0.2602031802396004,-0.2295445664258763,4.4,-17.88,-38.94,PLEST_TP_79
UCR,PLEST,TP,2007,MUSSISMILIA_HISPIDA,0.0,-0.2602031802396004,-0.2295445664258763,4.4,-17.88,-38.94,PLEST_TP_80
UCR,PLEST,TP,2007,MUSSISMILIA_HISPIDA,0.3412969283276451,-0.2602031802396004,-0.2295445664258763,4.4,-17.88,-38.94,PLEST_TP_81
UCR,PLEST,TP,2007,MUSSISMILIA_HISPIDA,0.3401360544217687,-0.2602031802396004,-0.2295445664258763,4.4,-17.88,-38.94,PLEST_TP_82
UCR,PLEST,TP,2007,MUSSISMILIA_HISPIDA,0.0,-0.2602031802396004,-0.2295445664258763,4.4,-17.88,-38.94,PLEST_TP_83
UCR,PLEST,TP,2007,MUSSISMILIA_HISPIDA,0.0,-0.2602031802396004,-0.2295445664258763,4.4,-17.88,-38.94,PLEST_TP_84
UCR,PLEST,TP,2007,MUSSISMILIA_HISPIDA,0.0,-0.2602031802396004,-0.2295445664258763,4.4,-17.88,-38.94,PLEST_TP_85
UCR,PLEST,TP,2007,MUSSISMILIA_HISPIDA,0.6734006734006733,-0.2602031802396004,-0.2295445664258763,4.4,-17.88,-38.94,PLEST_TP_86
UCR,PLEST,TP,2007,MUSSISMILIA_HISPIDA,0.33783783783783783,-0.2602031802396004,-0.2295445664258763,4.4,-17.88,-38.94,PLEST_TP_87
UCR,PLEST,TP,2007,MUSSISMILIA_HISPIDA,0.0,-0.2602031802396004,-0.2295445664258763,4.4,-17.88,-38.94,PLEST_TP_88
UCR,PLEST,TP,2007,MUSSISMILIA_HISPIDA,0.0,-0.2602031802396004,-0.2295445664258763,4.4,-17.88,-38.94,PLEST_TP_89
UCR,PLEST,TP,2007,TURF,40.955631399317404,-0.2602031802396004,-0.2295445664258763,4.4,-17.88,-38.94,PLEST_TP_90
UCR,PLEST,TP,2007,TURF,58.703071672354945,-0.2602031802396004,-0.2295445664258763,4.4,-17.88,-38.94,PLEST_TP_91
UCR,PLEST,TP,2007,TURF,34.013605442176875,-0.2602031802396004,-0.2295445664258763,4.4,-17.88,-38.94,PLEST_TP_92
UCR,PLEST,TP,2007,TURF,37.919463087248324,-0.2602031802396004,-0.2295445664258763,4.4,-17.88,-38.94,PLEST_TP_93
UCR,PLEST,TP,2007,TURF,38.59060402684564,-0.2602031802396004,-0.2295445664258763,4.4,-17.88,-38.94,PLEST_TP_94
UCR,PLEST,TP,2007,TURF,50.17301038062284,-0.2602031802396004,-0.2295445664258763,4.4,-17.88,-38.94,PLEST_TP_95
UCR,PLEST,TP,2007,TURF,47.13804713804714,-0.2602031802396004,-0.2295445664258763,4.4,-17.88,-38.94,PLEST_TP_96
UCR,PLEST,TP,2007,TURF,31.41891891891892,-0.2602031802396004,-0.2295445664258763,4.4,-17.88,-38.94,PLEST_TP_97
UCR,PLEST,TP,2007,TURF,61.35593220338983,-0.2602031802396004,-0.2295445664258763,4.4,-17.88,-38.94,PLEST_TP_98
UCR,PLEST,TP,2007,TURF,48.97260273972603,-0.2602031802396004,-0.2295445664258763,4.4,-17.88,-38.94,PLEST_TP_99
UCR,PLEST,TP,2008,CCA,2.6936026936026933,-0.2602031802396004,-0.2295445664258763,4.4,-17.88,-38.94,PLEST_TP_100
UCR,PLEST,TP,2008,CCA,8.19112627986348,-0.2602031802396004,-0.2295445664258763,4.4,-17.88,-38.94,PLEST_TP_101
UCR,PLEST,TP,2008,CCA,8.16326530612245,-0.2602031802396004,-0.2295445664258763,4.4,-17.88,-38.94,PLEST_TP_102
UCR,PLEST,TP,2008,CCA,3.728813559322034,-0.2602031802396004,-0.2295445664258763,4.4,-17.88,-38.94,PLEST_TP_103
UCR,PLEST,TP,2008,CCA,2.73972602739726,-0.2602031802396004,-0.2295445664258763,4.4,-17.88,-38.94,PLEST_TP_104
UCR,PLEST,TP,2008,CCA,1.3468013468013467,-0.2602031802396004,-0.2295445664258763,4.4,-17.88,-38.94,PLEST_TP_105
UCR,PLEST,TP,2008,CCA,7.037037037037037,-0.2602031802396004,-0.2295445664258763,4.4,-17.88,-38.94,PLEST_TP_106
UCR,PLEST,TP,2008,CCA,8.724832214765101,-0.2602031802396004,-0.2295445664258763,4.4,-17.88,-38.94,PLEST_TP_107
UCR,PLEST,TP,2008,CCA,5.084745762711865,-0.2602031802396004,-0.2295445664258763,4.4,-17.88,-38.94,PLEST_TP_108
UCR,PLEST,TP,2008,CCA,6.462585034013606,-0.2602031802396004,-0.2295445664258763,4.4,-17.88,-38.94,PLEST_TP_109
UCR,PLEST,TP,2008,CYANO,0.0,-0.2602031802396004,-0.2295445664258763,4.4,-17.88,-38.94,PLEST_TP_110
UCR,PLEST,TP,2008,CYANO,0.3412969283276451,-0.2602031802396004,-0.2295445664258763,4.4,-17.88,-38.94,PLEST_TP_111
UCR,PLEST,TP,2008,CYANO,0.0,-0.2602031802396004,-0.2295445664258763,4.4,-17.88,-38.94,PLEST_TP_112
UCR,PLEST,TP,2008,CYANO,0.0,-0.2602031802396004,-0.2295445664258763,4.4,-17.88,-38.94,PLEST_TP_113
UCR,PLEST,TP,2008,CYANO,0.0,-0.2602031802396004,-0.2295445664258763,4.4,-17.88,-38.94,PLEST_TP_114
UCR,PLEST,TP,2008,CYANO,0.0,-0.2602031802396004,-0.2295445664258763,4.4,-17.88,-38.94,PLEST_TP_115
UCR,PLEST,TP,2008,CYANO,0.0,-0.2602031802396004,-0.2295445664258763,4.4,-17.88,-38.94,PLEST_TP_116
UCR,PLEST,TP,2008,CYANO,0.0,-0.2602031802396004,-0.2295445664258763,4.4,-17.88,-38.94,PLEST_TP_117
UCR,PLEST,TP,2008,CYANO,0.6779661016949152,-0.2602031802396004,-0.2295445664258763,4.4,-17.88,-38.94,PLEST_TP_118
UCR,PLEST,TP,2008,CYANO,0.0,-0.2602031802396004,-0.2295445664258763,4.4,-17.88,-38.94,PLEST_TP_119
UCR,PLEST,TP,2008,MACROALGAE,78.78787878787878,-0.2602031802396004,-0.2295445664258763,4.4,-17.88,-38.94,PLEST_TP_120
UCR,PLEST,TP,2008,MACROALGAE,55.972696245733786,-0.2602031802396004,-0.2295445664258763,4.4,-17.88,-38.94,PLEST_TP_121
UCR,PLEST,TP,2008,MACROALGAE,60.8843537414966,-0.2602031802396004,-0.2295445664258763,4.4,-17.88,-38.94,PLEST_TP_122
UCR,PLEST,TP,2008,MACROALGAE,49.83050847457628,-0.2602031802396004,-0.2295445664258763,4.4,-17.88,-38.94,PLEST_TP_123
UCR,PLEST,TP,2008,MACROALGAE,54.794520547945204,-0.2602031802396004,-0.2295445664258763,4.4,-17.88,-38.94,PLEST_TP_124
UCR,PLEST,TP,2008,MACROALGAE,89.22558922558923,-0.2602031802396004,-0.2295445664258763,4.4,-17.88,-38.94,PLEST_TP_125
UCR,PLEST,TP,2008,MACROALGAE,45.18518518518518,-0.2602031802396004,-0.2295445664258763,4.4,-17.88,-38.94,PLEST_TP_126
UCR,PLEST,TP,2008,MACROALGAE,41.61073825503356,-0.2602031802396004,-0.2295445664258763,4.4,-17.88,-38.94,PLEST_TP_127
UCR,PLEST,TP,2008,MACROALGAE,63.05084745762712,-0.2602031802396004,-0.2295445664258763,4.4,-17.88,-38.94,PLEST_TP_128
UCR,PLEST,TP,2008,MACROALGAE,35.034013605442176,-0.2602031802396004,-0.2295445664258763,4.4,-17.88,-38.94,PLEST_TP_129
UCR,PLEST,TP,2008,MUSSISMILIA_HISPIDA,0.0,-0.2602031802396004,-0.2295445664258763,4.4,-17.88,-38.94,PLEST_TP_130
UCR,PLEST,TP,2008,MUSSISMILIA_HISPIDA,0.0,-0.2602031802396004,-0.2295445664258763,4.4,-17.88,-38.94,PLEST_TP_131
UCR,PLEST,TP,2008,MUSSISMILIA_HISPIDA,0.0,-0.2602031802396004,-0.2295445664258763,4.4,-17.88,-38.94,PLEST_TP_132
UCR,PLEST,TP,2008,MUSSISMILIA_HISPIDA,0.0,-0.2602031802396004,-0.2295445664258763,4.4,-17.88,-38.94,PLEST_TP_133
UCR,PLEST,TP,2008,MUSSISMILIA_HISPIDA,0.684931506849315,-0.2602031802396004,-0.2295445664258763,4.4,-17.88,-38.94,PLEST_TP_134
UCR,PLEST,TP,2008,MUSSISMILIA_HISPIDA,0.0,-0.2602031802396004,-0.2295445664258763,4.4,-17.88,-38.94,PLEST_TP_135
UCR,PLEST,TP,2008,MUSSISMILIA_HISPIDA,1.1111111111111112,-0.2602031802396004,-0.2295445664258763,4.4,-17.88,-38.94,PLEST_TP_136
UCR,PLEST,TP,2008,MUSSISMILIA_HISPIDA,0.0,-0.2602031802396004,-0.2295445664258763,4.4,-17.88,-38.94,PLEST_TP_137
UCR,PLEST,TP,2008,MUSSISMILIA_HISPIDA,1.694915254237288,-0.2602031802396004,-0.2295445664258763,4.4,-17.88,-38.94,PLEST_TP_138
UCR,PLEST,TP,2008,MUSSISMILIA_HISPIDA,0.0,-0.2602031802396004,-0.2295445664258763,4.4,-17.88,-38.94,PLEST_TP_139
UCR,PLEST,TP,2008,TURF,17.50841750841751,-0.2602031802396004,-0.2295445664258763,4.4,-17.88,-38.94,PLEST_TP_140
UCR,PLEST,TP,2008,TURF,31.058020477815703,-0.2602031802396004,-0.2295445664258763,4.4,-17.88,-38.94,PLEST_TP_141
UCR,PLEST,TP,2008,TURF,22.108843537414966,-0.2602031802396004,-0.2295445664258763,4.4,-17.88,-38.94,PLEST_TP_142
UCR,PLEST,TP,2008,TURF,43.050847457627114,-0.2602031802396004,-0.2295445664258763,4.4,-17.88,-38.94,PLEST_TP_143
UCR,PLEST,TP,2008,TURF,35.273972602739725,-0.2602031802396004,-0.2295445664258763,4.4,-17.88,-38.94,PLEST_TP_144
UCR,PLEST,TP,2008,TURF,5.387205387205387,-0.2602031802396004,-0.2295445664258763,4.4,-17.88,-38.94,PLEST_TP_145
UCR,PLEST,TP,2008,TURF,40.74074074074074,-0.2602031802396004,-0.2295445664258763,4.4,-17.88,-38.94,PLEST_TP_146
UCR,PLEST,TP,2008,TURF,42.281879194630875,-0.2602031802396004,-0.2295445664258763,4.4,-17.88,-38.94,PLEST_TP_147
UCR,PLEST,TP,2008,TURF,23.728813559322035,-0.2602031802396004,-0.2295445664258763,4.4,-17.88,-38.94,PLEST_TP_148
UCR,PLEST,TP,2008,TURF,47.95918367346938,-0.2602031802396004,-0.2295445664258763,4.4,-17.88,-38.94,PLEST_TP_149
UCR,SG,PA,2006,CCA,24.363636363636363,2.233807900144039,1.43183425859621,3.2,-17.91,-39.15,SG_PA_0
UCR,SG,PA,2006,CCA,28.01556420233463,2.233807900144039,1.43183425859621,3.2,-17.91,-39.15,SG_PA_1
UCR,SG,PA,2006,CCA,12.363636363636363,2.233807900144039,1.43183425859621,3.2,-17.91,-39.15,SG_PA_2
UCR,SG,PA,2006,CCA,11.24031007751938,2.233807900144039,1.43183425859621,3.2,-17.91,-39.15,SG_PA_3
UCR,SG,PA,2006,CCA,3.7735849056603774,2.233807900144039,1.43183425859621,3.2,-17.91,-39.15,SG_PA_4
UCR,SG,PA,2006,CCA,21.033210332103323,2.233807900144039,1.43183425859621,3.2,-17.91,-39.15,SG_PA_5
UCR,SG,PA,2006,CCA,23.843416370106763,2.233807900144039,1.43183425859621,3.2,-17.91,-39.15,SG_PA_6
UCR,SG,PA,2006,CCA,2.6515151515151514,2.233807900144039,1.43183425859621,3.2,-17.91,-39.15,SG_PA_7
UCR,SG,PA,2006,CCA,8.914728682170542,2.233807900144039,1.43183425859621,3.2,-17.91,-39.15,SG_PA_8
UCR,SG,PA,2006,CYANO,0.0,2.233807900144039,1.43183425859621,3.2,-17.91,-39.15,SG_PA_9
UCR,SG,PA,2006,CYANO,2.3346303501945527,2.233807900144039,1.43183425859621,3.2,-17.91,-39.15,SG_PA_10
UCR,SG,PA,2006,CYANO,2.909090909090909,2.233807900144039,1.43183425859621,3.2,-17.91,-39.15,SG_PA_11
UCR,SG,PA,2006,CYANO,0.3875968992248062,2.233807900144039,1.43183425859621,3.2,-17.91,-39.15,SG_PA_12
UCR,SG,PA,2006,CYANO,0.0,2.233807900144039,1.43183425859621,3.2,-17.91,-39.15,SG_PA_13
UCR,SG,PA,2006,CYANO,0.0,2.233807900144039,1.43183425859621,3.2,-17.91,-39.15,SG_PA_14
UCR,SG,PA,2006,CYANO,0.0,2.233807900144039,1.43183425859621,3.2,-17.91,-39.15,SG_PA_15
UCR,SG,PA,2006,CYANO,0.0,2.233807900144039,1.43183425859621,3.2,-17.91,-39.15,SG_PA_16
UCR,SG,PA,2006,CYANO,0.0,2.233807900144039,1.43183425859621,3.2,-17.91,-39.15,SG_PA_17
UCR,SG,PA,2006,MACROALGAE,0.0,2.233807900144039,1.43183425859621,3.2,-17.91,-39.15,SG_PA_18
UCR,SG,PA,2006,MACROALGAE,0.0,2.233807900144039,1.43183425859621,3.2,-17.91,-39.15,SG_PA_19
UCR,SG,PA,2006,MACROALGAE,0.0,2.233807900144039,1.43183425859621,3.2,-17.91,-39.15,SG_PA_20
UCR,SG,PA,2006,MACROALGAE,0.0,2.233807900144039,1.43183425859621,3.2,-17.91,-39.15,SG_PA_21
UCR,SG,PA,2006,MACROALGAE,0.0,2.233807900144039,1.43183425859621,3.2,-17.91,-39.15,SG_PA_22
UCR,SG,PA,2006,MACROALGAE,0.0,2.233807900144039,1.43183425859621,3.2,-17.91,-39.15,SG_PA_23
UCR,SG,PA,2006,MACROALGAE,0.0,2.233807900144039,1.43183425859621,3.2,-17.91,-39.15,SG_PA_24
UCR,SG,PA,2006,MACROALGAE,0.0,2.233807900144039,1.43183425859621,3.2,-17.91,-39.15,SG_PA_25
UCR,SG,PA,2006,MACROALGAE,0.0,2.233807900144039,1.43183425859621,3.2,-17.91,-39.15,SG_PA_26
UCR,SG,PA,2006,MUSSISMILIA_HISPIDA,2.909090909090909,2.233807900144039,1.43183425859621,3.2,-17.91,-39.15,SG_PA_27
UCR,SG,PA,2006,MUSSISMILIA_HISPIDA,0.0,2.233807900144039,1.43183425859621,3.2,-17.91,-39.15,SG_PA_28
UCR,SG,PA,2006,MUSSISMILIA_HISPIDA,0.0,2.233807900144039,1.43183425859621,3.2,-17.91,-39.15,SG_PA_29
UCR,SG,PA,2006,MUSSISMILIA_HISPIDA,2.7131782945736433,2.233807900144039,1.43183425859621,3.2,-17.91,-39.15,SG_PA_30
UCR,SG,PA,2006,MUSSISMILIA_HISPIDA,6.037735849056604,2.233807900144039,1.43183425859621,3.2,-17.91,-39.15,SG_PA_31
UCR,SG,PA,2006,MUSSISMILIA_HISPIDA,1.107011070110701,2.233807900144039,1.43183425859621,3.2,-17.91,-39.15,SG_PA_32
UCR,SG,PA,2006,MUSSISMILIA_HISPIDA,0.0,2.233807900144039,1.43183425859621,3.2,-17.91,-39.15,SG_PA_33
UCR,SG,PA,2006,MUSSISMILIA_HISPIDA,0.0,2.233807900144039,1.43183425859621,3.2,-17.91,-39.15,SG_PA_34
UCR,SG,PA,2006,MUSSISMILIA_HISPIDA,0.0,2.233807900144039,1.43183425859621,3.2,-17.91,-39.15,SG_PA_35
UCR,SG,PA,2006,TURF,34.54545454545455,2.233807900144039,1.43183425859621,3.2,-17.91,-39.15,SG_PA_36
UCR,SG,PA,2006,TURF,10.116731517509727,2.233807900144039,1.43183425859621,3.2,-17.91,-39.15,SG_PA_37
UCR,SG,PA,2006,TURF,11.272727272727273,2.233807900144039,1.43183425859621,3.2,-17.91,-39.15,SG_PA_38
UCR,SG,PA,2006,TURF,18.217054263565892,2.233807900144039,1.43183425859621,3.2,-17.91,-39.15,SG_PA_39
UCR,SG,PA,2006,TURF,5.283018867924529,2.233807900144039,1.43183425859621,3.2,-17.91,-39.15,SG_PA_40
UCR,SG,PA,2006,TURF,4.059040590405904,2.233807900144039,1.43183425859621,3.2,-17.91,-39.15,SG_PA_41
UCR,SG,PA,2006,TURF,15.658362989323843,2.233807900144039,1.43183425859621,3.2,-17.91,-39.15,SG_PA_42
UCR,SG,PA,2006,TURF,1.1363636363636365,2.233807900144039,1.43183425859621,3.2,-17.91,-39.15,SG_PA_43
UCR,SG,PA,2006,TURF,4.263565891472868,2.233807900144039,1.43183425859621,3.2,-17.91,-39.15,SG_PA_44
UCR,SG,PA,2007,CCA,12.110726643598616,2.233807900144039,1.43183425859621,3.2,-17.91,-39.15,SG_PA_45
UCR,SG,PA,2007,CCA,8.0,2.233807900144039,1.43183425859621,3.2,-17.91,-39.15,SG_PA_46
UCR,SG,PA,2007,CCA,5.442176870748299,2.233807900144039,1.43183425859621,3.2,-17.91,-39.15,SG_PA_47
UCR,SG,PA,2007,CCA,5.944055944055944,2.233807900144039,1.43183425859621,3.2,-17.91,-39.15,SG_PA_48
UCR,SG,PA,2007,CCA,8.080808080808081,2.233807900144039,1.43183425859621,3.2,-17.91,-39.15,SG_PA_49
UCR,SG,PA,2007,CCA,4.745762711864407,2.233807900144039,1.43183425859621,3.2,-17.91,-39.15,SG_PA_50
UCR,SG,PA,2007,CCA,2.0408163265306123,2.233807900144039,1.43183425859621,3.2,-17.91,-39.15,SG_PA_51
UCR,SG,PA,2007,CCA,6.506849315068493,2.233807900144039,1.43183425859621,3.2,-17.91,-39.15,SG_PA_52
UCR,SG,PA,2007,CCA,3.061224489795918,2.233807900144039,1.43183425859621,3.2,-17.91,-39.15,SG_PA_53
UCR,SG,PA,2007,CYANO,0.34602076124567477,2.233807900144039,1.43183425859621,3.2,-17.91,-39.15,SG_PA_54
UCR,SG,PA,2007,CYANO,0.0,2.233807900144039,1.43183425859621,3.2,-17.91,-39.15,SG_PA_55
UCR,SG,PA,2007,CYANO,0.3401360544217687,2.233807900144039,1.43183425859621,3.2,-17.91,-39.15,SG_PA_56
UCR,SG,PA,2007,CYANO,0.34965034965034963,2.233807900144039,1.43183425859621,3.2,-17.91,-39.15,SG_PA_57
UCR,SG,PA,2007,CYANO,0.33670033670033667,2.233807900144039,1.43183425859621,3.2,-17.91,-39.15,SG_PA_58
UCR,SG,PA,2007,CYANO,0.0,2.233807900144039,1.43183425859621,3.2,-17.91,-39.15,SG_PA_59
UCR,SG,PA,2007,CYANO,0.0,2.233807900144039,1.43183425859621,3.2,-17.91,-39.15,SG_PA_60
UCR,SG,PA,2007,CYANO,0.0,2.233807900144039,1.43183425859621,3.2,-17.91,-39.15,SG_PA_61
UCR,SG,PA,2007,CYANO,0.3401360544217687,2.233807900144039,1.43183425859621,3.2,-17.91,-39.15,SG_PA_62
UCR,SG,PA,2007,MACROALGAE,0.0,2.233807900144039,1.43183425859621,3.2,-17.91,-39.15,SG_PA_63
UCR,SG,PA,2007,MACROALGAE,0.0,2.233807900144039,1.43183425859621,3.2,-17.91,-39.15,SG_PA_64
UCR,SG,PA,2007,MACROALGAE,0.0,2.233807900144039,1.43183425859621,3.2,-17.91,-39.15,SG_PA_65
UCR,SG,PA,2007,MACROALGAE,0.0,2.233807900144039,1.43183425859621,3.2,-17.91,-39.15,SG_PA_66
UCR,SG,PA,2007,MACROALGAE,0.0,2.233807900144039,1.43183425859621,3.2,-17.91,-39.15,SG_PA_67
UCR,SG,PA,2007,MACROALGAE,0.3389830508474576,2.233807900144039,1.43183425859621,3.2,-17.91,-39.15,SG_PA_68
UCR,SG,PA,2007,MACROALGAE,0.0,2.233807900144039,1.43183425859621,3.2,-17.91,-39.15,SG_PA_69
UCR,SG,PA,2007,MACROALGAE,0.0,2.233807900144039,1.43183425859621,3.2,-17.91,-39.15,SG_PA_70
UCR,SG,PA,2007,MACROALGAE,0.0,2.233807900144039,1.43183425859621,3.2,-17.91,-39.15,SG_PA_71
UCR,SG,PA,2007,MUSSISMILIA_HISPIDA,2.422145328719723,2.233807900144039,1.43183425859621,3.2,-17.91,-39.15,SG_PA_72
UCR,SG,PA,2007,MUSSISMILIA_HISPIDA,0.36363636363636365,2.233807900144039,1.43183425859621,3.2,-17.91,-39.15,SG_PA_73
UCR,SG,PA,2007,MUSSISMILIA_HISPIDA,0.3401360544217687,2.233807900144039,1.43183425859621,3.2,-17.91,-39.15,SG_PA_74
UCR,SG,PA,2007,MUSSISMILIA_HISPIDA,4.895104895104895,2.233807900144039,1.43183425859621,3.2,-17.91,-39.15,SG_PA_75
UCR,SG,PA,2007,MUSSISMILIA_HISPIDA,2.0202020202020203,2.233807900144039,1.43183425859621,3.2,-17.91,-39.15,SG_PA_76
UCR,SG,PA,2007,MUSSISMILIA_HISPIDA,0.0,2.233807900144039,1.43183425859621,3.2,-17.91,-39.15,SG_PA_77
UCR,SG,PA,2007,MUSSISMILIA_HISPIDA,0.0,2.233807900144039,1.43183425859621,3.2,-17.91,-39.15,SG_PA_78
UCR,SG,PA,2007,MUSSISMILIA_HISPIDA,0.0,2.233807900144039,1.43183425859621,3.2,-17.91,-39.15,SG_PA_79
UCR,SG,PA,2007,MUSSISMILIA_HISPIDA,0.0,2.233807900144039,1.43183425859621,3.2,-17.91,-39.15,SG_PA_80
UCR,SG,PA,2007,TURF,73.35640138408304,2.233807900144039,1.43183425859621,3.2,-17.91,-39.15,SG_PA_81
UCR,SG,PA,2007,TURF,53.45454545454545,2.233807900144039,1.43183425859621,3.2,-17.91,-39.15,SG_PA_82
UCR,SG,PA,2007,TURF,54.421768707483,2.233807900144039,1.43183425859621,3.2,-17.91,-39.15,SG_PA_83
UCR,SG,PA,2007,TURF,49.30069930069931,2.233807900144039,1.43183425859621,3.2,-17.91,-39.15,SG_PA_84
UCR,SG,PA,2007,TURF,46.8013468013468,2.233807900144039,1.43183425859621,3.2,-17.91,-39.15,SG_PA_85
UCR,SG,PA,2007,TURF,46.440677966101696,2.233807900144039,1.43183425859621,3.2,-17.91,-39.15,SG_PA_86
UCR,SG,PA,2007,TURF,42.857142857142854,2.233807900144039,1.43183425859621,3.2,-17.91,-39.15,SG_PA_87
UCR,SG,PA,2007,TURF,36.3013698630137,2.233807900144039,1.43183425859621,3.2,-17.91,-39.15,SG_PA_88
UCR,SG,PA,2007,TURF,34.01360544217687,2.233807900144039,1.43183425859621,3.2,-17.91,-39.15,SG_PA_89
UCR,SG,PA,2008,CCA,23.02405498281787,2.233807900144039,1.43183425859621,3.2,-17.91,-39.15,SG_PA_90
UCR,SG,PA,2008,CCA,4.4520547945205475,2.233807900144039,1.43183425859621,3.2,-17.91,-39.15,SG_PA_91
UCR,SG,PA,2008,CCA,6.101694915254238,2.233807900144039,1.43183425859621,3.2,-17.91,-39.15,SG_PA_92
UCR,SG,PA,2008,CCA,12.585034013605442,2.233807900144039,1.43183425859621,3.2,-17.91,-39.15,SG_PA_93
UCR,SG,PA,2008,CCA,3.0303030303030303,2.233807900144039,1.43183425859621,3.2,-17.91,-39.15,SG_PA_94
UCR,SG,PA,2008,CCA,15.073529411764705,2.233807900144039,1.43183425859621,3.2,-17.91,-39.15,SG_PA_95
UCR,SG,PA,2008,CCA,8.02675585284281,2.233807900144039,1.43183425859621,3.2,-17.91,-39.15,SG_PA_96
UCR,SG,PA,2008,CCA,7.457627118644068,2.233807900144039,1.43183425859621,3.2,-17.91,-39.15,SG_PA_97
UCR,SG,PA,2008,CCA,2.711864406779661,2.233807900144039,1.43183425859621,3.2,-17.91,-39.15,SG_PA_98
UCR,SG,PA,2008,CYANO,0.0,2.233807900144039,1.43183425859621,3.2,-17.91,-39.15,SG_PA_99
UCR,SG,PA,2008,CYANO,0.0,2.233807900144039,1.43183425859621,3.2,-17.91,-39.15,SG_PA_100
UCR,SG,PA,2008,CYANO,4.745762711864407,2.233807900144039,1.43183425859621,3.2,-17.91,-39.15,SG_PA_101
UCR,SG,PA,2008,CYANO,0.0,2.233807900144039,1.43183425859621,3.2,-17.91,-39.15,SG_PA_102
UCR,SG,PA,2008,CYANO,0.0,2.233807900144039,1.43183425859621,3.2,-17.91,-39.15,SG_PA_103
UCR,SG,PA,2008,CYANO,0.0,2.233807900144039,1.43183425859621,3.2,-17.91,-39.15,SG_PA_104
UCR,SG,PA,2008,CYANO,0.0,2.233807900144039,1.43183425859621,3.2,-17.91,-39.15,SG_PA_105
UCR,SG,PA,2008,CYANO,1.0169491525423728,2.233807900144039,1.43183425859621,3.2,-17.91,-39.15,SG_PA_106
UCR,SG,PA,2008,CYANO,1.0169491525423728,2.233807900144039,1.43183425859621,3.2,-17.91,-39.15,SG_PA_107
UCR,SG,PA,2008,MACROALGAE,1.0309278350515463,2.233807900144039,1.43183425859621,3.2,-17.91,-39.15,SG_PA_108
UCR,SG,PA,2008,MACROALGAE,0.0,2.233807900144039,1.43183425859621,3.2,-17.91,-39.15,SG_PA_109
UCR,SG,PA,2008,MACROALGAE,0.0,2.233807900144039,1.43183425859621,3.2,-17.91,-39.15,SG_PA_110
UCR,SG,PA,2008,MACROALGAE,0.3401360544217687,2.233807900144039,1.43183425859621,3.2,-17.91,-39.15,SG_PA_111
UCR,SG,PA,2008,MACROALGAE,0.33670033670033667,2.233807900144039,1.43183425859621,3.2,-17.91,-39.15,SG_PA_112
UCR,SG,PA,2008,MACROALGAE,1.4705882352941175,2.233807900144039,1.43183425859621,3.2,-17.91,-39.15,SG_PA_113
UCR,SG,PA,2008,MACROALGAE,0.0,2.233807900144039,1.43183425859621,3.2,-17.91,-39.15,SG_PA_114
UCR,SG,PA,2008,MACROALGAE,0.0,2.233807900144039,1.43183425859621,3.2,-17.91,-39.15,SG_PA_115
UCR,SG,PA,2008,MACROALGAE,0.6779661016949152,2.233807900144039,1.43183425859621,3.2,-17.91,-39.15,SG_PA_116
UCR,SG,PA,2008,MUSSISMILIA_HISPIDA,2.7491408934707904,2.233807900144039,1.43183425859621,3.2,-17.91,-39.15,SG_PA_117
UCR,SG,PA,2008,MUSSISMILIA_HISPIDA,0.684931506849315,2.233807900144039,1.43183425859621,3.2,-17.91,-39.15,SG_PA_118
UCR,SG,PA,2008,MUSSISMILIA_HISPIDA,0.3389830508474576,2.233807900144039,1.43183425859621,3.2,-17.91,-39.15,SG_PA_119
UCR,SG,PA,2008,MUSSISMILIA_HISPIDA,1.7006802721088436,2.233807900144039,1.43183425859621,3.2,-17.91,-39.15,SG_PA_120
UCR,SG,PA,2008,MUSSISMILIA_HISPIDA,4.040404040404041,2.233807900144039,1.43183425859621,3.2,-17.91,-39.15,SG_PA_121
UCR,SG,PA,2008,MUSSISMILIA_HISPIDA,0.7352941176470588,2.233807900144039,1.43183425859621,3.2,-17.91,-39.15,SG_PA_122
UCR,SG,PA,2008,MUSSISMILIA_HISPIDA,0.0,2.233807900144039,1.43183425859621,3.2,-17.91,-39.15,SG_PA_123
UCR,SG,PA,2008,MUSSISMILIA_HISPIDA,0.0,2.233807900144039,1.43183425859621,3.2,-17.91,-39.15,SG_PA_124
UCR,SG,PA,2008,MUSSISMILIA_HISPIDA,0.3389830508474576,2.233807900144039,1.43183425859621,3.2,-17.91,-39.15,SG_PA_125
UCR,SG,PA,2008,TURF,65.63573883161511,2.233807900144039,1.43183425859621,3.2,-17.91,-39.15,SG_PA_126
UCR,SG,PA,2008,TURF,56.849315068493155,2.233807900144039,1.43183425859621,3.2,-17.91,-39.15,SG_PA_127
UCR,SG,PA,2008,TURF,51.1864406779661,2.233807900144039,1.43183425859621,3.2,-17.91,-39.15,SG_PA_128
UCR,SG,PA,2008,TURF,47.95918367346938,2.233807900144039,1.43183425859621,3.2,-17.91,-39.15,SG_PA_129
UCR,SG,PA,2008,TURF,56.9023569023569,2.233807900144039,1.43183425859621,3.2,-17.91,-39.15,SG_PA_130
UCR,SG,PA,2008,TURF,38.970588235294116,2.233807900144039,1.43183425859621,3.2,-17.91,-39.15,SG_PA_131
UCR,SG,PA,2008,TURF,39.79933110367893,2.233807900144039,1.43183425859621,3.2,-17.91,-39.15,SG_PA_132
UCR,SG,PA,2008,TURF,35.25423728813559,2.233807900144039,1.43183425859621,3.2,-17.91,-39.15,SG_PA_133
UCR,SG,PA,2008,TURF,30.508474576271187,2.233807900144039,1.43183425859621,3.2,-17.91,-39.15,SG_PA_134
UCR,SG,TP,2006,CCA,12.36749116607774,2.233807900144039,1.43183425859621,3.2,-17.91,-39.15,SG_TP_0
UCR,SG,TP,2006,CCA,6.529209621993128,2.233807900144039,1.43183425859621,3.2,-17.91,-39.15,SG_TP_1
UCR,SG,TP,2006,CCA,11.808118081180812,2.233807900144039,1.43183425859621,3.2,-17.91,-39.15,SG_TP_2
UCR,SG,TP,2006,CCA,6.273062730627306,2.233807900144039,1.43183425859621,3.2,-17.91,-39.15,SG_TP_3
UCR,SG,TP,2006,CCA,9.523809523809524,2.233807900144039,1.43183425859621,3.2,-17.91,-39.15,SG_TP_4
UCR,SG,TP,2006,CCA,12.014134275618375,2.233807900144039,1.43183425859621,3.2,-17.91,-39.15,SG_TP_5
UCR,SG,TP,2006,CCA,3.4602076124567476,2.233807900144039,1.43183425859621,3.2,-17.91,-39.15,SG_TP_6
UCR,SG,TP,2006,CCA,4.528301886792453,2.233807900144039,1.43183425859621,3.2,-17.91,-39.15,SG_TP_7
UCR,SG,TP,2006,CCA,4.240282685512367,2.233807900144039,1.43183425859621,3.2,-17.91,-39.15,SG_TP_8
UCR,SG,TP,2006,CCA,5.617977528089887,2.233807900144039,1.43183425859621,3.2,-17.91,-39.15,SG_TP_9
UCR,SG,TP,2006,CYANO,1.4134275618374559,2.233807900144039,1.43183425859621,3.2,-17.91,-39.15,SG_TP_10
UCR,SG,TP,2006,CYANO,0.0,2.233807900144039,1.43183425859621,3.2,-17.91,-39.15,SG_TP_11
UCR,SG,TP,2006,CYANO,0.36900369003690037,2.233807900144039,1.43183425859621,3.2,-17.91,-39.15,SG_TP_12
UCR,SG,TP,2006,CYANO,0.0,2.233807900144039,1.43183425859621,3.2,-17.91,-39.15,SG_TP_13
UCR,SG,TP,2006,CYANO,0.0,2.233807900144039,1.43183425859621,3.2,-17.91,-39.15,SG_TP_14
UCR,SG,TP,2006,CYANO,1.0600706713780919,2.233807900144039,1.43183425859621,3.2,-17.91,-39.15,SG_TP_15
UCR,SG,TP,2006,CYANO,0.34602076124567477,2.233807900144039,1.43183425859621,3.2,-17.91,-39.15,SG_TP_16
UCR,SG,TP,2006,CYANO,0.0,2.233807900144039,1.43183425859621,3.2,-17.91,-39.15,SG_TP_17
UCR,SG,TP,2006,CYANO,1.76678445229682,2.233807900144039,1.43183425859621,3.2,-17.91,-39.15,SG_TP_18
UCR,SG,TP,2006,CYANO,0.0,2.233807900144039,1.43183425859621,3.2,-17.91,-39.15,SG_TP_19
UCR,SG,TP,2006,MACROALGAE,3.180212014134275,2.233807900144039,1.43183425859621,3.2,-17.91,-39.15,SG_TP_20
UCR,SG,TP,2006,MACROALGAE,9.621993127147768,2.233807900144039,1.43183425859621,3.2,-17.91,-39.15,SG_TP_21
UCR,SG,TP,2006,MACROALGAE,0.0,2.233807900144039,1.43183425859621,3.2,-17.91,-39.15,SG_TP_22
UCR,SG,TP,2006,MACROALGAE,1.107011070110701,2.233807900144039,1.43183425859621,3.2,-17.91,-39.15,SG_TP_23
UCR,SG,TP,2006,MACROALGAE,23.12925170068027,2.233807900144039,1.43183425859621,3.2,-17.91,-39.15,SG_TP_24
UCR,SG,TP,2006,MACROALGAE,0.35335689045936397,2.233807900144039,1.43183425859621,3.2,-17.91,-39.15,SG_TP_25
UCR,SG,TP,2006,MACROALGAE,2.0761245674740483,2.233807900144039,1.43183425859621,3.2,-17.91,-39.15,SG_TP_26
UCR,SG,TP,2006,MACROALGAE,0.0,2.233807900144039,1.43183425859621,3.2,-17.91,-39.15,SG_TP_27
UCR,SG,TP,2006,MACROALGAE,8.480565371024735,2.233807900144039,1.43183425859621,3.2,-17.91,-39.15,SG_TP_28
UCR,SG,TP,2006,MACROALGAE,1.8726591760299627,2.233807900144039,1.43183425859621,3.2,-17.91,-39.15,SG_TP_29
UCR,SG,TP,2006,MUSSISMILIA_HISPIDA,0.0,2.233807900144039,1.43183425859621,3.2,-17.91,-39.15,SG_TP_30
UCR,SG,TP,2006,MUSSISMILIA_HISPIDA,0.0,2.233807900144039,1.43183425859621,3.2,-17.91,-39.15,SG_TP_31
UCR,SG,TP,2006,MUSSISMILIA_HISPIDA,0.0,2.233807900144039,1.43183425859621,3.2,-17.91,-39.15,SG_TP_32
UCR,SG,TP,2006,MUSSISMILIA_HISPIDA,0.36900369003690037,2.233807900144039,1.43183425859621,3.2,-17.91,-39.15,SG_TP_33
UCR,SG,TP,2006,MUSSISMILIA_HISPIDA,0.0,2.233807900144039,1.43183425859621,3.2,-17.91,-39.15,SG_TP_34
UCR,SG,TP,2006,MUSSISMILIA_HISPIDA,1.0600706713780919,2.233807900144039,1.43183425859621,3.2,-17.91,-39.15,SG_TP_35
UCR,SG,TP,2006,MUSSISMILIA_HISPIDA,0.0,2.233807900144039,1.43183425859621,3.2,-17.91,-39.15,SG_TP_36
UCR,SG,TP,2006,MUSSISMILIA_HISPIDA,0.0,2.233807900144039,1.43183425859621,3.2,-17.91,-39.15,SG_TP_37
UCR,SG,TP,2006,MUSSISMILIA_HISPIDA,0.0,2.233807900144039,1.43183425859621,3.2,-17.91,-39.15,SG_TP_38
UCR,SG,TP,2006,MUSSISMILIA_HISPIDA,0.0,2.233807900144039,1.43183425859621,3.2,-17.91,-39.15,SG_TP_39
UCR,SG,TP,2006,TURF,51.23674911660777,2.233807900144039,1.43183425859621,3.2,-17.91,-39.15,SG_TP_40
UCR,SG,TP,2006,TURF,75.60137457044674,2.233807900144039,1.43183425859621,3.2,-17.91,-39.15,SG_TP_41
UCR,SG,TP,2006,TURF,31.734317343173426,2.233807900144039,1.43183425859621,3.2,-17.91,-39.15,SG_TP_42
UCR,SG,TP,2006,TURF,68.63468634686348,2.233807900144039,1.43183425859621,3.2,-17.91,-39.15,SG_TP_43
UCR,SG,TP,2006,TURF,43.87755102040816,2.233807900144039,1.43183425859621,3.2,-17.91,-39.15,SG_TP_44
UCR,SG,TP,2006,TURF,79.50530035335689,2.233807900144039,1.43183425859621,3.2,-17.91,-39.15,SG_TP_45
UCR,SG,TP,2006,TURF,32.179930795847746,2.233807900144039,1.43183425859621,3.2,-17.91,-39.15,SG_TP_46
UCR,SG,TP,2006,TURF,26.037735849056602,2.233807900144039,1.43183425859621,3.2,-17.91,-39.15,SG_TP_47
UCR,SG,TP,2006,TURF,66.43109540636043,2.233807900144039,1.43183425859621,3.2,-17.91,-39.15,SG_TP_48
UCR,SG,TP,2006,TURF,47.19101123595505,2.233807900144039,1.43183425859621,3.2,-17.91,-39.15,SG_TP_49
UCR,SG,TP,2007,CCA,0.3401360544217687,2.233807900144039,1.43183425859621,3.2,-17.91,-39.15,SG_TP_50
UCR,SG,TP,2007,CCA,0.3436426116838488,2.233807900144039,1.43183425859621,3.2,-17.91,-39.15,SG_TP_51
UCR,SG,TP,2007,CCA,1.023890784982935,2.233807900144039,1.43183425859621,3.2,-17.91,-39.15,SG_TP_52
UCR,SG,TP,2007,CCA,0.33444816053511706,2.233807900144039,1.43183425859621,3.2,-17.91,-39.15,SG_TP_53
UCR,SG,TP,2007,CCA,0.33557046979865773,2.233807900144039,1.43183425859621,3.2,-17.91,-39.15,SG_TP_54
UCR,SG,TP,2007,CCA,1.3513513513513513,2.233807900144039,1.43183425859621,3.2,-17.91,-39.15,SG_TP_55
UCR,SG,TP,2007,CCA,0.6968641114982579,2.233807900144039,1.43183425859621,3.2,-17.91,-39.15,SG_TP_56
UCR,SG,TP,2007,CCA,1.342281879194631,2.233807900144039,1.43183425859621,3.2,-17.91,-39.15,SG_TP_57
UCR,SG,TP,2007,CCA,0.0,2.233807900144039,1.43183425859621,3.2,-17.91,-39.15,SG_TP_58
UCR,SG,TP,2007,CCA,1.342281879194631,2.233807900144039,1.43183425859621,3.2,-17.91,-39.15,SG_TP_59
UCR,SG,TP,2007,CYANO,0.0,2.233807900144039,1.43183425859621,3.2,-17.91,-39.15,SG_TP_60
UCR,SG,TP,2007,CYANO,0.0,2.233807900144039,1.43183425859621,3.2,-17.91,-39.15,SG_TP_61
UCR,SG,TP,2007,CYANO,0.0,2.233807900144039,1.43183425859621,3.2,-17.91,-39.15,SG_TP_62
UCR,SG,TP,2007,CYANO,0.0,2.233807900144039,1.43183425859621,3.2,-17.91,-39.15,SG_TP_63
UCR,SG,TP,2007,CYANO,0.0,2.233807900144039,1.43183425859621,3.2,-17.91,-39.15,SG_TP_64
UCR,SG,TP,2007,CYANO,0.0,2.233807900144039,1.43183425859621,3.2,-17.91,-39.15,SG_TP_65
UCR,SG,TP,2007,CYANO,0.0,2.233807900144039,1.43183425859621,3.2,-17.91,-39.15,SG_TP_66
UCR,SG,TP,2007,CYANO,0.33557046979865773,2.233807900144039,1.43183425859621,3.2,-17.91,-39.15,SG_TP_67
UCR,SG,TP,2007,CYANO,0.0,2.233807900144039,1.43183425859621,3.2,-17.91,-39.15,SG_TP_68
UCR,SG,TP,2007,CYANO,0.0,2.233807900144039,1.43183425859621,3.2,-17.91,-39.15,SG_TP_69
UCR,SG,TP,2007,MACROALGAE,22.108843537414966,2.233807900144039,1.43183425859621,3.2,-17.91,-39.15,SG_TP_70
UCR,SG,TP,2007,MACROALGAE,82.13058419243985,2.233807900144039,1.43183425859621,3.2,-17.91,-39.15,SG_TP_71
UCR,SG,TP,2007,MACROALGAE,38.907849829351534,2.233807900144039,1.43183425859621,3.2,-17.91,-39.15,SG_TP_72
UCR,SG,TP,2007,MACROALGAE,25.08361204013378,2.233807900144039,1.43183425859621,3.2,-17.91,-39.15,SG_TP_73
UCR,SG,TP,2007,MACROALGAE,83.55704697986577,2.233807900144039,1.43183425859621,3.2,-17.91,-39.15,SG_TP_74
UCR,SG,TP,2007,MACROALGAE,35.47297297297297,2.233807900144039,1.43183425859621,3.2,-17.91,-39.15,SG_TP_75
UCR,SG,TP,2007,MACROALGAE,59.58188153310105,2.233807900144039,1.43183425859621,3.2,-17.91,-39.15,SG_TP_76
UCR,SG,TP,2007,MACROALGAE,34.899328859060404,2.233807900144039,1.43183425859621,3.2,-17.91,-39.15,SG_TP_77
UCR,SG,TP,2007,MACROALGAE,4.3624161073825505,2.233807900144039,1.43183425859621,3.2,-17.91,-39.15,SG_TP_78
UCR,SG,TP,2007,MACROALGAE,0.6711409395973155,2.233807900144039,1.43183425859621,3.2,-17.91,-39.15,SG_TP_79
UCR,SG,TP,2007,MUSSISMILIA_HISPIDA,0.0,2.233807900144039,1.43183425859621,3.2,-17.91,-39.15,SG_TP_80
UCR,SG,TP,2007,MUSSISMILIA_HISPIDA,0.0,2.233807900144039,1.43183425859621,3.2,-17.91,-39.15,SG_TP_81
UCR,SG,TP,2007,MUSSISMILIA_HISPIDA,0.0,2.233807900144039,1.43183425859621,3.2,-17.91,-39.15,SG_TP_82
UCR,SG,TP,2007,MUSSISMILIA_HISPIDA,0.0,2.233807900144039,1.43183425859621,3.2,-17.91,-39.15,SG_TP_83
UCR,SG,TP,2007,MUSSISMILIA_HISPIDA,0.6711409395973155,2.233807900144039,1.43183425859621,3.2,-17.91,-39.15,SG_TP_84
UCR,SG,TP,2007,MUSSISMILIA_HISPIDA,0.6756756756756757,2.233807900144039,1.43183425859621,3.2,-17.91,-39.15,SG_TP_85
UCR,SG,TP,2007,MUSSISMILIA_HISPIDA,2.4390243902439024,2.233807900144039,1.43183425859621,3.2,-17.91,-39.15,SG_TP_86
UCR,SG,TP,2007,MUSSISMILIA_HISPIDA,0.0,2.233807900144039,1.43183425859621,3.2,-17.91,-39.15,SG_TP_87
UCR,SG,TP,2007,MUSSISMILIA_HISPIDA,0.0,2.233807900144039,1.43183425859621,3.2,-17.91,-39.15,SG_TP_88
UCR,SG,TP,2007,MUSSISMILIA_HISPIDA,0.0,2.233807900144039,1.43183425859621,3.2,-17.91,-39.15,SG_TP_89
UCR,SG,TP,2007,TURF,28.57142857142857,2.233807900144039,1.43183425859621,3.2,-17.91,-39.15,SG_TP_90
UCR,SG,TP,2007,TURF,13.058419243986256,2.233807900144039,1.43183425859621,3.2,-17.91,-39.15,SG_TP_91
UCR,SG,TP,2007,TURF,39.93174061433447,2.233807900144039,1.43183425859621,3.2,-17.91,-39.15,SG_TP_92
UCR,SG,TP,2007,TURF,51.50501672240802,2.233807900144039,1.43183425859621,3.2,-17.91,-39.15,SG_TP_93
UCR,SG,TP,2007,TURF,3.691275167785235,2.233807900144039,1.43183425859621,3.2,-17.91,-39.15,SG_TP_94
UCR,SG,TP,2007,TURF,27.7027027027027,2.233807900144039,1.43183425859621,3.2,-17.91,-39.15,SG_TP_95
UCR,SG,TP,2007,TURF,33.10104529616725,2.233807900144039,1.43183425859621,3.2,-17.91,-39.15,SG_TP_96
UCR,SG,TP,2007,TURF,45.63758389261745,2.233807900144039,1.43183425859621,3.2,-17.91,-39.15,SG_TP_97
UCR,SG,TP,2007,TURF,26.845637583892618,2.233807900144039,1.43183425859621,3.2,-17.91,-39.15,SG_TP_98
UCR,SG,TP,2007,TURF,50.671140939597315,2.233807900144039,1.43183425859621,3.2,-17.91,-39.15,SG_TP_99
UCR,SG,TP,2008,CCA,1.4184397163120568,2.233807900144039,1.43183425859621,3.2,-17.91,-39.15,SG_TP_100
UCR,SG,TP,2008,CCA,1.006711409395973,2.233807900144039,1.43183425859621,3.2,-17.91,-39.15,SG_TP_101
UCR,SG,TP,2008,CCA,1.3377926421404682,2.233807900144039,1.43183425859621,3.2,-17.91,-39.15,SG_TP_102
UCR,SG,TP,2008,CCA,2.405498281786942,2.233807900144039,1.43183425859621,3.2,-17.91,-39.15,SG_TP_103
UCR,SG,TP,2008,CCA,3.0716723549488054,2.233807900144039,1.43183425859621,3.2,-17.91,-39.15,SG_TP_104
UCR,SG,TP,2008,CCA,2.356902356902357,2.233807900144039,1.43183425859621,3.2,-17.91,-39.15,SG_TP_105
UCR,SG,TP,2008,CCA,4.761904761904762,2.233807900144039,1.43183425859621,3.2,-17.91,-39.15,SG_TP_106
UCR,SG,TP,2008,CCA,4.912280701754386,2.233807900144039,1.43183425859621,3.2,-17.91,-39.15,SG_TP_107
UCR,SG,TP,2008,CCA,2.877697841726619,2.233807900144039,1.43183425859621,3.2,-17.91,-39.15,SG_TP_108
UCR,SG,TP,2008,CCA,7.971014492753622,2.233807900144039,1.43183425859621,3.2,-17.91,-39.15,SG_TP_109
UCR,SG,TP,2008,CYANO,0.3546099290780142,2.233807900144039,1.43183425859621,3.2,-17.91,-39.15,SG_TP_110
UCR,SG,TP,2008,CYANO,0.0,2.233807900144039,1.43183425859621,3.2,-17.91,-39.15,SG_TP_111
UCR,SG,TP,2008,CYANO,0.0,2.233807900144039,1.43183425859621,3.2,-17.91,-39.15,SG_TP_112
UCR,SG,TP,2008,CYANO,0.0,2.233807900144039,1.43183425859621,3.2,-17.91,-39.15,SG_TP_113
UCR,SG,TP,2008,CYANO,0.0,2.233807900144039,1.43183425859621,3.2,-17.91,-39.15,SG_TP_114
UCR,SG,TP,2008,CYANO,0.0,2.233807900144039,1.43183425859621,3.2,-17.91,-39.15,SG_TP_115
UCR,SG,TP,2008,CYANO,0.0,2.233807900144039,1.43183425859621,3.2,-17.91,-39.15,SG_TP_116
UCR,SG,TP,2008,CYANO,0.0,2.233807900144039,1.43183425859621,3.2,-17.91,-39.15,SG_TP_117
UCR,SG,TP,2008,CYANO,0.0,2.233807900144039,1.43183425859621,3.2,-17.91,-39.15,SG_TP_118
UCR,SG,TP,2008,CYANO,0.0,2.233807900144039,1.43183425859621,3.2,-17.91,-39.15,SG_TP_119
UCR,SG,TP,2008,MACROALGAE,9.219858156028367,2.233807900144039,1.43183425859621,3.2,-17.91,-39.15,SG_TP_120
UCR,SG,TP,2008,MACROALGAE,3.691275167785235,2.233807900144039,1.43183425859621,3.2,-17.91,-39.15,SG_TP_121
UCR,SG,TP,2008,MACROALGAE,22.74247491638796,2.233807900144039,1.43183425859621,3.2,-17.91,-39.15,SG_TP_122
UCR,SG,TP,2008,MACROALGAE,4.4673539518900345,2.233807900144039,1.43183425859621,3.2,-17.91,-39.15,SG_TP_123
UCR,SG,TP,2008,MACROALGAE,5.1194539249146755,2.233807900144039,1.43183425859621,3.2,-17.91,-39.15,SG_TP_124
UCR,SG,TP,2008,MACROALGAE,19.19191919191919,2.233807900144039,1.43183425859621,3.2,-17.91,-39.15,SG_TP_125
UCR,SG,TP,2008,MACROALGAE,18.367346938775512,2.233807900144039,1.43183425859621,3.2,-17.91,-39.15,SG_TP_126
UCR,SG,TP,2008,MACROALGAE,1.7543859649122806,2.233807900144039,1.43183425859621,3.2,-17.91,-39.15,SG_TP_127
UCR,SG,TP,2008,MACROALGAE,1.4388489208633095,2.233807900144039,1.43183425859621,3.2,-17.91,-39.15,SG_TP_128
UCR,SG,TP,2008,MACROALGAE,3.260869565217391,2.233807900144039,1.43183425859621,3.2,-17.91,-39.15,SG_TP_129
UCR,SG,TP,2008,MUSSISMILIA_HISPIDA,0.0,2.233807900144039,1.43183425859621,3.2,-17.91,-39.15,SG_TP_130
UCR,SG,TP,2008,MUSSISMILIA_HISPIDA,0.0,2.233807900144039,1.43183425859621,3.2,-17.91,-39.15,SG_TP_131
UCR,SG,TP,2008,MUSSISMILIA_HISPIDA,0.0,2.233807900144039,1.43183425859621,3.2,-17.91,-39.15,SG_TP_132
UCR,SG,TP,2008,MUSSISMILIA_HISPIDA,0.0,2.233807900144039,1.43183425859621,3.2,-17.91,-39.15,SG_TP_133
UCR,SG,TP,2008,MUSSISMILIA_HISPIDA,0.0,2.233807900144039,1.43183425859621,3.2,-17.91,-39.15,SG_TP_134
UCR,SG,TP,2008,MUSSISMILIA_HISPIDA,1.0101010101010102,2.233807900144039,1.43183425859621,3.2,-17.91,-39.15,SG_TP_135
UCR,SG,TP,2008,MUSSISMILIA_HISPIDA,1.0204081632653061,2.233807900144039,1.43183425859621,3.2,-17.91,-39.15,SG_TP_136
UCR,SG,TP,2008,MUSSISMILIA_HISPIDA,0.0,2.233807900144039,1.43183425859621,3.2,-17.91,-39.15,SG_TP_137
UCR,SG,TP,2008,MUSSISMILIA_HISPIDA,0.3597122302158274,2.233807900144039,1.43183425859621,3.2,-17.91,-39.15,SG_TP_138
UCR,SG,TP,2008,MUSSISMILIA_HISPIDA,0.0,2.233807900144039,1.43183425859621,3.2,-17.91,-39.15,SG_TP_139
UCR,SG,TP,2008,TURF,62.41134751773049,2.233807900144039,1.43183425859621,3.2,-17.91,-39.15,SG_TP_140
UCR,SG,TP,2008,TURF,46.97986577181208,2.233807900144039,1.43183425859621,3.2,-17.91,-39.15,SG_TP_141
UCR,SG,TP,2008,TURF,71.57190635451505,2.233807900144039,1.43183425859621,3.2,-17.91,-39.15,SG_TP_142
UCR,SG,TP,2008,TURF,73.8831615120275,2.233807900144039,1.43183425859621,3.2,-17.91,-39.15,SG_TP_143
UCR,SG,TP,2008,TURF,50.51194539249146,2.233807900144039,1.43183425859621,3.2,-17.91,-39.15,SG_TP_144
UCR,SG,TP,2008,TURF,66.32996632996633,2.233807900144039,1.43183425859621,3.2,-17.91,-39.15,SG_TP_145
UCR,SG,TP,2008,TURF,70.06802721088435,2.233807900144039,1.43183425859621,3.2,-17.91,-39.15,SG_TP_146
UCR,SG,TP,2008,TURF,71.57894736842105,2.233807900144039,1.43183425859621,3.2,-17.91,-39.15,SG_TP_147
UCR,SG,TP,2008,TURF,33.45323741007194,2.233807900144039,1.43183425859621,3.2,-17.91,-39.15,SG_TP_148
UCR,SG,TP,2008,TURF,56.15942028985508,2.233807900144039,1.43183425859621,3.2,-17.91,-39.15,SG_TP_149
TIM,TIM1,PA,2006,CCA,8.813559322033898,-0.2492110744398153,-0.1611999310390624,4.7,-17.48,-39.01,TIM1_PA_0
TIM,TIM1,PA,2006,CCA,0.33333333333333337,-0.2492110744398153,-0.1611999310390624,4.7,-17.48,-39.01,TIM1_PA_1
TIM,TIM1,PA,2006,CCA,28.428093645484946,-0.2492110744398153,-0.1611999310390624,4.7,-17.48,-39.01,TIM1_PA_2
TIM,TIM1,PA,2006,CCA,0.0,-0.2492110744398153,-0.1611999310390624,4.7,-17.48,-39.01,TIM1_PA_3
TIM,TIM1,PA,2006,CCA,4.794520547945205,-0.2492110744398153,-0.1611999310390624,4.7,-17.48,-39.01,TIM1_PA_4
TIM,TIM1,PA,2006,CCA,3.3670033670033668,-0.2492110744398153,-0.1611999310390624,4.7,-17.48,-39.01,TIM1_PA_5
TIM,TIM1,PA,2006,CCA,0.33444816053511706,-0.2492110744398153,-0.1611999310390624,4.7,-17.48,-39.01,TIM1_PA_6
TIM,TIM1,PA,2006,CCA,20.60810810810811,-0.2492110744398153,-0.1611999310390624,4.7,-17.48,-39.01,TIM1_PA_7
TIM,TIM1,PA,2006,CCA,0.0,-0.2492110744398153,-0.1611999310390624,4.7,-17.48,-39.01,TIM1_PA_8
TIM,TIM1,PA,2006,CYANO,0.0,-0.2492110744398153,-0.1611999310390624,4.7,-17.48,-39.01,TIM1_PA_9
TIM,TIM1,PA,2006,CYANO,0.0,-0.2492110744398153,-0.1611999310390624,4.7,-17.48,-39.01,TIM1_PA_10
TIM,TIM1,PA,2006,CYANO,3.3444816053511706,-0.2492110744398153,-0.1611999310390624,4.7,-17.48,-39.01,TIM1_PA_11
TIM,TIM1,PA,2006,CYANO,0.33557046979865773,-0.2492110744398153,-0.1611999310390624,4.7,-17.48,-39.01,TIM1_PA_12
TIM,TIM1,PA,2006,CYANO,2.054794520547945,-0.2492110744398153,-0.1611999310390624,4.7,-17.48,-39.01,TIM1_PA_13
TIM,TIM1,PA,2006,CYANO,0.0,-0.2492110744398153,-0.1611999310390624,4.7,-17.48,-39.01,TIM1_PA_14
TIM,TIM1,PA,2006,CYANO,0.0,-0.2492110744398153,-0.1611999310390624,4.7,-17.48,-39.01,TIM1_PA_15
TIM,TIM1,PA,2006,CYANO,1.0135135135135136,-0.2492110744398153,-0.1611999310390624,4.7,-17.48,-39.01,TIM1_PA_16
TIM,TIM1,PA,2006,CYANO,0.0,-0.2492110744398153,-0.1611999310390624,4.7,-17.48,-39.01,TIM1_PA_17
TIM,TIM1,PA,2006,MACROALGAE,0.0,-0.2492110744398153,-0.1611999310390624,4.7,-17.48,-39.01,TIM1_PA_18
TIM,TIM1,PA,2006,MACROALGAE,0.0,-0.2492110744398153,-0.1611999310390624,4.7,-17.48,-39.01,TIM1_PA_19
TIM,TIM1,PA,2006,MACROALGAE,0.0,-0.2492110744398153,-0.1611999310390624,4.7,-17.48,-39.01,TIM1_PA_20
TIM,TIM1,PA,2006,MACROALGAE,0.0,-0.2492110744398153,-0.1611999310390624,4.7,-17.48,-39.01,TIM1_PA_21
TIM,TIM1,PA,2006,MACROALGAE,0.0,-0.2492110744398153,-0.1611999310390624,4.7,-17.48,-39.01,TIM1_PA_22
TIM,TIM1,PA,2006,MACROALGAE,0.0,-0.2492110744398153,-0.1611999310390624,4.7,-17.48,-39.01,TIM1_PA_23
TIM,TIM1,PA,2006,MACROALGAE,0.0,-0.2492110744398153,-0.1611999310390624,4.7,-17.48,-39.01,TIM1_PA_24
TIM,TIM1,PA,2006,MACROALGAE,0.0,-0.2492110744398153,-0.1611999310390624,4.7,-17.48,-39.01,TIM1_PA_25
TIM,TIM1,PA,2006,MACROALGAE,0.0,-0.2492110744398153,-0.1611999310390624,4.7,-17.48,-39.01,TIM1_PA_26
TIM,TIM1,PA,2006,MUSSISMILIA_HISPIDA,0.0,-0.2492110744398153,-0.1611999310390624,4.7,-17.48,-39.01,TIM1_PA_27
TIM,TIM1,PA,2006,MUSSISMILIA_HISPIDA,0.0,-0.2492110744398153,-0.1611999310390624,4.7,-17.48,-39.01,TIM1_PA_28
TIM,TIM1,PA,2006,MUSSISMILIA_HISPIDA,0.0,-0.2492110744398153,-0.1611999310390624,4.7,-17.48,-39.01,TIM1_PA_29
TIM,TIM1,PA,2006,MUSSISMILIA_HISPIDA,0.6711409395973155,-0.2492110744398153,-0.1611999310390624,4.7,-17.48,-39.01,TIM1_PA_30
TIM,TIM1,PA,2006,MUSSISMILIA_HISPIDA,0.0,-0.2492110744398153,-0.1611999310390624,4.7,-17.48,-39.01,TIM1_PA_31
TIM,TIM1,PA,2006,MUSSISMILIA_HISPIDA,0.0,-0.2492110744398153,-0.1611999310390624,4.7,-17.48,-39.01,TIM1_PA_32
TIM,TIM1,PA,2006,MUSSISMILIA_HISPIDA,4.013377926421405,-0.2492110744398153,-0.1611999310390624,4.7,-17.48,-39.01,TIM1_PA_33
TIM,TIM1,PA,2006,MUSSISMILIA_HISPIDA,0.6756756756756757,-0.2492110744398153,-0.1611999310390624,4.7,-17.48,-39.01,TIM1_PA_34
TIM,TIM1,PA,2006,MUSSISMILIA_HISPIDA,0.0,-0.2492110744398153,-0.1611999310390624,4.7,-17.48,-39.01,TIM1_PA_35
TIM,TIM1,PA,2006,TURF,35.25423728813559,-0.2492110744398153,-0.1611999310390624,4.7,-17.48,-39.01,TIM1_PA_36
TIM,TIM1,PA,2006,TURF,3.0,-0.2492110744398153,-0.1611999310390624,4.7,-17.48,-39.01,TIM1_PA_37
TIM,TIM1,PA,2006,TURF,16.05351170568562,-0.2492110744398153,-0.1611999310390624,4.7,-17.48,-39.01,TIM1_PA_38
TIM,TIM1,PA,2006,TURF,13.087248322147651,-0.2492110744398153,-0.1611999310390624,4.7,-17.48,-39.01,TIM1_PA_39
TIM,TIM1,PA,2006,TURF,29.794520547945208,-0.2492110744398153,-0.1611999310390624,4.7,-17.48,-39.01,TIM1_PA_40
TIM,TIM1,PA,2006,TURF,20.53872053872054,-0.2492110744398153,-0.1611999310390624,4.7,-17.48,-39.01,TIM1_PA_41
TIM,TIM1,PA,2006,TURF,2.0066889632107023,-0.2492110744398153,-0.1611999310390624,4.7,-17.48,-39.01,TIM1_PA_42
TIM,TIM1,PA,2006,TURF,16.216216216216218,-0.2492110744398153,-0.1611999310390624,4.7,-17.48,-39.01,TIM1_PA_43
TIM,TIM1,PA,2006,TURF,0.0,-0.2492110744398153,-0.1611999310390624,4.7,-17.48,-39.01,TIM1_PA_44
TIM,TIM1,PA,2007,CCA,43.47826086956522,-0.2492110744398153,-0.1611999310390624,4.7,-17.48,-39.01,TIM1_PA_45
TIM,TIM1,PA,2007,CCA,49.49832775919732,-0.2492110744398153,-0.1611999310390624,4.7,-17.48,-39.01,TIM1_PA_46
TIM,TIM1,PA,2007,CCA,77.59197324414716,-0.2492110744398153,-0.1611999310390624,4.7,-17.48,-39.01,TIM1_PA_47
TIM,TIM1,PA,2007,CCA,59.19732441471572,-0.2492110744398153,-0.1611999310390624,4.7,-17.48,-39.01,TIM1_PA_48
TIM,TIM1,PA,2007,CCA,55.333333333333336,-0.2492110744398153,-0.1611999310390624,4.7,-17.48,-39.01,TIM1_PA_49
TIM,TIM1,PA,2007,CCA,42.76094276094276,-0.2492110744398153,-0.1611999310390624,4.7,-17.48,-39.01,TIM1_PA_50
TIM,TIM1,PA,2007,CCA,60.94276094276094,-0.2492110744398153,-0.1611999310390624,4.7,-17.48,-39.01,TIM1_PA_51
TIM,TIM1,PA,2007,CCA,53.02013422818792,-0.2492110744398153,-0.1611999310390624,4.7,-17.48,-39.01,TIM1_PA_52
TIM,TIM1,PA,2007,CCA,31.543624161073826,-0.2492110744398153,-0.1611999310390624,4.7,-17.48,-39.01,TIM1_PA_53
TIM,TIM1,PA,2007,CYANO,6.688963210702341,-0.2492110744398153,-0.1611999310390624,4.7,-17.48,-39.01,TIM1_PA_54
TIM,TIM1,PA,2007,CYANO,5.351170568561873,-0.2492110744398153,-0.1611999310390624,4.7,-17.48,-39.01,TIM1_PA_55
TIM,TIM1,PA,2007,CYANO,0.0,-0.2492110744398153,-0.1611999310390624,4.7,-17.48,-39.01,TIM1_PA_56
TIM,TIM1,PA,2007,CYANO,0.6688963210702341,-0.2492110744398153,-0.1611999310390624,4.7,-17.48,-39.01,TIM1_PA_57
TIM,TIM1,PA,2007,CYANO,0.0,-0.2492110744398153,-0.1611999310390624,4.7,-17.48,-39.01,TIM1_PA_58
TIM,TIM1,PA,2007,CYANO,0.6734006734006733,-0.2492110744398153,-0.1611999310390624,4.7,-17.48,-39.01,TIM1_PA_59
TIM,TIM1,PA,2007,CYANO,0.0,-0.2492110744398153,-0.1611999310390624,4.7,-17.48,-39.01,TIM1_PA_60
TIM,TIM1,PA,2007,CYANO,0.0,-0.2492110744398153,-0.1611999310390624,4.7,-17.48,-39.01,TIM1_PA_61
TIM,TIM1,PA,2007,CYANO,0.0,-0.2492110744398153,-0.1611999310390624,4.7,-17.48,-39.01,TIM1_PA_62
TIM,TIM1,PA,2007,MACROALGAE,0.0,-0.2492110744398153,-0.1611999310390624,4.7,-17.48,-39.01,TIM1_PA_63
TIM,TIM1,PA,2007,MACROALGAE,0.0,-0.2492110744398153,-0.1611999310390624,4.7,-17.48,-39.01,TIM1_PA_64
TIM,TIM1,PA,2007,MACROALGAE,0.0,-0.2492110744398153,-0.1611999310390624,4.7,-17.48,-39.01,TIM1_PA_65
TIM,TIM1,PA,2007,MACROALGAE,0.33444816053511706,-0.2492110744398153,-0.1611999310390624,4.7,-17.48,-39.01,TIM1_PA_66
TIM,TIM1,PA,2007,MACROALGAE,3.0,-0.2492110744398153,-0.1611999310390624,4.7,-17.48,-39.01,TIM1_PA_67
TIM,TIM1,PA,2007,MACROALGAE,0.0,-0.2492110744398153,-0.1611999310390624,4.7,-17.48,-39.01,TIM1_PA_68
TIM,TIM1,PA,2007,MACROALGAE,0.0,-0.2492110744398153,-0.1611999310390624,4.7,-17.48,-39.01,TIM1_PA_69
TIM,TIM1,PA,2007,MACROALGAE,4.026845637583892,-0.2492110744398153,-0.1611999310390624,4.7,-17.48,-39.01,TIM1_PA_70
TIM,TIM1,PA,2007,MACROALGAE,0.0,-0.2492110744398153,-0.1611999310390624,4.7,-17.48,-39.01,TIM1_PA_71
TIM,TIM1,PA,2007,MUSSISMILIA_HISPIDA,0.0,-0.2492110744398153,-0.1611999310390624,4.7,-17.48,-39.01,TIM1_PA_72
TIM,TIM1,PA,2007,MUSSISMILIA_HISPIDA,0.0,-0.2492110744398153,-0.1611999310390624,4.7,-17.48,-39.01,TIM1_PA_73
TIM,TIM1,PA,2007,MUSSISMILIA_HISPIDA,0.0,-0.2492110744398153,-0.1611999310390624,4.7,-17.48,-39.01,TIM1_PA_74
TIM,TIM1,PA,2007,MUSSISMILIA_HISPIDA,0.0,-0.2492110744398153,-0.1611999310390624,4.7,-17.48,-39.01,TIM1_PA_75
TIM,TIM1,PA,2007,MUSSISMILIA_HISPIDA,0.6666666666666667,-0.2492110744398153,-0.1611999310390624,4.7,-17.48,-39.01,TIM1_PA_76
TIM,TIM1,PA,2007,MUSSISMILIA_HISPIDA,0.0,-0.2492110744398153,-0.1611999310390624,4.7,-17.48,-39.01,TIM1_PA_77
TIM,TIM1,PA,2007,MUSSISMILIA_HISPIDA,4.713804713804714,-0.2492110744398153,-0.1611999310390624,4.7,-17.48,-39.01,TIM1_PA_78
TIM,TIM1,PA,2007,MUSSISMILIA_HISPIDA,1.006711409395973,-0.2492110744398153,-0.1611999310390624,4.7,-17.48,-39.01,TIM1_PA_79
TIM,TIM1,PA,2007,MUSSISMILIA_HISPIDA,0.0,-0.2492110744398153,-0.1611999310390624,4.7,-17.48,-39.01,TIM1_PA_80
TIM,TIM1,PA,2007,TURF,39.46488294314381,-0.2492110744398153,-0.1611999310390624,4.7,-17.48,-39.01,TIM1_PA_81
TIM,TIM1,PA,2007,TURF,14.715719063545151,-0.2492110744398153,-0.1611999310390624,4.7,-17.48,-39.01,TIM1_PA_82
TIM,TIM1,PA,2007,TURF,18.394648829431436,-0.2492110744398153,-0.1611999310390624,4.7,-17.48,-39.01,TIM1_PA_83
TIM,TIM1,PA,2007,TURF,16.387959866220733,-0.2492110744398153,-0.1611999310390624,4.7,-17.48,-39.01,TIM1_PA_84
TIM,TIM1,PA,2007,TURF,21.0,-0.2492110744398153,-0.1611999310390624,4.7,-17.48,-39.01,TIM1_PA_85
TIM,TIM1,PA,2007,TURF,18.518518518518515,-0.2492110744398153,-0.1611999310390624,4.7,-17.48,-39.01,TIM1_PA_86
TIM,TIM1,PA,2007,TURF,19.865319865319865,-0.2492110744398153,-0.1611999310390624,4.7,-17.48,-39.01,TIM1_PA_87
TIM,TIM1,PA,2007,TURF,11.74496644295302,-0.2492110744398153,-0.1611999310390624,4.7,-17.48,-39.01,TIM1_PA_88
TIM,TIM1,PA,2007,TURF,7.718120805369128,-0.2492110744398153,-0.1611999310390624,4.7,-17.48,-39.01,TIM1_PA_89
TIM,TIM1,PA,2008,CCA,61.64383561643836,-0.2492110744398153,-0.1611999310390624,4.7,-17.48,-39.01,TIM1_PA_90
TIM,TIM1,PA,2008,CCA,84.30034129692832,-0.2492110744398153,-0.1611999310390624,4.7,-17.48,-39.01,TIM1_PA_91
TIM,TIM1,PA,2008,CCA,88.715953307393,-0.2492110744398153,-0.1611999310390624,4.7,-17.48,-39.01,TIM1_PA_92
TIM,TIM1,PA,2008,CCA,77.30496453900709,-0.2492110744398153,-0.1611999310390624,4.7,-17.48,-39.01,TIM1_PA_93
TIM,TIM1,PA,2008,CCA,82.9090909090909,-0.2492110744398153,-0.1611999310390624,4.7,-17.48,-39.01,TIM1_PA_94
TIM,TIM1,PA,2008,CCA,73.06397306397307,-0.2492110744398153,-0.1611999310390624,4.7,-17.48,-39.01,TIM1_PA_95
TIM,TIM1,PA,2008,CCA,81.5068493150685,-0.2492110744398153,-0.1611999310390624,4.7,-17.48,-39.01,TIM1_PA_96
TIM,TIM1,PA,2008,CCA,71.23287671232876,-0.2492110744398153,-0.1611999310390624,4.7,-17.48,-39.01,TIM1_PA_97
TIM,TIM1,PA,2008,CCA,41.69611307420495,-0.2492110744398153,-0.1611999310390624,4.7,-17.48,-39.01,TIM1_PA_98
TIM,TIM1,PA,2008,CYANO,1.36986301369863,-0.2492110744398153,-0.1611999310390624,4.7,-17.48,-39.01,TIM1_PA_99
TIM,TIM1,PA,2008,CYANO,0.0,-0.2492110744398153,-0.1611999310390624,4.7,-17.48,-39.01,TIM1_PA_100
TIM,TIM1,PA,2008,CYANO,0.38910505836575876,-0.2492110744398153,-0.1611999310390624,4.7,-17.48,-39.01,TIM1_PA_101
TIM,TIM1,PA,2008,CYANO,0.3546099290780142,-0.2492110744398153,-0.1611999310390624,4.7,-17.48,-39.01,TIM1_PA_102
TIM,TIM1,PA,2008,CYANO,3.272727272727273,-0.2492110744398153,-0.1611999310390624,4.7,-17.48,-39.01,TIM1_PA_103
TIM,TIM1,PA,2008,CYANO,0.0,-0.2492110744398153,-0.1611999310390624,4.7,-17.48,-39.01,TIM1_PA_104
TIM,TIM1,PA,2008,CYANO,1.0273972602739725,-0.2492110744398153,-0.1611999310390624,4.7,-17.48,-39.01,TIM1_PA_105
TIM,TIM1,PA,2008,CYANO,0.684931506849315,-0.2492110744398153,-0.1611999310390624,4.7,-17.48,-39.01,TIM1_PA_106
TIM,TIM1,PA,2008,CYANO,0.0,-0.2492110744398153,-0.1611999310390624,4.7,-17.48,-39.01,TIM1_PA_107
TIM,TIM1,PA,2008,MACROALGAE,1.36986301369863,-0.2492110744398153,-0.1611999310390624,4.7,-17.48,-39.01,TIM1_PA_108
TIM,TIM1,PA,2008,MACROALGAE,0.0,-0.2492110744398153,-0.1611999310390624,4.7,-17.48,-39.01,TIM1_PA_109
TIM,TIM1,PA,2008,MACROALGAE,0.0,-0.2492110744398153,-0.1611999310390624,4.7,-17.48,-39.01,TIM1_PA_110
TIM,TIM1,PA,2008,MACROALGAE,0.7092198581560284,-0.2492110744398153,-0.1611999310390624,4.7,-17.48,-39.01,TIM1_PA_111
TIM,TIM1,PA,2008,MACROALGAE,0.0,-0.2492110744398153,-0.1611999310390624,4.7,-17.48,-39.01,TIM1_PA_112
TIM,TIM1,PA,2008,MACROALGAE,0.33670033670033667,-0.2492110744398153,-0.1611999310390624,4.7,-17.48,-39.01,TIM1_PA_113
TIM,TIM1,PA,2008,MACROALGAE,0.0,-0.2492110744398153,-0.1611999310390624,4.7,-17.48,-39.01,TIM1_PA_114
TIM,TIM1,PA,2008,MACROALGAE,0.3424657534246575,-0.2492110744398153,-0.1611999310390624,4.7,-17.48,-39.01,TIM1_PA_115
TIM,TIM1,PA,2008,MACROALGAE,0.0,-0.2492110744398153,-0.1611999310390624,4.7,-17.48,-39.01,TIM1_PA_116
TIM,TIM1,PA,2008,MUSSISMILIA_HISPIDA,0.0,-0.2492110744398153,-0.1611999310390624,4.7,-17.48,-39.01,TIM1_PA_117
TIM,TIM1,PA,2008,MUSSISMILIA_HISPIDA,0.0,-0.2492110744398153,-0.1611999310390624,4.7,-17.48,-39.01,TIM1_PA_118
TIM,TIM1,PA,2008,MUSSISMILIA_HISPIDA,0.0,-0.2492110744398153,-0.1611999310390624,4.7,-17.48,-39.01,TIM1_PA_119
TIM,TIM1,PA,2008,MUSSISMILIA_HISPIDA,0.0,-0.2492110744398153,-0.1611999310390624,4.7,-17.48,-39.01,TIM1_PA_120
TIM,TIM1,PA,2008,MUSSISMILIA_HISPIDA,0.0,-0.2492110744398153,-0.1611999310390624,4.7,-17.48,-39.01,TIM1_PA_121
TIM,TIM1,PA,2008,MUSSISMILIA_HISPIDA,2.0202020202020203,-0.2492110744398153,-0.1611999310390624,4.7,-17.48,-39.01,TIM1_PA_122
TIM,TIM1,PA,2008,MUSSISMILIA_HISPIDA,2.3972602739726026,-0.2492110744398153,-0.1611999310390624,4.7,-17.48,-39.01,TIM1_PA_123
TIM,TIM1,PA,2008,MUSSISMILIA_HISPIDA,1.0273972602739725,-0.2492110744398153,-0.1611999310390624,4.7,-17.48,-39.01,TIM1_PA_124
TIM,TIM1,PA,2008,MUSSISMILIA_HISPIDA,0.0,-0.2492110744398153,-0.1611999310390624,4.7,-17.48,-39.01,TIM1_PA_125
TIM,TIM1,PA,2008,TURF,35.61643835616439,-0.2492110744398153,-0.1611999310390624,4.7,-17.48,-39.01,TIM1_PA_126
TIM,TIM1,PA,2008,TURF,15.017064846416384,-0.2492110744398153,-0.1611999310390624,4.7,-17.48,-39.01,TIM1_PA_127
TIM,TIM1,PA,2008,TURF,10.116731517509727,-0.2492110744398153,-0.1611999310390624,4.7,-17.48,-39.01,TIM1_PA_128
TIM,TIM1,PA,2008,TURF,16.31205673758865,-0.2492110744398153,-0.1611999310390624,4.7,-17.48,-39.01,TIM1_PA_129
TIM,TIM1,PA,2008,TURF,11.272727272727272,-0.2492110744398153,-0.1611999310390624,4.7,-17.48,-39.01,TIM1_PA_130
TIM,TIM1,PA,2008,TURF,23.905723905723907,-0.2492110744398153,-0.1611999310390624,4.7,-17.48,-39.01,TIM1_PA_131
TIM,TIM1,PA,2008,TURF,15.068493150684933,-0.2492110744398153,-0.1611999310390624,4.7,-17.48,-39.01,TIM1_PA_132
TIM,TIM1,PA,2008,TURF,7.876712328767123,-0.2492110744398153,-0.1611999310390624,4.7,-17.48,-39.01,TIM1_PA_133
TIM,TIM1,PA,2008,TURF,12.7208480565371,-0.2492110744398153,-0.1611999310390624,4.7,-17.48,-39.01,TIM1_PA_134
TIM,TIM1,TP,2006,CCA,25.0,-0.2492110744398153,-0.1611999310390624,4.7,-17.48,-39.01,TIM1_TP_0
TIM,TIM1,TP,2006,CCA,13.286713286713287,-0.2492110744398153,-0.1611999310390624,4.7,-17.48,-39.01,TIM1_TP_1
TIM,TIM1,TP,2006,CCA,19.35483870967742,-0.2492110744398153,-0.1611999310390624,4.7,-17.48,-39.01,TIM1_TP_2
TIM,TIM1,TP,2006,CCA,20.070422535211268,-0.2492110744398153,-0.1611999310390624,4.7,-17.48,-39.01,TIM1_TP_3
TIM,TIM1,TP,2006,CCA,37.857142857142854,-0.2492110744398153,-0.1611999310390624,4.7,-17.48,-39.01,TIM1_TP_4
TIM,TIM1,TP,2006,CCA,12.36749116607774,-0.2492110744398153,-0.1611999310390624,4.7,-17.48,-39.01,TIM1_TP_5
TIM,TIM1,TP,2006,CCA,44.80286738351255,-0.2492110744398153,-0.1611999310390624,4.7,-17.48,-39.01,TIM1_TP_6
TIM,TIM1,TP,2006,CCA,14.760147601476014,-0.2492110744398153,-0.1611999310390624,4.7,-17.48,-39.01,TIM1_TP_7
TIM,TIM1,TP,2006,CCA,25.259515570934255,-0.2492110744398153,-0.1611999310390624,4.7,-17.48,-39.01,TIM1_TP_8
TIM,TIM1,TP,2006,CCA,17.4061433447099,-0.2492110744398153,-0.1611999310390624,4.7,-17.48,-39.01,TIM1_TP_9
TIM,TIM1,TP,2006,CYANO,1.1194029850746268,-0.2492110744398153,-0.1611999310390624,4.7,-17.48,-39.01,TIM1_TP_10
TIM,TIM1,TP,2006,CYANO,0.6993006993006993,-0.2492110744398153,-0.1611999310390624,4.7,-17.48,-39.01,TIM1_TP_11
TIM,TIM1,TP,2006,CYANO,2.5089605734767026,-0.2492110744398153,-0.1611999310390624,4.7,-17.48,-39.01,TIM1_TP_12
TIM,TIM1,TP,2006,CYANO,1.4084507042253522,-0.2492110744398153,-0.1611999310390624,4.7,-17.48,-39.01,TIM1_TP_13
TIM,TIM1,TP,2006,CYANO,0.7142857142857143,-0.2492110744398153,-0.1611999310390624,4.7,-17.48,-39.01,TIM1_TP_14
TIM,TIM1,TP,2006,CYANO,2.1201413427561837,-0.2492110744398153,-0.1611999310390624,4.7,-17.48,-39.01,TIM1_TP_15
TIM,TIM1,TP,2006,CYANO,0.35842293906810035,-0.2492110744398153,-0.1611999310390624,4.7,-17.48,-39.01,TIM1_TP_16
TIM,TIM1,TP,2006,CYANO,0.0,-0.2492110744398153,-0.1611999310390624,4.7,-17.48,-39.01,TIM1_TP_17
TIM,TIM1,TP,2006,CYANO,1.384083044982699,-0.2492110744398153,-0.1611999310390624,4.7,-17.48,-39.01,TIM1_TP_18
TIM,TIM1,TP,2006,CYANO,0.0,-0.2492110744398153,-0.1611999310390624,4.7,-17.48,-39.01,TIM1_TP_19
TIM,TIM1,TP,2006,MACROALGAE,0.0,-0.2492110744398153,-0.1611999310390624,4.7,-17.48,-39.01,TIM1_TP_20
TIM,TIM1,TP,2006,MACROALGAE,0.34965034965034963,-0.2492110744398153,-0.1611999310390624,4.7,-17.48,-39.01,TIM1_TP_21
TIM,TIM1,TP,2006,MACROALGAE,0.7168458781362007,-0.2492110744398153,-0.1611999310390624,4.7,-17.48,-39.01,TIM1_TP_22
TIM,TIM1,TP,2006,MACROALGAE,0.0,-0.2492110744398153,-0.1611999310390624,4.7,-17.48,-39.01,TIM1_TP_23
TIM,TIM1,TP,2006,MACROALGAE,2.142857142857143,-0.2492110744398153,-0.1611999310390624,4.7,-17.48,-39.01,TIM1_TP_24
TIM,TIM1,TP,2006,MACROALGAE,1.76678445229682,-0.2492110744398153,-0.1611999310390624,4.7,-17.48,-39.01,TIM1_TP_25
TIM,TIM1,TP,2006,MACROALGAE,0.0,-0.2492110744398153,-0.1611999310390624,4.7,-17.48,-39.01,TIM1_TP_26
TIM,TIM1,TP,2006,MACROALGAE,0.0,-0.2492110744398153,-0.1611999310390624,4.7,-17.48,-39.01,TIM1_TP_27
TIM,TIM1,TP,2006,MACROALGAE,2.422145328719723,-0.2492110744398153,-0.1611999310390624,4.7,-17.48,-39.01,TIM1_TP_28
TIM,TIM1,TP,2006,MACROALGAE,0.0,-0.2492110744398153,-0.1611999310390624,4.7,-17.48,-39.01,TIM1_TP_29
TIM,TIM1,TP,2006,MUSSISMILIA_HISPIDA,0.0,-0.2492110744398153,-0.1611999310390624,4.7,-17.48,-39.01,TIM1_TP_30
TIM,TIM1,TP,2006,MUSSISMILIA_HISPIDA,1.7482517482517483,-0.2492110744398153,-0.1611999310390624,4.7,-17.48,-39.01,TIM1_TP_31
TIM,TIM1,TP,2006,MUSSISMILIA_HISPIDA,0.7168458781362007,-0.2492110744398153,-0.1611999310390624,4.7,-17.48,-39.01,TIM1_TP_32
TIM,TIM1,TP,2006,MUSSISMILIA_HISPIDA,0.0,-0.2492110744398153,-0.1611999310390624,4.7,-17.48,-39.01,TIM1_TP_33
TIM,TIM1,TP,2006,MUSSISMILIA_HISPIDA,0.0,-0.2492110744398153,-0.1611999310390624,4.7,-17.48,-39.01,TIM1_TP_34
TIM,TIM1,TP,2006,MUSSISMILIA_HISPIDA,2.4734982332155475,-0.2492110744398153,-0.1611999310390624,4.7,-17.48,-39.01,TIM1_TP_35
TIM,TIM1,TP,2006,MUSSISMILIA_HISPIDA,0.0,-0.2492110744398153,-0.1611999310390624,4.7,-17.48,-39.01,TIM1_TP_36
TIM,TIM1,TP,2006,MUSSISMILIA_HISPIDA,0.36900369003690037,-0.2492110744398153,-0.1611999310390624,4.7,-17.48,-39.01,TIM1_TP_37
TIM,TIM1,TP,2006,MUSSISMILIA_HISPIDA,0.0,-0.2492110744398153,-0.1611999310390624,4.7,-17.48,-39.01,TIM1_TP_38
TIM,TIM1,TP,2006,MUSSISMILIA_HISPIDA,0.0,-0.2492110744398153,-0.1611999310390624,4.7,-17.48,-39.01,TIM1_TP_39
TIM,TIM1,TP,2006,TURF,47.38805970149254,-0.2492110744398153,-0.1611999310390624,4.7,-17.48,-39.01,TIM1_TP_40
TIM,TIM1,TP,2006,TURF,64.6853146853147,-0.2492110744398153,-0.1611999310390624,4.7,-17.48,-39.01,TIM1_TP_41
TIM,TIM1,TP,2006,TURF,47.31182795698925,-0.2492110744398153,-0.1611999310390624,4.7,-17.48,-39.01,TIM1_TP_42
TIM,TIM1,TP,2006,TURF,38.38028169014085,-0.2492110744398153,-0.1611999310390624,4.7,-17.48,-39.01,TIM1_TP_43
TIM,TIM1,TP,2006,TURF,21.785714285714285,-0.2492110744398153,-0.1611999310390624,4.7,-17.48,-39.01,TIM1_TP_44
TIM,TIM1,TP,2006,TURF,57.59717314487633,-0.2492110744398153,-0.1611999310390624,4.7,-17.48,-39.01,TIM1_TP_45
TIM,TIM1,TP,2006,TURF,23.655913978494624,-0.2492110744398153,-0.1611999310390624,4.7,-17.48,-39.01,TIM1_TP_46
TIM,TIM1,TP,2006,TURF,50.184501845018445,-0.2492110744398153,-0.1611999310390624,4.7,-17.48,-39.01,TIM1_TP_47
TIM,TIM1,TP,2006,TURF,35.29411764705882,-0.2492110744398153,-0.1611999310390624,4.7,-17.48,-39.01,TIM1_TP_48
TIM,TIM1,TP,2006,TURF,35.83617747440273,-0.2492110744398153,-0.1611999310390624,4.7,-17.48,-39.01,TIM1_TP_49
TIM,TIM1,TP,2007,CCA,19.93127147766323,-0.2492110744398153,-0.1611999310390624,4.7,-17.48,-39.01,TIM1_TP_50
TIM,TIM1,TP,2007,CCA,10.847457627118644,-0.2492110744398153,-0.1611999310390624,4.7,-17.48,-39.01,TIM1_TP_51
TIM,TIM1,TP,2007,CCA,28.865979381443296,-0.2492110744398153,-0.1611999310390624,4.7,-17.48,-39.01,TIM1_TP_52
TIM,TIM1,TP,2007,CCA,10.689655172413794,-0.2492110744398153,-0.1611999310390624,4.7,-17.48,-39.01,TIM1_TP_53
TIM,TIM1,TP,2007,CCA,6.143344709897611,-0.2492110744398153,-0.1611999310390624,4.7,-17.48,-39.01,TIM1_TP_54
TIM,TIM1,TP,2007,CCA,25.170068027210885,-0.2492110744398153,-0.1611999310390624,4.7,-17.48,-39.01,TIM1_TP_55
TIM,TIM1,TP,2007,CCA,9.059233449477352,-0.2492110744398153,-0.1611999310390624,4.7,-17.48,-39.01,TIM1_TP_56
TIM,TIM1,TP,2007,CCA,28.9198606271777,-0.2492110744398153,-0.1611999310390624,4.7,-17.48,-39.01,TIM1_TP_57
TIM,TIM1,TP,2007,CCA,18.685121107266436,-0.2492110744398153,-0.1611999310390624,4.7,-17.48,-39.01,TIM1_TP_58
TIM,TIM1,TP,2007,CCA,12.318840579710146,-0.2492110744398153,-0.1611999310390624,4.7,-17.48,-39.01,TIM1_TP_59
TIM,TIM1,TP,2007,CYANO,4.4673539518900345,-0.2492110744398153,-0.1611999310390624,4.7,-17.48,-39.01,TIM1_TP_60
TIM,TIM1,TP,2007,CYANO,15.254237288135593,-0.2492110744398153,-0.1611999310390624,4.7,-17.48,-39.01,TIM1_TP_61
TIM,TIM1,TP,2007,CYANO,3.436426116838488,-0.2492110744398153,-0.1611999310390624,4.7,-17.48,-39.01,TIM1_TP_62
TIM,TIM1,TP,2007,CYANO,5.862068965517241,-0.2492110744398153,-0.1611999310390624,4.7,-17.48,-39.01,TIM1_TP_63
TIM,TIM1,TP,2007,CYANO,1.023890784982935,-0.2492110744398153,-0.1611999310390624,4.7,-17.48,-39.01,TIM1_TP_64
TIM,TIM1,TP,2007,CYANO,3.741496598639456,-0.2492110744398153,-0.1611999310390624,4.7,-17.48,-39.01,TIM1_TP_65
TIM,TIM1,TP,2007,CYANO,11.149825783972126,-0.2492110744398153,-0.1611999310390624,4.7,-17.48,-39.01,TIM1_TP_66
TIM,TIM1,TP,2007,CYANO,3.484320557491289,-0.2492110744398153,-0.1611999310390624,4.7,-17.48,-39.01,TIM1_TP_67
TIM,TIM1,TP,2007,CYANO,3.1141868512110724,-0.2492110744398153,-0.1611999310390624,4.7,-17.48,-39.01,TIM1_TP_68
TIM,TIM1,TP,2007,CYANO,3.6231884057971016,-0.2492110744398153,-0.1611999310390624,4.7,-17.48,-39.01,TIM1_TP_69
TIM,TIM1,TP,2007,MACROALGAE,1.3745704467353952,-0.2492110744398153,-0.1611999310390624,4.7,-17.48,-39.01,TIM1_TP_70
TIM,TIM1,TP,2007,MACROALGAE,0.0,-0.2492110744398153,-0.1611999310390624,4.7,-17.48,-39.01,TIM1_TP_71
TIM,TIM1,TP,2007,MACROALGAE,3.0927835051546393,-0.2492110744398153,-0.1611999310390624,4.7,-17.48,-39.01,TIM1_TP_72
TIM,TIM1,TP,2007,MACROALGAE,2.0689655172413794,-0.2492110744398153,-0.1611999310390624,4.7,-17.48,-39.01,TIM1_TP_73
TIM,TIM1,TP,2007,MACROALGAE,1.7064846416382253,-0.2492110744398153,-0.1611999310390624,4.7,-17.48,-39.01,TIM1_TP_74
TIM,TIM1,TP,2007,MACROALGAE,0.0,-0.2492110744398153,-0.1611999310390624,4.7,-17.48,-39.01,TIM1_TP_75
TIM,TIM1,TP,2007,MACROALGAE,0.6968641114982579,-0.2492110744398153,-0.1611999310390624,4.7,-17.48,-39.01,TIM1_TP_76
TIM,TIM1,TP,2007,MACROALGAE,0.6968641114982579,-0.2492110744398153,-0.1611999310390624,4.7,-17.48,-39.01,TIM1_TP_77
TIM,TIM1,TP,2007,MACROALGAE,1.7301038062283738,-0.2492110744398153,-0.1611999310390624,4.7,-17.48,-39.01,TIM1_TP_78
TIM,TIM1,TP,2007,MACROALGAE,0.0,-0.2492110744398153,-0.1611999310390624,4.7,-17.48,-39.01,TIM1_TP_79
TIM,TIM1,TP,2007,MUSSISMILIA_HISPIDA,0.0,-0.2492110744398153,-0.1611999310390624,4.7,-17.48,-39.01,TIM1_TP_80
TIM,TIM1,TP,2007,MUSSISMILIA_HISPIDA,0.0,-0.2492110744398153,-0.1611999310390624,4.7,-17.48,-39.01,TIM1_TP_81
TIM,TIM1,TP,2007,MUSSISMILIA_HISPIDA,0.0,-0.2492110744398153,-0.1611999310390624,4.7,-17.48,-39.01,TIM1_TP_82
TIM,TIM1,TP,2007,MUSSISMILIA_HISPIDA,0.3448275862068966,-0.2492110744398153,-0.1611999310390624,4.7,-17.48,-39.01,TIM1_TP_83
TIM,TIM1,TP,2007,MUSSISMILIA_HISPIDA,0.6825938566552902,-0.2492110744398153,-0.1611999310390624,4.7,-17.48,-39.01,TIM1_TP_84
TIM,TIM1,TP,2007,MUSSISMILIA_HISPIDA,0.0,-0.2492110744398153,-0.1611999310390624,4.7,-17.48,-39.01,TIM1_TP_85
TIM,TIM1,TP,2007,MUSSISMILIA_HISPIDA,1.3937282229965158,-0.2492110744398153,-0.1611999310390624,4.7,-17.48,-39.01,TIM1_TP_86
TIM,TIM1,TP,2007,MUSSISMILIA_HISPIDA,0.0,-0.2492110744398153,-0.1611999310390624,4.7,-17.48,-39.01,TIM1_TP_87
TIM,TIM1,TP,2007,MUSSISMILIA_HISPIDA,0.6920415224913495,-0.2492110744398153,-0.1611999310390624,4.7,-17.48,-39.01,TIM1_TP_88
TIM,TIM1,TP,2007,MUSSISMILIA_HISPIDA,0.0,-0.2492110744398153,-0.1611999310390624,4.7,-17.48,-39.01,TIM1_TP_89
TIM,TIM1,TP,2007,TURF,48.453608247422686,-0.2492110744398153,-0.1611999310390624,4.7,-17.48,-39.01,TIM1_TP_90
TIM,TIM1,TP,2007,TURF,54.237288135593225,-0.2492110744398153,-0.1611999310390624,4.7,-17.48,-39.01,TIM1_TP_91
TIM,TIM1,TP,2007,TURF,32.302405498281786,-0.2492110744398153,-0.1611999310390624,4.7,-17.48,-39.01,TIM1_TP_92
TIM,TIM1,TP,2007,TURF,51.379310344827594,-0.2492110744398153,-0.1611999310390624,4.7,-17.48,-39.01,TIM1_TP_93
TIM,TIM1,TP,2007,TURF,66.21160409556313,-0.2492110744398153,-0.1611999310390624,4.7,-17.48,-39.01,TIM1_TP_94
TIM,TIM1,TP,2007,TURF,48.9795918367347,-0.2492110744398153,-0.1611999310390624,4.7,-17.48,-39.01,TIM1_TP_95
TIM,TIM1,TP,2007,TURF,59.58188153310105,-0.2492110744398153,-0.1611999310390624,4.7,-17.48,-39.01,TIM1_TP_96
TIM,TIM1,TP,2007,TURF,37.97909407665505,-0.2492110744398153,-0.1611999310390624,4.7,-17.48,-39.01,TIM1_TP_97
TIM,TIM1,TP,2007,TURF,43.59861591695502,-0.2492110744398153,-0.1611999310390624,4.7,-17.48,-39.01,TIM1_TP_98
TIM,TIM1,TP,2007,TURF,36.231884057971016,-0.2492110744398153,-0.1611999310390624,4.7,-17.48,-39.01,TIM1_TP_99
TIM,TIM1,TP,2008,CCA,15.646258503401361,-0.2492110744398153,-0.1611999310390624,4.7,-17.48,-39.01,TIM1_TP_100
TIM,TIM1,TP,2008,CCA,23.32155477031802,-0.2492110744398153,-0.1611999310390624,4.7,-17.48,-39.01,TIM1_TP_101
TIM,TIM1,TP,2008,CCA,23.972602739726025,-0.2492110744398153,-0.1611999310390624,4.7,-17.48,-39.01,TIM1_TP_102
TIM,TIM1,TP,2008,CCA,8.783783783783784,-0.2492110744398153,-0.1611999310390624,4.7,-17.48,-39.01,TIM1_TP_103
TIM,TIM1,TP,2008,CCA,19.62962962962963,-0.2492110744398153,-0.1611999310390624,4.7,-17.48,-39.01,TIM1_TP_104
TIM,TIM1,TP,2008,CCA,23.890784982935152,-0.2492110744398153,-0.1611999310390624,4.7,-17.48,-39.01,TIM1_TP_105
TIM,TIM1,TP,2008,CCA,31.25,-0.2492110744398153,-0.1611999310390624,4.7,-17.48,-39.01,TIM1_TP_106
TIM,TIM1,TP,2008,CCA,36.971830985915496,-0.2492110744398153,-0.1611999310390624,4.7,-17.48,-39.01,TIM1_TP_107
TIM,TIM1,TP,2008,CCA,27.27272727272727,-0.2492110744398153,-0.1611999310390624,4.7,-17.48,-39.01,TIM1_TP_108
TIM,TIM1,TP,2008,CCA,19.217081850533805,-0.2492110744398153,-0.1611999310390624,4.7,-17.48,-39.01,TIM1_TP_109
TIM,TIM1,TP,2008,CYANO,0.0,-0.2492110744398153,-0.1611999310390624,4.7,-17.48,-39.01,TIM1_TP_110
TIM,TIM1,TP,2008,CYANO,0.0,-0.2492110744398153,-0.1611999310390624,4.7,-17.48,-39.01,TIM1_TP_111
TIM,TIM1,TP,2008,CYANO,0.0,-0.2492110744398153,-0.1611999310390624,4.7,-17.48,-39.01,TIM1_TP_112
TIM,TIM1,TP,2008,CYANO,0.0,-0.2492110744398153,-0.1611999310390624,4.7,-17.48,-39.01,TIM1_TP_113
TIM,TIM1,TP,2008,CYANO,0.0,-0.2492110744398153,-0.1611999310390624,4.7,-17.48,-39.01,TIM1_TP_114
TIM,TIM1,TP,2008,CYANO,2.04778156996587,-0.2492110744398153,-0.1611999310390624,4.7,-17.48,-39.01,TIM1_TP_115
TIM,TIM1,TP,2008,CYANO,1.4705882352941175,-0.2492110744398153,-0.1611999310390624,4.7,-17.48,-39.01,TIM1_TP_116
TIM,TIM1,TP,2008,CYANO,1.056338028169014,-0.2492110744398153,-0.1611999310390624,4.7,-17.48,-39.01,TIM1_TP_117
TIM,TIM1,TP,2008,CYANO,0.0,-0.2492110744398153,-0.1611999310390624,4.7,-17.48,-39.01,TIM1_TP_118
TIM,TIM1,TP,2008,CYANO,3.202846975088968,-0.2492110744398153,-0.1611999310390624,4.7,-17.48,-39.01,TIM1_TP_119
TIM,TIM1,TP,2008,MACROALGAE,1.0204081632653061,-0.2492110744398153,-0.1611999310390624,4.7,-17.48,-39.01,TIM1_TP_120
TIM,TIM1,TP,2008,MACROALGAE,0.7067137809187279,-0.2492110744398153,-0.1611999310390624,4.7,-17.48,-39.01,TIM1_TP_121
TIM,TIM1,TP,2008,MACROALGAE,0.0,-0.2492110744398153,-0.1611999310390624,4.7,-17.48,-39.01,TIM1_TP_122
TIM,TIM1,TP,2008,MACROALGAE,0.0,-0.2492110744398153,-0.1611999310390624,4.7,-17.48,-39.01,TIM1_TP_123
TIM,TIM1,TP,2008,MACROALGAE,0.0,-0.2492110744398153,-0.1611999310390624,4.7,-17.48,-39.01,TIM1_TP_124
TIM,TIM1,TP,2008,MACROALGAE,0.0,-0.2492110744398153,-0.1611999310390624,4.7,-17.48,-39.01,TIM1_TP_125
TIM,TIM1,TP,2008,MACROALGAE,0.0,-0.2492110744398153,-0.1611999310390624,4.7,-17.48,-39.01,TIM1_TP_126
TIM,TIM1,TP,2008,MACROALGAE,0.0,-0.2492110744398153,-0.1611999310390624,4.7,-17.48,-39.01,TIM1_TP_127
TIM,TIM1,TP,2008,MACROALGAE,0.0,-0.2492110744398153,-0.1611999310390624,4.7,-17.48,-39.01,TIM1_TP_128
TIM,TIM1,TP,2008,MACROALGAE,0.0,-0.2492110744398153,-0.1611999310390624,4.7,-17.48,-39.01,TIM1_TP_129
TIM,TIM1,TP,2008,MUSSISMILIA_HISPIDA,0.3401360544217687,-0.2492110744398153,-0.1611999310390624,4.7,-17.48,-39.01,TIM1_TP_130
TIM,TIM1,TP,2008,MUSSISMILIA_HISPIDA,0.7067137809187279,-0.2492110744398153,-0.1611999310390624,4.7,-17.48,-39.01,TIM1_TP_131
TIM,TIM1,TP,2008,MUSSISMILIA_HISPIDA,0.0,-0.2492110744398153,-0.1611999310390624,4.7,-17.48,-39.01,TIM1_TP_132
TIM,TIM1,TP,2008,MUSSISMILIA_HISPIDA,0.6756756756756757,-0.2492110744398153,-0.1611999310390624,4.7,-17.48,-39.01,TIM1_TP_133
TIM,TIM1,TP,2008,MUSSISMILIA_HISPIDA,0.3703703703703704,-0.2492110744398153,-0.1611999310390624,4.7,-17.48,-39.01,TIM1_TP_134
TIM,TIM1,TP,2008,MUSSISMILIA_HISPIDA,0.0,-0.2492110744398153,-0.1611999310390624,4.7,-17.48,-39.01,TIM1_TP_135
TIM,TIM1,TP,2008,MUSSISMILIA_HISPIDA,0.0,-0.2492110744398153,-0.1611999310390624,4.7,-17.48,-39.01,TIM1_TP_136
TIM,TIM1,TP,2008,MUSSISMILIA_HISPIDA,0.0,-0.2492110744398153,-0.1611999310390624,4.7,-17.48,-39.01,TIM1_TP_137
TIM,TIM1,TP,2008,MUSSISMILIA_HISPIDA,0.0,-0.2492110744398153,-0.1611999310390624,4.7,-17.48,-39.01,TIM1_TP_138
TIM,TIM1,TP,2008,MUSSISMILIA_HISPIDA,0.0,-0.2492110744398153,-0.1611999310390624,4.7,-17.48,-39.01,TIM1_TP_139
TIM,TIM1,TP,2008,TURF,73.80952380952381,-0.2492110744398153,-0.1611999310390624,4.7,-17.48,-39.01,TIM1_TP_140
TIM,TIM1,TP,2008,TURF,65.01766784452296,-0.2492110744398153,-0.1611999310390624,4.7,-17.48,-39.01,TIM1_TP_141
TIM,TIM1,TP,2008,TURF,50.34246575342466,-0.2492110744398153,-0.1611999310390624,4.7,-17.48,-39.01,TIM1_TP_142
TIM,TIM1,TP,2008,TURF,66.21621621621621,-0.2492110744398153,-0.1611999310390624,4.7,-17.48,-39.01,TIM1_TP_143
TIM,TIM1,TP,2008,TURF,58.14814814814815,-0.2492110744398153,-0.1611999310390624,4.7,-17.48,-39.01,TIM1_TP_144
TIM,TIM1,TP,2008,TURF,60.75085324232082,-0.2492110744398153,-0.1611999310390624,4.7,-17.48,-39.01,TIM1_TP_145
TIM,TIM1,TP,2008,TURF,51.838235294117645,-0.2492110744398153,-0.1611999310390624,4.7,-17.48,-39.01,TIM1_TP_146
TIM,TIM1,TP,2008,TURF,37.323943661971825,-0.2492110744398153,-0.1611999310390624,4.7,-17.48,-39.01,TIM1_TP_147
TIM,TIM1,TP,2008,TURF,46.50349650349651,-0.2492110744398153,-0.1611999310390624,4.7,-17.48,-39.01,TIM1_TP_148
TIM,TIM1,TP,2008,TURF,38.07829181494662,-0.2492110744398153,-0.1611999310390624,4.7,-17.48,-39.01,TIM1_TP_149
TIM,TIM2,PA,2006,CCA,0.33333333333333337,-0.2492110744398153,-0.1611999310390624,6.0,-17.48,-39.03,TIM2_PA_0
TIM,TIM2,PA,2006,CCA,8.754208754208754,-0.2492110744398153,-0.1611999310390624,6.0,-17.48,-39.03,TIM2_PA_1
TIM,TIM2,PA,2006,CCA,0.0,-0.2492110744398153,-0.1611999310390624,6.0,-17.48,-39.03,TIM2_PA_2
TIM,TIM2,PA,2006,CCA,17.114093959731544,-0.2492110744398153,-0.1611999310390624,6.0,-17.48,-39.03,TIM2_PA_3
TIM,TIM2,PA,2006,CCA,11.74496644295302,-0.2492110744398153,-0.1611999310390624,6.0,-17.48,-39.03,TIM2_PA_4
TIM,TIM2,PA,2006,CCA,0.0,-0.2492110744398153,-0.1611999310390624,6.0,-17.48,-39.03,TIM2_PA_5
TIM,TIM2,PA,2006,CCA,1.0101010101010102,-0.2492110744398153,-0.1611999310390624,6.0,-17.48,-39.03,TIM2_PA_6
TIM,TIM2,PA,2006,CCA,0.0,-0.2492110744398153,-0.1611999310390624,6.0,-17.48,-39.03,TIM2_PA_7
TIM,TIM2,PA,2006,CCA,3.3557046979865772,-0.2492110744398153,-0.1611999310390624,6.0,-17.48,-39.03,TIM2_PA_8
TIM,TIM2,PA,2006,CCA,0.6734006734006733,-0.2492110744398153,-0.1611999310390624,6.0,-17.48,-39.03,TIM2_PA_9
TIM,TIM2,PA,2006,CYANO,1.0,-0.2492110744398153,-0.1611999310390624,6.0,-17.48,-39.03,TIM2_PA_10
TIM,TIM2,PA,2006,CYANO,2.6936026936026933,-0.2492110744398153,-0.1611999310390624,6.0,-17.48,-39.03,TIM2_PA_11
TIM,TIM2,PA,2006,CYANO,0.0,-0.2492110744398153,-0.1611999310390624,6.0,-17.48,-39.03,TIM2_PA_12
TIM,TIM2,PA,2006,CYANO,0.0,-0.2492110744398153,-0.1611999310390624,6.0,-17.48,-39.03,TIM2_PA_13
TIM,TIM2,PA,2006,CYANO,0.0,-0.2492110744398153,-0.1611999310390624,6.0,-17.48,-39.03,TIM2_PA_14
TIM,TIM2,PA,2006,CYANO,0.0,-0.2492110744398153,-0.1611999310390624,6.0,-17.48,-39.03,TIM2_PA_15
TIM,TIM2,PA,2006,CYANO,0.0,-0.2492110744398153,-0.1611999310390624,6.0,-17.48,-39.03,TIM2_PA_16
TIM,TIM2,PA,2006,CYANO,0.0,-0.2492110744398153,-0.1611999310390624,6.0,-17.48,-39.03,TIM2_PA_17
TIM,TIM2,PA,2006,CYANO,0.0,-0.2492110744398153,-0.1611999310390624,6.0,-17.48,-39.03,TIM2_PA_18
TIM,TIM2,PA,2006,CYANO,0.6734006734006733,-0.2492110744398153,-0.1611999310390624,6.0,-17.48,-39.03,TIM2_PA_19
TIM,TIM2,PA,2006,MACROALGAE,0.33333333333333337,-0.2492110744398153,-0.1611999310390624,6.0,-17.48,-39.03,TIM2_PA_20
TIM,TIM2,PA,2006,MACROALGAE,0.0,-0.2492110744398153,-0.1611999310390624,6.0,-17.48,-39.03,TIM2_PA_21
TIM,TIM2,PA,2006,MACROALGAE,0.0,-0.2492110744398153,-0.1611999310390624,6.0,-17.48,-39.03,TIM2_PA_22
TIM,TIM2,PA,2006,MACROALGAE,0.0,-0.2492110744398153,-0.1611999310390624,6.0,-17.48,-39.03,TIM2_PA_23
TIM,TIM2,PA,2006,MACROALGAE,0.0,-0.2492110744398153,-0.1611999310390624,6.0,-17.48,-39.03,TIM2_PA_24
TIM,TIM2,PA,2006,MACROALGAE,0.0,-0.2492110744398153,-0.1611999310390624,6.0,-17.48,-39.03,TIM2_PA_25
TIM,TIM2,PA,2006,MACROALGAE,0.0,-0.2492110744398153,-0.1611999310390624,6.0,-17.48,-39.03,TIM2_PA_26
TIM,TIM2,PA,2006,MACROALGAE,0.0,-0.2492110744398153,-0.1611999310390624,6.0,-17.48,-39.03,TIM2_PA_27
TIM,TIM2,PA,2006,MACROALGAE,0.0,-0.2492110744398153,-0.1611999310390624,6.0,-17.48,-39.03,TIM2_PA_28
TIM,TIM2,PA,2006,MACROALGAE,0.0,-0.2492110744398153,-0.1611999310390624,6.0,-17.48,-39.03,TIM2_PA_29
TIM,TIM2,PA,2006,MUSSISMILIA_HISPIDA,0.33333333333333337,-0.2492110744398153,-0.1611999310390624,6.0,-17.48,-39.03,TIM2_PA_30
TIM,TIM2,PA,2006,MUSSISMILIA_HISPIDA,0.6734006734006733,-0.2492110744398153,-0.1611999310390624,6.0,-17.48,-39.03,TIM2_PA_31
TIM,TIM2,PA,2006,MUSSISMILIA_HISPIDA,6.688963210702341,-0.2492110744398153,-0.1611999310390624,6.0,-17.48,-39.03,TIM2_PA_32
TIM,TIM2,PA,2006,MUSSISMILIA_HISPIDA,3.3557046979865772,-0.2492110744398153,-0.1611999310390624,6.0,-17.48,-39.03,TIM2_PA_33
TIM,TIM2,PA,2006,MUSSISMILIA_HISPIDA,0.33557046979865773,-0.2492110744398153,-0.1611999310390624,6.0,-17.48,-39.03,TIM2_PA_34
TIM,TIM2,PA,2006,MUSSISMILIA_HISPIDA,1.0033444816053512,-0.2492110744398153,-0.1611999310390624,6.0,-17.48,-39.03,TIM2_PA_35
TIM,TIM2,PA,2006,MUSSISMILIA_HISPIDA,0.0,-0.2492110744398153,-0.1611999310390624,6.0,-17.48,-39.03,TIM2_PA_36
TIM,TIM2,PA,2006,MUSSISMILIA_HISPIDA,1.3333333333333335,-0.2492110744398153,-0.1611999310390624,6.0,-17.48,-39.03,TIM2_PA_37
TIM,TIM2,PA,2006,MUSSISMILIA_HISPIDA,3.3557046979865772,-0.2492110744398153,-0.1611999310390624,6.0,-17.48,-39.03,TIM2_PA_38
TIM,TIM2,PA,2006,MUSSISMILIA_HISPIDA,0.33670033670033667,-0.2492110744398153,-0.1611999310390624,6.0,-17.48,-39.03,TIM2_PA_39
TIM,TIM2,PA,2006,TURF,45.0,-0.2492110744398153,-0.1611999310390624,6.0,-17.48,-39.03,TIM2_PA_40
TIM,TIM2,PA,2006,TURF,32.659932659932664,-0.2492110744398153,-0.1611999310390624,6.0,-17.48,-39.03,TIM2_PA_41
TIM,TIM2,PA,2006,TURF,5.016722408026756,-0.2492110744398153,-0.1611999310390624,6.0,-17.48,-39.03,TIM2_PA_42
TIM,TIM2,PA,2006,TURF,20.80536912751678,-0.2492110744398153,-0.1611999310390624,6.0,-17.48,-39.03,TIM2_PA_43
TIM,TIM2,PA,2006,TURF,19.798657718120804,-0.2492110744398153,-0.1611999310390624,6.0,-17.48,-39.03,TIM2_PA_44
TIM,TIM2,PA,2006,TURF,13.712374581939798,-0.2492110744398153,-0.1611999310390624,6.0,-17.48,-39.03,TIM2_PA_45
TIM,TIM2,PA,2006,TURF,18.51851851851852,-0.2492110744398153,-0.1611999310390624,6.0,-17.48,-39.03,TIM2_PA_46
TIM,TIM2,PA,2006,TURF,13.0,-0.2492110744398153,-0.1611999310390624,6.0,-17.48,-39.03,TIM2_PA_47
TIM,TIM2,PA,2006,TURF,12.080536912751679,-0.2492110744398153,-0.1611999310390624,6.0,-17.48,-39.03,TIM2_PA_48
TIM,TIM2,PA,2006,TURF,14.47811447811448,-0.2492110744398153,-0.1611999310390624,6.0,-17.48,-39.03,TIM2_PA_49
TIM,TIM2,PA,2007,CCA,18.77,-0.2492110744398153,-0.1611999310390624,6.0,-17.48,-39.03,TIM2_PA_50
TIM,TIM2,PA,2007,CCA,19.52,-0.2492110744398153,-0.1611999310390624,6.0,-17.48,-39.03,TIM2_PA_51
TIM,TIM2,PA,2007,CCA,21.55,-0.2492110744398153,-0.1611999310390624,6.0,-17.48,-39.03,TIM2_PA_52
TIM,TIM2,PA,2007,CCA,6.37,-0.2492110744398153,-0.1611999310390624,6.0,-17.48,-39.03,TIM2_PA_53
TIM,TIM2,PA,2007,CCA,7.99,-0.2492110744398153,-0.1611999310390624,6.0,-17.48,-39.03,TIM2_PA_54
TIM,TIM2,PA,2007,CCA,12.16,-0.2492110744398153,-0.1611999310390624,6.0,-17.48,-39.03,TIM2_PA_55
TIM,TIM2,PA,2007,CCA,16.85,-0.2492110744398153,-0.1611999310390624,6.0,-17.48,-39.03,TIM2_PA_56
TIM,TIM2,PA,2007,CCA,4.11,-0.2492110744398153,-0.1611999310390624,6.0,-17.48,-39.03,TIM2_PA_57
TIM,TIM2,PA,2007,CCA,11.53,-0.2492110744398153,-0.1611999310390624,6.0,-17.48,-39.03,TIM2_PA_58
TIM,TIM2,PA,2007,CCA,2.4,-0.2492110744398153,-0.1611999310390624,6.0,-17.48,-39.03,TIM2_PA_59
TIM,TIM2,PA,2007,CYANO,5.12,-0.2492110744398153,-0.1611999310390624,6.0,-17.48,-39.03,TIM2_PA_60
TIM,TIM2,PA,2007,CYANO,16.44,-0.2492110744398153,-0.1611999310390624,6.0,-17.48,-39.03,TIM2_PA_61
TIM,TIM2,PA,2007,CYANO,8.08,-0.2492110744398153,-0.1611999310390624,6.0,-17.48,-39.03,TIM2_PA_62
TIM,TIM2,PA,2007,CYANO,0.0,-0.2492110744398153,-0.1611999310390624,6.0,-17.48,-39.03,TIM2_PA_63
TIM,TIM2,PA,2007,CYANO,2.08,-0.2492110744398153,-0.1611999310390624,6.0,-17.48,-39.03,TIM2_PA_64
TIM,TIM2,PA,2007,CYANO,12.84,-0.2492110744398153,-0.1611999310390624,6.0,-17.48,-39.03,TIM2_PA_65
TIM,TIM2,PA,2007,CYANO,2.56,-0.2492110744398153,-0.1611999310390624,6.0,-17.48,-39.03,TIM2_PA_66
TIM,TIM2,PA,2007,CYANO,1.03,-0.2492110744398153,-0.1611999310390624,6.0,-17.48,-39.03,TIM2_PA_67
TIM,TIM2,PA,2007,CYANO,10.17,-0.2492110744398153,-0.1611999310390624,6.0,-17.48,-39.03,TIM2_PA_68
TIM,TIM2,PA,2007,CYANO,0.0,-0.2492110744398153,-0.1611999310390624,6.0,-17.48,-39.03,TIM2_PA_69
TIM,TIM2,PA,2007,MACROALGAE,0.0,-0.2492110744398153,-0.1611999310390624,6.0,-17.48,-39.03,TIM2_PA_70
TIM,TIM2,PA,2007,MACROALGAE,0.0,-0.2492110744398153,-0.1611999310390624,6.0,-17.48,-39.03,TIM2_PA_71
TIM,TIM2,PA,2007,MACROALGAE,0.0,-0.2492110744398153,-0.1611999310390624,6.0,-17.48,-39.03,TIM2_PA_72
TIM,TIM2,PA,2007,MACROALGAE,0.0,-0.2492110744398153,-0.1611999310390624,6.0,-17.48,-39.03,TIM2_PA_73
TIM,TIM2,PA,2007,MACROALGAE,0.0,-0.2492110744398153,-0.1611999310390624,6.0,-17.48,-39.03,TIM2_PA_74
TIM,TIM2,PA,2007,MACROALGAE,0.0,-0.2492110744398153,-0.1611999310390624,6.0,-17.48,-39.03,TIM2_PA_75
TIM,TIM2,PA,2007,MACROALGAE,0.0,-0.2492110744398153,-0.1611999310390624,6.0,-17.48,-39.03,TIM2_PA_76
TIM,TIM2,PA,2007,MACROALGAE,0.0,-0.2492110744398153,-0.1611999310390624,6.0,-17.48,-39.03,TIM2_PA_77
TIM,TIM2,PA,2007,MACROALGAE,0.0,-0.2492110744398153,-0.1611999310390624,6.0,-17.48,-39.03,TIM2_PA_78
TIM,TIM2,PA,2007,MACROALGAE,0.0,-0.2492110744398153,-0.1611999310390624,6.0,-17.48,-39.03,TIM2_PA_79
TIM,TIM2,PA,2007,MUSSISMILIA_HISPIDA,0.34,-0.2492110744398153,-0.1611999310390624,6.0,-17.48,-39.03,TIM2_PA_80
TIM,TIM2,PA,2007,MUSSISMILIA_HISPIDA,0.0,-0.2492110744398153,-0.1611999310390624,6.0,-17.48,-39.03,TIM2_PA_81
TIM,TIM2,PA,2007,MUSSISMILIA_HISPIDA,6.06,-0.2492110744398153,-0.1611999310390624,6.0,-17.48,-39.03,TIM2_PA_82
TIM,TIM2,PA,2007,MUSSISMILIA_HISPIDA,6.86,-0.2492110744398153,-0.1611999310390624,6.0,-17.48,-39.03,TIM2_PA_83
TIM,TIM2,PA,2007,MUSSISMILIA_HISPIDA,0.0,-0.2492110744398153,-0.1611999310390624,6.0,-17.48,-39.03,TIM2_PA_84
TIM,TIM2,PA,2007,MUSSISMILIA_HISPIDA,0.0,-0.2492110744398153,-0.1611999310390624,6.0,-17.48,-39.03,TIM2_PA_85
TIM,TIM2,PA,2007,MUSSISMILIA_HISPIDA,1.1,-0.2492110744398153,-0.1611999310390624,6.0,-17.48,-39.03,TIM2_PA_86
TIM,TIM2,PA,2007,MUSSISMILIA_HISPIDA,0.0,-0.2492110744398153,-0.1611999310390624,6.0,-17.48,-39.03,TIM2_PA_87
TIM,TIM2,PA,2007,MUSSISMILIA_HISPIDA,0.68,-0.2492110744398153,-0.1611999310390624,6.0,-17.48,-39.03,TIM2_PA_88
TIM,TIM2,PA,2007,MUSSISMILIA_HISPIDA,2.05,-0.2492110744398153,-0.1611999310390624,6.0,-17.48,-39.03,TIM2_PA_89
TIM,TIM2,PA,2007,TURF,13.309999999999999,-0.2492110744398153,-0.1611999310390624,6.0,-17.48,-39.03,TIM2_PA_90
TIM,TIM2,PA,2007,TURF,38.010000000000005,-0.2492110744398153,-0.1611999310390624,6.0,-17.48,-39.03,TIM2_PA_91
TIM,TIM2,PA,2007,TURF,18.18,-0.2492110744398153,-0.1611999310390624,6.0,-17.48,-39.03,TIM2_PA_92
TIM,TIM2,PA,2007,TURF,74.51,-0.2492110744398153,-0.1611999310390624,6.0,-17.48,-39.03,TIM2_PA_93
TIM,TIM2,PA,2007,TURF,34.03,-0.2492110744398153,-0.1611999310390624,6.0,-17.48,-39.03,TIM2_PA_94
TIM,TIM2,PA,2007,TURF,4.73,-0.2492110744398153,-0.1611999310390624,6.0,-17.48,-39.03,TIM2_PA_95
TIM,TIM2,PA,2007,TURF,7.699999999999999,-0.2492110744398153,-0.1611999310390624,6.0,-17.48,-39.03,TIM2_PA_96
TIM,TIM2,PA,2007,TURF,39.72,-0.2492110744398153,-0.1611999310390624,6.0,-17.48,-39.03,TIM2_PA_97
TIM,TIM2,PA,2007,TURF,3.3900000000000006,-0.2492110744398153,-0.1611999310390624,6.0,-17.48,-39.03,TIM2_PA_98
TIM,TIM2,PA,2007,TURF,23.97,-0.2492110744398153,-0.1611999310390624,6.0,-17.48,-39.03,TIM2_PA_99
TIM,TIM2,PA,2008,CCA,32.758620689655174,-0.2492110744398153,-0.1611999310390624,6.0,-17.48,-39.03,TIM2_PA_100
TIM,TIM2,PA,2008,CCA,40.714285714285715,-0.2492110744398153,-0.1611999310390624,6.0,-17.48,-39.03,TIM2_PA_101
TIM,TIM2,PA,2008,CCA,43.46289752650176,-0.2492110744398153,-0.1611999310390624,6.0,-17.48,-39.03,TIM2_PA_102
TIM,TIM2,PA,2008,CCA,32.6271186440678,-0.2492110744398153,-0.1611999310390624,6.0,-17.48,-39.03,TIM2_PA_103
TIM,TIM2,PA,2008,CCA,41.36690647482014,-0.2492110744398153,-0.1611999310390624,6.0,-17.48,-39.03,TIM2_PA_104
TIM,TIM2,PA,2008,CCA,20.97902097902098,-0.2492110744398153,-0.1611999310390624,6.0,-17.48,-39.03,TIM2_PA_105
TIM,TIM2,PA,2008,CCA,28.72727272727273,-0.2492110744398153,-0.1611999310390624,6.0,-17.48,-39.03,TIM2_PA_106
TIM,TIM2,PA,2008,CCA,18.900343642611684,-0.2492110744398153,-0.1611999310390624,6.0,-17.48,-39.03,TIM2_PA_107
TIM,TIM2,PA,2008,CCA,17.037037037037038,-0.2492110744398153,-0.1611999310390624,6.0,-17.48,-39.03,TIM2_PA_108
TIM,TIM2,PA,2008,CCA,11.904761904761903,-0.2492110744398153,-0.1611999310390624,6.0,-17.48,-39.03,TIM2_PA_109
TIM,TIM2,PA,2008,CYANO,0.0,-0.2492110744398153,-0.1611999310390624,6.0,-17.48,-39.03,TIM2_PA_110
TIM,TIM2,PA,2008,CYANO,0.0,-0.2492110744398153,-0.1611999310390624,6.0,-17.48,-39.03,TIM2_PA_111
TIM,TIM2,PA,2008,CYANO,0.0,-0.2492110744398153,-0.1611999310390624,6.0,-17.48,-39.03,TIM2_PA_112
TIM,TIM2,PA,2008,CYANO,0.0,-0.2492110744398153,-0.1611999310390624,6.0,-17.48,-39.03,TIM2_PA_113
TIM,TIM2,PA,2008,CYANO,0.0,-0.2492110744398153,-0.1611999310390624,6.0,-17.48,-39.03,TIM2_PA_114
TIM,TIM2,PA,2008,CYANO,0.0,-0.2492110744398153,-0.1611999310390624,6.0,-17.48,-39.03,TIM2_PA_115
TIM,TIM2,PA,2008,CYANO,0.0,-0.2492110744398153,-0.1611999310390624,6.0,-17.48,-39.03,TIM2_PA_116
TIM,TIM2,PA,2008,CYANO,0.0,-0.2492110744398153,-0.1611999310390624,6.0,-17.48,-39.03,TIM2_PA_117
TIM,TIM2,PA,2008,CYANO,0.0,-0.2492110744398153,-0.1611999310390624,6.0,-17.48,-39.03,TIM2_PA_118
TIM,TIM2,PA,2008,CYANO,0.0,-0.2492110744398153,-0.1611999310390624,6.0,-17.48,-39.03,TIM2_PA_119
TIM,TIM2,PA,2008,MACROALGAE,0.0,-0.2492110744398153,-0.1611999310390624,6.0,-17.48,-39.03,TIM2_PA_120
TIM,TIM2,PA,2008,MACROALGAE,0.0,-0.2492110744398153,-0.1611999310390624,6.0,-17.48,-39.03,TIM2_PA_121
TIM,TIM2,PA,2008,MACROALGAE,0.0,-0.2492110744398153,-0.1611999310390624,6.0,-17.48,-39.03,TIM2_PA_122
TIM,TIM2,PA,2008,MACROALGAE,0.0,-0.2492110744398153,-0.1611999310390624,6.0,-17.48,-39.03,TIM2_PA_123
TIM,TIM2,PA,2008,MACROALGAE,0.0,-0.2492110744398153,-0.1611999310390624,6.0,-17.48,-39.03,TIM2_PA_124
TIM,TIM2,PA,2008,MACROALGAE,0.0,-0.2492110744398153,-0.1611999310390624,6.0,-17.48,-39.03,TIM2_PA_125
TIM,TIM2,PA,2008,MACROALGAE,0.0,-0.2492110744398153,-0.1611999310390624,6.0,-17.48,-39.03,TIM2_PA_126
TIM,TIM2,PA,2008,MACROALGAE,0.0,-0.2492110744398153,-0.1611999310390624,6.0,-17.48,-39.03,TIM2_PA_127
TIM,TIM2,PA,2008,MACROALGAE,0.0,-0.2492110744398153,-0.1611999310390624,6.0,-17.48,-39.03,TIM2_PA_128
TIM,TIM2,PA,2008,MACROALGAE,0.0,-0.2492110744398153,-0.1611999310390624,6.0,-17.48,-39.03,TIM2_PA_129
TIM,TIM2,PA,2008,MUSSISMILIA_HISPIDA,0.6896551724137931,-0.2492110744398153,-0.1611999310390624,6.0,-17.48,-39.03,TIM2_PA_130
TIM,TIM2,PA,2008,MUSSISMILIA_HISPIDA,2.142857142857143,-0.2492110744398153,-0.1611999310390624,6.0,-17.48,-39.03,TIM2_PA_131
TIM,TIM2,PA,2008,MUSSISMILIA_HISPIDA,0.0,-0.2492110744398153,-0.1611999310390624,6.0,-17.48,-39.03,TIM2_PA_132
TIM,TIM2,PA,2008,MUSSISMILIA_HISPIDA,7.203389830508475,-0.2492110744398153,-0.1611999310390624,6.0,-17.48,-39.03,TIM2_PA_133
TIM,TIM2,PA,2008,MUSSISMILIA_HISPIDA,0.0,-0.2492110744398153,-0.1611999310390624,6.0,-17.48,-39.03,TIM2_PA_134
TIM,TIM2,PA,2008,MUSSISMILIA_HISPIDA,0.34965034965034963,-0.2492110744398153,-0.1611999310390624,6.0,-17.48,-39.03,TIM2_PA_135
TIM,TIM2,PA,2008,MUSSISMILIA_HISPIDA,0.0,-0.2492110744398153,-0.1611999310390624,6.0,-17.48,-39.03,TIM2_PA_136
TIM,TIM2,PA,2008,MUSSISMILIA_HISPIDA,0.3436426116838488,-0.2492110744398153,-0.1611999310390624,6.0,-17.48,-39.03,TIM2_PA_137
TIM,TIM2,PA,2008,MUSSISMILIA_HISPIDA,2.2222222222222223,-0.2492110744398153,-0.1611999310390624,6.0,-17.48,-39.03,TIM2_PA_138
TIM,TIM2,PA,2008,MUSSISMILIA_HISPIDA,0.3401360544217687,-0.2492110744398153,-0.1611999310390624,6.0,-17.48,-39.03,TIM2_PA_139
TIM,TIM2,PA,2008,TURF,32.41379310344827,-0.2492110744398153,-0.1611999310390624,6.0,-17.48,-39.03,TIM2_PA_140
TIM,TIM2,PA,2008,TURF,35.714285714285715,-0.2492110744398153,-0.1611999310390624,6.0,-17.48,-39.03,TIM2_PA_141
TIM,TIM2,PA,2008,TURF,43.46289752650176,-0.2492110744398153,-0.1611999310390624,6.0,-17.48,-39.03,TIM2_PA_142
TIM,TIM2,PA,2008,TURF,49.57627118644068,-0.2492110744398153,-0.1611999310390624,6.0,-17.48,-39.03,TIM2_PA_143
TIM,TIM2,PA,2008,TURF,25.179856115107913,-0.2492110744398153,-0.1611999310390624,6.0,-17.48,-39.03,TIM2_PA_144
TIM,TIM2,PA,2008,TURF,38.111888111888106,-0.2492110744398153,-0.1611999310390624,6.0,-17.48,-39.03,TIM2_PA_145
TIM,TIM2,PA,2008,TURF,22.90909090909091,-0.2492110744398153,-0.1611999310390624,6.0,-17.48,-39.03,TIM2_PA_146
TIM,TIM2,PA,2008,TURF,31.27147766323024,-0.2492110744398153,-0.1611999310390624,6.0,-17.48,-39.03,TIM2_PA_147
TIM,TIM2,PA,2008,TURF,22.962962962962962,-0.2492110744398153,-0.1611999310390624,6.0,-17.48,-39.03,TIM2_PA_148
TIM,TIM2,PA,2008,TURF,24.149659863945576,-0.2492110744398153,-0.1611999310390624,6.0,-17.48,-39.03,TIM2_PA_149
TIM,TIM2,TP,2006,CCA,12.709030100334449,-0.2492110744398153,-0.1611999310390624,6.0,-17.48,-39.03,TIM2_TP_0
TIM,TIM2,TP,2006,CCA,3.793103448275862,-0.2492110744398153,-0.1611999310390624,6.0,-17.48,-39.03,TIM2_TP_1
TIM,TIM2,TP,2006,CCA,8.053691275167784,-0.2492110744398153,-0.1611999310390624,6.0,-17.48,-39.03,TIM2_TP_2
TIM,TIM2,TP,2006,CCA,5.666666666666666,-0.2492110744398153,-0.1611999310390624,6.0,-17.48,-39.03,TIM2_TP_3
TIM,TIM2,TP,2006,CCA,3.0201342281879198,-0.2492110744398153,-0.1611999310390624,6.0,-17.48,-39.03,TIM2_TP_4
TIM,TIM2,TP,2006,CCA,3.0,-0.2492110744398153,-0.1611999310390624,6.0,-17.48,-39.03,TIM2_TP_5
TIM,TIM2,TP,2006,CCA,5.802047781569966,-0.2492110744398153,-0.1611999310390624,6.0,-17.48,-39.03,TIM2_TP_6
TIM,TIM2,TP,2006,CCA,3.103448275862069,-0.2492110744398153,-0.1611999310390624,6.0,-17.48,-39.03,TIM2_TP_7
TIM,TIM2,TP,2006,CCA,8.389261744966444,-0.2492110744398153,-0.1611999310390624,6.0,-17.48,-39.03,TIM2_TP_8
TIM,TIM2,TP,2006,CCA,8.389261744966444,-0.2492110744398153,-0.1611999310390624,6.0,-17.48,-39.03,TIM2_TP_9
TIM,TIM2,TP,2006,CYANO,0.0,-0.2492110744398153,-0.1611999310390624,6.0,-17.48,-39.03,TIM2_TP_10
TIM,TIM2,TP,2006,CYANO,0.0,-0.2492110744398153,-0.1611999310390624,6.0,-17.48,-39.03,TIM2_TP_11
TIM,TIM2,TP,2006,CYANO,0.0,-0.2492110744398153,-0.1611999310390624,6.0,-17.48,-39.03,TIM2_TP_12
TIM,TIM2,TP,2006,CYANO,0.0,-0.2492110744398153,-0.1611999310390624,6.0,-17.48,-39.03,TIM2_TP_13
TIM,TIM2,TP,2006,CYANO,0.0,-0.2492110744398153,-0.1611999310390624,6.0,-17.48,-39.03,TIM2_TP_14
TIM,TIM2,TP,2006,CYANO,0.0,-0.2492110744398153,-0.1611999310390624,6.0,-17.48,-39.03,TIM2_TP_15
TIM,TIM2,TP,2006,CYANO,0.0,-0.2492110744398153,-0.1611999310390624,6.0,-17.48,-39.03,TIM2_TP_16
TIM,TIM2,TP,2006,CYANO,0.0,-0.2492110744398153,-0.1611999310390624,6.0,-17.48,-39.03,TIM2_TP_17
TIM,TIM2,TP,2006,CYANO,0.0,-0.2492110744398153,-0.1611999310390624,6.0,-17.48,-39.03,TIM2_TP_18
TIM,TIM2,TP,2006,CYANO,0.0,-0.2492110744398153,-0.1611999310390624,6.0,-17.48,-39.03,TIM2_TP_19
TIM,TIM2,TP,2006,MACROALGAE,0.0,-0.2492110744398153,-0.1611999310390624,6.0,-17.48,-39.03,TIM2_TP_20
TIM,TIM2,TP,2006,MACROALGAE,0.6896551724137931,-0.2492110744398153,-0.1611999310390624,6.0,-17.48,-39.03,TIM2_TP_21
TIM,TIM2,TP,2006,MACROALGAE,0.0,-0.2492110744398153,-0.1611999310390624,6.0,-17.48,-39.03,TIM2_TP_22
TIM,TIM2,TP,2006,MACROALGAE,0.0,-0.2492110744398153,-0.1611999310390624,6.0,-17.48,-39.03,TIM2_TP_23
TIM,TIM2,TP,2006,MACROALGAE,0.0,-0.2492110744398153,-0.1611999310390624,6.0,-17.48,-39.03,TIM2_TP_24
TIM,TIM2,TP,2006,MACROALGAE,0.0,-0.2492110744398153,-0.1611999310390624,6.0,-17.48,-39.03,TIM2_TP_25
TIM,TIM2,TP,2006,MACROALGAE,0.0,-0.2492110744398153,-0.1611999310390624,6.0,-17.48,-39.03,TIM2_TP_26
TIM,TIM2,TP,2006,MACROALGAE,0.0,-0.2492110744398153,-0.1611999310390624,6.0,-17.48,-39.03,TIM2_TP_27
TIM,TIM2,TP,2006,MACROALGAE,0.0,-0.2492110744398153,-0.1611999310390624,6.0,-17.48,-39.03,TIM2_TP_28
TIM,TIM2,TP,2006,MACROALGAE,0.0,-0.2492110744398153,-0.1611999310390624,6.0,-17.48,-39.03,TIM2_TP_29
TIM,TIM2,TP,2006,MUSSISMILIA_HISPIDA,0.0,-0.2492110744398153,-0.1611999310390624,6.0,-17.48,-39.03,TIM2_TP_30
TIM,TIM2,TP,2006,MUSSISMILIA_HISPIDA,1.3793103448275863,-0.2492110744398153,-0.1611999310390624,6.0,-17.48,-39.03,TIM2_TP_31
TIM,TIM2,TP,2006,MUSSISMILIA_HISPIDA,0.6711409395973155,-0.2492110744398153,-0.1611999310390624,6.0,-17.48,-39.03,TIM2_TP_32
TIM,TIM2,TP,2006,MUSSISMILIA_HISPIDA,1.6666666666666667,-0.2492110744398153,-0.1611999310390624,6.0,-17.48,-39.03,TIM2_TP_33
TIM,TIM2,TP,2006,MUSSISMILIA_HISPIDA,0.0,-0.2492110744398153,-0.1611999310390624,6.0,-17.48,-39.03,TIM2_TP_34
TIM,TIM2,TP,2006,MUSSISMILIA_HISPIDA,0.0,-0.2492110744398153,-0.1611999310390624,6.0,-17.48,-39.03,TIM2_TP_35
TIM,TIM2,TP,2006,MUSSISMILIA_HISPIDA,0.0,-0.2492110744398153,-0.1611999310390624,6.0,-17.48,-39.03,TIM2_TP_36
TIM,TIM2,TP,2006,MUSSISMILIA_HISPIDA,0.0,-0.2492110744398153,-0.1611999310390624,6.0,-17.48,-39.03,TIM2_TP_37
TIM,TIM2,TP,2006,MUSSISMILIA_HISPIDA,2.013422818791946,-0.2492110744398153,-0.1611999310390624,6.0,-17.48,-39.03,TIM2_TP_38
TIM,TIM2,TP,2006,MUSSISMILIA_HISPIDA,0.33557046979865773,-0.2492110744398153,-0.1611999310390624,6.0,-17.48,-39.03,TIM2_TP_39
TIM,TIM2,TP,2006,TURF,0.0,-0.2492110744398153,-0.1611999310390624,6.0,-17.48,-39.03,TIM2_TP_40
TIM,TIM2,TP,2006,TURF,39.310344827586206,-0.2492110744398153,-0.1611999310390624,6.0,-17.48,-39.03,TIM2_TP_41
TIM,TIM2,TP,2006,TURF,13.758389261744966,-0.2492110744398153,-0.1611999310390624,6.0,-17.48,-39.03,TIM2_TP_42
TIM,TIM2,TP,2006,TURF,1.3333333333333335,-0.2492110744398153,-0.1611999310390624,6.0,-17.48,-39.03,TIM2_TP_43
TIM,TIM2,TP,2006,TURF,0.0,-0.2492110744398153,-0.1611999310390624,6.0,-17.48,-39.03,TIM2_TP_44
TIM,TIM2,TP,2006,TURF,0.0,-0.2492110744398153,-0.1611999310390624,6.0,-17.48,-39.03,TIM2_TP_45
TIM,TIM2,TP,2006,TURF,5.802047781569966,-0.2492110744398153,-0.1611999310390624,6.0,-17.48,-39.03,TIM2_TP_46
TIM,TIM2,TP,2006,TURF,16.551724137931036,-0.2492110744398153,-0.1611999310390624,6.0,-17.48,-39.03,TIM2_TP_47
TIM,TIM2,TP,2006,TURF,4.697986577181208,-0.2492110744398153,-0.1611999310390624,6.0,-17.48,-39.03,TIM2_TP_48
TIM,TIM2,TP,2006,TURF,0.33557046979865773,-0.2492110744398153,-0.1611999310390624,6.0,-17.48,-39.03,TIM2_TP_49
TIM,TIM2,TP,2007,CCA,25.174825174825177,-0.2492110744398153,-0.1611999310390624,6.0,-17.48,-39.03,TIM2_TP_50
TIM,TIM2,TP,2007,CCA,11.564625850340136,-0.2492110744398153,-0.1611999310390624,6.0,-17.48,-39.03,TIM2_TP_51
TIM,TIM2,TP,2007,CCA,2.405498281786942,-0.2492110744398153,-0.1611999310390624,6.0,-17.48,-39.03,TIM2_TP_52
TIM,TIM2,TP,2007,CCA,5.263157894736842,-0.2492110744398153,-0.1611999310390624,6.0,-17.48,-39.03,TIM2_TP_53
TIM,TIM2,TP,2007,CCA,12.37458193979933,-0.2492110744398153,-0.1611999310390624,6.0,-17.48,-39.03,TIM2_TP_54
TIM,TIM2,TP,2007,CCA,11.824324324324325,-0.2492110744398153,-0.1611999310390624,6.0,-17.48,-39.03,TIM2_TP_55
TIM,TIM2,TP,2007,CCA,18.666666666666668,-0.2492110744398153,-0.1611999310390624,6.0,-17.48,-39.03,TIM2_TP_56
TIM,TIM2,TP,2007,CCA,8.108108108108109,-0.2492110744398153,-0.1611999310390624,6.0,-17.48,-39.03,TIM2_TP_57
TIM,TIM2,TP,2007,CCA,18.181818181818183,-0.2492110744398153,-0.1611999310390624,6.0,-17.48,-39.03,TIM2_TP_58
TIM,TIM2,TP,2007,CCA,15.916955017301039,-0.2492110744398153,-0.1611999310390624,6.0,-17.48,-39.03,TIM2_TP_59
TIM,TIM2,TP,2007,CYANO,0.34965034965034963,-0.2492110744398153,-0.1611999310390624,6.0,-17.48,-39.03,TIM2_TP_60
TIM,TIM2,TP,2007,CYANO,0.6802721088435374,-0.2492110744398153,-0.1611999310390624,6.0,-17.48,-39.03,TIM2_TP_61
TIM,TIM2,TP,2007,CYANO,0.0,-0.2492110744398153,-0.1611999310390624,6.0,-17.48,-39.03,TIM2_TP_62
TIM,TIM2,TP,2007,CYANO,1.0526315789473684,-0.2492110744398153,-0.1611999310390624,6.0,-17.48,-39.03,TIM2_TP_63
TIM,TIM2,TP,2007,CYANO,0.0,-0.2492110744398153,-0.1611999310390624,6.0,-17.48,-39.03,TIM2_TP_64
TIM,TIM2,TP,2007,CYANO,0.33783783783783783,-0.2492110744398153,-0.1611999310390624,6.0,-17.48,-39.03,TIM2_TP_65
TIM,TIM2,TP,2007,CYANO,0.0,-0.2492110744398153,-0.1611999310390624,6.0,-17.48,-39.03,TIM2_TP_66
TIM,TIM2,TP,2007,CYANO,0.33783783783783783,-0.2492110744398153,-0.1611999310390624,6.0,-17.48,-39.03,TIM2_TP_67
TIM,TIM2,TP,2007,CYANO,0.0,-0.2492110744398153,-0.1611999310390624,6.0,-17.48,-39.03,TIM2_TP_68
TIM,TIM2,TP,2007,CYANO,0.0,-0.2492110744398153,-0.1611999310390624,6.0,-17.48,-39.03,TIM2_TP_69
TIM,TIM2,TP,2007,MACROALGAE,0.0,-0.2492110744398153,-0.1611999310390624,6.0,-17.48,-39.03,TIM2_TP_70
TIM,TIM2,TP,2007,MACROALGAE,0.0,-0.2492110744398153,-0.1611999310390624,6.0,-17.48,-39.03,TIM2_TP_71
TIM,TIM2,TP,2007,MACROALGAE,0.0,-0.2492110744398153,-0.1611999310390624,6.0,-17.48,-39.03,TIM2_TP_72
TIM,TIM2,TP,2007,MACROALGAE,0.0,-0.2492110744398153,-0.1611999310390624,6.0,-17.48,-39.03,TIM2_TP_73
TIM,TIM2,TP,2007,MACROALGAE,0.0,-0.2492110744398153,-0.1611999310390624,6.0,-17.48,-39.03,TIM2_TP_74
TIM,TIM2,TP,2007,MACROALGAE,0.33783783783783783,-0.2492110744398153,-0.1611999310390624,6.0,-17.48,-39.03,TIM2_TP_75
TIM,TIM2,TP,2007,MACROALGAE,0.0,-0.2492110744398153,-0.1611999310390624,6.0,-17.48,-39.03,TIM2_TP_76
TIM,TIM2,TP,2007,MACROALGAE,0.33783783783783783,-0.2492110744398153,-0.1611999310390624,6.0,-17.48,-39.03,TIM2_TP_77
TIM,TIM2,TP,2007,MACROALGAE,0.0,-0.2492110744398153,-0.1611999310390624,6.0,-17.48,-39.03,TIM2_TP_78
TIM,TIM2,TP,2007,MACROALGAE,0.0,-0.2492110744398153,-0.1611999310390624,6.0,-17.48,-39.03,TIM2_TP_79
TIM,TIM2,TP,2007,MUSSISMILIA_HISPIDA,0.0,-0.2492110744398153,-0.1611999310390624,6.0,-17.48,-39.03,TIM2_TP_80
TIM,TIM2,TP,2007,MUSSISMILIA_HISPIDA,0.0,-0.2492110744398153,-0.1611999310390624,6.0,-17.48,-39.03,TIM2_TP_81
TIM,TIM2,TP,2007,MUSSISMILIA_HISPIDA,1.718213058419244,-0.2492110744398153,-0.1611999310390624,6.0,-17.48,-39.03,TIM2_TP_82
TIM,TIM2,TP,2007,MUSSISMILIA_HISPIDA,0.0,-0.2492110744398153,-0.1611999310390624,6.0,-17.48,-39.03,TIM2_TP_83
TIM,TIM2,TP,2007,MUSSISMILIA_HISPIDA,0.33444816053511706,-0.2492110744398153,-0.1611999310390624,6.0,-17.48,-39.03,TIM2_TP_84
TIM,TIM2,TP,2007,MUSSISMILIA_HISPIDA,0.0,-0.2492110744398153,-0.1611999310390624,6.0,-17.48,-39.03,TIM2_TP_85
TIM,TIM2,TP,2007,MUSSISMILIA_HISPIDA,0.0,-0.2492110744398153,-0.1611999310390624,6.0,-17.48,-39.03,TIM2_TP_86
TIM,TIM2,TP,2007,MUSSISMILIA_HISPIDA,0.0,-0.2492110744398153,-0.1611999310390624,6.0,-17.48,-39.03,TIM2_TP_87
TIM,TIM2,TP,2007,MUSSISMILIA_HISPIDA,0.0,-0.2492110744398153,-0.1611999310390624,6.0,-17.48,-39.03,TIM2_TP_88
TIM,TIM2,TP,2007,MUSSISMILIA_HISPIDA,2.768166089965398,-0.2492110744398153,-0.1611999310390624,6.0,-17.48,-39.03,TIM2_TP_89
TIM,TIM2,TP,2007,TURF,13.286713286713285,-0.2492110744398153,-0.1611999310390624,6.0,-17.48,-39.03,TIM2_TP_90
TIM,TIM2,TP,2007,TURF,42.176870748299315,-0.2492110744398153,-0.1611999310390624,6.0,-17.48,-39.03,TIM2_TP_91
TIM,TIM2,TP,2007,TURF,42.61168384879725,-0.2492110744398153,-0.1611999310390624,6.0,-17.48,-39.03,TIM2_TP_92
TIM,TIM2,TP,2007,TURF,22.45614035087719,-0.2492110744398153,-0.1611999310390624,6.0,-17.48,-39.03,TIM2_TP_93
TIM,TIM2,TP,2007,TURF,68.89632107023411,-0.2492110744398153,-0.1611999310390624,6.0,-17.48,-39.03,TIM2_TP_94
TIM,TIM2,TP,2007,TURF,15.540540540540539,-0.2492110744398153,-0.1611999310390624,6.0,-17.48,-39.03,TIM2_TP_95
TIM,TIM2,TP,2007,TURF,33.0,-0.2492110744398153,-0.1611999310390624,6.0,-17.48,-39.03,TIM2_TP_96
TIM,TIM2,TP,2007,TURF,23.648648648648646,-0.2492110744398153,-0.1611999310390624,6.0,-17.48,-39.03,TIM2_TP_97
TIM,TIM2,TP,2007,TURF,35.31468531468531,-0.2492110744398153,-0.1611999310390624,6.0,-17.48,-39.03,TIM2_TP_98
TIM,TIM2,TP,2007,TURF,30.103806228373703,-0.2492110744398153,-0.1611999310390624,6.0,-17.48,-39.03,TIM2_TP_99
TIM,TIM2,TP,2008,CCA,28.373702422145332,-0.2492110744398153,-0.1611999310390624,6.0,-17.48,-39.03,TIM2_TP_100
TIM,TIM2,TP,2008,CCA,7.746478873239436,-0.2492110744398153,-0.1611999310390624,6.0,-17.48,-39.03,TIM2_TP_101
TIM,TIM2,TP,2008,CCA,8.710801393728223,-0.2492110744398153,-0.1611999310390624,6.0,-17.48,-39.03,TIM2_TP_102
TIM,TIM2,TP,2008,CCA,9.246575342465754,-0.2492110744398153,-0.1611999310390624,6.0,-17.48,-39.03,TIM2_TP_103
TIM,TIM2,TP,2008,CCA,6.137184115523466,-0.2492110744398153,-0.1611999310390624,6.0,-17.48,-39.03,TIM2_TP_104
TIM,TIM2,TP,2008,CCA,6.993006993006993,-0.2492110744398153,-0.1611999310390624,6.0,-17.48,-39.03,TIM2_TP_105
TIM,TIM2,TP,2008,CCA,8.0,-0.2492110744398153,-0.1611999310390624,6.0,-17.48,-39.03,TIM2_TP_106
TIM,TIM2,TP,2008,CCA,14.716981132075471,-0.2492110744398153,-0.1611999310390624,6.0,-17.48,-39.03,TIM2_TP_107
TIM,TIM2,TP,2008,CCA,3.125,-0.2492110744398153,-0.1611999310390624,6.0,-17.48,-39.03,TIM2_TP_108
TIM,TIM2,TP,2008,CCA,10.687022900763358,-0.2492110744398153,-0.1611999310390624,6.0,-17.48,-39.03,TIM2_TP_109
TIM,TIM2,TP,2008,CYANO,0.0,-0.2492110744398153,-0.1611999310390624,6.0,-17.48,-39.03,TIM2_TP_110
TIM,TIM2,TP,2008,CYANO,1.056338028169014,-0.2492110744398153,-0.1611999310390624,6.0,-17.48,-39.03,TIM2_TP_111
TIM,TIM2,TP,2008,CYANO,0.0,-0.2492110744398153,-0.1611999310390624,6.0,-17.48,-39.03,TIM2_TP_112
TIM,TIM2,TP,2008,CYANO,0.0,-0.2492110744398153,-0.1611999310390624,6.0,-17.48,-39.03,TIM2_TP_113
TIM,TIM2,TP,2008,CYANO,0.0,-0.2492110744398153,-0.1611999310390624,6.0,-17.48,-39.03,TIM2_TP_114
TIM,TIM2,TP,2008,CYANO,3.4965034965034967,-0.2492110744398153,-0.1611999310390624,6.0,-17.48,-39.03,TIM2_TP_115
TIM,TIM2,TP,2008,CYANO,0.0,-0.2492110744398153,-0.1611999310390624,6.0,-17.48,-39.03,TIM2_TP_116
TIM,TIM2,TP,2008,CYANO,0.0,-0.2492110744398153,-0.1611999310390624,6.0,-17.48,-39.03,TIM2_TP_117
TIM,TIM2,TP,2008,CYANO,0.0,-0.2492110744398153,-0.1611999310390624,6.0,-17.48,-39.03,TIM2_TP_118
TIM,TIM2,TP,2008,CYANO,0.0,-0.2492110744398153,-0.1611999310390624,6.0,-17.48,-39.03,TIM2_TP_119
TIM,TIM2,TP,2008,MACROALGAE,0.0,-0.2492110744398153,-0.1611999310390624,6.0,-17.48,-39.03,TIM2_TP_120
TIM,TIM2,TP,2008,MACROALGAE,0.0,-0.2492110744398153,-0.1611999310390624,6.0,-17.48,-39.03,TIM2_TP_121
TIM,TIM2,TP,2008,MACROALGAE,0.0,-0.2492110744398153,-0.1611999310390624,6.0,-17.48,-39.03,TIM2_TP_122
TIM,TIM2,TP,2008,MACROALGAE,0.0,-0.2492110744398153,-0.1611999310390624,6.0,-17.48,-39.03,TIM2_TP_123
TIM,TIM2,TP,2008,MACROALGAE,0.0,-0.2492110744398153,-0.1611999310390624,6.0,-17.48,-39.03,TIM2_TP_124
TIM,TIM2,TP,2008,MACROALGAE,0.0,-0.2492110744398153,-0.1611999310390624,6.0,-17.48,-39.03,TIM2_TP_125
TIM,TIM2,TP,2008,MACROALGAE,0.0,-0.2492110744398153,-0.1611999310390624,6.0,-17.48,-39.03,TIM2_TP_126
TIM,TIM2,TP,2008,MACROALGAE,0.0,-0.2492110744398153,-0.1611999310390624,6.0,-17.48,-39.03,TIM2_TP_127
TIM,TIM2,TP,2008,MACROALGAE,0.0,-0.2492110744398153,-0.1611999310390624,6.0,-17.48,-39.03,TIM2_TP_128
TIM,TIM2,TP,2008,MACROALGAE,0.0,-0.2492110744398153,-0.1611999310390624,6.0,-17.48,-39.03,TIM2_TP_129
TIM,TIM2,TP,2008,MUSSISMILIA_HISPIDA,0.0,-0.2492110744398153,-0.1611999310390624,6.0,-17.48,-39.03,TIM2_TP_130
TIM,TIM2,TP,2008,MUSSISMILIA_HISPIDA,0.0,-0.2492110744398153,-0.1611999310390624,6.0,-17.48,-39.03,TIM2_TP_131
TIM,TIM2,TP,2008,MUSSISMILIA_HISPIDA,0.0,-0.2492110744398153,-0.1611999310390624,6.0,-17.48,-39.03,TIM2_TP_132
TIM,TIM2,TP,2008,MUSSISMILIA_HISPIDA,0.684931506849315,-0.2492110744398153,-0.1611999310390624,6.0,-17.48,-39.03,TIM2_TP_133
TIM,TIM2,TP,2008,MUSSISMILIA_HISPIDA,0.36101083032490977,-0.2492110744398153,-0.1611999310390624,6.0,-17.48,-39.03,TIM2_TP_134
TIM,TIM2,TP,2008,MUSSISMILIA_HISPIDA,0.0,-0.2492110744398153,-0.1611999310390624,6.0,-17.48,-39.03,TIM2_TP_135
TIM,TIM2,TP,2008,MUSSISMILIA_HISPIDA,1.4545454545454546,-0.2492110744398153,-0.1611999310390624,6.0,-17.48,-39.03,TIM2_TP_136
TIM,TIM2,TP,2008,MUSSISMILIA_HISPIDA,0.0,-0.2492110744398153,-0.1611999310390624,6.0,-17.48,-39.03,TIM2_TP_137
TIM,TIM2,TP,2008,MUSSISMILIA_HISPIDA,0.0,-0.2492110744398153,-0.1611999310390624,6.0,-17.48,-39.03,TIM2_TP_138
TIM,TIM2,TP,2008,MUSSISMILIA_HISPIDA,0.38167938931297707,-0.2492110744398153,-0.1611999310390624,6.0,-17.48,-39.03,TIM2_TP_139
TIM,TIM2,TP,2008,TURF,16.955017301038062,-0.2492110744398153,-0.1611999310390624,6.0,-17.48,-39.03,TIM2_TP_140
TIM,TIM2,TP,2008,TURF,43.66197183098591,-0.2492110744398153,-0.1611999310390624,6.0,-17.48,-39.03,TIM2_TP_141
TIM,TIM2,TP,2008,TURF,58.536585365853654,-0.2492110744398153,-0.1611999310390624,6.0,-17.48,-39.03,TIM2_TP_142
TIM,TIM2,TP,2008,TURF,76.36986301369863,-0.2492110744398153,-0.1611999310390624,6.0,-17.48,-39.03,TIM2_TP_143
TIM,TIM2,TP,2008,TURF,29.24187725631769,-0.2492110744398153,-0.1611999310390624,6.0,-17.48,-39.03,TIM2_TP_144
TIM,TIM2,TP,2008,TURF,34.965034965034974,-0.2492110744398153,-0.1611999310390624,6.0,-17.48,-39.03,TIM2_TP_145
TIM,TIM2,TP,2008,TURF,54.90909090909091,-0.2492110744398153,-0.1611999310390624,6.0,-17.48,-39.03,TIM2_TP_146
TIM,TIM2,TP,2008,TURF,41.509433962264154,-0.2492110744398153,-0.1611999310390624,6.0,-17.48,-39.03,TIM2_TP_147
TIM,TIM2,TP,2008,TURF,36.80555555555556,-0.2492110744398153,-0.1611999310390624,6.0,-17.48,-39.03,TIM2_TP_148
TIM,TIM2,TP,2008,TURF,42.36641221374045,-0.2492110744398153,-0.1611999310390624,6.0,-17.48,-39.03,TIM2_TP_149
TIM,TIM3,PA,2006,CCA,19.333333333333332,-0.2492110744398153,-0.1611999310390624,5.6,-17.46,-39.03,TIM3_PA_0
TIM,TIM3,PA,2006,CCA,29.194630872483224,-0.2492110744398153,-0.1611999310390624,5.6,-17.46,-39.03,TIM3_PA_1
TIM,TIM3,PA,2006,CCA,22.14765100671141,-0.2492110744398153,-0.1611999310390624,5.6,-17.46,-39.03,TIM3_PA_2
TIM,TIM3,PA,2006,CCA,38.513513513513516,-0.2492110744398153,-0.1611999310390624,5.6,-17.46,-39.03,TIM3_PA_3
TIM,TIM3,PA,2006,CCA,14.429530201342283,-0.2492110744398153,-0.1611999310390624,5.6,-17.46,-39.03,TIM3_PA_4
TIM,TIM3,PA,2006,CCA,17.114093959731544,-0.2492110744398153,-0.1611999310390624,5.6,-17.46,-39.03,TIM3_PA_5
TIM,TIM3,PA,2006,CCA,27.516778523489933,-0.2492110744398153,-0.1611999310390624,5.6,-17.46,-39.03,TIM3_PA_6
TIM,TIM3,PA,2006,CCA,23.728813559322035,-0.2492110744398153,-0.1611999310390624,5.6,-17.46,-39.03,TIM3_PA_7
TIM,TIM3,PA,2006,CCA,21.73913043478261,-0.2492110744398153,-0.1611999310390624,5.6,-17.46,-39.03,TIM3_PA_8
TIM,TIM3,PA,2006,CCA,15.666666666666668,-0.2492110744398153,-0.1611999310390624,5.6,-17.46,-39.03,TIM3_PA_9
TIM,TIM3,PA,2006,CYANO,24.666666666666668,-0.2492110744398153,-0.1611999310390624,5.6,-17.46,-39.03,TIM3_PA_10
TIM,TIM3,PA,2006,CYANO,12.751677852348994,-0.2492110744398153,-0.1611999310390624,5.6,-17.46,-39.03,TIM3_PA_11
TIM,TIM3,PA,2006,CYANO,23.154362416107382,-0.2492110744398153,-0.1611999310390624,5.6,-17.46,-39.03,TIM3_PA_12
TIM,TIM3,PA,2006,CYANO,5.405405405405405,-0.2492110744398153,-0.1611999310390624,5.6,-17.46,-39.03,TIM3_PA_13
TIM,TIM3,PA,2006,CYANO,1.342281879194631,-0.2492110744398153,-0.1611999310390624,5.6,-17.46,-39.03,TIM3_PA_14
TIM,TIM3,PA,2006,CYANO,14.76510067114094,-0.2492110744398153,-0.1611999310390624,5.6,-17.46,-39.03,TIM3_PA_15
TIM,TIM3,PA,2006,CYANO,3.691275167785235,-0.2492110744398153,-0.1611999310390624,5.6,-17.46,-39.03,TIM3_PA_16
TIM,TIM3,PA,2006,CYANO,2.711864406779661,-0.2492110744398153,-0.1611999310390624,5.6,-17.46,-39.03,TIM3_PA_17
TIM,TIM3,PA,2006,CYANO,2.0066889632107023,-0.2492110744398153,-0.1611999310390624,5.6,-17.46,-39.03,TIM3_PA_18
TIM,TIM3,PA,2006,CYANO,3.6666666666666665,-0.2492110744398153,-0.1611999310390624,5.6,-17.46,-39.03,TIM3_PA_19
TIM,TIM3,PA,2006,MACROALGAE,1.0,-0.2492110744398153,-0.1611999310390624,5.6,-17.46,-39.03,TIM3_PA_20
TIM,TIM3,PA,2006,MACROALGAE,0.0,-0.2492110744398153,-0.1611999310390624,5.6,-17.46,-39.03,TIM3_PA_21
TIM,TIM3,PA,2006,MACROALGAE,0.0,-0.2492110744398153,-0.1611999310390624,5.6,-17.46,-39.03,TIM3_PA_22
TIM,TIM3,PA,2006,MACROALGAE,0.6756756756756757,-0.2492110744398153,-0.1611999310390624,5.6,-17.46,-39.03,TIM3_PA_23
TIM,TIM3,PA,2006,MACROALGAE,0.0,-0.2492110744398153,-0.1611999310390624,5.6,-17.46,-39.03,TIM3_PA_24
TIM,TIM3,PA,2006,MACROALGAE,0.0,-0.2492110744398153,-0.1611999310390624,5.6,-17.46,-39.03,TIM3_PA_25
TIM,TIM3,PA,2006,MACROALGAE,0.33557046979865773,-0.2492110744398153,-0.1611999310390624,5.6,-17.46,-39.03,TIM3_PA_26
TIM,TIM3,PA,2006,MACROALGAE,0.3389830508474576,-0.2492110744398153,-0.1611999310390624,5.6,-17.46,-39.03,TIM3_PA_27
TIM,TIM3,PA,2006,MACROALGAE,0.6688963210702341,-0.2492110744398153,-0.1611999310390624,5.6,-17.46,-39.03,TIM3_PA_28
TIM,TIM3,PA,2006,MACROALGAE,0.0,-0.2492110744398153,-0.1611999310390624,5.6,-17.46,-39.03,TIM3_PA_29
TIM,TIM3,PA,2006,MUSSISMILIA_HISPIDA,0.0,-0.2492110744398153,-0.1611999310390624,5.6,-17.46,-39.03,TIM3_PA_30
TIM,TIM3,PA,2006,MUSSISMILIA_HISPIDA,0.33557046979865773,-0.2492110744398153,-0.1611999310390624,5.6,-17.46,-39.03,TIM3_PA_31
TIM,TIM3,PA,2006,MUSSISMILIA_HISPIDA,0.0,-0.2492110744398153,-0.1611999310390624,5.6,-17.46,-39.03,TIM3_PA_32
TIM,TIM3,PA,2006,MUSSISMILIA_HISPIDA,0.0,-0.2492110744398153,-0.1611999310390624,5.6,-17.46,-39.03,TIM3_PA_33
TIM,TIM3,PA,2006,MUSSISMILIA_HISPIDA,4.697986577181208,-0.2492110744398153,-0.1611999310390624,5.6,-17.46,-39.03,TIM3_PA_34
TIM,TIM3,PA,2006,MUSSISMILIA_HISPIDA,5.369127516778524,-0.2492110744398153,-0.1611999310390624,5.6,-17.46,-39.03,TIM3_PA_35
TIM,TIM3,PA,2006,MUSSISMILIA_HISPIDA,1.6778523489932886,-0.2492110744398153,-0.1611999310390624,5.6,-17.46,-39.03,TIM3_PA_36
TIM,TIM3,PA,2006,MUSSISMILIA_HISPIDA,0.0,-0.2492110744398153,-0.1611999310390624,5.6,-17.46,-39.03,TIM3_PA_37
TIM,TIM3,PA,2006,MUSSISMILIA_HISPIDA,0.0,-0.2492110744398153,-0.1611999310390624,5.6,-17.46,-39.03,TIM3_PA_38
TIM,TIM3,PA,2006,MUSSISMILIA_HISPIDA,0.0,-0.2492110744398153,-0.1611999310390624,5.6,-17.46,-39.03,TIM3_PA_39
TIM,TIM3,PA,2006,TURF,44.0,-0.2492110744398153,-0.1611999310390624,5.6,-17.46,-39.03,TIM3_PA_40
TIM,TIM3,PA,2006,TURF,23.48993288590604,-0.2492110744398153,-0.1611999310390624,5.6,-17.46,-39.03,TIM3_PA_41
TIM,TIM3,PA,2006,TURF,36.91275167785235,-0.2492110744398153,-0.1611999310390624,5.6,-17.46,-39.03,TIM3_PA_42
TIM,TIM3,PA,2006,TURF,19.932432432432435,-0.2492110744398153,-0.1611999310390624,5.6,-17.46,-39.03,TIM3_PA_43
TIM,TIM3,PA,2006,TURF,56.3758389261745,-0.2492110744398153,-0.1611999310390624,5.6,-17.46,-39.03,TIM3_PA_44
TIM,TIM3,PA,2006,TURF,49.32885906040268,-0.2492110744398153,-0.1611999310390624,5.6,-17.46,-39.03,TIM3_PA_45
TIM,TIM3,PA,2006,TURF,29.86577181208054,-0.2492110744398153,-0.1611999310390624,5.6,-17.46,-39.03,TIM3_PA_46
TIM,TIM3,PA,2006,TURF,15.593220338983052,-0.2492110744398153,-0.1611999310390624,5.6,-17.46,-39.03,TIM3_PA_47
TIM,TIM3,PA,2006,TURF,27.4247491638796,-0.2492110744398153,-0.1611999310390624,5.6,-17.46,-39.03,TIM3_PA_48
TIM,TIM3,PA,2006,TURF,25.0,-0.2492110744398153,-0.1611999310390624,5.6,-17.46,-39.03,TIM3_PA_49
TIM,TIM3,PA,2007,CCA,20.78853046594982,-0.2492110744398153,-0.1611999310390624,5.6,-17.46,-39.03,TIM3_PA_50
TIM,TIM3,PA,2007,CCA,18.51851851851852,-0.2492110744398153,-0.1611999310390624,5.6,-17.46,-39.03,TIM3_PA_51
TIM,TIM3,PA,2007,CCA,36.14864864864865,-0.2492110744398153,-0.1611999310390624,5.6,-17.46,-39.03,TIM3_PA_52
TIM,TIM3,PA,2007,CCA,16.783216783216783,-0.2492110744398153,-0.1611999310390624,5.6,-17.46,-39.03,TIM3_PA_53
TIM,TIM3,PA,2007,CCA,33.44709897610921,-0.2492110744398153,-0.1611999310390624,5.6,-17.46,-39.03,TIM3_PA_54
TIM,TIM3,PA,2007,CCA,12.455516014234876,-0.2492110744398153,-0.1611999310390624,5.6,-17.46,-39.03,TIM3_PA_55
TIM,TIM3,PA,2007,CCA,27.424749163879596,-0.2492110744398153,-0.1611999310390624,5.6,-17.46,-39.03,TIM3_PA_56
TIM,TIM3,PA,2007,CCA,27.796610169491526,-0.2492110744398153,-0.1611999310390624,5.6,-17.46,-39.03,TIM3_PA_57
TIM,TIM3,PA,2007,CCA,23.986486486486484,-0.2492110744398153,-0.1611999310390624,5.6,-17.46,-39.03,TIM3_PA_58
TIM,TIM3,PA,2007,CCA,20.875420875420875,-0.2492110744398153,-0.1611999310390624,5.6,-17.46,-39.03,TIM3_PA_59
TIM,TIM3,PA,2007,CYANO,14.695340501792115,-0.2492110744398153,-0.1611999310390624,5.6,-17.46,-39.03,TIM3_PA_60
TIM,TIM3,PA,2007,CYANO,2.356902356902357,-0.2492110744398153,-0.1611999310390624,5.6,-17.46,-39.03,TIM3_PA_61
TIM,TIM3,PA,2007,CYANO,2.027027027027027,-0.2492110744398153,-0.1611999310390624,5.6,-17.46,-39.03,TIM3_PA_62
TIM,TIM3,PA,2007,CYANO,22.727272727272727,-0.2492110744398153,-0.1611999310390624,5.6,-17.46,-39.03,TIM3_PA_63
TIM,TIM3,PA,2007,CYANO,5.460750853242321,-0.2492110744398153,-0.1611999310390624,5.6,-17.46,-39.03,TIM3_PA_64
TIM,TIM3,PA,2007,CYANO,2.491103202846975,-0.2492110744398153,-0.1611999310390624,5.6,-17.46,-39.03,TIM3_PA_65
TIM,TIM3,PA,2007,CYANO,1.6722408026755853,-0.2492110744398153,-0.1611999310390624,5.6,-17.46,-39.03,TIM3_PA_66
TIM,TIM3,PA,2007,CYANO,2.711864406779661,-0.2492110744398153,-0.1611999310390624,5.6,-17.46,-39.03,TIM3_PA_67
TIM,TIM3,PA,2007,CYANO,0.0,-0.2492110744398153,-0.1611999310390624,5.6,-17.46,-39.03,TIM3_PA_68
TIM,TIM3,PA,2007,CYANO,0.6734006734006733,-0.2492110744398153,-0.1611999310390624,5.6,-17.46,-39.03,TIM3_PA_69
TIM,TIM3,PA,2007,MACROALGAE,17.921146953405017,-0.2492110744398153,-0.1611999310390624,5.6,-17.46,-39.03,TIM3_PA_70
TIM,TIM3,PA,2007,MACROALGAE,16.161616161616163,-0.2492110744398153,-0.1611999310390624,5.6,-17.46,-39.03,TIM3_PA_71
TIM,TIM3,PA,2007,MACROALGAE,11.14864864864865,-0.2492110744398153,-0.1611999310390624,5.6,-17.46,-39.03,TIM3_PA_72
TIM,TIM3,PA,2007,MACROALGAE,18.181818181818183,-0.2492110744398153,-0.1611999310390624,5.6,-17.46,-39.03,TIM3_PA_73
TIM,TIM3,PA,2007,MACROALGAE,16.38225255972696,-0.2492110744398153,-0.1611999310390624,5.6,-17.46,-39.03,TIM3_PA_74
TIM,TIM3,PA,2007,MACROALGAE,3.202846975088968,-0.2492110744398153,-0.1611999310390624,5.6,-17.46,-39.03,TIM3_PA_75
TIM,TIM3,PA,2007,MACROALGAE,27.09030100334448,-0.2492110744398153,-0.1611999310390624,5.6,-17.46,-39.03,TIM3_PA_76
TIM,TIM3,PA,2007,MACROALGAE,2.0338983050847457,-0.2492110744398153,-0.1611999310390624,5.6,-17.46,-39.03,TIM3_PA_77
TIM,TIM3,PA,2007,MACROALGAE,13.513513513513514,-0.2492110744398153,-0.1611999310390624,5.6,-17.46,-39.03,TIM3_PA_78
TIM,TIM3,PA,2007,MACROALGAE,21.885521885521886,-0.2492110744398153,-0.1611999310390624,5.6,-17.46,-39.03,TIM3_PA_79
TIM,TIM3,PA,2007,MUSSISMILIA_HISPIDA,0.0,-0.2492110744398153,-0.1611999310390624,5.6,-17.46,-39.03,TIM3_PA_80
TIM,TIM3,PA,2007,MUSSISMILIA_HISPIDA,0.0,-0.2492110744398153,-0.1611999310390624,5.6,-17.46,-39.03,TIM3_PA_81
TIM,TIM3,PA,2007,MUSSISMILIA_HISPIDA,0.0,-0.2492110744398153,-0.1611999310390624,5.6,-17.46,-39.03,TIM3_PA_82
TIM,TIM3,PA,2007,MUSSISMILIA_HISPIDA,0.0,-0.2492110744398153,-0.1611999310390624,5.6,-17.46,-39.03,TIM3_PA_83
TIM,TIM3,PA,2007,MUSSISMILIA_HISPIDA,2.3890784982935154,-0.2492110744398153,-0.1611999310390624,5.6,-17.46,-39.03,TIM3_PA_84
TIM,TIM3,PA,2007,MUSSISMILIA_HISPIDA,6.405693950177936,-0.2492110744398153,-0.1611999310390624,5.6,-17.46,-39.03,TIM3_PA_85
TIM,TIM3,PA,2007,MUSSISMILIA_HISPIDA,2.6755852842809364,-0.2492110744398153,-0.1611999310390624,5.6,-17.46,-39.03,TIM3_PA_86
TIM,TIM3,PA,2007,MUSSISMILIA_HISPIDA,0.3389830508474576,-0.2492110744398153,-0.1611999310390624,5.6,-17.46,-39.03,TIM3_PA_87
TIM,TIM3,PA,2007,MUSSISMILIA_HISPIDA,0.6756756756756757,-0.2492110744398153,-0.1611999310390624,5.6,-17.46,-39.03,TIM3_PA_88
TIM,TIM3,PA,2007,MUSSISMILIA_HISPIDA,0.33670033670033667,-0.2492110744398153,-0.1611999310390624,5.6,-17.46,-39.03,TIM3_PA_89
TIM,TIM3,PA,2007,TURF,44.802867383512535,-0.2492110744398153,-0.1611999310390624,5.6,-17.46,-39.03,TIM3_PA_90
TIM,TIM3,PA,2007,TURF,50.505050505050505,-0.2492110744398153,-0.1611999310390624,5.6,-17.46,-39.03,TIM3_PA_91
TIM,TIM3,PA,2007,TURF,24.66216216216216,-0.2492110744398153,-0.1611999310390624,5.6,-17.46,-39.03,TIM3_PA_92
TIM,TIM3,PA,2007,TURF,35.31468531468531,-0.2492110744398153,-0.1611999310390624,5.6,-17.46,-39.03,TIM3_PA_93
TIM,TIM3,PA,2007,TURF,32.42320819112627,-0.2492110744398153,-0.1611999310390624,5.6,-17.46,-39.03,TIM3_PA_94
TIM,TIM3,PA,2007,TURF,70.4626334519573,-0.2492110744398153,-0.1611999310390624,5.6,-17.46,-39.03,TIM3_PA_95
TIM,TIM3,PA,2007,TURF,21.070234113712374,-0.2492110744398153,-0.1611999310390624,5.6,-17.46,-39.03,TIM3_PA_96
TIM,TIM3,PA,2007,TURF,23.389830508474574,-0.2492110744398153,-0.1611999310390624,5.6,-17.46,-39.03,TIM3_PA_97
TIM,TIM3,PA,2007,TURF,28.716216216216218,-0.2492110744398153,-0.1611999310390624,5.6,-17.46,-39.03,TIM3_PA_98
TIM,TIM3,PA,2007,TURF,12.121212121212121,-0.2492110744398153,-0.1611999310390624,5.6,-17.46,-39.03,TIM3_PA_99
TIM,TIM3,PA,2008,CCA,27.30627306273063,-0.2492110744398153,-0.1611999310390624,5.6,-17.46,-39.03,TIM3_PA_100
TIM,TIM3,PA,2008,CCA,32.234432234432234,-0.2492110744398153,-0.1611999310390624,5.6,-17.46,-39.03,TIM3_PA_101
TIM,TIM3,PA,2008,CCA,42.21453287197232,-0.2492110744398153,-0.1611999310390624,5.6,-17.46,-39.03,TIM3_PA_102
TIM,TIM3,PA,2008,CCA,35.84905660377358,-0.2492110744398153,-0.1611999310390624,5.6,-17.46,-39.03,TIM3_PA_103
TIM,TIM3,PA,2008,CCA,24.90842490842491,-0.2492110744398153,-0.1611999310390624,5.6,-17.46,-39.03,TIM3_PA_104
TIM,TIM3,PA,2008,CCA,26.640926640926644,-0.2492110744398153,-0.1611999310390624,5.6,-17.46,-39.03,TIM3_PA_105
TIM,TIM3,PA,2008,CCA,41.75824175824176,-0.2492110744398153,-0.1611999310390624,5.6,-17.46,-39.03,TIM3_PA_106
TIM,TIM3,PA,2008,CCA,23.404255319148938,-0.2492110744398153,-0.1611999310390624,5.6,-17.46,-39.03,TIM3_PA_107
TIM,TIM3,PA,2008,CCA,25.17241379310345,-0.2492110744398153,-0.1611999310390624,5.6,-17.46,-39.03,TIM3_PA_108
TIM,TIM3,PA,2008,CCA,12.195121951219512,-0.2492110744398153,-0.1611999310390624,5.6,-17.46,-39.03,TIM3_PA_109
TIM,TIM3,PA,2008,CYANO,0.0,-0.2492110744398153,-0.1611999310390624,5.6,-17.46,-39.03,TIM3_PA_110
TIM,TIM3,PA,2008,CYANO,0.0,-0.2492110744398153,-0.1611999310390624,5.6,-17.46,-39.03,TIM3_PA_111
TIM,TIM3,PA,2008,CYANO,0.0,-0.2492110744398153,-0.1611999310390624,5.6,-17.46,-39.03,TIM3_PA_112
TIM,TIM3,PA,2008,CYANO,0.0,-0.2492110744398153,-0.1611999310390624,5.6,-17.46,-39.03,TIM3_PA_113
TIM,TIM3,PA,2008,CYANO,0.0,-0.2492110744398153,-0.1611999310390624,5.6,-17.46,-39.03,TIM3_PA_114
TIM,TIM3,PA,2008,CYANO,0.0,-0.2492110744398153,-0.1611999310390624,5.6,-17.46,-39.03,TIM3_PA_115
TIM,TIM3,PA,2008,CYANO,0.0,-0.2492110744398153,-0.1611999310390624,5.6,-17.46,-39.03,TIM3_PA_116
TIM,TIM3,PA,2008,CYANO,0.0,-0.2492110744398153,-0.1611999310390624,5.6,-17.46,-39.03,TIM3_PA_117
TIM,TIM3,PA,2008,CYANO,0.0,-0.2492110744398153,-0.1611999310390624,5.6,-17.46,-39.03,TIM3_PA_118
TIM,TIM3,PA,2008,CYANO,0.0,-0.2492110744398153,-0.1611999310390624,5.6,-17.46,-39.03,TIM3_PA_119
TIM,TIM3,PA,2008,MACROALGAE,1.107011070110701,-0.2492110744398153,-0.1611999310390624,5.6,-17.46,-39.03,TIM3_PA_120
TIM,TIM3,PA,2008,MACROALGAE,0.0,-0.2492110744398153,-0.1611999310390624,5.6,-17.46,-39.03,TIM3_PA_121
TIM,TIM3,PA,2008,MACROALGAE,5.536332179930796,-0.2492110744398153,-0.1611999310390624,5.6,-17.46,-39.03,TIM3_PA_122
TIM,TIM3,PA,2008,MACROALGAE,0.0,-0.2492110744398153,-0.1611999310390624,5.6,-17.46,-39.03,TIM3_PA_123
TIM,TIM3,PA,2008,MACROALGAE,0.0,-0.2492110744398153,-0.1611999310390624,5.6,-17.46,-39.03,TIM3_PA_124
TIM,TIM3,PA,2008,MACROALGAE,0.0,-0.2492110744398153,-0.1611999310390624,5.6,-17.46,-39.03,TIM3_PA_125
TIM,TIM3,PA,2008,MACROALGAE,0.7326007326007326,-0.2492110744398153,-0.1611999310390624,5.6,-17.46,-39.03,TIM3_PA_126
TIM,TIM3,PA,2008,MACROALGAE,0.3546099290780142,-0.2492110744398153,-0.1611999310390624,5.6,-17.46,-39.03,TIM3_PA_127
TIM,TIM3,PA,2008,MACROALGAE,0.0,-0.2492110744398153,-0.1611999310390624,5.6,-17.46,-39.03,TIM3_PA_128
TIM,TIM3,PA,2008,MACROALGAE,0.0,-0.2492110744398153,-0.1611999310390624,5.6,-17.46,-39.03,TIM3_PA_129
TIM,TIM3,PA,2008,MUSSISMILIA_HISPIDA,0.0,-0.2492110744398153,-0.1611999310390624,5.6,-17.46,-39.03,TIM3_PA_130
TIM,TIM3,PA,2008,MUSSISMILIA_HISPIDA,0.0,-0.2492110744398153,-0.1611999310390624,5.6,-17.46,-39.03,TIM3_PA_131
TIM,TIM3,PA,2008,MUSSISMILIA_HISPIDA,0.0,-0.2492110744398153,-0.1611999310390624,5.6,-17.46,-39.03,TIM3_PA_132
TIM,TIM3,PA,2008,MUSSISMILIA_HISPIDA,0.7547169811320755,-0.2492110744398153,-0.1611999310390624,5.6,-17.46,-39.03,TIM3_PA_133
TIM,TIM3,PA,2008,MUSSISMILIA_HISPIDA,4.761904761904762,-0.2492110744398153,-0.1611999310390624,5.6,-17.46,-39.03,TIM3_PA_134
TIM,TIM3,PA,2008,MUSSISMILIA_HISPIDA,5.7915057915057915,-0.2492110744398153,-0.1611999310390624,5.6,-17.46,-39.03,TIM3_PA_135
TIM,TIM3,PA,2008,MUSSISMILIA_HISPIDA,1.465201465201465,-0.2492110744398153,-0.1611999310390624,5.6,-17.46,-39.03,TIM3_PA_136
TIM,TIM3,PA,2008,MUSSISMILIA_HISPIDA,0.0,-0.2492110744398153,-0.1611999310390624,5.6,-17.46,-39.03,TIM3_PA_137
TIM,TIM3,PA,2008,MUSSISMILIA_HISPIDA,1.7241379310344827,-0.2492110744398153,-0.1611999310390624,5.6,-17.46,-39.03,TIM3_PA_138
TIM,TIM3,PA,2008,MUSSISMILIA_HISPIDA,0.6968641114982579,-0.2492110744398153,-0.1611999310390624,5.6,-17.46,-39.03,TIM3_PA_139
TIM,TIM3,PA,2008,TURF,69.74169741697416,-0.2492110744398153,-0.1611999310390624,5.6,-17.46,-39.03,TIM3_PA_140
TIM,TIM3,PA,2008,TURF,45.78754578754579,-0.2492110744398153,-0.1611999310390624,5.6,-17.46,-39.03,TIM3_PA_141
TIM,TIM3,PA,2008,TURF,46.36678200692042,-0.2492110744398153,-0.1611999310390624,5.6,-17.46,-39.03,TIM3_PA_142
TIM,TIM3,PA,2008,TURF,44.905660377358494,-0.2492110744398153,-0.1611999310390624,5.6,-17.46,-39.03,TIM3_PA_143
TIM,TIM3,PA,2008,TURF,68.13186813186813,-0.2492110744398153,-0.1611999310390624,5.6,-17.46,-39.03,TIM3_PA_144
TIM,TIM3,PA,2008,TURF,61.77606177606177,-0.2492110744398153,-0.1611999310390624,5.6,-17.46,-39.03,TIM3_PA_145
TIM,TIM3,PA,2008,TURF,36.26373626373626,-0.2492110744398153,-0.1611999310390624,5.6,-17.46,-39.03,TIM3_PA_146
TIM,TIM3,PA,2008,TURF,40.42553191489361,-0.2492110744398153,-0.1611999310390624,5.6,-17.46,-39.03,TIM3_PA_147
TIM,TIM3,PA,2008,TURF,40.0,-0.2492110744398153,-0.1611999310390624,5.6,-17.46,-39.03,TIM3_PA_148
TIM,TIM3,PA,2008,TURF,34.146341463414636,-0.2492110744398153,-0.1611999310390624,5.6,-17.46,-39.03,TIM3_PA_149
TIM,TIM3,TP,2006,CCA,5.802047781569966,-0.2492110744398153,-0.1611999310390624,5.6,-17.46,-39.03,TIM3_TP_0
TIM,TIM3,TP,2006,CCA,1.6666666666666667,-0.2492110744398153,-0.1611999310390624,5.6,-17.46,-39.03,TIM3_TP_1
TIM,TIM3,TP,2006,CCA,4.697986577181208,-0.2492110744398153,-0.1611999310390624,5.6,-17.46,-39.03,TIM3_TP_2
TIM,TIM3,TP,2006,CCA,54.515050167224075,-0.2492110744398153,-0.1611999310390624,5.6,-17.46,-39.03,TIM3_TP_3
TIM,TIM3,TP,2006,CCA,53.28719723183391,-0.2492110744398153,-0.1611999310390624,5.6,-17.46,-39.03,TIM3_TP_4
TIM,TIM3,TP,2006,CCA,16.3265306122449,-0.2492110744398153,-0.1611999310390624,5.6,-17.46,-39.03,TIM3_TP_5
TIM,TIM3,TP,2006,CCA,19.202898550724637,-0.2492110744398153,-0.1611999310390624,5.6,-17.46,-39.03,TIM3_TP_6
TIM,TIM3,TP,2006,CCA,33.21678321678322,-0.2492110744398153,-0.1611999310390624,5.6,-17.46,-39.03,TIM3_TP_7
TIM,TIM3,TP,2006,CCA,35.6,-0.2492110744398153,-0.1611999310390624,5.6,-17.46,-39.03,TIM3_TP_8
TIM,TIM3,TP,2006,CCA,25.08474576271186,-0.2492110744398153,-0.1611999310390624,5.6,-17.46,-39.03,TIM3_TP_9
TIM,TIM3,TP,2006,CYANO,0.0,-0.2492110744398153,-0.1611999310390624,5.6,-17.46,-39.03,TIM3_TP_10
TIM,TIM3,TP,2006,CYANO,0.0,-0.2492110744398153,-0.1611999310390624,5.6,-17.46,-39.03,TIM3_TP_11
TIM,TIM3,TP,2006,CYANO,2.684563758389262,-0.2492110744398153,-0.1611999310390624,5.6,-17.46,-39.03,TIM3_TP_12
TIM,TIM3,TP,2006,CYANO,0.0,-0.2492110744398153,-0.1611999310390624,5.6,-17.46,-39.03,TIM3_TP_13
TIM,TIM3,TP,2006,CYANO,2.0761245674740483,-0.2492110744398153,-0.1611999310390624,5.6,-17.46,-39.03,TIM3_TP_14
TIM,TIM3,TP,2006,CYANO,0.0,-0.2492110744398153,-0.1611999310390624,5.6,-17.46,-39.03,TIM3_TP_15
TIM,TIM3,TP,2006,CYANO,0.0,-0.2492110744398153,-0.1611999310390624,5.6,-17.46,-39.03,TIM3_TP_16
TIM,TIM3,TP,2006,CYANO,8.041958041958042,-0.2492110744398153,-0.1611999310390624,5.6,-17.46,-39.03,TIM3_TP_17
TIM,TIM3,TP,2006,CYANO,2.0,-0.2492110744398153,-0.1611999310390624,5.6,-17.46,-39.03,TIM3_TP_18
TIM,TIM3,TP,2006,CYANO,1.694915254237288,-0.2492110744398153,-0.1611999310390624,5.6,-17.46,-39.03,TIM3_TP_19
TIM,TIM3,TP,2006,MACROALGAE,0.0,-0.2492110744398153,-0.1611999310390624,5.6,-17.46,-39.03,TIM3_TP_20
TIM,TIM3,TP,2006,MACROALGAE,0.0,-0.2492110744398153,-0.1611999310390624,5.6,-17.46,-39.03,TIM3_TP_21
TIM,TIM3,TP,2006,MACROALGAE,0.0,-0.2492110744398153,-0.1611999310390624,5.6,-17.46,-39.03,TIM3_TP_22
TIM,TIM3,TP,2006,MACROALGAE,0.0,-0.2492110744398153,-0.1611999310390624,5.6,-17.46,-39.03,TIM3_TP_23
TIM,TIM3,TP,2006,MACROALGAE,0.0,-0.2492110744398153,-0.1611999310390624,5.6,-17.46,-39.03,TIM3_TP_24
TIM,TIM3,TP,2006,MACROALGAE,0.0,-0.2492110744398153,-0.1611999310390624,5.6,-17.46,-39.03,TIM3_TP_25
TIM,TIM3,TP,2006,MACROALGAE,0.0,-0.2492110744398153,-0.1611999310390624,5.6,-17.46,-39.03,TIM3_TP_26
TIM,TIM3,TP,2006,MACROALGAE,1.048951048951049,-0.2492110744398153,-0.1611999310390624,5.6,-17.46,-39.03,TIM3_TP_27
TIM,TIM3,TP,2006,MACROALGAE,0.0,-0.2492110744398153,-0.1611999310390624,5.6,-17.46,-39.03,TIM3_TP_28
TIM,TIM3,TP,2006,MACROALGAE,0.0,-0.2492110744398153,-0.1611999310390624,5.6,-17.46,-39.03,TIM3_TP_29
TIM,TIM3,TP,2006,MUSSISMILIA_HISPIDA,0.0,-0.2492110744398153,-0.1611999310390624,5.6,-17.46,-39.03,TIM3_TP_30
TIM,TIM3,TP,2006,MUSSISMILIA_HISPIDA,0.0,-0.2492110744398153,-0.1611999310390624,5.6,-17.46,-39.03,TIM3_TP_31
TIM,TIM3,TP,2006,MUSSISMILIA_HISPIDA,0.0,-0.2492110744398153,-0.1611999310390624,5.6,-17.46,-39.03,TIM3_TP_32
TIM,TIM3,TP,2006,MUSSISMILIA_HISPIDA,0.0,-0.2492110744398153,-0.1611999310390624,5.6,-17.46,-39.03,TIM3_TP_33
TIM,TIM3,TP,2006,MUSSISMILIA_HISPIDA,0.0,-0.2492110744398153,-0.1611999310390624,5.6,-17.46,-39.03,TIM3_TP_34
TIM,TIM3,TP,2006,MUSSISMILIA_HISPIDA,0.0,-0.2492110744398153,-0.1611999310390624,5.6,-17.46,-39.03,TIM3_TP_35
TIM,TIM3,TP,2006,MUSSISMILIA_HISPIDA,0.36231884057971014,-0.2492110744398153,-0.1611999310390624,5.6,-17.46,-39.03,TIM3_TP_36
TIM,TIM3,TP,2006,MUSSISMILIA_HISPIDA,1.7482517482517483,-0.2492110744398153,-0.1611999310390624,5.6,-17.46,-39.03,TIM3_TP_37
TIM,TIM3,TP,2006,MUSSISMILIA_HISPIDA,0.4,-0.2492110744398153,-0.1611999310390624,5.6,-17.46,-39.03,TIM3_TP_38
TIM,TIM3,TP,2006,MUSSISMILIA_HISPIDA,0.0,-0.2492110744398153,-0.1611999310390624,5.6,-17.46,-39.03,TIM3_TP_39
TIM,TIM3,TP,2006,TURF,8.19112627986348,-0.2492110744398153,-0.1611999310390624,5.6,-17.46,-39.03,TIM3_TP_40
TIM,TIM3,TP,2006,TURF,16.333333333333332,-0.2492110744398153,-0.1611999310390624,5.6,-17.46,-39.03,TIM3_TP_41
TIM,TIM3,TP,2006,TURF,21.140939597315434,-0.2492110744398153,-0.1611999310390624,5.6,-17.46,-39.03,TIM3_TP_42
TIM,TIM3,TP,2006,TURF,1.6722408026755853,-0.2492110744398153,-0.1611999310390624,5.6,-17.46,-39.03,TIM3_TP_43
TIM,TIM3,TP,2006,TURF,24.567474048442904,-0.2492110744398153,-0.1611999310390624,5.6,-17.46,-39.03,TIM3_TP_44
TIM,TIM3,TP,2006,TURF,19.047619047619047,-0.2492110744398153,-0.1611999310390624,5.6,-17.46,-39.03,TIM3_TP_45
TIM,TIM3,TP,2006,TURF,55.434782608695656,-0.2492110744398153,-0.1611999310390624,5.6,-17.46,-39.03,TIM3_TP_46
TIM,TIM3,TP,2006,TURF,34.96503496503497,-0.2492110744398153,-0.1611999310390624,5.6,-17.46,-39.03,TIM3_TP_47
TIM,TIM3,TP,2006,TURF,36.0,-0.2492110744398153,-0.1611999310390624,5.6,-17.46,-39.03,TIM3_TP_48
TIM,TIM3,TP,2006,TURF,40.67796610169491,-0.2492110744398153,-0.1611999310390624,5.6,-17.46,-39.03,TIM3_TP_49
TIM,TIM3,TP,2007,CCA,12.758620689655173,-0.2492110744398153,-0.1611999310390624,5.6,-17.46,-39.03,TIM3_TP_50
TIM,TIM3,TP,2007,CCA,16.549295774647888,-0.2492110744398153,-0.1611999310390624,5.6,-17.46,-39.03,TIM3_TP_51
TIM,TIM3,TP,2007,CCA,9.965635738831615,-0.2492110744398153,-0.1611999310390624,5.6,-17.46,-39.03,TIM3_TP_52
TIM,TIM3,TP,2007,CCA,52.94117647058824,-0.2492110744398153,-0.1611999310390624,5.6,-17.46,-39.03,TIM3_TP_53
TIM,TIM3,TP,2007,CCA,6.920415224913495,-0.2492110744398153,-0.1611999310390624,5.6,-17.46,-39.03,TIM3_TP_54
TIM,TIM3,TP,2007,CCA,34.35374149659864,-0.2492110744398153,-0.1611999310390624,5.6,-17.46,-39.03,TIM3_TP_55
TIM,TIM3,TP,2007,CCA,35.051546391752574,-0.2492110744398153,-0.1611999310390624,5.6,-17.46,-39.03,TIM3_TP_56
TIM,TIM3,TP,2007,CCA,52.94117647058824,-0.2492110744398153,-0.1611999310390624,5.6,-17.46,-39.03,TIM3_TP_57
TIM,TIM3,TP,2007,CCA,38.59649122807017,-0.2492110744398153,-0.1611999310390624,5.6,-17.46,-39.03,TIM3_TP_58
TIM,TIM3,TP,2007,CCA,31.944444444444443,-0.2492110744398153,-0.1611999310390624,5.6,-17.46,-39.03,TIM3_TP_59
TIM,TIM3,TP,2007,CYANO,0.3448275862068966,-0.2492110744398153,-0.1611999310390624,5.6,-17.46,-39.03,TIM3_TP_60
TIM,TIM3,TP,2007,CYANO,0.0,-0.2492110744398153,-0.1611999310390624,5.6,-17.46,-39.03,TIM3_TP_61
TIM,TIM3,TP,2007,CYANO,0.0,-0.2492110744398153,-0.1611999310390624,5.6,-17.46,-39.03,TIM3_TP_62
TIM,TIM3,TP,2007,CYANO,5.190311418685121,-0.2492110744398153,-0.1611999310390624,5.6,-17.46,-39.03,TIM3_TP_63
TIM,TIM3,TP,2007,CYANO,0.0,-0.2492110744398153,-0.1611999310390624,5.6,-17.46,-39.03,TIM3_TP_64
TIM,TIM3,TP,2007,CYANO,0.0,-0.2492110744398153,-0.1611999310390624,5.6,-17.46,-39.03,TIM3_TP_65
TIM,TIM3,TP,2007,CYANO,2.405498281786942,-0.2492110744398153,-0.1611999310390624,5.6,-17.46,-39.03,TIM3_TP_66
TIM,TIM3,TP,2007,CYANO,0.0,-0.2492110744398153,-0.1611999310390624,5.6,-17.46,-39.03,TIM3_TP_67
TIM,TIM3,TP,2007,CYANO,0.0,-0.2492110744398153,-0.1611999310390624,5.6,-17.46,-39.03,TIM3_TP_68
TIM,TIM3,TP,2007,CYANO,0.0,-0.2492110744398153,-0.1611999310390624,5.6,-17.46,-39.03,TIM3_TP_69
TIM,TIM3,TP,2007,MACROALGAE,0.6896551724137931,-0.2492110744398153,-0.1611999310390624,5.6,-17.46,-39.03,TIM3_TP_70
TIM,TIM3,TP,2007,MACROALGAE,0.0,-0.2492110744398153,-0.1611999310390624,5.6,-17.46,-39.03,TIM3_TP_71
TIM,TIM3,TP,2007,MACROALGAE,1.718213058419244,-0.2492110744398153,-0.1611999310390624,5.6,-17.46,-39.03,TIM3_TP_72
TIM,TIM3,TP,2007,MACROALGAE,7.958477508650519,-0.2492110744398153,-0.1611999310390624,5.6,-17.46,-39.03,TIM3_TP_73
TIM,TIM3,TP,2007,MACROALGAE,0.0,-0.2492110744398153,-0.1611999310390624,5.6,-17.46,-39.03,TIM3_TP_74
TIM,TIM3,TP,2007,MACROALGAE,1.7006802721088436,-0.2492110744398153,-0.1611999310390624,5.6,-17.46,-39.03,TIM3_TP_75
TIM,TIM3,TP,2007,MACROALGAE,2.7491408934707904,-0.2492110744398153,-0.1611999310390624,5.6,-17.46,-39.03,TIM3_TP_76
TIM,TIM3,TP,2007,MACROALGAE,0.0,-0.2492110744398153,-0.1611999310390624,5.6,-17.46,-39.03,TIM3_TP_77
TIM,TIM3,TP,2007,MACROALGAE,0.0,-0.2492110744398153,-0.1611999310390624,5.6,-17.46,-39.03,TIM3_TP_78
TIM,TIM3,TP,2007,MACROALGAE,0.0,-0.2492110744398153,-0.1611999310390624,5.6,-17.46,-39.03,TIM3_TP_79
TIM,TIM3,TP,2007,MUSSISMILIA_HISPIDA,0.0,-0.2492110744398153,-0.1611999310390624,5.6,-17.46,-39.03,TIM3_TP_80
TIM,TIM3,TP,2007,MUSSISMILIA_HISPIDA,0.0,-0.2492110744398153,-0.1611999310390624,5.6,-17.46,-39.03,TIM3_TP_81
TIM,TIM3,TP,2007,MUSSISMILIA_HISPIDA,1.0309278350515463,-0.2492110744398153,-0.1611999310390624,5.6,-17.46,-39.03,TIM3_TP_82
TIM,TIM3,TP,2007,MUSSISMILIA_HISPIDA,0.34602076124567477,-0.2492110744398153,-0.1611999310390624,5.6,-17.46,-39.03,TIM3_TP_83
TIM,TIM3,TP,2007,MUSSISMILIA_HISPIDA,2.0761245674740483,-0.2492110744398153,-0.1611999310390624,5.6,-17.46,-39.03,TIM3_TP_84
TIM,TIM3,TP,2007,MUSSISMILIA_HISPIDA,1.7006802721088436,-0.2492110744398153,-0.1611999310390624,5.6,-17.46,-39.03,TIM3_TP_85
TIM,TIM3,TP,2007,MUSSISMILIA_HISPIDA,0.3436426116838488,-0.2492110744398153,-0.1611999310390624,5.6,-17.46,-39.03,TIM3_TP_86
TIM,TIM3,TP,2007,MUSSISMILIA_HISPIDA,1.7301038062283738,-0.2492110744398153,-0.1611999310390624,5.6,-17.46,-39.03,TIM3_TP_87
TIM,TIM3,TP,2007,MUSSISMILIA_HISPIDA,3.1578947368421053,-0.2492110744398153,-0.1611999310390624,5.6,-17.46,-39.03,TIM3_TP_88
TIM,TIM3,TP,2007,MUSSISMILIA_HISPIDA,0.0,-0.2492110744398153,-0.1611999310390624,5.6,-17.46,-39.03,TIM3_TP_89
TIM,TIM3,TP,2007,TURF,6.551724137931034,-0.2492110744398153,-0.1611999310390624,5.6,-17.46,-39.03,TIM3_TP_90
TIM,TIM3,TP,2007,TURF,2.8169014084507045,-0.2492110744398153,-0.1611999310390624,5.6,-17.46,-39.03,TIM3_TP_91
TIM,TIM3,TP,2007,TURF,27.835051546391753,-0.2492110744398153,-0.1611999310390624,5.6,-17.46,-39.03,TIM3_TP_92
TIM,TIM3,TP,2007,TURF,20.41522491349481,-0.2492110744398153,-0.1611999310390624,5.6,-17.46,-39.03,TIM3_TP_93
TIM,TIM3,TP,2007,TURF,30.44982698961938,-0.2492110744398153,-0.1611999310390624,5.6,-17.46,-39.03,TIM3_TP_94
TIM,TIM3,TP,2007,TURF,46.59863945578231,-0.2492110744398153,-0.1611999310390624,5.6,-17.46,-39.03,TIM3_TP_95
TIM,TIM3,TP,2007,TURF,49.82817869415808,-0.2492110744398153,-0.1611999310390624,5.6,-17.46,-39.03,TIM3_TP_96
TIM,TIM3,TP,2007,TURF,1.384083044982699,-0.2492110744398153,-0.1611999310390624,5.6,-17.46,-39.03,TIM3_TP_97
TIM,TIM3,TP,2007,TURF,47.368421052631575,-0.2492110744398153,-0.1611999310390624,5.6,-17.46,-39.03,TIM3_TP_98
TIM,TIM3,TP,2007,TURF,56.25,-0.2492110744398153,-0.1611999310390624,5.6,-17.46,-39.03,TIM3_TP_99
TIM,TIM3,TP,2008,CCA,8.070175438596491,-0.2492110744398153,-0.1611999310390624,5.6,-17.46,-39.03,TIM3_TP_100
TIM,TIM3,TP,2008,CCA,2.7210884353741496,-0.2492110744398153,-0.1611999310390624,5.6,-17.46,-39.03,TIM3_TP_101
TIM,TIM3,TP,2008,CCA,17.454545454545457,-0.2492110744398153,-0.1611999310390624,5.6,-17.46,-39.03,TIM3_TP_102
TIM,TIM3,TP,2008,CCA,2.3972602739726026,-0.2492110744398153,-0.1611999310390624,5.6,-17.46,-39.03,TIM3_TP_103
TIM,TIM3,TP,2008,CCA,32.74021352313167,-0.2492110744398153,-0.1611999310390624,5.6,-17.46,-39.03,TIM3_TP_104
TIM,TIM3,TP,2008,CCA,44.565217391304344,-0.2492110744398153,-0.1611999310390624,5.6,-17.46,-39.03,TIM3_TP_105
TIM,TIM3,TP,2008,CCA,37.68115942028986,-0.2492110744398153,-0.1611999310390624,5.6,-17.46,-39.03,TIM3_TP_106
TIM,TIM3,TP,2008,CCA,22.641509433962266,-0.2492110744398153,-0.1611999310390624,5.6,-17.46,-39.03,TIM3_TP_107
TIM,TIM3,TP,2008,CCA,21.908127208480565,-0.2492110744398153,-0.1611999310390624,5.6,-17.46,-39.03,TIM3_TP_108
TIM,TIM3,TP,2008,CCA,23.809523809523807,-0.2492110744398153,-0.1611999310390624,5.6,-17.46,-39.03,TIM3_TP_109
TIM,TIM3,TP,2008,CYANO,0.0,-0.2492110744398153,-0.1611999310390624,5.6,-17.46,-39.03,TIM3_TP_110
TIM,TIM3,TP,2008,CYANO,0.0,-0.2492110744398153,-0.1611999310390624,5.6,-17.46,-39.03,TIM3_TP_111
TIM,TIM3,TP,2008,CYANO,0.0,-0.2492110744398153,-0.1611999310390624,5.6,-17.46,-39.03,TIM3_TP_112
TIM,TIM3,TP,2008,CYANO,0.0,-0.2492110744398153,-0.1611999310390624,5.6,-17.46,-39.03,TIM3_TP_113
TIM,TIM3,TP,2008,CYANO,0.0,-0.2492110744398153,-0.1611999310390624,5.6,-17.46,-39.03,TIM3_TP_114
TIM,TIM3,TP,2008,CYANO,0.0,-0.2492110744398153,-0.1611999310390624,5.6,-17.46,-39.03,TIM3_TP_115
TIM,TIM3,TP,2008,CYANO,0.0,-0.2492110744398153,-0.1611999310390624,5.6,-17.46,-39.03,TIM3_TP_116
TIM,TIM3,TP,2008,CYANO,0.0,-0.2492110744398153,-0.1611999310390624,5.6,-17.46,-39.03,TIM3_TP_117
TIM,TIM3,TP,2008,CYANO,0.0,-0.2492110744398153,-0.1611999310390624,5.6,-17.46,-39.03,TIM3_TP_118
TIM,TIM3,TP,2008,CYANO,0.0,-0.2492110744398153,-0.1611999310390624,5.6,-17.46,-39.03,TIM3_TP_119
TIM,TIM3,TP,2008,MACROALGAE,0.3508771929824561,-0.2492110744398153,-0.1611999310390624,5.6,-17.46,-39.03,TIM3_TP_120
TIM,TIM3,TP,2008,MACROALGAE,0.0,-0.2492110744398153,-0.1611999310390624,5.6,-17.46,-39.03,TIM3_TP_121
TIM,TIM3,TP,2008,MACROALGAE,0.36363636363636365,-0.2492110744398153,-0.1611999310390624,5.6,-17.46,-39.03,TIM3_TP_122
TIM,TIM3,TP,2008,MACROALGAE,0.3424657534246575,-0.2492110744398153,-0.1611999310390624,5.6,-17.46,-39.03,TIM3_TP_123
TIM,TIM3,TP,2008,MACROALGAE,0.0,-0.2492110744398153,-0.1611999310390624,5.6,-17.46,-39.03,TIM3_TP_124
TIM,TIM3,TP,2008,MACROALGAE,0.36231884057971014,-0.2492110744398153,-0.1611999310390624,5.6,-17.46,-39.03,TIM3_TP_125
TIM,TIM3,TP,2008,MACROALGAE,0.0,-0.2492110744398153,-0.1611999310390624,5.6,-17.46,-39.03,TIM3_TP_126
TIM,TIM3,TP,2008,MACROALGAE,0.0,-0.2492110744398153,-0.1611999310390624,5.6,-17.46,-39.03,TIM3_TP_127
TIM,TIM3,TP,2008,MACROALGAE,0.0,-0.2492110744398153,-0.1611999310390624,5.6,-17.46,-39.03,TIM3_TP_128
TIM,TIM3,TP,2008,MACROALGAE,0.0,-0.2492110744398153,-0.1611999310390624,5.6,-17.46,-39.03,TIM3_TP_129
TIM,TIM3,TP,2008,MUSSISMILIA_HISPIDA,0.0,-0.2492110744398153,-0.1611999310390624,5.6,-17.46,-39.03,TIM3_TP_130
TIM,TIM3,TP,2008,MUSSISMILIA_HISPIDA,0.0,-0.2492110744398153,-0.1611999310390624,5.6,-17.46,-39.03,TIM3_TP_131
TIM,TIM3,TP,2008,MUSSISMILIA_HISPIDA,0.0,-0.2492110744398153,-0.1611999310390624,5.6,-17.46,-39.03,TIM3_TP_132
TIM,TIM3,TP,2008,MUSSISMILIA_HISPIDA,0.0,-0.2492110744398153,-0.1611999310390624,5.6,-17.46,-39.03,TIM3_TP_133
TIM,TIM3,TP,2008,MUSSISMILIA_HISPIDA,0.0,-0.2492110744398153,-0.1611999310390624,5.6,-17.46,-39.03,TIM3_TP_134
TIM,TIM3,TP,2008,MUSSISMILIA_HISPIDA,1.0869565217391304,-0.2492110744398153,-0.1611999310390624,5.6,-17.46,-39.03,TIM3_TP_135
TIM,TIM3,TP,2008,MUSSISMILIA_HISPIDA,0.0,-0.2492110744398153,-0.1611999310390624,5.6,-17.46,-39.03,TIM3_TP_136
TIM,TIM3,TP,2008,MUSSISMILIA_HISPIDA,0.0,-0.2492110744398153,-0.1611999310390624,5.6,-17.46,-39.03,TIM3_TP_137
TIM,TIM3,TP,2008,MUSSISMILIA_HISPIDA,0.35335689045936397,-0.2492110744398153,-0.1611999310390624,5.6,-17.46,-39.03,TIM3_TP_138
TIM,TIM3,TP,2008,MUSSISMILIA_HISPIDA,0.0,-0.2492110744398153,-0.1611999310390624,5.6,-17.46,-39.03,TIM3_TP_139
TIM,TIM3,TP,2008,TURF,11.228070175438596,-0.2492110744398153,-0.1611999310390624,5.6,-17.46,-39.03,TIM3_TP_140
TIM,TIM3,TP,2008,TURF,19.387755102040817,-0.2492110744398153,-0.1611999310390624,5.6,-17.46,-39.03,TIM3_TP_141
TIM,TIM3,TP,2008,TURF,29.09090909090909,-0.2492110744398153,-0.1611999310390624,5.6,-17.46,-39.03,TIM3_TP_142
TIM,TIM3,TP,2008,TURF,23.972602739726025,-0.2492110744398153,-0.1611999310390624,5.6,-17.46,-39.03,TIM3_TP_143
TIM,TIM3,TP,2008,TURF,48.39857651245551,-0.2492110744398153,-0.1611999310390624,5.6,-17.46,-39.03,TIM3_TP_144
TIM,TIM3,TP,2008,TURF,23.18840579710145,-0.2492110744398153,-0.1611999310390624,5.6,-17.46,-39.03,TIM3_TP_145
TIM,TIM3,TP,2008,TURF,47.10144927536232,-0.2492110744398153,-0.1611999310390624,5.6,-17.46,-39.03,TIM3_TP_146
TIM,TIM3,TP,2008,TURF,61.13207547169811,-0.2492110744398153,-0.1611999310390624,5.6,-17.46,-39.03,TIM3_TP_147
TIM,TIM3,TP,2008,TURF,55.830388692579504,-0.2492110744398153,-0.1611999310390624,5.6,-17.46,-39.03,TIM3_TP_148
TIM,TIM3,TP,2008,TURF,62.637362637362635,-0.2492110744398153,-0.1611999310390624,5.6,-17.46,-39.03,TIM3_TP_149
